page	asp	url	rel
/en/travel-guide/disney-tickets/	travelpayouts	https://tp.media/r?marker=745385&trs=545197&p=4110&u=https%3A%2F%2Fwww.klook.com%2Fen-US%2Factivity%2F695-tokyo-disney-resort-1-day-pass-tokyo%2F&campaign_id=137	sponsored
/en/travel-guide/disney-tickets/	travelpayouts	https://tp.media/r?marker=745385&trs=545197&p=9074&u=https%3A%2F%2Fwww.kkday.com%2Fen%2Fproduct%2F19252&campaign_id=633	sponsored
/en/travel-guide/disney-tickets/	trip	https://www.trip.com/things-to-do/detail/44938465/?Allianceid=8989807&SID=322202616&trip_sub1=tdr_en&trip_sub3=D20075309	sponsored
/en/travel-guide/hotels/ambassador-hotel/	agoda	https://www.agoda.com/disney-ambassador-r-hotel-h9074803/hotel/tokyo-jp.html	sponsored
/en/travel-guide/hotels/ambassador-hotel/	booking	https://www.booking.com/searchresults.html?ss=Disney+Ambassador+Hotel&selected_currency=USD	sponsored
/en/travel-guide/hotels/ambassador-hotel/	trip	https://www.trip.com/hotels/urayasu-hotel-detail-2125682/disney-ambassador-hotel/?curr=USD&Allianceid=8989807&SID=322202616&trip_sub1=hotel_en&trip_sub3=D20075309	sponsored
/en/travel-guide/hotels/bayhotel-urayasu/	agoda	https://www.agoda.com/bay-hotel-urayasu-ekimae/hotel/tokyo-jp.html	sponsored
/en/travel-guide/hotels/bayhotel-urayasu/	booking	https://www.booking.com/searchresults.html?ss=BAY+HOTEL+Urayasu-ekimae&selected_currency=USD	sponsored
/en/travel-guide/hotels/bayhotel-urayasu/	trip	https://www.trip.com/hotels/urayasu-hotel-detail-17900799/bay-hotel-urayasu/?curr=USD&Allianceid=8989807&SID=322202616&trip_sub1=hotel_en&trip_sub3=D20075309	sponsored
/en/travel-guide/hotels/brighton-tokyo-bay/	agoda	https://www.agoda.com/urayasu-brighton-hotel-tokyo-bay_2/hotel/tokyo-jp.html	sponsored
/en/travel-guide/hotels/brighton-tokyo-bay/	booking	https://www.booking.com/searchresults.html?ss=Urayasu+Brighton+Hotel+Tokyo+Bay&selected_currency=USD	sponsored
/en/travel-guide/hotels/brighton-tokyo-bay/	trip	https://www.trip.com/hotels/urayasu-hotel-detail-1678833/urayasu-brighton-hotel-tokyo-bay/?curr=USD&Allianceid=8989807&SID=322202616&trip_sub1=hotel_en&trip_sub3=D20075309	sponsored
/en/travel-guide/hotels/celebration-discover/	agoda	https://www.agoda.com/tokyo-disney-celebration-hotel-r/hotel/hatoyama-machi-jp.html	sponsored
/en/travel-guide/hotels/celebration-discover/	booking	https://www.booking.com/searchresults.html?ss=Tokyo+Disney+Celebration+Hotel%3A+Discover&selected_currency=USD	sponsored
/en/travel-guide/hotels/celebration-discover/	trip	https://www.trip.com/hotels/urayasu-hotel-detail-7254448/tokyo-disney-celebration-hotel/?curr=USD&Allianceid=8989807&SID=322202616&trip_sub1=hotel_en&trip_sub3=D20075309	sponsored
/en/travel-guide/hotels/celebration-wish/	agoda	https://www.agoda.com/tokyo-disney-celebration-hotel-r/hotel/hatoyama-machi-jp.html	sponsored
/en/travel-guide/hotels/celebration-wish/	booking	https://www.booking.com/searchresults.html?ss=Tokyo+Disney+Celebration+Hotel%3A+Wish&selected_currency=USD	sponsored
/en/travel-guide/hotels/celebration-wish/	trip	https://www.trip.com/hotels/urayasu-hotel-detail-7254448/tokyo-disney-celebration-hotel/?curr=USD&Allianceid=8989807&SID=322202616&trip_sub1=hotel_en&trip_sub3=D20075309	sponsored
/en/travel-guide/hotels/comfort-suites-tokyo-bay/	agoda	https://www.agoda.com/comfort-suites-tokyo-bay_5/hotel/tokyo-jp.html	sponsored
/en/travel-guide/hotels/comfort-suites-tokyo-bay/	booking	https://www.booking.com/searchresults.html?ss=Comfort+Suites+Tokyo+Bay&selected_currency=USD	sponsored
/en/travel-guide/hotels/comfort-suites-tokyo-bay/	trip	https://www.trip.com/hotels/urayasu-hotel-detail-21827353/comfort-suites-tokyo-bay/?curr=USD&Allianceid=8989807&SID=322202616&trip_sub1=hotel_en&trip_sub3=D20075309	sponsored
/en/travel-guide/hotels/cvs-bay-hotel/	agoda	https://www.agoda.com/cvs-bay-hotel_3/hotel/tokyo-jp.html	sponsored
/en/travel-guide/hotels/cvs-bay-hotel/	booking	https://www.booking.com/searchresults.html?ss=CVS+BAY+HOTEL&selected_currency=USD	sponsored
/en/travel-guide/hotels/cvs-bay-hotel/	trip	https://www.trip.com/hotels/ichikawa-hotel-detail-8406302/cvsbay-hotel-main-buildingbay-tower/?curr=USD&Allianceid=8989807&SID=322202616&trip_sub1=hotel_en&trip_sub3=D20075309	sponsored
/en/travel-guide/hotels/dreamgate-maihama/	agoda	https://www.agoda.com/hotel-dream-gate-maihama/hotel/tokyo-jp.html	sponsored
/en/travel-guide/hotels/dreamgate-maihama/	booking	https://www.booking.com/searchresults.html?ss=Hotel+Dream+Gate+Maihama&selected_currency=USD	sponsored
/en/travel-guide/hotels/dreamgate-maihama/	trip	https://www.trip.com/hotels/urayasu-hotel-detail-6994388/hotel-dream-gate-maihama/?curr=USD&Allianceid=8989807&SID=322202616&trip_sub1=hotel_en&trip_sub3=D20075309	sponsored
/en/travel-guide/hotels/emion-tokyo-bay/	agoda	https://www.agoda.com/hotel-emion-tokyo-bay_5/hotel/tokyo-jp.html	sponsored
/en/travel-guide/hotels/emion-tokyo-bay/	booking	https://www.booking.com/searchresults.html?ss=Hotel+Emion+Tokyo+Bay&selected_currency=USD	sponsored
/en/travel-guide/hotels/emion-tokyo-bay/	trip	https://www.trip.com/hotels/urayasu-hotel-detail-1497512/hotel-emion-tokyo-bay/?curr=USD&Allianceid=8989807&SID=322202616&trip_sub1=hotel_en&trip_sub3=D20075309	sponsored
/en/travel-guide/hotels/eurasia-annex/	agoda	https://www.agoda.com/hotel-eurasia-maihama-annex-h10152921/hotel/tokyo-jp.html	sponsored
/en/travel-guide/hotels/eurasia-annex/	booking	https://www.booking.com/searchresults.html?ss=Hotel+Eurasia+Maihama+Annex&selected_currency=USD	sponsored
/en/travel-guide/hotels/eurasia-annex/	trip	https://www.trip.com/hotels/urayasu-hotel-detail-26593607/hotel-eurasia-maihama-annex/?curr=USD&Allianceid=8989807&SID=322202616&trip_sub1=hotel_en&trip_sub3=D20075309	sponsored
/en/travel-guide/hotels/fantasy-springs-hotel/	agoda	https://www.agoda.com/tokyo-disneysea-fantasy-springs-hotel-h51521440/hotel/tokyo-jp.html	sponsored
/en/travel-guide/hotels/fantasy-springs-hotel/	booking	https://www.booking.com/searchresults.html?ss=Tokyo+DisneySea+Fantasy+Springs+Hotel&selected_currency=USD	sponsored
/en/travel-guide/hotels/fantasy-springs-hotel/	trip	https://www.trip.com/hotels/urayasu-hotel-detail-129182749/tokyo-disneysea-fantasy-springs-hotel/?curr=USD&Allianceid=8989807&SID=322202616&trip_sub1=hotel_en&trip_sub3=D20075309	sponsored
/en/travel-guide/hotels/flexstay-shin-urayasu/	agoda	https://www.agoda.com/flexstay-inn-shin-urayasu/hotel/tokyo-jp.html	sponsored
/en/travel-guide/hotels/flexstay-shin-urayasu/	booking	https://www.booking.com/searchresults.html?ss=FLEXSTAY+INN+Shin+Urayasu&selected_currency=USD	sponsored
/en/travel-guide/hotels/flexstay-shin-urayasu/	trip	https://www.trip.com/hotels/urayasu-hotel-detail-2510519/flexstay-inn-shinurayasu/?curr=USD&Allianceid=8989807&SID=322202616&trip_sub1=hotel_en&trip_sub3=D20075309	sponsored
/en/travel-guide/hotels/four-stories-hotel/	agoda	https://www.agoda.com/four-stories-hotel/hotel/tokyo-jp.html	sponsored
/en/travel-guide/hotels/four-stories-hotel/	booking	https://www.booking.com/searchresults.html?ss=Four+Stories+Hotel+Maihama+Tokyo+Bay&selected_currency=USD	sponsored
/en/travel-guide/hotels/four-stories-hotel/	trip	https://www.trip.com/hotels/urayasu-hotel-detail-76220327/fourstorieshotel-maihama-tokyo-bay/?curr=USD&Allianceid=8989807&SID=322202616&trip_sub1=hotel_en&trip_sub3=D20075309	sponsored
/en/travel-guide/hotels/grand-monday-resort-maihama/	agoda	https://www.agoda.com/monday-resort-tokyo-bay-maihama/hotel/tokyo-jp.html	sponsored
/en/travel-guide/hotels/grand-monday-resort-maihama/	booking	https://www.booking.com/searchresults.html?ss=GRAND+MONday+Resort+Tokyo+Bay+Maihama&selected_currency=USD	sponsored
/en/travel-guide/hotels/grand-monday-resort-maihama/	trip	https://www.trip.com/hotels/urayasu-hotel-detail-134295537/grand-monday-resort-tokyo-bay-maihama/?curr=USD&Allianceid=8989807&SID=322202616&trip_sub1=hotel_en&trip_sub3=D20075309	sponsored
/en/travel-guide/hotels/grand-nikko-tokyo-bay/	agoda	https://www.agoda.com/grand-nikko-tokyo-bay-maihama/hotel/tokyo-jp.html	sponsored
/en/travel-guide/hotels/grand-nikko-tokyo-bay/	booking	https://www.booking.com/searchresults.html?ss=Grand+Nikko+Tokyo+Bay+Maihama&selected_currency=USD	sponsored
/en/travel-guide/hotels/grand-nikko-tokyo-bay/	trip	https://www.trip.com/hotels/urayasu-hotel-detail-60644549/grand-nikko-tokyo-bay-maihama/?curr=USD&Allianceid=8989807&SID=322202616&trip_sub1=hotel_en&trip_sub3=D20075309	sponsored
/en/travel-guide/hotels/happy-entry/	travelpayouts	https://tp.media/r?marker=745385&trs=545197&p=4110&u=https%3A%2F%2Fwww.klook.com%2Fen-US%2Factivity%2F695-tokyo-disney-resort-1-day-pass-tokyo%2F&campaign_id=137	sponsored
/en/travel-guide/hotels/happy-entry/	travelpayouts	https://tp.media/r?marker=745385&trs=545197&p=9074&u=https%3A%2F%2Fwww.kkday.com%2Fen%2Fproduct%2F19252&campaign_id=633	sponsored
/en/travel-guide/hotels/henna-hotel-maihama/	agoda	https://www.agoda.com/henn-na-hotel-maihama-tokyo-bay_2/hotel/tokyo-jp.html	sponsored
/en/travel-guide/hotels/henna-hotel-maihama/	booking	https://www.booking.com/searchresults.html?ss=Henn+na+Hotel+Maihama+Tokyo+Bay&selected_currency=USD	sponsored
/en/travel-guide/hotels/henna-hotel-maihama/	trip	https://www.trip.com/hotels/urayasu-hotel-detail-7004012/henn-na-hotel-maihama-tokyo-bay/?curr=USD&Allianceid=8989807&SID=322202616&trip_sub1=hotel_en&trip_sub3=D20075309	sponsored
/en/travel-guide/hotels/hilton-tokyo-bay/	agoda	https://www.agoda.com/hilton-tokyo-bay/hotel/tokyo-jp.html	sponsored
/en/travel-guide/hotels/hilton-tokyo-bay/	booking	https://www.booking.com/searchresults.html?ss=Hilton+Tokyo+Bay&selected_currency=USD	sponsored
/en/travel-guide/hotels/hilton-tokyo-bay/	trip	https://www.trip.com/hotels/urayasu-hotel-detail-926340/hilton-tokyo-bay/?curr=USD&Allianceid=8989807&SID=322202616&trip_sub1=hotel_en&trip_sub3=D20075309	sponsored
/en/travel-guide/hotels/hiyori-hotel-maihama/	agoda	https://www.agoda.com/hiyori-hotel-maihama/hotel/tokyo-jp.html	sponsored
/en/travel-guide/hotels/hiyori-hotel-maihama/	booking	https://www.booking.com/searchresults.html?ss=HIYORI+HOTEL+Maihama&selected_currency=USD	sponsored
/en/travel-guide/hotels/hiyori-hotel-maihama/	trip	https://www.trip.com/hotels/urayasu-hotel-detail-7599696/hiyori-hotel-maihama/?curr=USD&Allianceid=8989807&SID=322202616&trip_sub1=hotel_en&trip_sub3=D20075309	sponsored
/en/travel-guide/hotels/hoshinoresorts-1955-tokyo-bay/	agoda	https://www.agoda.com/hoshino-resorts-1955-tokyo-bay-h15526600/hotel/tokyo-jp.html	sponsored
/en/travel-guide/hotels/hoshinoresorts-1955-tokyo-bay/	booking	https://www.booking.com/searchresults.html?ss=1955+Tokyo+Bay+by+Hoshino+Resorts&selected_currency=USD	sponsored
/en/travel-guide/hotels/hoshinoresorts-1955-tokyo-bay/	trip	https://www.trip.com/hotels/urayasu-hotel-detail-119991959/hoshino-resorts-1955-tokyo-bay/?curr=USD&Allianceid=8989807&SID=322202616&trip_sub1=hotel_en&trip_sub3=D20075309	sponsored
/en/travel-guide/hotels/hotel-daigo-urayasu/	booking	https://www.booking.com/searchresults.html?ss=Hotel+Daigo&selected_currency=USD	sponsored
/en/travel-guide/hotels/hotel-daigo-urayasu/	trip	https://www.trip.com/hotels/list?cityName=Tokyo&keyword=Hotel+Daigo&curr=USD&Allianceid=8989807&SID=322202616&trip_sub1=hotel_en&trip_sub3=D20075309	sponsored
/en/travel-guide/hotels/hotel-ilfiore-kasai-annex/	agoda	https://www.agoda.com/pearl-hotel-kasai_2/hotel/tokyo-jp.html	sponsored
/en/travel-guide/hotels/hotel-ilfiore-kasai-annex/	booking	https://www.booking.com/searchresults.html?ss=Hotel+Il+Fiore+Kasai+ANNEX&selected_currency=USD	sponsored
/en/travel-guide/hotels/hotel-ilfiore-kasai-annex/	trip	https://www.trip.com/hotels/tokyo-hotel-detail-686576/hotel-il-fiore-kasai-annex/?curr=USD&Allianceid=8989807&SID=322202616&trip_sub1=hotel_en&trip_sub3=D20075309	sponsored
/en/travel-guide/hotels/hotel-ilfiore-kasai/	agoda	https://www.agoda.com/hotel-il-fiore-kasai/hotel/tokyo-jp.html	sponsored
/en/travel-guide/hotels/hotel-ilfiore-kasai/	booking	https://www.booking.com/searchresults.html?ss=Hotel+Il+Fiore+Kasai&selected_currency=USD	sponsored
/en/travel-guide/hotels/hotel-ilfiore-kasai/	trip	https://www.trip.com/hotels/tokyo-hotel-detail-12064414/hotel-il-fiore-kasai/?curr=USD&Allianceid=8989807&SID=322202616&trip_sub1=hotel_en&trip_sub3=D20075309	sponsored
/en/travel-guide/hotels/hotel-lumiere-kasai/	agoda	https://www.agoda.com/hotel-lumiere-kasai/hotel/tokyo-jp.html	sponsored
/en/travel-guide/hotels/hotel-lumiere-kasai/	booking	https://www.booking.com/searchresults.html?ss=Hotel+Lumiere+Kasai&selected_currency=USD	sponsored
/en/travel-guide/hotels/hotel-lumiere-kasai/	trip	https://www.trip.com/hotels/tokyo-hotel-detail-686553/hotel-lumiere-kasai/?curr=USD&Allianceid=8989807&SID=322202616&trip_sub1=hotel_en&trip_sub3=D20075309	sponsored
/en/travel-guide/hotels/hotel-okura-tokyo-bay/	agoda	https://www.agoda.com/hotel-okura-tokyo-bay/hotel/tokyo-jp.html	sponsored
/en/travel-guide/hotels/hotel-okura-tokyo-bay/	booking	https://www.booking.com/searchresults.html?ss=Hotel+Okura+Tokyo+Bay&selected_currency=USD	sponsored
/en/travel-guide/hotels/hotel-okura-tokyo-bay/	trip	https://www.trip.com/hotels/urayasu-hotel-detail-3776533/hotel-okura-tokyo-bay/?curr=USD&Allianceid=8989807&SID=322202616&trip_sub1=hotel_en&trip_sub3=D20075309	sponsored
/en/travel-guide/hotels/hotel-seaside-edogawa/	agoda	https://www.agoda.com/hotel-seaside-edogawa/hotel/tokyo-jp.html	sponsored
/en/travel-guide/hotels/hotel-seaside-edogawa/	booking	https://www.booking.com/searchresults.html?ss=Hotel+Seaside+Edogawa&selected_currency=USD	sponsored
/en/travel-guide/hotels/hotel-seaside-edogawa/	trip	https://www.trip.com/hotels/tokyo-hotel-detail-8582551/hotel-seaside-edogawa/?curr=USD&Allianceid=8989807&SID=322202616&trip_sub1=hotel_en&trip_sub3=D20075309	sponsored
/en/travel-guide/hotels/hyatt-regency-tokyo-bay/	agoda	https://www.agoda.com/hyatt-regency-tokyo-bay/hotel/tokyo-jp.html	sponsored
/en/travel-guide/hotels/hyatt-regency-tokyo-bay/	booking	https://www.booking.com/searchresults.html?ss=Hyatt+Regency+Tokyo+Bay&selected_currency=USD	sponsored
/en/travel-guide/hotels/hyatt-regency-tokyo-bay/	trip	https://www.trip.com/hotels/urayasu-hotel-detail-35953735/hyatt-place-tokyo-bay/?curr=USD&Allianceid=8989807&SID=322202616&trip_sub1=hotel_en&trip_sub3=D20075309	sponsored
/en/travel-guide/hotels/ibis-styles-tokyo-bay/	agoda	https://www.agoda.com/ibis-styles-tokyo-bay/hotel/tokyo-jp.html	sponsored
/en/travel-guide/hotels/ibis-styles-tokyo-bay/	booking	https://www.booking.com/searchresults.html?ss=ibis+Styles+Tokyo+Bay&selected_currency=USD	sponsored
/en/travel-guide/hotels/ibis-styles-tokyo-bay/	trip	https://www.trip.com/hotels/urayasu-hotel-detail-23148944/ibis-styles-tokyo-bay/?curr=USD&Allianceid=8989807&SID=322202616&trip_sub1=hotel_en&trip_sub3=D20075309	sponsored
/en/travel-guide/hotels/lagent-tokyo-bay/	agoda	https://www.agoda.com/la-gent-hotel-tokyo-bay/hotel/tokyo-jp.html	sponsored
/en/travel-guide/hotels/lagent-tokyo-bay/	booking	https://www.booking.com/searchresults.html?ss=La%27gent+Hotel+Tokyo+Bay&selected_currency=USD	sponsored
/en/travel-guide/hotels/lagent-tokyo-bay/	trip	https://www.trip.com/hotels/urayasu-hotel-detail-6999388/la-gent-hotel-tokyo-bay/?curr=USD&Allianceid=8989807&SID=322202616&trip_sub1=hotel_en&trip_sub3=D20075309	sponsored
/en/travel-guide/hotels/livemax-kasai-ekimae/	agoda	https://www.agoda.com/hotel-livemax-kasai-ekimae/hotel/tokyo-jp.html	sponsored
/en/travel-guide/hotels/livemax-kasai-ekimae/	booking	https://www.booking.com/searchresults.html?ss=HOTEL+LiVEMAX+Kasai-Ekimae&selected_currency=USD	sponsored
/en/travel-guide/hotels/livemax-kasai-ekimae/	trip	https://www.trip.com/hotels/tokyo-hotel-detail-7004692/hotel-livemax-kasai-ekimae/?curr=USD&Allianceid=8989807&SID=322202616&trip_sub1=hotel_en&trip_sub3=D20075309	sponsored
/en/travel-guide/hotels/maihama-eurasia/	agoda	https://www.agoda.com/spa-hotel-maihama-eurasia/hotel/hatoyama-machi-jp.html	sponsored
/en/travel-guide/hotels/maihama-eurasia/	booking	https://www.booking.com/searchresults.html?ss=SPA+%26+HOTEL+Maihama+Eurasia&selected_currency=USD	sponsored
/en/travel-guide/hotels/maihama-eurasia/	trip	https://www.trip.com/hotels/urayasu-hotel-detail-5902970/spa-and-hotel-maihama-eurasia/?curr=USD&Allianceid=8989807&SID=322202616&trip_sub1=hotel_en&trip_sub3=D20075309	sponsored
/en/travel-guide/hotels/maihama-hotel-first-resort/	agoda	https://www.agoda.com/hotel-sunroute-plaza-tokyo/hotel/tokyo-jp.html	sponsored
/en/travel-guide/hotels/maihama-hotel-first-resort/	booking	https://www.booking.com/searchresults.html?ss=Tokyo+Bay+Maihama+Hotel+First+Resort&selected_currency=USD	sponsored
/en/travel-guide/hotels/maihama-hotel-first-resort/	trip	https://www.trip.com/hotels/urayasu-hotel-detail-688260/tokyo-bay-maihama-hotel-first-resort/?curr=USD&Allianceid=8989807&SID=322202616&trip_sub1=hotel_en&trip_sub3=D20075309	sponsored
/en/travel-guide/hotels/maihama-view-hotel/	agoda	https://www.agoda.com/tokyo-bay-maihama-hotel/hotel/tokyo-jp.html	sponsored
/en/travel-guide/hotels/maihama-view-hotel/	booking	https://www.booking.com/searchresults.html?ss=Maihama+View+Hotel+by+HULIC&selected_currency=USD	sponsored
/en/travel-guide/hotels/maihama-view-hotel/	trip	https://www.trip.com/hotels/urayasu-hotel-detail-1497303/maihama-view-hotel-by-hulic/?curr=USD&Allianceid=8989807&SID=322202616&trip_sub1=hotel_en&trip_sub3=D20075309	sponsored
/en/travel-guide/hotels/miracosta/	agoda	https://www.agoda.com/tokyo-disneysea-hotel-miracosta-r-h9074805/hotel/tokyo-jp.html	sponsored
/en/travel-guide/hotels/miracosta/	booking	https://www.booking.com/searchresults.html?ss=Tokyo+DisneySea+Hotel+MiraCosta&selected_currency=USD	sponsored
/en/travel-guide/hotels/miracosta/	trip	https://www.trip.com/hotels/urayasu-hotel-detail-5318969/tokyo-disneysea-hotel-miracosta/?curr=USD&Allianceid=8989807&SID=322202616&trip_sub1=hotel_en&trip_sub3=D20075309	sponsored
/en/travel-guide/hotels/mitsui-garden-prana/	agoda	https://www.agoda.com/mitsui-garden-hotel-prana-tokyo-bay/hotel/tokyo-jp.html	sponsored
/en/travel-guide/hotels/mitsui-garden-prana/	booking	https://www.booking.com/searchresults.html?ss=Mitsui+Garden+Hotel+Prana+Tokyo+Bay&selected_currency=USD	sponsored
/en/travel-guide/hotels/mitsui-garden-prana/	trip	https://www.trip.com/hotels/urayasu-hotel-detail-704032/mitsui-garden-hotel-prana-tokyo-bay/?curr=USD&Allianceid=8989807&SID=322202616&trip_sub1=hotel_en&trip_sub3=D20075309	sponsored
/en/travel-guide/hotels/mystays-maihama/	agoda	https://www.agoda.com/hotel-mystays-maihama/hotel/tokyo-jp.html	sponsored
/en/travel-guide/hotels/mystays-maihama/	booking	https://www.booking.com/searchresults.html?ss=HOTEL+MYSTAYS+Maihama&selected_currency=USD	sponsored
/en/travel-guide/hotels/mystays-maihama/	trip	https://www.trip.com/hotels/urayasu-hotel-detail-688151/hotel-mystays-maihama/?curr=USD&Allianceid=8989807&SID=322202616&trip_sub1=hotel_en&trip_sub3=D20075309	sponsored
/en/travel-guide/hotels/mystays-shin-urayasu/	agoda	https://www.agoda.com/mystays-shin-urayasu-cc/hotel/tokyo-jp.html	sponsored
/en/travel-guide/hotels/mystays-shin-urayasu/	booking	https://www.booking.com/searchresults.html?ss=HOTEL+MYSTAYS+Shin+Urayasu+Conference+Center&selected_currency=USD	sponsored
/en/travel-guide/hotels/mystays-shin-urayasu/	trip	https://www.trip.com/hotels/urayasu-hotel-detail-688152/mystays-shin-urayasu-cc/?curr=USD&Allianceid=8989807&SID=322202616&trip_sub1=hotel_en&trip_sub3=D20075309	sponsored
/en/travel-guide/hotels/oriental-tokyo-bay/	agoda	https://www.agoda.com/oriental-hotel-tokyo-bay/hotel/tokyo-jp.html	sponsored
/en/travel-guide/hotels/oriental-tokyo-bay/	booking	https://www.booking.com/searchresults.html?ss=Oriental+Hotel+Tokyo+Bay&selected_currency=USD	sponsored
/en/travel-guide/hotels/oriental-tokyo-bay/	trip	https://www.trip.com/hotels/urayasu-hotel-detail-1497509/oriental-hotel-tokyo-bay/?curr=USD&Allianceid=8989807&SID=322202616&trip_sub1=hotel_en&trip_sub3=D20075309	sponsored
/en/travel-guide/hotels/premium-monday-maihama-view-1/	agoda	https://www.agoda.com/h76699004/hotel/tokyo-jp.html	sponsored
/en/travel-guide/hotels/premium-monday-maihama-view-1/	booking	https://www.booking.com/searchresults.html?ss=Premium+hotel+MONday+Maihama+View+I&selected_currency=USD	sponsored
/en/travel-guide/hotels/premium-monday-maihama-view-1/	trip	https://www.trip.com/hotels/tokyo-hotel-detail-131698486/premium-hotel-monday-maihama-view-1/?curr=USD&Allianceid=8989807&SID=322202616&trip_sub1=hotel_en&trip_sub3=D20075309	sponsored
/en/travel-guide/hotels/royal-park-maihama/	agoda	https://www.agoda.com/the-royal-park-hotel-maihama-resort-tokyo-bay-h78677441/hotel/funabashi-jp.html	sponsored
/en/travel-guide/hotels/royal-park-maihama/	booking	https://www.booking.com/searchresults.html?ss=The+Royal+Park+Hotel+Maihama+Resort+Tokyo+Bay&selected_currency=USD	sponsored
/en/travel-guide/hotels/royal-park-maihama/	trip	https://www.trip.com/hotels/urayasu-hotel-detail-128830901/the-royal-park-hotel-maihama-resort-tokyo-bay/?curr=USD&Allianceid=8989807&SID=322202616&trip_sub1=hotel_en&trip_sub3=D20075309	sponsored
/en/travel-guide/hotels/sheraton-grande-tokyo-bay/	agoda	https://www.agoda.com/sheraton-grande-tokyo-bay-hotel/hotel/tokyo-jp.html	sponsored
/en/travel-guide/hotels/sheraton-grande-tokyo-bay/	booking	https://www.booking.com/searchresults.html?ss=Sheraton+Grande+Tokyo+Bay+Hotel&selected_currency=USD	sponsored
/en/travel-guide/hotels/sheraton-grande-tokyo-bay/	trip	https://www.trip.com/hotels/urayasu-hotel-detail-688630/sheraton-grande-tokyo-bay-hotel/?curr=USD&Allianceid=8989807&SID=322202616&trip_sub1=hotel_en&trip_sub3=D20075309	sponsored
/en/travel-guide/hotels/superhotel-myoden/	agoda	https://www.agoda.com/super-hotel-tozaisen-ichikawa-myoden-ekimae/hotel/tokyo-jp.html	sponsored
/en/travel-guide/hotels/superhotel-myoden/	booking	https://www.booking.com/searchresults.html?ss=Super+Hotel+Tozai+Line+Ichikawa-Myoden&selected_currency=USD	sponsored
/en/travel-guide/hotels/superhotel-myoden/	trip	https://www.trip.com/hotels/ichikawa-hotel-detail-5468569/super-hotel-ichikawa-myoden-eki-mae/?curr=USD&Allianceid=8989807&SID=322202616&trip_sub1=hotel_en&trip_sub3=D20075309	sponsored
/en/travel-guide/hotels/tdl-hotel/	agoda	https://www.agoda.com/tokyo-disneyland-hotel-h78666249/hotel/tokyo-jp.html	sponsored
/en/travel-guide/hotels/tdl-hotel/	booking	https://www.booking.com/searchresults.html?ss=Tokyo+Disneyland+Hotel&selected_currency=USD	sponsored
/en/travel-guide/hotels/tdl-hotel/	trip	https://www.trip.com/hotels/urayasu-hotel-detail-2611722/tokyo-disney-hotel-r/?curr=USD&Allianceid=8989807&SID=322202616&trip_sub1=hotel_en&trip_sub3=D20075309	sponsored
/en/travel-guide/hotels/toy-story-hotel/	agoda	https://www.agoda.com/tokyo-disney-resort-toy-story-hotel/hotel/tokyo-jp.html	sponsored
/en/travel-guide/hotels/toy-story-hotel/	booking	https://www.booking.com/searchresults.html?ss=Tokyo+Disney+Resort+Toy+Story+Hotel&selected_currency=USD	sponsored
/en/travel-guide/hotels/toy-story-hotel/	trip	https://www.trip.com/hotels/urayasu-hotel-detail-92650976/tokyo-disney-resort-toy-story-hotel/?curr=USD&Allianceid=8989807&SID=322202616&trip_sub1=hotel_en&trip_sub3=D20075309	sponsored
/en/travel-guide/hotels/urayasu-sun-hotel/	agoda	https://www.agoda.com/urayasu-sun-hotel_2/hotel/tokyo-jp.html	sponsored
/en/travel-guide/hotels/urayasu-sun-hotel/	booking	https://www.booking.com/searchresults.html?ss=Urayasu+Sun+Hotel&selected_currency=USD	sponsored
/en/travel-guide/hotels/urayasu-sun-hotel/	trip	https://www.trip.com/hotels/urayasu-hotel-detail-8417917/urayasu-sunhotel/?curr=USD&Allianceid=8989807&SID=322202616&trip_sub1=hotel_en&trip_sub3=D20075309	sponsored
/en/travel-guide/hotels/viewfort-urayasu/	agoda	https://www.agoda.com/urayasu-beaufort-hotel/hotel/tokyo-jp.html	sponsored
/en/travel-guide/hotels/viewfort-urayasu/	booking	https://www.booking.com/searchresults.html?ss=Urayasu+Beaufort+Hotel&selected_currency=USD	sponsored
/en/travel-guide/hotels/viewfort-urayasu/	trip	https://www.trip.com/hotels/urayasu-hotel-detail-1677834/urayasu-beaufort-hotel/?curr=USD&Allianceid=8989807&SID=322202616&trip_sub1=hotel_en&trip_sub3=D20075309	sponsored
/en/travel-guide/maihama-halloween/	jalan	https://www.jalan.net/yad312544/topics/	
/en/travel-guide/teamlab-planets/	trip	https://www.trip.com/things-to-do/detail/21427367/?Allianceid=8989807&SID=322202616&trip_sub1=teamlab_en&trip_sub3=D20075309	sponsored
/en/travel-guide/tokyo-sightseeing-access/	trip	https://www.trip.com/things-to-do/detail/31060921/?Allianceid=8989807&SID=322202616&trip_sub1=skytree_en&trip_sub3=D20075309	sponsored
/ko/travel-guide/disney-tickets/	travelpayouts	https://tp.media/r?marker=745385&trs=545197&p=4110&u=https%3A%2F%2Fwww.klook.com%2Fko%2Factivity%2F695-tokyo-disney-resort-1-day-pass-tokyo%2F&campaign_id=137	sponsored
/ko/travel-guide/disney-tickets/	travelpayouts	https://tp.media/r?marker=745385&trs=545197&p=9074&u=https%3A%2F%2Fwww.kkday.com%2Fko%2Fproduct%2F19252&campaign_id=633	sponsored
/ko/travel-guide/disney-tickets/	trip	https://www.trip.com/things-to-do/detail/44938465/?Allianceid=8989807&SID=322202616&trip_sub1=tdr_ko&trip_sub3=D20075309	sponsored
/ko/travel-guide/hotels/ambassador-hotel/	agoda	https://www.agoda.com/ko-kr/disney-ambassador-r-hotel-h9074803/hotel/tokyo-jp.html	sponsored
/ko/travel-guide/hotels/ambassador-hotel/	booking	https://www.booking.com/searchresults.html?ss=Disney+Ambassador+Hotel&selected_currency=KRW	sponsored
/ko/travel-guide/hotels/ambassador-hotel/	expedia	https://www.expedia.co.kr/Hotel-Search?destination=Disney%20Ambassador%20Hotel	sponsored
/ko/travel-guide/hotels/ambassador-hotel/	trip	https://kr.trip.com/hotels/urayasu-hotel-detail-2125682/disney-ambassador-hotel/?curr=KRW&Allianceid=8989807&SID=322202616&trip_sub1=hotel_ko&trip_sub3=D20075309	sponsored
/ko/travel-guide/hotels/bayhotel-urayasu/	agoda	https://www.agoda.com/ko-kr/bay-hotel-urayasu-ekimae/hotel/tokyo-jp.html	sponsored
/ko/travel-guide/hotels/bayhotel-urayasu/	booking	https://www.booking.com/searchresults.html?ss=BAY+HOTEL+Urayasu-ekimae&selected_currency=KRW	sponsored
/ko/travel-guide/hotels/bayhotel-urayasu/	expedia	https://www.expedia.co.kr/Hotel-Search?destination=BAY%20HOTEL%20Urayasu-ekimae	sponsored
/ko/travel-guide/hotels/bayhotel-urayasu/	trip	https://kr.trip.com/hotels/urayasu-hotel-detail-17900799/bay-hotel-urayasu/?curr=KRW&Allianceid=8989807&SID=322202616&trip_sub1=hotel_ko&trip_sub3=D20075309	sponsored
/ko/travel-guide/hotels/brighton-tokyo-bay/	agoda	https://www.agoda.com/ko-kr/urayasu-brighton-hotel-tokyo-bay_2/hotel/tokyo-jp.html	sponsored
/ko/travel-guide/hotels/brighton-tokyo-bay/	booking	https://www.booking.com/searchresults.html?ss=Urayasu+Brighton+Hotel+Tokyo+Bay&selected_currency=KRW	sponsored
/ko/travel-guide/hotels/brighton-tokyo-bay/	expedia	https://www.expedia.co.kr/Hotel-Search?destination=Urayasu%20Brighton%20Hotel%20Tokyo%20Bay	sponsored
/ko/travel-guide/hotels/brighton-tokyo-bay/	trip	https://kr.trip.com/hotels/urayasu-hotel-detail-1678833/urayasu-brighton-hotel-tokyo-bay/?curr=KRW&Allianceid=8989807&SID=322202616&trip_sub1=hotel_ko&trip_sub3=D20075309	sponsored
/ko/travel-guide/hotels/celebration-discover/	agoda	https://www.agoda.com/ko-kr/tokyo-disney-celebration-hotel-r/hotel/hatoyama-machi-jp.html	sponsored
/ko/travel-guide/hotels/celebration-discover/	booking	https://www.booking.com/searchresults.html?ss=Tokyo+Disney+Celebration+Hotel%3A+Discover&selected_currency=KRW	sponsored
/ko/travel-guide/hotels/celebration-discover/	expedia	https://www.expedia.co.kr/Hotel-Search?destination=Tokyo%20Disney%20Celebration%20Hotel%3A%20Discover	sponsored
/ko/travel-guide/hotels/celebration-discover/	trip	https://kr.trip.com/hotels/urayasu-hotel-detail-7254448/tokyo-disney-celebration-hotel/?curr=KRW&Allianceid=8989807&SID=322202616&trip_sub1=hotel_ko&trip_sub3=D20075309	sponsored
/ko/travel-guide/hotels/celebration-wish/	agoda	https://www.agoda.com/ko-kr/tokyo-disney-celebration-hotel-r/hotel/hatoyama-machi-jp.html	sponsored
/ko/travel-guide/hotels/celebration-wish/	booking	https://www.booking.com/searchresults.html?ss=Tokyo+Disney+Celebration+Hotel%3A+Wish&selected_currency=KRW	sponsored
/ko/travel-guide/hotels/celebration-wish/	expedia	https://www.expedia.co.kr/Hotel-Search?destination=Tokyo%20Disney%20Celebration%20Hotel%3A%20Wish	sponsored
/ko/travel-guide/hotels/celebration-wish/	trip	https://kr.trip.com/hotels/urayasu-hotel-detail-7254448/tokyo-disney-celebration-hotel/?curr=KRW&Allianceid=8989807&SID=322202616&trip_sub1=hotel_ko&trip_sub3=D20075309	sponsored
/ko/travel-guide/hotels/comfort-suites-tokyo-bay/	agoda	https://www.agoda.com/ko-kr/comfort-suites-tokyo-bay_5/hotel/tokyo-jp.html	sponsored
/ko/travel-guide/hotels/comfort-suites-tokyo-bay/	booking	https://www.booking.com/searchresults.html?ss=Comfort+Suites+Tokyo+Bay&selected_currency=KRW	sponsored
/ko/travel-guide/hotels/comfort-suites-tokyo-bay/	expedia	https://www.expedia.co.kr/Hotel-Search?destination=Comfort%20Suites%20Tokyo%20Bay	sponsored
/ko/travel-guide/hotels/comfort-suites-tokyo-bay/	trip	https://kr.trip.com/hotels/urayasu-hotel-detail-21827353/comfort-suites-tokyo-bay/?curr=KRW&Allianceid=8989807&SID=322202616&trip_sub1=hotel_ko&trip_sub3=D20075309	sponsored
/ko/travel-guide/hotels/cvs-bay-hotel/	agoda	https://www.agoda.com/ko-kr/cvs-bay-hotel_3/hotel/tokyo-jp.html	sponsored
/ko/travel-guide/hotels/cvs-bay-hotel/	booking	https://www.booking.com/searchresults.html?ss=CVS+BAY+HOTEL&selected_currency=KRW	sponsored
/ko/travel-guide/hotels/cvs-bay-hotel/	expedia	https://www.expedia.co.kr/Hotel-Search?destination=CVS%20BAY%20HOTEL	sponsored
/ko/travel-guide/hotels/cvs-bay-hotel/	trip	https://kr.trip.com/hotels/ichikawa-hotel-detail-8406302/cvsbay-hotel-main-buildingbay-tower/?curr=KRW&Allianceid=8989807&SID=322202616&trip_sub1=hotel_ko&trip_sub3=D20075309	sponsored
/ko/travel-guide/hotels/dreamgate-maihama/	agoda	https://www.agoda.com/ko-kr/hotel-dream-gate-maihama/hotel/tokyo-jp.html	sponsored
/ko/travel-guide/hotels/dreamgate-maihama/	booking	https://www.booking.com/searchresults.html?ss=Hotel+Dream+Gate+Maihama&selected_currency=KRW	sponsored
/ko/travel-guide/hotels/dreamgate-maihama/	expedia	https://www.expedia.co.kr/Hotel-Search?destination=Hotel%20Dream%20Gate%20Maihama	sponsored
/ko/travel-guide/hotels/dreamgate-maihama/	trip	https://kr.trip.com/hotels/urayasu-hotel-detail-6994388/hotel-dream-gate-maihama/?curr=KRW&Allianceid=8989807&SID=322202616&trip_sub1=hotel_ko&trip_sub3=D20075309	sponsored
/ko/travel-guide/hotels/emion-tokyo-bay/	agoda	https://www.agoda.com/ko-kr/hotel-emion-tokyo-bay_5/hotel/tokyo-jp.html	sponsored
/ko/travel-guide/hotels/emion-tokyo-bay/	booking	https://www.booking.com/searchresults.html?ss=Hotel+Emion+Tokyo+Bay&selected_currency=KRW	sponsored
/ko/travel-guide/hotels/emion-tokyo-bay/	expedia	https://www.expedia.co.kr/Hotel-Search?destination=Hotel%20Emion%20Tokyo%20Bay	sponsored
/ko/travel-guide/hotels/emion-tokyo-bay/	trip	https://kr.trip.com/hotels/urayasu-hotel-detail-1497512/hotel-emion-tokyo-bay/?curr=KRW&Allianceid=8989807&SID=322202616&trip_sub1=hotel_ko&trip_sub3=D20075309	sponsored
/ko/travel-guide/hotels/eurasia-annex/	agoda	https://www.agoda.com/ko-kr/hotel-eurasia-maihama-annex-h10152921/hotel/tokyo-jp.html	sponsored
/ko/travel-guide/hotels/eurasia-annex/	booking	https://www.booking.com/searchresults.html?ss=Hotel+Eurasia+Maihama+Annex&selected_currency=KRW	sponsored
/ko/travel-guide/hotels/eurasia-annex/	expedia	https://www.expedia.co.kr/Hotel-Search?destination=Hotel%20Eurasia%20Maihama%20Annex	sponsored
/ko/travel-guide/hotels/eurasia-annex/	trip	https://kr.trip.com/hotels/urayasu-hotel-detail-26593607/hotel-eurasia-maihama-annex/?curr=KRW&Allianceid=8989807&SID=322202616&trip_sub1=hotel_ko&trip_sub3=D20075309	sponsored
/ko/travel-guide/hotels/fantasy-springs-hotel/	agoda	https://www.agoda.com/ko-kr/tokyo-disneysea-fantasy-springs-hotel-h51521440/hotel/tokyo-jp.html	sponsored
/ko/travel-guide/hotels/fantasy-springs-hotel/	booking	https://www.booking.com/searchresults.html?ss=Tokyo+DisneySea+Fantasy+Springs+Hotel&selected_currency=KRW	sponsored
/ko/travel-guide/hotels/fantasy-springs-hotel/	expedia	https://www.expedia.co.kr/Hotel-Search?destination=Tokyo%20DisneySea%20Fantasy%20Springs%20Hotel	sponsored
/ko/travel-guide/hotels/fantasy-springs-hotel/	trip	https://kr.trip.com/hotels/urayasu-hotel-detail-129182749/tokyo-disneysea-fantasy-springs-hotel/?curr=KRW&Allianceid=8989807&SID=322202616&trip_sub1=hotel_ko&trip_sub3=D20075309	sponsored
/ko/travel-guide/hotels/flexstay-shin-urayasu/	agoda	https://www.agoda.com/ko-kr/flexstay-inn-shin-urayasu/hotel/tokyo-jp.html	sponsored
/ko/travel-guide/hotels/flexstay-shin-urayasu/	booking	https://www.booking.com/searchresults.html?ss=FLEXSTAY+INN+Shin+Urayasu&selected_currency=KRW	sponsored
/ko/travel-guide/hotels/flexstay-shin-urayasu/	expedia	https://www.expedia.co.kr/Hotel-Search?destination=FLEXSTAY%20INN%20Shin%20Urayasu	sponsored
/ko/travel-guide/hotels/flexstay-shin-urayasu/	trip	https://kr.trip.com/hotels/urayasu-hotel-detail-2510519/flexstay-inn-shinurayasu/?curr=KRW&Allianceid=8989807&SID=322202616&trip_sub1=hotel_ko&trip_sub3=D20075309	sponsored
/ko/travel-guide/hotels/four-stories-hotel/	agoda	https://www.agoda.com/ko-kr/four-stories-hotel/hotel/tokyo-jp.html	sponsored
/ko/travel-guide/hotels/four-stories-hotel/	booking	https://www.booking.com/searchresults.html?ss=Four+Stories+Hotel+Maihama+Tokyo+Bay&selected_currency=KRW	sponsored
/ko/travel-guide/hotels/four-stories-hotel/	expedia	https://www.expedia.co.kr/Hotel-Search?destination=Four%20Stories%20Hotel%20Maihama%20Tokyo%20Bay	sponsored
/ko/travel-guide/hotels/four-stories-hotel/	trip	https://kr.trip.com/hotels/urayasu-hotel-detail-76220327/fourstorieshotel-maihama-tokyo-bay/?curr=KRW&Allianceid=8989807&SID=322202616&trip_sub1=hotel_ko&trip_sub3=D20075309	sponsored
/ko/travel-guide/hotels/grand-monday-resort-maihama/	agoda	https://www.agoda.com/ko-kr/monday-resort-tokyo-bay-maihama/hotel/tokyo-jp.html	sponsored
/ko/travel-guide/hotels/grand-monday-resort-maihama/	booking	https://www.booking.com/searchresults.html?ss=GRAND+MONday+Resort+Tokyo+Bay+Maihama&selected_currency=KRW	sponsored
/ko/travel-guide/hotels/grand-monday-resort-maihama/	expedia	https://www.expedia.co.kr/Hotel-Search?destination=GRAND%20MONday%20Resort%20Tokyo%20Bay%20Maihama	sponsored
/ko/travel-guide/hotels/grand-monday-resort-maihama/	trip	https://kr.trip.com/hotels/urayasu-hotel-detail-134295537/grand-monday-resort-tokyo-bay-maihama/?curr=KRW&Allianceid=8989807&SID=322202616&trip_sub1=hotel_ko&trip_sub3=D20075309	sponsored
/ko/travel-guide/hotels/grand-nikko-tokyo-bay/	agoda	https://www.agoda.com/ko-kr/grand-nikko-tokyo-bay-maihama/hotel/tokyo-jp.html	sponsored
/ko/travel-guide/hotels/grand-nikko-tokyo-bay/	booking	https://www.booking.com/searchresults.html?ss=Grand+Nikko+Tokyo+Bay+Maihama&selected_currency=KRW	sponsored
/ko/travel-guide/hotels/grand-nikko-tokyo-bay/	expedia	https://www.expedia.co.kr/Hotel-Search?destination=Grand%20Nikko%20Tokyo%20Bay%20Maihama	sponsored
/ko/travel-guide/hotels/grand-nikko-tokyo-bay/	trip	https://kr.trip.com/hotels/urayasu-hotel-detail-60644549/grand-nikko-tokyo-bay-maihama/?curr=KRW&Allianceid=8989807&SID=322202616&trip_sub1=hotel_ko&trip_sub3=D20075309	sponsored
/ko/travel-guide/hotels/happy-entry/	travelpayouts	https://tp.media/r?marker=745385&trs=545197&p=4110&u=https%3A%2F%2Fwww.klook.com%2Fko%2Factivity%2F695-tokyo-disney-resort-1-day-pass-tokyo%2F&campaign_id=137	sponsored
/ko/travel-guide/hotels/happy-entry/	travelpayouts	https://tp.media/r?marker=745385&trs=545197&p=9074&u=https%3A%2F%2Fwww.kkday.com%2Fko%2Fproduct%2F19252&campaign_id=633	sponsored
/ko/travel-guide/hotels/henna-hotel-maihama/	agoda	https://www.agoda.com/ko-kr/henn-na-hotel-maihama-tokyo-bay_2/hotel/tokyo-jp.html	sponsored
/ko/travel-guide/hotels/henna-hotel-maihama/	booking	https://www.booking.com/searchresults.html?ss=Henn+na+Hotel+Maihama+Tokyo+Bay&selected_currency=KRW	sponsored
/ko/travel-guide/hotels/henna-hotel-maihama/	expedia	https://www.expedia.co.kr/Hotel-Search?destination=Henn%20na%20Hotel%20Maihama%20Tokyo%20Bay	sponsored
/ko/travel-guide/hotels/henna-hotel-maihama/	trip	https://kr.trip.com/hotels/urayasu-hotel-detail-7004012/henn-na-hotel-maihama-tokyo-bay/?curr=KRW&Allianceid=8989807&SID=322202616&trip_sub1=hotel_ko&trip_sub3=D20075309	sponsored
/ko/travel-guide/hotels/hilton-tokyo-bay/	agoda	https://www.agoda.com/ko-kr/hilton-tokyo-bay/hotel/tokyo-jp.html	sponsored
/ko/travel-guide/hotels/hilton-tokyo-bay/	booking	https://www.booking.com/searchresults.html?ss=Hilton+Tokyo+Bay&selected_currency=KRW	sponsored
/ko/travel-guide/hotels/hilton-tokyo-bay/	expedia	https://www.expedia.co.kr/Hotel-Search?destination=Hilton%20Tokyo%20Bay	sponsored
/ko/travel-guide/hotels/hilton-tokyo-bay/	trip	https://kr.trip.com/hotels/urayasu-hotel-detail-926340/hilton-tokyo-bay/?curr=KRW&Allianceid=8989807&SID=322202616&trip_sub1=hotel_ko&trip_sub3=D20075309	sponsored
/ko/travel-guide/hotels/hiyori-hotel-maihama/	agoda	https://www.agoda.com/ko-kr/hiyori-hotel-maihama/hotel/tokyo-jp.html	sponsored
/ko/travel-guide/hotels/hiyori-hotel-maihama/	booking	https://www.booking.com/searchresults.html?ss=HIYORI+HOTEL+Maihama&selected_currency=KRW	sponsored
/ko/travel-guide/hotels/hiyori-hotel-maihama/	expedia	https://www.expedia.co.kr/Hotel-Search?destination=HIYORI%20HOTEL%20Maihama	sponsored
/ko/travel-guide/hotels/hiyori-hotel-maihama/	trip	https://kr.trip.com/hotels/urayasu-hotel-detail-7599696/hiyori-hotel-maihama/?curr=KRW&Allianceid=8989807&SID=322202616&trip_sub1=hotel_ko&trip_sub3=D20075309	sponsored
/ko/travel-guide/hotels/hoshinoresorts-1955-tokyo-bay/	agoda	https://www.agoda.com/ko-kr/hoshino-resorts-1955-tokyo-bay-h15526600/hotel/tokyo-jp.html	sponsored
/ko/travel-guide/hotels/hoshinoresorts-1955-tokyo-bay/	booking	https://www.booking.com/searchresults.html?ss=1955+Tokyo+Bay+by+Hoshino+Resorts&selected_currency=KRW	sponsored
/ko/travel-guide/hotels/hoshinoresorts-1955-tokyo-bay/	expedia	https://www.expedia.co.kr/Hotel-Search?destination=1955%20Tokyo%20Bay%20by%20Hoshino%20Resorts	sponsored
/ko/travel-guide/hotels/hoshinoresorts-1955-tokyo-bay/	trip	https://kr.trip.com/hotels/urayasu-hotel-detail-119991959/hoshino-resorts-1955-tokyo-bay/?curr=KRW&Allianceid=8989807&SID=322202616&trip_sub1=hotel_ko&trip_sub3=D20075309	sponsored
/ko/travel-guide/hotels/hotel-daigo-urayasu/	booking	https://www.booking.com/searchresults.html?ss=Hotel+Daigo&selected_currency=KRW	sponsored
/ko/travel-guide/hotels/hotel-daigo-urayasu/	expedia	https://www.expedia.co.kr/Hotel-Search?destination=Hotel%20Daigo	sponsored
/ko/travel-guide/hotels/hotel-daigo-urayasu/	trip	https://kr.trip.com/hotels/list?cityName=Tokyo&keyword=Hotel+Daigo&curr=KRW&Allianceid=8989807&SID=322202616&trip_sub1=hotel_ko&trip_sub3=D20075309	sponsored
/ko/travel-guide/hotels/hotel-ilfiore-kasai-annex/	agoda	https://www.agoda.com/ko-kr/pearl-hotel-kasai_2/hotel/tokyo-jp.html	sponsored
/ko/travel-guide/hotels/hotel-ilfiore-kasai-annex/	booking	https://www.booking.com/searchresults.html?ss=Hotel+Il+Fiore+Kasai+ANNEX&selected_currency=KRW	sponsored
/ko/travel-guide/hotels/hotel-ilfiore-kasai-annex/	expedia	https://www.expedia.co.kr/Hotel-Search?destination=Hotel%20Il%20Fiore%20Kasai%20ANNEX	sponsored
/ko/travel-guide/hotels/hotel-ilfiore-kasai-annex/	trip	https://kr.trip.com/hotels/tokyo-hotel-detail-686576/hotel-il-fiore-kasai-annex/?curr=KRW&Allianceid=8989807&SID=322202616&trip_sub1=hotel_ko&trip_sub3=D20075309	sponsored
/ko/travel-guide/hotels/hotel-ilfiore-kasai/	agoda	https://www.agoda.com/ko-kr/hotel-il-fiore-kasai/hotel/tokyo-jp.html	sponsored
/ko/travel-guide/hotels/hotel-ilfiore-kasai/	booking	https://www.booking.com/searchresults.html?ss=Hotel+Il+Fiore+Kasai&selected_currency=KRW	sponsored
/ko/travel-guide/hotels/hotel-ilfiore-kasai/	expedia	https://www.expedia.co.kr/Hotel-Search?destination=Hotel%20Il%20Fiore%20Kasai	sponsored
/ko/travel-guide/hotels/hotel-ilfiore-kasai/	trip	https://kr.trip.com/hotels/tokyo-hotel-detail-12064414/hotel-il-fiore-kasai/?curr=KRW&Allianceid=8989807&SID=322202616&trip_sub1=hotel_ko&trip_sub3=D20075309	sponsored
/ko/travel-guide/hotels/hotel-lumiere-kasai/	agoda	https://www.agoda.com/ko-kr/hotel-lumiere-kasai/hotel/tokyo-jp.html	sponsored
/ko/travel-guide/hotels/hotel-lumiere-kasai/	booking	https://www.booking.com/searchresults.html?ss=Hotel+Lumiere+Kasai&selected_currency=KRW	sponsored
/ko/travel-guide/hotels/hotel-lumiere-kasai/	expedia	https://www.expedia.co.kr/Hotel-Search?destination=Hotel%20Lumiere%20Kasai	sponsored
/ko/travel-guide/hotels/hotel-lumiere-kasai/	trip	https://kr.trip.com/hotels/tokyo-hotel-detail-686553/hotel-lumiere-kasai/?curr=KRW&Allianceid=8989807&SID=322202616&trip_sub1=hotel_ko&trip_sub3=D20075309	sponsored
/ko/travel-guide/hotels/hotel-okura-tokyo-bay/	agoda	https://www.agoda.com/ko-kr/hotel-okura-tokyo-bay/hotel/tokyo-jp.html	sponsored
/ko/travel-guide/hotels/hotel-okura-tokyo-bay/	booking	https://www.booking.com/searchresults.html?ss=Hotel+Okura+Tokyo+Bay&selected_currency=KRW	sponsored
/ko/travel-guide/hotels/hotel-okura-tokyo-bay/	expedia	https://www.expedia.co.kr/Hotel-Search?destination=Hotel%20Okura%20Tokyo%20Bay	sponsored
/ko/travel-guide/hotels/hotel-okura-tokyo-bay/	trip	https://kr.trip.com/hotels/urayasu-hotel-detail-3776533/hotel-okura-tokyo-bay/?curr=KRW&Allianceid=8989807&SID=322202616&trip_sub1=hotel_ko&trip_sub3=D20075309	sponsored
/ko/travel-guide/hotels/hotel-seaside-edogawa/	agoda	https://www.agoda.com/ko-kr/hotel-seaside-edogawa/hotel/tokyo-jp.html	sponsored
/ko/travel-guide/hotels/hotel-seaside-edogawa/	booking	https://www.booking.com/searchresults.html?ss=Hotel+Seaside+Edogawa&selected_currency=KRW	sponsored
/ko/travel-guide/hotels/hotel-seaside-edogawa/	expedia	https://www.expedia.co.kr/Hotel-Search?destination=Hotel%20Seaside%20Edogawa	sponsored
/ko/travel-guide/hotels/hotel-seaside-edogawa/	trip	https://kr.trip.com/hotels/tokyo-hotel-detail-8582551/hotel-seaside-edogawa/?curr=KRW&Allianceid=8989807&SID=322202616&trip_sub1=hotel_ko&trip_sub3=D20075309	sponsored
/ko/travel-guide/hotels/hyatt-regency-tokyo-bay/	agoda	https://www.agoda.com/ko-kr/hyatt-regency-tokyo-bay/hotel/tokyo-jp.html	sponsored
/ko/travel-guide/hotels/hyatt-regency-tokyo-bay/	booking	https://www.booking.com/searchresults.html?ss=Hyatt+Regency+Tokyo+Bay&selected_currency=KRW	sponsored
/ko/travel-guide/hotels/hyatt-regency-tokyo-bay/	expedia	https://www.expedia.co.kr/Hotel-Search?destination=Hyatt%20Regency%20Tokyo%20Bay	sponsored
/ko/travel-guide/hotels/hyatt-regency-tokyo-bay/	trip	https://kr.trip.com/hotels/urayasu-hotel-detail-35953735/hyatt-place-tokyo-bay/?curr=KRW&Allianceid=8989807&SID=322202616&trip_sub1=hotel_ko&trip_sub3=D20075309	sponsored
/ko/travel-guide/hotels/ibis-styles-tokyo-bay/	agoda	https://www.agoda.com/ko-kr/ibis-styles-tokyo-bay/hotel/tokyo-jp.html	sponsored
/ko/travel-guide/hotels/ibis-styles-tokyo-bay/	booking	https://www.booking.com/searchresults.html?ss=ibis+Styles+Tokyo+Bay&selected_currency=KRW	sponsored
/ko/travel-guide/hotels/ibis-styles-tokyo-bay/	expedia	https://www.expedia.co.kr/Hotel-Search?destination=ibis%20Styles%20Tokyo%20Bay	sponsored
/ko/travel-guide/hotels/ibis-styles-tokyo-bay/	trip	https://kr.trip.com/hotels/urayasu-hotel-detail-23148944/ibis-styles-tokyo-bay/?curr=KRW&Allianceid=8989807&SID=322202616&trip_sub1=hotel_ko&trip_sub3=D20075309	sponsored
/ko/travel-guide/hotels/lagent-tokyo-bay/	agoda	https://www.agoda.com/ko-kr/la-gent-hotel-tokyo-bay/hotel/tokyo-jp.html	sponsored
/ko/travel-guide/hotels/lagent-tokyo-bay/	booking	https://www.booking.com/searchresults.html?ss=La%27gent+Hotel+Tokyo+Bay&selected_currency=KRW	sponsored
/ko/travel-guide/hotels/lagent-tokyo-bay/	expedia	https://www.expedia.co.kr/Hotel-Search?destination=La%27gent%20Hotel%20Tokyo%20Bay	sponsored
/ko/travel-guide/hotels/lagent-tokyo-bay/	trip	https://kr.trip.com/hotels/urayasu-hotel-detail-6999388/la-gent-hotel-tokyo-bay/?curr=KRW&Allianceid=8989807&SID=322202616&trip_sub1=hotel_ko&trip_sub3=D20075309	sponsored
/ko/travel-guide/hotels/livemax-kasai-ekimae/	agoda	https://www.agoda.com/ko-kr/hotel-livemax-kasai-ekimae/hotel/tokyo-jp.html	sponsored
/ko/travel-guide/hotels/livemax-kasai-ekimae/	booking	https://www.booking.com/searchresults.html?ss=HOTEL+LiVEMAX+Kasai-Ekimae&selected_currency=KRW	sponsored
/ko/travel-guide/hotels/livemax-kasai-ekimae/	expedia	https://www.expedia.co.kr/Hotel-Search?destination=HOTEL%20LiVEMAX%20Kasai-Ekimae	sponsored
/ko/travel-guide/hotels/livemax-kasai-ekimae/	trip	https://kr.trip.com/hotels/tokyo-hotel-detail-7004692/hotel-livemax-kasai-ekimae/?curr=KRW&Allianceid=8989807&SID=322202616&trip_sub1=hotel_ko&trip_sub3=D20075309	sponsored
/ko/travel-guide/hotels/maihama-eurasia/	agoda	https://www.agoda.com/ko-kr/spa-hotel-maihama-eurasia/hotel/hatoyama-machi-jp.html	sponsored
/ko/travel-guide/hotels/maihama-eurasia/	booking	https://www.booking.com/searchresults.html?ss=SPA+%26+HOTEL+Maihama+Eurasia&selected_currency=KRW	sponsored
/ko/travel-guide/hotels/maihama-eurasia/	expedia	https://www.expedia.co.kr/Hotel-Search?destination=SPA%20%26%20HOTEL%20Maihama%20Eurasia	sponsored
/ko/travel-guide/hotels/maihama-eurasia/	trip	https://kr.trip.com/hotels/urayasu-hotel-detail-5902970/spa-and-hotel-maihama-eurasia/?curr=KRW&Allianceid=8989807&SID=322202616&trip_sub1=hotel_ko&trip_sub3=D20075309	sponsored
/ko/travel-guide/hotels/maihama-hotel-first-resort/	agoda	https://www.agoda.com/ko-kr/hotel-sunroute-plaza-tokyo/hotel/tokyo-jp.html	sponsored
/ko/travel-guide/hotels/maihama-hotel-first-resort/	booking	https://www.booking.com/searchresults.html?ss=Tokyo+Bay+Maihama+Hotel+First+Resort&selected_currency=KRW	sponsored
/ko/travel-guide/hotels/maihama-hotel-first-resort/	expedia	https://www.expedia.co.kr/Hotel-Search?destination=Tokyo%20Bay%20Maihama%20Hotel%20First%20Resort	sponsored
/ko/travel-guide/hotels/maihama-hotel-first-resort/	trip	https://kr.trip.com/hotels/urayasu-hotel-detail-688260/tokyo-bay-maihama-hotel-first-resort/?curr=KRW&Allianceid=8989807&SID=322202616&trip_sub1=hotel_ko&trip_sub3=D20075309	sponsored
/ko/travel-guide/hotels/maihama-view-hotel/	agoda	https://www.agoda.com/ko-kr/tokyo-bay-maihama-hotel/hotel/tokyo-jp.html	sponsored
/ko/travel-guide/hotels/maihama-view-hotel/	booking	https://www.booking.com/searchresults.html?ss=Maihama+View+Hotel+by+HULIC&selected_currency=KRW	sponsored
/ko/travel-guide/hotels/maihama-view-hotel/	expedia	https://www.expedia.co.kr/Hotel-Search?destination=Maihama%20View%20Hotel%20by%20HULIC	sponsored
/ko/travel-guide/hotels/maihama-view-hotel/	trip	https://kr.trip.com/hotels/urayasu-hotel-detail-1497303/maihama-view-hotel-by-hulic/?curr=KRW&Allianceid=8989807&SID=322202616&trip_sub1=hotel_ko&trip_sub3=D20075309	sponsored
/ko/travel-guide/hotels/miracosta/	agoda	https://www.agoda.com/ko-kr/tokyo-disneysea-hotel-miracosta-r-h9074805/hotel/tokyo-jp.html	sponsored
/ko/travel-guide/hotels/miracosta/	booking	https://www.booking.com/searchresults.html?ss=Tokyo+DisneySea+Hotel+MiraCosta&selected_currency=KRW	sponsored
/ko/travel-guide/hotels/miracosta/	expedia	https://www.expedia.co.kr/Hotel-Search?destination=Tokyo%20DisneySea%20Hotel%20MiraCosta	sponsored
/ko/travel-guide/hotels/miracosta/	trip	https://kr.trip.com/hotels/urayasu-hotel-detail-5318969/tokyo-disneysea-hotel-miracosta/?curr=KRW&Allianceid=8989807&SID=322202616&trip_sub1=hotel_ko&trip_sub3=D20075309	sponsored
/ko/travel-guide/hotels/mitsui-garden-prana/	agoda	https://www.agoda.com/ko-kr/mitsui-garden-hotel-prana-tokyo-bay/hotel/tokyo-jp.html	sponsored
/ko/travel-guide/hotels/mitsui-garden-prana/	booking	https://www.booking.com/searchresults.html?ss=Mitsui+Garden+Hotel+Prana+Tokyo+Bay&selected_currency=KRW	sponsored
/ko/travel-guide/hotels/mitsui-garden-prana/	expedia	https://www.expedia.co.kr/Hotel-Search?destination=Mitsui%20Garden%20Hotel%20Prana%20Tokyo%20Bay	sponsored
/ko/travel-guide/hotels/mitsui-garden-prana/	trip	https://kr.trip.com/hotels/urayasu-hotel-detail-704032/mitsui-garden-hotel-prana-tokyo-bay/?curr=KRW&Allianceid=8989807&SID=322202616&trip_sub1=hotel_ko&trip_sub3=D20075309	sponsored
/ko/travel-guide/hotels/mystays-maihama/	agoda	https://www.agoda.com/ko-kr/hotel-mystays-maihama/hotel/tokyo-jp.html	sponsored
/ko/travel-guide/hotels/mystays-maihama/	booking	https://www.booking.com/searchresults.html?ss=HOTEL+MYSTAYS+Maihama&selected_currency=KRW	sponsored
/ko/travel-guide/hotels/mystays-maihama/	expedia	https://www.expedia.co.kr/Hotel-Search?destination=HOTEL%20MYSTAYS%20Maihama	sponsored
/ko/travel-guide/hotels/mystays-maihama/	trip	https://kr.trip.com/hotels/urayasu-hotel-detail-688151/hotel-mystays-maihama/?curr=KRW&Allianceid=8989807&SID=322202616&trip_sub1=hotel_ko&trip_sub3=D20075309	sponsored
/ko/travel-guide/hotels/mystays-shin-urayasu/	agoda	https://www.agoda.com/ko-kr/mystays-shin-urayasu-cc/hotel/tokyo-jp.html	sponsored
/ko/travel-guide/hotels/mystays-shin-urayasu/	booking	https://www.booking.com/searchresults.html?ss=HOTEL+MYSTAYS+Shin+Urayasu+Conference+Center&selected_currency=KRW	sponsored
/ko/travel-guide/hotels/mystays-shin-urayasu/	expedia	https://www.expedia.co.kr/Hotel-Search?destination=HOTEL%20MYSTAYS%20Shin%20Urayasu%20Conference%20Center	sponsored
/ko/travel-guide/hotels/mystays-shin-urayasu/	trip	https://kr.trip.com/hotels/urayasu-hotel-detail-688152/mystays-shin-urayasu-cc/?curr=KRW&Allianceid=8989807&SID=322202616&trip_sub1=hotel_ko&trip_sub3=D20075309	sponsored
/ko/travel-guide/hotels/oriental-tokyo-bay/	agoda	https://www.agoda.com/ko-kr/oriental-hotel-tokyo-bay/hotel/tokyo-jp.html	sponsored
/ko/travel-guide/hotels/oriental-tokyo-bay/	booking	https://www.booking.com/searchresults.html?ss=Oriental+Hotel+Tokyo+Bay&selected_currency=KRW	sponsored
/ko/travel-guide/hotels/oriental-tokyo-bay/	expedia	https://www.expedia.co.kr/Hotel-Search?destination=Oriental%20Hotel%20Tokyo%20Bay	sponsored
/ko/travel-guide/hotels/oriental-tokyo-bay/	trip	https://kr.trip.com/hotels/urayasu-hotel-detail-1497509/oriental-hotel-tokyo-bay/?curr=KRW&Allianceid=8989807&SID=322202616&trip_sub1=hotel_ko&trip_sub3=D20075309	sponsored
/ko/travel-guide/hotels/premium-monday-maihama-view-1/	agoda	https://www.agoda.com/ko-kr/h76699004/hotel/tokyo-jp.html	sponsored
/ko/travel-guide/hotels/premium-monday-maihama-view-1/	booking	https://www.booking.com/searchresults.html?ss=Premium+hotel+MONday+Maihama+View+I&selected_currency=KRW	sponsored
/ko/travel-guide/hotels/premium-monday-maihama-view-1/	expedia	https://www.expedia.co.kr/Hotel-Search?destination=Premium%20hotel%20MONday%20Maihama%20View%20I	sponsored
/ko/travel-guide/hotels/premium-monday-maihama-view-1/	trip	https://kr.trip.com/hotels/tokyo-hotel-detail-131698486/premium-hotel-monday-maihama-view-1/?curr=KRW&Allianceid=8989807&SID=322202616&trip_sub1=hotel_ko&trip_sub3=D20075309	sponsored
/ko/travel-guide/hotels/royal-park-maihama/	agoda	https://www.agoda.com/ko-kr/the-royal-park-hotel-maihama-resort-tokyo-bay-h78677441/hotel/funabashi-jp.html	sponsored
/ko/travel-guide/hotels/royal-park-maihama/	booking	https://www.booking.com/searchresults.html?ss=The+Royal+Park+Hotel+Maihama+Resort+Tokyo+Bay&selected_currency=KRW	sponsored
/ko/travel-guide/hotels/royal-park-maihama/	expedia	https://www.expedia.co.kr/Hotel-Search?destination=The%20Royal%20Park%20Hotel%20Maihama%20Resort%20Tokyo%20Bay	sponsored
/ko/travel-guide/hotels/royal-park-maihama/	trip	https://kr.trip.com/hotels/urayasu-hotel-detail-128830901/the-royal-park-hotel-maihama-resort-tokyo-bay/?curr=KRW&Allianceid=8989807&SID=322202616&trip_sub1=hotel_ko&trip_sub3=D20075309	sponsored
/ko/travel-guide/hotels/sheraton-grande-tokyo-bay/	agoda	https://www.agoda.com/ko-kr/sheraton-grande-tokyo-bay-hotel/hotel/tokyo-jp.html	sponsored
/ko/travel-guide/hotels/sheraton-grande-tokyo-bay/	booking	https://www.booking.com/searchresults.html?ss=Sheraton+Grande+Tokyo+Bay+Hotel&selected_currency=KRW	sponsored
/ko/travel-guide/hotels/sheraton-grande-tokyo-bay/	expedia	https://www.expedia.co.kr/Hotel-Search?destination=Sheraton%20Grande%20Tokyo%20Bay%20Hotel	sponsored
/ko/travel-guide/hotels/sheraton-grande-tokyo-bay/	trip	https://kr.trip.com/hotels/urayasu-hotel-detail-688630/sheraton-grande-tokyo-bay-hotel/?curr=KRW&Allianceid=8989807&SID=322202616&trip_sub1=hotel_ko&trip_sub3=D20075309	sponsored
/ko/travel-guide/hotels/superhotel-myoden/	agoda	https://www.agoda.com/ko-kr/super-hotel-tozaisen-ichikawa-myoden-ekimae/hotel/tokyo-jp.html	sponsored
/ko/travel-guide/hotels/superhotel-myoden/	booking	https://www.booking.com/searchresults.html?ss=Super+Hotel+Tozai+Line+Ichikawa-Myoden&selected_currency=KRW	sponsored
/ko/travel-guide/hotels/superhotel-myoden/	expedia	https://www.expedia.co.kr/Hotel-Search?destination=Super%20Hotel%20Tozai%20Line%20Ichikawa-Myoden	sponsored
/ko/travel-guide/hotels/superhotel-myoden/	trip	https://kr.trip.com/hotels/ichikawa-hotel-detail-5468569/super-hotel-ichikawa-myoden-eki-mae/?curr=KRW&Allianceid=8989807&SID=322202616&trip_sub1=hotel_ko&trip_sub3=D20075309	sponsored
/ko/travel-guide/hotels/tdl-hotel/	agoda	https://www.agoda.com/ko-kr/tokyo-disneyland-hotel-h78666249/hotel/tokyo-jp.html	sponsored
/ko/travel-guide/hotels/tdl-hotel/	booking	https://www.booking.com/searchresults.html?ss=Tokyo+Disneyland+Hotel&selected_currency=KRW	sponsored
/ko/travel-guide/hotels/tdl-hotel/	expedia	https://www.expedia.co.kr/Hotel-Search?destination=Tokyo%20Disneyland%20Hotel	sponsored
/ko/travel-guide/hotels/tdl-hotel/	trip	https://kr.trip.com/hotels/urayasu-hotel-detail-2611722/tokyo-disney-hotel-r/?curr=KRW&Allianceid=8989807&SID=322202616&trip_sub1=hotel_ko&trip_sub3=D20075309	sponsored
/ko/travel-guide/hotels/toy-story-hotel/	agoda	https://www.agoda.com/ko-kr/tokyo-disney-resort-toy-story-hotel/hotel/tokyo-jp.html	sponsored
/ko/travel-guide/hotels/toy-story-hotel/	booking	https://www.booking.com/searchresults.html?ss=Tokyo+Disney+Resort+Toy+Story+Hotel&selected_currency=KRW	sponsored
/ko/travel-guide/hotels/toy-story-hotel/	expedia	https://www.expedia.co.kr/Hotel-Search?destination=Tokyo%20Disney%20Resort%20Toy%20Story%20Hotel	sponsored
/ko/travel-guide/hotels/toy-story-hotel/	trip	https://kr.trip.com/hotels/urayasu-hotel-detail-92650976/tokyo-disney-resort-toy-story-hotel/?curr=KRW&Allianceid=8989807&SID=322202616&trip_sub1=hotel_ko&trip_sub3=D20075309	sponsored
/ko/travel-guide/hotels/urayasu-sun-hotel/	agoda	https://www.agoda.com/ko-kr/urayasu-sun-hotel_2/hotel/tokyo-jp.html	sponsored
/ko/travel-guide/hotels/urayasu-sun-hotel/	booking	https://www.booking.com/searchresults.html?ss=Urayasu+Sun+Hotel&selected_currency=KRW	sponsored
/ko/travel-guide/hotels/urayasu-sun-hotel/	expedia	https://www.expedia.co.kr/Hotel-Search?destination=Urayasu%20Sun%20Hotel	sponsored
/ko/travel-guide/hotels/urayasu-sun-hotel/	trip	https://kr.trip.com/hotels/urayasu-hotel-detail-8417917/urayasu-sunhotel/?curr=KRW&Allianceid=8989807&SID=322202616&trip_sub1=hotel_ko&trip_sub3=D20075309	sponsored
/ko/travel-guide/hotels/viewfort-urayasu/	agoda	https://www.agoda.com/ko-kr/urayasu-beaufort-hotel/hotel/tokyo-jp.html	sponsored
/ko/travel-guide/hotels/viewfort-urayasu/	booking	https://www.booking.com/searchresults.html?ss=Urayasu+Beaufort+Hotel&selected_currency=KRW	sponsored
/ko/travel-guide/hotels/viewfort-urayasu/	expedia	https://www.expedia.co.kr/Hotel-Search?destination=Urayasu%20Beaufort%20Hotel	sponsored
/ko/travel-guide/hotels/viewfort-urayasu/	trip	https://kr.trip.com/hotels/urayasu-hotel-detail-1677834/urayasu-beaufort-hotel/?curr=KRW&Allianceid=8989807&SID=322202616&trip_sub1=hotel_ko&trip_sub3=D20075309	sponsored
/ko/travel-guide/teamlab-planets/	trip	https://www.trip.com/things-to-do/detail/21427367/?Allianceid=8989807&SID=322202616&trip_sub1=teamlab_ko&trip_sub3=D20075309	sponsored
/ko/travel-guide/tokyo-sightseeing-access/	trip	https://www.trip.com/things-to-do/detail/31060921/?Allianceid=8989807&SID=322202616&trip_sub1=skytree_ko&trip_sub3=D20075309	sponsored
/life-guide/urayasu-sumai-hikkoshi/	a8	https://px.a8.net/svt/ejp?a8mat=4B7XX3+3MZDV6+4YI4+61C2Q	sponsored
/life-guide/urayasu-sumai-hikkoshi/	a8	https://px.a8.net/svt/ejp?a8mat=4B7XX3+46MOTU+45I8+68U4Y	sponsored
/life-guide/urayasu-sumai-hikkoshi/	a8	https://px.a8.net/svt/ejp?a8mat=4B7XX3+4Z7HV6+4R1I+BXQOI	sponsored
/posts/furusato-urayasu-works-2026/	a8	https://px.a8.net/svt/ejp?a8mat=4B7XX3+47TK1E+5CLW+5YRHE	sponsored
/posts/higashino-baby-salon-haihai-race-2026/	a8	https://px.a8.net/svt/ejp?a8mat=4B7XX3+47TK1E+5CLW+5YRHE	sponsored
/posts/irifune-elementary-firefly-event-2026/	a8	https://px.a8.net/svt/ejp?a8mat=4B7XX3+47TK1E+5CLW+5YRHE	sponsored
/posts/kodomo-hiroba-mizuasobi-20260708/	a8	https://px.a8.net/svt/ejp?a8mat=4B7XX3+47TK1E+5CLW+5YRHE	sponsored
/posts/kodomo-hiroba-nagashi-somen-2026/	a8	https://px.a8.net/svt/ejp?a8mat=4B7XX3+47TK1E+5CLW+5YRHE	sponsored
/posts/newcoast-dental-festa-2026/	a8	https://px.a8.net/svt/ejp?a8mat=4B7XX3+47TK1E+5CLW+5YRHE	sponsored
/posts/sanbanze-crab-fishing-2026/	a8	https://px.a8.net/svt/ejp?a8mat=4B7XX3+47TK1E+5CLW+5YRHE	sponsored
/posts/seishonenkan-climbing-2026/	a8	https://px.a8.net/svt/ejp?a8mat=4B7XX3+47TK1E+5CLW+5YRHE	sponsored
/posts/seishonenkan-game-challenge/	a8	https://px.a8.net/svt/ejp?a8mat=4B7XX3+47TK1E+5CLW+5YRHE	sponsored
/posts/seishonenkan-kokosei-kigyo-koza-2026/	a8	https://px.a8.net/svt/ejp?a8mat=4B7XX3+47TK1E+5CLW+5YRHE	sponsored
/posts/seishonenkan-shogakusei-kabushiki-2026/	a8	https://px.a8.net/svt/ejp?a8mat=4B7XX3+47TK1E+5CLW+5YRHE	sponsored
/posts/spogomi-seishonenkan-2026/	a8	https://px.a8.net/svt/ejp?a8mat=4B7XX3+47TK1E+5CLW+5YRHE	sponsored
/posts/takasu-sns-media-literacy-2026/	a8	https://px.a8.net/svt/ejp?a8mat=4B7XX3+47TK1E+5CLW+5YRHE	sponsored
/posts/urakko-dagashiya-open-2026/	a8	https://px.a8.net/svt/ejp?a8mat=4B7XX3+47TK1E+5CLW+5YRHE	sponsored
/posts/uralame-summer-homework-2026/	a8	https://px.a8.net/svt/ejp?a8mat=4B7XX3+47TK1E+5CLW+5YRHE	sponsored
/posts/urayasu-bunka-club-2026-autumn-recruitment/	a8	https://px.a8.net/svt/ejp?a8mat=4B7XX3+47TK1E+5CLW+5YRHE	sponsored
/posts/urayasu-bunka-kids-backstage-tour-2026/	a8	https://px.a8.net/svt/ejp?a8mat=4B7XX3+47TK1E+5CLW+5YRHE	sponsored
/posts/urayasu-childcare-fee-2026-update/	a8	https://px.a8.net/svt/ejp?a8mat=4B7XX3+47TK1E+5CLW+5YRHE	sponsored
/posts/urayasu-childcare-support-center-relocation-2026/	a8	https://px.a8.net/svt/ejp?a8mat=4B7XX3+47TK1E+5CLW+5YRHE	sponsored
/posts/urayasu-chuo-kominkan-taiikukan-asobi/	a8	https://px.a8.net/svt/ejp?a8mat=4B7XX3+47TK1E+5CLW+5YRHE	sponsored
/posts/urayasu-drocks-hinode-junior-high-greeting/	a8	https://px.a8.net/svt/ejp?a8mat=4B7XX3+47TK1E+5CLW+5YRHE	sponsored
/posts/urayasu-early-infertility-test-subsidy-2026/	a8	https://px.a8.net/svt/ejp?a8mat=4B7XX3+47TK1E+5CLW+5YRHE	sponsored
/posts/urayasu-family-support-meeting-202609/	a8	https://px.a8.net/svt/ejp?a8mat=4B7XX3+47TK1E+5CLW+5YRHE	sponsored
/posts/urayasu-geidai-kuso-kingyo-workshop/	a8	https://px.a8.net/svt/ejp?a8mat=4B7XX3+47TK1E+5CLW+5YRHE	sponsored
/posts/urayasu-javascript-game-workshop/	a8	https://px.a8.net/svt/ejp?a8mat=4B7XX3+47TK1E+5CLW+5YRHE	sponsored
/posts/urayasu-jichikai-study-space-2026/	a8	https://px.a8.net/svt/ejp?a8mat=4B7XX3+47TK1E+5CLW+5YRHE	sponsored
/posts/urayasu-kamikami-bento-contest-2026/	a8	https://px.a8.net/svt/ejp?a8mat=4B7XX3+47TK1E+5CLW+5YRHE	sponsored
/posts/urayasu-kindergarten-2027-entry/	a8	https://px.a8.net/svt/ejp?a8mat=4B7XX3+47TK1E+5CLW+5YRHE	sponsored
/posts/urayasu-kindergarten-enrollment-policy-comment-2026/	a8	https://px.a8.net/svt/ejp?a8mat=4B7XX3+47TK1E+5CLW+5YRHE	sponsored
/posts/urayasu-kodomo-bosai-kyoshitsu-20260730/	a8	https://px.a8.net/svt/ejp?a8mat=4B7XX3+47TK1E+5CLW+5YRHE	sponsored
/posts/urayasu-kodomo-hiroba-nagashi-somen-202607/	a8	https://px.a8.net/svt/ejp?a8mat=4B7XX3+47TK1E+5CLW+5YRHE	sponsored
/posts/urayasu-kodomo-oukyuteate-2026/	a8	https://px.a8.net/svt/ejp?a8mat=4B7XX3+47TK1E+5CLW+5YRHE	sponsored
/posts/urayasu-kominkan-summer-study-space-2026/	a8	https://px.a8.net/svt/ejp?a8mat=4B7XX3+47TK1E+5CLW+5YRHE	sponsored
/posts/urayasu-kyodo-tsukudani-workshop-20260731/	a8	https://px.a8.net/svt/ejp?a8mat=4B7XX3+47TK1E+5CLW+5YRHE	sponsored
/posts/urayasu-library-summer-storytime/	a8	https://px.a8.net/svt/ejp?a8mat=4B7XX3+47TK1E+5CLW+5YRHE	sponsored
/posts/urayasu-manabi-umi-1st-anniversary/	a8	https://px.a8.net/svt/ejp?a8mat=4B7XX3+47TK1E+5CLW+5YRHE	sponsored
/posts/urayasu-museum-summer-exhibition-research-2026/	a8	https://px.a8.net/svt/ejp?a8mat=4B7XX3+47TK1E+5CLW+5YRHE	sponsored
/posts/urayasu-postpartum-care-tokyo-bay-2026/	a8	https://px.a8.net/svt/ejp?a8mat=4B7XX3+47TK1E+5CLW+5YRHE	sponsored
/posts/urayasu-sanbanze-crab-fishing-202610/	a8	https://px.a8.net/svt/ejp?a8mat=4B7XX3+47TK1E+5CLW+5YRHE	sponsored
/posts/urayasu-school-choice-2027/	a8	https://px.a8.net/svt/ejp?a8mat=4B7XX3+47TK1E+5CLW+5YRHE	sponsored
/posts/urayasu-school-club-regional-transition-leifras/	a8	https://px.a8.net/svt/ejp?a8mat=4B7XX3+47TK1E+5CLW+5YRHE	sponsored
/posts/urayasu-school-entrance-grant-2027/	a8	https://px.a8.net/svt/ejp?a8mat=4B7XX3+47TK1E+5CLW+5YRHE	sponsored
/posts/urayasu-second-book-2026/	a8	https://px.a8.net/svt/ejp?a8mat=4B7XX3+47TK1E+5CLW+5YRHE	sponsored
/posts/urayasu-seishonenkan-food-sample-2026/	a8	https://px.a8.net/svt/ejp?a8mat=4B7XX3+47TK1E+5CLW+5YRHE	sponsored
/posts/urayasu-seishonenkan-kokosei-kigyo-koza/	a8	https://px.a8.net/svt/ejp?a8mat=4B7XX3+47TK1E+5CLW+5YRHE	sponsored
/posts/urayasu-summer-kids-environment-class-2026/	a8	https://px.a8.net/svt/ejp?a8mat=4B7XX3+47TK1E+5CLW+5YRHE	sponsored
/posts/千葉浦安の市立小にメディアセンター整備で情/	a8	https://px.a8.net/svt/ejp?a8mat=4B7XX3+47TK1E+5CLW+5YRHE	sponsored
/posts/子どもの邪魔をしない教育と次の社会のため/	a8	https://px.a8.net/svt/ejp?a8mat=4B7XX3+47TK1E+5CLW+5YRHE	sponsored
/posts/小学生と市長教育長のランチミーティング実施/	a8	https://px.a8.net/svt/ejp?a8mat=4B7XX3+47TK1E+5CLW+5YRHE	sponsored
/posts/明海つどいの広場でどろんこ農園活動日/	a8	https://px.a8.net/svt/ejp?a8mat=4B7XX3+47TK1E+5CLW+5YRHE	sponsored
/posts/東京ディズニーシー-音楽フェス付き1デーパスポー/	trip	https://jp.trip.com/events/2634402-2025-urayasu-collection/	
/posts/東京ディズニーシーで音楽フェス特別パスポー/	trip	https://jp.trip.com/events/2634402-2025-urayasu-collection/	
/posts/浦安市子育て中の保護者向け家庭教育学級/	a8	https://px.a8.net/svt/ejp?a8mat=4B7XX3+47TK1E+5CLW+5YRHE	sponsored
/posts/浦安市小学校中学校入学手続き情報更新/	a8	https://px.a8.net/svt/ejp?a8mat=4B7XX3+47TK1E+5CLW+5YRHE	sponsored
/posts/葛南教育事務所所長が堀江中学校を訪問-学校運/	a8	https://px.a8.net/svt/ejp?a8mat=4B7XX3+47TK1E+5CLW+5YRHE	sponsored
/posts/見明川小学校で火おこし体験授業実施-郷土博物館/	a8	https://px.a8.net/svt/ejp?a8mat=4B7XX3+47TK1E+5CLW+5YRHE	sponsored
/posts/高洲中で避難所運営体験-中学生が仮設トイレ設/	a8	https://px.a8.net/svt/ejp?a8mat=4B7XX3+47TK1E+5CLW+5YRHE	sponsored
/travel-guide/disney-tickets/	travelpayouts	https://tp.media/r?marker=745385&trs=545197&p=4110&u=https%3A%2F%2Fwww.klook.com%2Fja%2Factivity%2F695-tokyo-disney-resort-1-day-pass-tokyo%2F&campaign_id=137	sponsored
/travel-guide/hotels/ambassador-hotel/	rakuten	https://hb.afl.rakuten.co.jp/hgc/5555fa03.3f01cc2a.5555fa04.2c37c5e2/?pc=https%3A%2F%2Ftravel.rakuten.co.jp%2FHOTEL%2F72737%2F72737.html&link_type=hybrid_url&ut=eyJwYWdlIjoiaXRlbSIsInR5cGUiOiJoeWJyaWRfdXJsIiwic2l6ZSI6IjEwMHgxMDAiLCJuYW0iOjEsIm5hbXAiOiJyaWdodCIsImNvbSI6MSwiY29tcCI6ImRvd24iLCJwcmljZSI6MCwiYm9yIjoxLCJjb2wiOjEsImJidG4iOjEsInByb2QiOjAsImFtcCI6ZmFsc2V9	sponsored
/travel-guide/hotels/bayhotel-urayasu/	rakuten	https://hb.afl.rakuten.co.jp/hgc/5555fa03.3f01cc2a.5555fa04.2c37c5e2/?pc=https%3A%2F%2Ftravel.rakuten.co.jp%2FHOTEL%2F167313%2F167313.html&link_type=hybrid_url&ut=eyJwYWdlIjoiaXRlbSIsInR5cGUiOiJoeWJyaWRfdXJsIiwic2l6ZSI6IjEwMHgxMDAiLCJuYW0iOjEsIm5hbXAiOiJyaWdodCIsImNvbSI6MSwiY29tcCI6ImRvd24iLCJwcmljZSI6MCwiYm9yIjoxLCJjb2wiOjEsImJidG4iOjEsInByb2QiOjAsImFtcCI6ZmFsc2V9	sponsored
/travel-guide/hotels/brighton-tokyo-bay/	rakuten	https://hb.afl.rakuten.co.jp/hgc/5555fa03.3f01cc2a.5555fa04.2c37c5e2/?pc=https%3A%2F%2Ftravel.rakuten.co.jp%2FHOTEL%2F978%2F978.html&link_type=hybrid_url&ut=eyJwYWdlIjoiaXRlbSIsInR5cGUiOiJoeWJyaWRfdXJsIiwic2l6ZSI6IjEwMHgxMDAiLCJuYW0iOjEsIm5hbXAiOiJyaWdodCIsImNvbSI6MSwiY29tcCI6ImRvd24iLCJwcmljZSI6MCwiYm9yIjoxLCJjb2wiOjEsImJidG4iOjEsInByb2QiOjAsImFtcCI6ZmFsc2V9	sponsored
/travel-guide/hotels/celebration-discover/	rakuten	https://hb.afl.rakuten.co.jp/hgc/5555fa03.3f01cc2a.5555fa04.2c37c5e2/?pc=https%3A%2F%2Ftravel.rakuten.co.jp%2FHOTEL%2F151431%2F151431.html&link_type=hybrid_url&ut=eyJwYWdlIjoiaXRlbSIsInR5cGUiOiJoeWJyaWRfdXJsIiwic2l6ZSI6IjEwMHgxMDAiLCJuYW0iOjEsIm5hbXAiOiJyaWdodCIsImNvbSI6MSwiY29tcCI6ImRvd24iLCJwcmljZSI6MCwiYm9yIjoxLCJjb2wiOjEsImJidG4iOjEsInByb2QiOjAsImFtcCI6ZmFsc2V9	sponsored
/travel-guide/hotels/celebration-wish/	rakuten	https://hb.afl.rakuten.co.jp/hgc/5555fa03.3f01cc2a.5555fa04.2c37c5e2/?pc=https%3A%2F%2Ftravel.rakuten.co.jp%2FHOTEL%2F151431%2F151431.html&link_type=hybrid_url&ut=eyJwYWdlIjoiaXRlbSIsInR5cGUiOiJoeWJyaWRfdXJsIiwic2l6ZSI6IjEwMHgxMDAiLCJuYW0iOjEsIm5hbXAiOiJyaWdodCIsImNvbSI6MSwiY29tcCI6ImRvd24iLCJwcmljZSI6MCwiYm9yIjoxLCJjb2wiOjEsImJidG4iOjEsInByb2QiOjAsImFtcCI6ZmFsc2V9	sponsored
/travel-guide/hotels/comfort-suites-tokyo-bay/	rakuten	https://hb.afl.rakuten.co.jp/hgc/5555fa03.3f01cc2a.5555fa04.2c37c5e2/?pc=https%3A%2F%2Ftravel.rakuten.co.jp%2FHOTEL%2F165869%2F165869.html&link_type=hybrid_url&ut=eyJwYWdlIjoiaXRlbSIsInR5cGUiOiJoeWJyaWRfdXJsIiwic2l6ZSI6IjEwMHgxMDAiLCJuYW0iOjEsIm5hbXAiOiJyaWdodCIsImNvbSI6MSwiY29tcCI6ImRvd24iLCJwcmljZSI6MCwiYm9yIjoxLCJjb2wiOjEsImJidG4iOjEsInByb2QiOjAsImFtcCI6ZmFsc2V9	sponsored
/travel-guide/hotels/cvs-bay-hotel/	rakuten	https://hb.afl.rakuten.co.jp/hgc/5555fa03.3f01cc2a.5555fa04.2c37c5e2/?pc=https%3A%2F%2Ftravel.rakuten.co.jp%2FHOTEL%2F84838%2F84838.html&link_type=hybrid_url&ut=eyJwYWdlIjoiaXRlbSIsInR5cGUiOiJoeWJyaWRfdXJsIiwic2l6ZSI6IjEwMHgxMDAiLCJuYW0iOjEsIm5hbXAiOiJyaWdodCIsImNvbSI6MSwiY29tcCI6ImRvd24iLCJwcmljZSI6MCwiYm9yIjoxLCJjb2wiOjEsImJidG4iOjEsInByb2QiOjAsImFtcCI6ZmFsc2V9	sponsored
/travel-guide/hotels/dreamgate-maihama/	rakuten	https://hb.afl.rakuten.co.jp/hgc/5555fa03.3f01cc2a.5555fa04.2c37c5e2/?pc=https%3A%2F%2Ftravel.rakuten.co.jp%2FHOTEL%2F19901%2F19901.html&link_type=hybrid_url&ut=eyJwYWdlIjoiaXRlbSIsInR5cGUiOiJoeWJyaWRfdXJsIiwic2l6ZSI6IjEwMHgxMDAiLCJuYW0iOjEsIm5hbXAiOiJyaWdodCIsImNvbSI6MSwiY29tcCI6ImRvd24iLCJwcmljZSI6MCwiYm9yIjoxLCJjb2wiOjEsImJidG4iOjEsInByb2QiOjAsImFtcCI6ZmFsc2V9	sponsored
/travel-guide/hotels/emion-tokyo-bay/	rakuten	https://hb.afl.rakuten.co.jp/hgc/5555fa03.3f01cc2a.5555fa04.2c37c5e2/?pc=https%3A%2F%2Ftravel.rakuten.co.jp%2FHOTEL%2F38529%2F38529.html&link_type=hybrid_url&ut=eyJwYWdlIjoiaXRlbSIsInR5cGUiOiJoeWJyaWRfdXJsIiwic2l6ZSI6IjEwMHgxMDAiLCJuYW0iOjEsIm5hbXAiOiJyaWdodCIsImNvbSI6MSwiY29tcCI6ImRvd24iLCJwcmljZSI6MCwiYm9yIjoxLCJjb2wiOjEsImJidG4iOjEsInByb2QiOjAsImFtcCI6ZmFsc2V9	sponsored
/travel-guide/hotels/eurasia-annex/	rakuten	https://hb.afl.rakuten.co.jp/hgc/5555fa03.3f01cc2a.5555fa04.2c37c5e2/?pc=https%3A%2F%2Ftravel.rakuten.co.jp%2FHOTEL%2F172068%2F172068.html%3Fcid%3Dtr_af_1632&link_type=hybrid_url&ut=eyJwYWdlIjoiaXRlbSIsInR5cGUiOiJoeWJyaWRfdXJsIiwic2l6ZSI6IjEwMHgxMDAiLCJuYW0iOjEsIm5hbXAiOiJyaWdodCIsImNvbSI6MSwiY29tcCI6ImRvd24iLCJwcmljZSI6MCwiYm9yIjoxLCJjb2wiOjEsImJidG4iOjEsInByb2QiOjAsImFtcCI6ZmFsc2V9	sponsored
/travel-guide/hotels/fantasy-springs-hotel/	rakuten	https://hb.afl.rakuten.co.jp/hgc/5555fa03.3f01cc2a.5555fa04.2c37c5e2/?pc=https%3A%2F%2Ftravel.rakuten.co.jp%2FHOTEL%2F189000%2F189000.html&link_type=hybrid_url&ut=eyJwYWdlIjoiaXRlbSIsInR5cGUiOiJoeWJyaWRfdXJsIiwic2l6ZSI6IjEwMHgxMDAiLCJuYW0iOjEsIm5hbXAiOiJyaWdodCIsImNvbSI6MSwiY29tcCI6ImRvd24iLCJwcmljZSI6MCwiYm9yIjoxLCJjb2wiOjEsImJidG4iOjEsInByb2QiOjAsImFtcCI6ZmFsc2V9	sponsored
/travel-guide/hotels/flexstay-shin-urayasu/	rakuten	https://hb.afl.rakuten.co.jp/hgc/5555fa03.3f01cc2a.5555fa04.2c37c5e2/?pc=https%3A%2F%2Ftravel.rakuten.co.jp%2FHOTEL%2F30925%2F30925.html&link_type=hybrid_url&ut=eyJwYWdlIjoiaXRlbSIsInR5cGUiOiJoeWJyaWRfdXJsIiwic2l6ZSI6IjEwMHgxMDAiLCJuYW0iOjEsIm5hbXAiOiJyaWdodCIsImNvbSI6MSwiY29tcCI6ImRvd24iLCJwcmljZSI6MCwiYm9yIjoxLCJjb2wiOjEsImJidG4iOjEsInByb2QiOjAsImFtcCI6ZmFsc2V9	sponsored
/travel-guide/hotels/four-stories-hotel/	rakuten	https://hb.afl.rakuten.co.jp/hgc/5555fa03.3f01cc2a.5555fa04.2c37c5e2/?pc=https%3A%2F%2Ftravel.rakuten.co.jp%2FHOTEL%2F182605%2F182605.html&link_type=hybrid_url&ut=eyJwYWdlIjoiaXRlbSIsInR5cGUiOiJoeWJyaWRfdXJsIiwic2l6ZSI6IjEwMHgxMDAiLCJuYW0iOjEsIm5hbXAiOiJyaWdodCIsImNvbSI6MSwiY29tcCI6ImRvd24iLCJwcmljZSI6MCwiYm9yIjoxLCJjb2wiOjEsImJidG4iOjEsInByb2QiOjAsImFtcCI6ZmFsc2V9	sponsored
/travel-guide/hotels/grand-monday-resort-maihama/	rakuten	https://hb.afl.rakuten.co.jp/hgc/5555fa03.3f01cc2a.5555fa04.2c37c5e2/?pc=https%3A%2F%2Ftravel.rakuten.co.jp%2FHOTEL%2F201723%2F201723.html%3Fcid%3Dtr_af_1632&link_type=hybrid_url&ut=eyJwYWdlIjoiaXRlbSIsInR5cGUiOiJoeWJyaWRfdXJsIiwic2l6ZSI6IjEwMHgxMDAiLCJuYW0iOjEsIm5hbXAiOiJyaWdodCIsImNvbSI6MSwiY29tcCI6ImRvd24iLCJwcmljZSI6MCwiYm9yIjoxLCJjb2wiOjEsImJidG4iOjEsInByb2QiOjAsImFtcCI6ZmFsc2V9	sponsored
/travel-guide/hotels/grand-nikko-tokyo-bay/	rakuten	https://hb.afl.rakuten.co.jp/hgc/5555fa03.3f01cc2a.5555fa04.2c37c5e2/?pc=https%3A%2F%2Ftravel.rakuten.co.jp%2FHOTEL%2F179245%2F179245.html&link_type=hybrid_url&ut=eyJwYWdlIjoiaXRlbSIsInR5cGUiOiJoeWJyaWRfdXJsIiwic2l6ZSI6IjEwMHgxMDAiLCJuYW0iOjEsIm5hbXAiOiJyaWdodCIsImNvbSI6MSwiY29tcCI6ImRvd24iLCJwcmljZSI6MCwiYm9yIjoxLCJjb2wiOjEsImJidG4iOjEsInByb2QiOjAsImFtcCI6ZmFsc2V9	sponsored
/travel-guide/hotels/happy-entry/	travelpayouts	https://tp.media/r?marker=745385&trs=545197&p=4110&u=https%3A%2F%2Fwww.klook.com%2Fja%2Factivity%2F695-tokyo-disney-resort-1-day-pass-tokyo%2F&campaign_id=137	sponsored
/travel-guide/hotels/henna-hotel-maihama/	rakuten	https://hb.afl.rakuten.co.jp/hgc/5555fa03.3f01cc2a.5555fa04.2c37c5e2/?pc=https%3A%2F%2Ftravel.rakuten.co.jp%2FHOTEL%2F160670%2F160670.html&link_type=hybrid_url&ut=eyJwYWdlIjoiaXRlbSIsInR5cGUiOiJoeWJyaWRfdXJsIiwic2l6ZSI6IjEwMHgxMDAiLCJuYW0iOjEsIm5hbXAiOiJyaWdodCIsImNvbSI6MSwiY29tcCI6ImRvd24iLCJwcmljZSI6MCwiYm9yIjoxLCJjb2wiOjEsImJidG4iOjEsInByb2QiOjAsImFtcCI6ZmFsc2V9	sponsored
/travel-guide/hotels/hilton-tokyo-bay/	rakuten	https://hb.afl.rakuten.co.jp/hgc/5555fa03.3f01cc2a.5555fa04.2c37c5e2/?pc=https%3A%2F%2Ftravel.rakuten.co.jp%2FHOTEL%2F1405%2F1405.html&link_type=hybrid_url&ut=eyJwYWdlIjoiaXRlbSIsInR5cGUiOiJoeWJyaWRfdXJsIiwic2l6ZSI6IjEwMHgxMDAiLCJuYW0iOjEsIm5hbXAiOiJyaWdodCIsImNvbSI6MSwiY29tcCI6ImRvd24iLCJwcmljZSI6MCwiYm9yIjoxLCJjb2wiOjEsImJidG4iOjEsInByb2QiOjAsImFtcCI6ZmFsc2V9	sponsored
/travel-guide/hotels/hiyori-hotel-maihama/	rakuten	https://hb.afl.rakuten.co.jp/hgc/5555fa03.3f01cc2a.5555fa04.2c37c5e2/?pc=https%3A%2F%2Ftravel.rakuten.co.jp%2FHOTEL%2F161050%2F161050.html&link_type=hybrid_url&ut=eyJwYWdlIjoiaXRlbSIsInR5cGUiOiJoeWJyaWRfdXJsIiwic2l6ZSI6IjEwMHgxMDAiLCJuYW0iOjEsIm5hbXAiOiJyaWdodCIsImNvbSI6MSwiY29tcCI6ImRvd24iLCJwcmljZSI6MCwiYm9yIjoxLCJjb2wiOjEsImJidG4iOjEsInByb2QiOjAsImFtcCI6ZmFsc2V9	sponsored
/travel-guide/hotels/hoshinoresorts-1955-tokyo-bay/	rakuten	https://hb.afl.rakuten.co.jp/hgc/5555fa03.3f01cc2a.5555fa04.2c37c5e2/?pc=https%3A%2F%2Ftravel.rakuten.co.jp%2FHOTEL%2F188799%2F188799.html&link_type=hybrid_url&ut=eyJwYWdlIjoiaXRlbSIsInR5cGUiOiJoeWJyaWRfdXJsIiwic2l6ZSI6IjEwMHgxMDAiLCJuYW0iOjEsIm5hbXAiOiJyaWdodCIsImNvbSI6MSwiY29tcCI6ImRvd24iLCJwcmljZSI6MCwiYm9yIjoxLCJjb2wiOjEsImJidG4iOjEsInByb2QiOjAsImFtcCI6ZmFsc2V9	sponsored
/travel-guide/hotels/hotel-ilfiore-kasai-annex/	rakuten	https://hb.afl.rakuten.co.jp/hgc/5555fa03.3f01cc2a.5555fa04.2c37c5e2/?pc=https%3A%2F%2Ftravel.rakuten.co.jp%2FHOTEL%2F189226%2F189226.html%3Fcid%3Dtr_af_1632&link_type=hybrid_url&ut=eyJwYWdlIjoiaXRlbSIsInR5cGUiOiJoeWJyaWRfdXJsIiwic2l6ZSI6IjEwMHgxMDAiLCJuYW0iOjEsIm5hbXAiOiJyaWdodCIsImNvbSI6MSwiY29tcCI6ImRvd24iLCJwcmljZSI6MCwiYm9yIjoxLCJjb2wiOjEsImJidG4iOjEsInByb2QiOjAsImFtcCI6ZmFsc2V9	sponsored
/travel-guide/hotels/hotel-ilfiore-kasai/	rakuten	https://hb.afl.rakuten.co.jp/hgc/5555fa03.3f01cc2a.5555fa04.2c37c5e2/?pc=https%3A%2F%2Ftravel.rakuten.co.jp%2FHOTEL%2F165087%2F165087.html%3Fcid%3Dtr_af_1632&link_type=hybrid_url&ut=eyJwYWdlIjoiaXRlbSIsInR5cGUiOiJoeWJyaWRfdXJsIiwic2l6ZSI6IjEwMHgxMDAiLCJuYW0iOjEsIm5hbXAiOiJyaWdodCIsImNvbSI6MSwiY29tcCI6ImRvd24iLCJwcmljZSI6MSwiYm9yIjoxLCJjb2wiOjEsImJidG4iOjEsInByb2QiOjAsImFtcCI6ZmFsc2V9	sponsored
/travel-guide/hotels/hotel-lumiere-kasai/	rakuten	https://hb.afl.rakuten.co.jp/hgc/5555fa03.3f01cc2a.5555fa04.2c37c5e2/?pc=https%3A%2F%2Ftravel.rakuten.co.jp%2FHOTEL%2F20242%2F20242.html%3Fcid%3Dtr_af_1632&link_type=hybrid_url&ut=eyJwYWdlIjoiaXRlbSIsInR5cGUiOiJoeWJyaWRfdXJsIiwic2l6ZSI6IjEwMHgxMDAiLCJuYW0iOjEsIm5hbXAiOiJyaWdodCIsImNvbSI6MSwiY29tcCI6ImRvd24iLCJwcmljZSI6MCwiYm9yIjoxLCJjb2wiOjEsImJidG4iOjEsInByb2QiOjAsImFtcCI6ZmFsc2V9	sponsored
/travel-guide/hotels/hotel-okura-tokyo-bay/	rakuten	https://hb.afl.rakuten.co.jp/hgc/5555fa03.3f01cc2a.5555fa04.2c37c5e2/?pc=https%3A%2F%2Ftravel.rakuten.co.jp%2FHOTEL%2F1304%2F1304.html&link_type=hybrid_url&ut=eyJwYWdlIjoiaXRlbSIsInR5cGUiOiJoeWJyaWRfdXJsIiwic2l6ZSI6IjEwMHgxMDAiLCJuYW0iOjEsIm5hbXAiOiJyaWdodCIsImNvbSI6MSwiY29tcCI6ImRvd24iLCJwcmljZSI6MSwiYm9yIjoxLCJjb2wiOjEsImJidG4iOjEsInByb2QiOjAsImFtcCI6ZmFsc2V9	sponsored
/travel-guide/hotels/hotel-seaside-edogawa/	rakuten	https://hb.afl.rakuten.co.jp/hgc/5555fa03.3f01cc2a.5555fa04.2c37c5e2/?pc=https%3A%2F%2Ftravel.rakuten.co.jp%2FHOTEL%2F129892%2F129892.html%3Fcid%3Dtr_af_1632&link_type=hybrid_url&ut=eyJwYWdlIjoiaXRlbSIsInR5cGUiOiJoeWJyaWRfdXJsIiwic2l6ZSI6IjEwMHgxMDAiLCJuYW0iOjEsIm5hbXAiOiJyaWdodCIsImNvbSI6MSwiY29tcCI6ImRvd24iLCJwcmljZSI6MCwiYm9yIjoxLCJjb2wiOjEsImJidG4iOjEsInByb2QiOjAsImFtcCI6ZmFsc2V9	sponsored
/travel-guide/hotels/hyatt-regency-tokyo-bay/	rakuten	https://hb.afl.rakuten.co.jp/hgc/5555fa03.3f01cc2a.5555fa04.2c37c5e2/?pc=https%3A%2F%2Ftravel.rakuten.co.jp%2FHOTEL%2F172919%2F172919.html&link_type=hybrid_url&ut=eyJwYWdlIjoiaXRlbSIsInR5cGUiOiJoeWJyaWRfdXJsIiwic2l6ZSI6IjEwMHgxMDAiLCJuYW0iOjEsIm5hbXAiOiJyaWdodCIsImNvbSI6MSwiY29tcCI6ImRvd24iLCJwcmljZSI6MCwiYm9yIjoxLCJjb2wiOjEsImJidG4iOjEsInByb2QiOjAsImFtcCI6ZmFsc2V9	sponsored
/travel-guide/hotels/ibis-styles-tokyo-bay/	rakuten	https://hb.afl.rakuten.co.jp/hgc/5555fa03.3f01cc2a.5555fa04.2c37c5e2/?pc=https%3A%2F%2Ftravel.rakuten.co.jp%2FHOTEL%2F167677%2F167677.html&link_type=hybrid_url&ut=eyJwYWdlIjoiaXRlbSIsInR5cGUiOiJoeWJyaWRfdXJsIiwic2l6ZSI6IjEwMHgxMDAiLCJuYW0iOjEsIm5hbXAiOiJyaWdodCIsImNvbSI6MSwiY29tcCI6ImRvd24iLCJwcmljZSI6MCwiYm9yIjoxLCJjb2wiOjEsImJidG4iOjEsInByb2QiOjAsImFtcCI6ZmFsc2V9	sponsored
/travel-guide/hotels/lagent-tokyo-bay/	rakuten	https://hb.afl.rakuten.co.jp/hgc/5555fa03.3f01cc2a.5555fa04.2c37c5e2/?pc=https%3A%2F%2Ftravel.rakuten.co.jp%2FHOTEL%2F158612%2F158612.html&link_type=hybrid_url&ut=eyJwYWdlIjoiaXRlbSIsInR5cGUiOiJoeWJyaWRfdXJsIiwic2l6ZSI6IjEwMHgxMDAiLCJuYW0iOjEsIm5hbXAiOiJyaWdodCIsImNvbSI6MSwiY29tcCI6ImRvd24iLCJwcmljZSI6MCwiYm9yIjoxLCJjb2wiOjEsImJidG4iOjEsInByb2QiOjAsImFtcCI6ZmFsc2V9	sponsored
/travel-guide/hotels/livemax-kasai-ekimae/	rakuten	https://hb.afl.rakuten.co.jp/hgc/5555fa03.3f01cc2a.5555fa04.2c37c5e2/?pc=https%3A%2F%2Ftravel.rakuten.co.jp%2FHOTEL%2F153534%2F153534.html%3Fcid%3Dtr_af_1632&link_type=hybrid_url&ut=eyJwYWdlIjoiaXRlbSIsInR5cGUiOiJoeWJyaWRfdXJsIiwic2l6ZSI6IjEwMHgxMDAiLCJuYW0iOjEsIm5hbXAiOiJyaWdodCIsImNvbSI6MSwiY29tcCI6ImRvd24iLCJwcmljZSI6MCwiYm9yIjoxLCJjb2wiOjEsImJidG4iOjEsInByb2QiOjAsImFtcCI6ZmFsc2V9	sponsored
/travel-guide/hotels/maihama-eurasia/	rakuten	https://hb.afl.rakuten.co.jp/hgc/5555fa03.3f01cc2a.5555fa04.2c37c5e2/?pc=https%3A%2F%2Ftravel.rakuten.co.jp%2FHOTEL%2F67868%2F67868.html&link_type=hybrid_url&ut=eyJwYWdlIjoiaXRlbSIsInR5cGUiOiJoeWJyaWRfdXJsIiwic2l6ZSI6IjEwMHgxMDAiLCJuYW0iOjEsIm5hbXAiOiJyaWdodCIsImNvbSI6MSwiY29tcCI6ImRvd24iLCJwcmljZSI6MCwiYm9yIjoxLCJjb2wiOjEsImJidG4iOjEsInByb2QiOjAsImFtcCI6ZmFsc2V9	sponsored
/travel-guide/hotels/maihama-hotel-first-resort/	rakuten	https://hb.afl.rakuten.co.jp/hgc/5555fa03.3f01cc2a.5555fa04.2c37c5e2/?pc=https%3A%2F%2Ftravel.rakuten.co.jp%2FHOTEL%2F27929%2F27929.html&link_type=hybrid_url&ut=eyJwYWdlIjoiaXRlbSIsInR5cGUiOiJoeWJyaWRfdXJsIiwic2l6ZSI6IjEwMHgxMDAiLCJuYW0iOjEsIm5hbXAiOiJyaWdodCIsImNvbSI6MSwiY29tcCI6ImRvd24iLCJwcmljZSI6MCwiYm9yIjoxLCJjb2wiOjEsImJidG4iOjEsInByb2QiOjAsImFtcCI6ZmFsc2V9	sponsored
/travel-guide/hotels/maihama-view-hotel/	rakuten	https://hb.afl.rakuten.co.jp/hgc/5555fa03.3f01cc2a.5555fa04.2c37c5e2/?pc=https%3A%2F%2Ftravel.rakuten.co.jp%2FHOTEL%2F54127%2F54127.html&link_type=hybrid_url&ut=eyJwYWdlIjoiaXRlbSIsInR5cGUiOiJoeWJyaWRfdXJsIiwic2l6ZSI6IjEwMHgxMDAiLCJuYW0iOjEsIm5hbXAiOiJyaWdodCIsImNvbSI6MSwiY29tcCI6ImRvd24iLCJwcmljZSI6MCwiYm9yIjoxLCJjb2wiOjEsImJidG4iOjEsInByb2QiOjAsImFtcCI6ZmFsc2V9	sponsored
/travel-guide/hotels/miracosta/	rakuten	https://hb.afl.rakuten.co.jp/hgc/5555fa03.3f01cc2a.5555fa04.2c37c5e2/?pc=https%3A%2F%2Ftravel.rakuten.co.jp%2FHOTEL%2F74733%2F74733.html&link_type=hybrid_url&ut=eyJwYWdlIjoiaXRlbSIsInR5cGUiOiJoeWJyaWRfdXJsIiwic2l6ZSI6IjEwMHgxMDAiLCJuYW0iOjEsIm5hbXAiOiJyaWdodCIsImNvbSI6MSwiY29tcCI6ImRvd24iLCJwcmljZSI6MCwiYm9yIjoxLCJjb2wiOjEsImJidG4iOjEsInByb2QiOjAsImFtcCI6ZmFsc2V9	sponsored
/travel-guide/hotels/mitsui-garden-prana/	rakuten	https://hb.afl.rakuten.co.jp/hgc/5555fa03.3f01cc2a.5555fa04.2c37c5e2/?pc=https%3A%2F%2Ftravel.rakuten.co.jp%2FHOTEL%2F67046%2F67046.html&link_type=hybrid_url&ut=eyJwYWdlIjoiaXRlbSIsInR5cGUiOiJoeWJyaWRfdXJsIiwic2l6ZSI6IjEwMHgxMDAiLCJuYW0iOjEsIm5hbXAiOiJyaWdodCIsImNvbSI6MSwiY29tcCI6ImRvd24iLCJwcmljZSI6MCwiYm9yIjoxLCJjb2wiOjEsImJidG4iOjEsInByb2QiOjAsImFtcCI6ZmFsc2V9	sponsored
/travel-guide/hotels/mystays-maihama/	rakuten	https://hb.afl.rakuten.co.jp/hgc/5555fa03.3f01cc2a.5555fa04.2c37c5e2/?pc=https%3A%2F%2Ftravel.rakuten.co.jp%2FHOTEL%2F39203%2F39203.html&link_type=hybrid_url&ut=eyJwYWdlIjoiaXRlbSIsInR5cGUiOiJoeWJyaWRfdXJsIiwic2l6ZSI6IjEwMHgxMDAiLCJuYW0iOjEsIm5hbXAiOiJyaWdodCIsImNvbSI6MSwiY29tcCI6ImRvd24iLCJwcmljZSI6MCwiYm9yIjoxLCJjb2wiOjEsImJidG4iOjEsInByb2QiOjAsImFtcCI6ZmFsc2V9	sponsored
/travel-guide/hotels/mystays-shin-urayasu/	rakuten	https://hb.afl.rakuten.co.jp/hgc/5555fa03.3f01cc2a.5555fa04.2c37c5e2/?pc=https%3A%2F%2Ftravel.rakuten.co.jp%2FHOTEL%2F76849%2F76849.html&link_type=hybrid_url&ut=eyJwYWdlIjoiaXRlbSIsInR5cGUiOiJoeWJyaWRfdXJsIiwic2l6ZSI6IjEwMHgxMDAiLCJuYW0iOjEsIm5hbXAiOiJyaWdodCIsImNvbSI6MSwiY29tcCI6ImRvd24iLCJwcmljZSI6MCwiYm9yIjoxLCJjb2wiOjEsImJidG4iOjEsInByb2QiOjAsImFtcCI6ZmFsc2V9	sponsored
/travel-guide/hotels/oriental-tokyo-bay/	rakuten	https://hb.afl.rakuten.co.jp/hgc/5555fa03.3f01cc2a.5555fa04.2c37c5e2/?pc=https%3A%2F%2Ftravel.rakuten.co.jp%2FHOTEL%2F1238%2F1238.html&link_type=hybrid_url&ut=eyJwYWdlIjoiaXRlbSIsInR5cGUiOiJoeWJyaWRfdXJsIiwic2l6ZSI6IjEwMHgxMDAiLCJuYW0iOjEsIm5hbXAiOiJyaWdodCIsImNvbSI6MSwiY29tcCI6ImRvd24iLCJwcmljZSI6MSwiYm9yIjoxLCJjb2wiOjEsImJidG4iOjEsInByb2QiOjAsImFtcCI6ZmFsc2V9	sponsored
/travel-guide/hotels/royal-park-maihama/	rakuten	https://hb.afl.rakuten.co.jp/hgc/5555fa03.3f01cc2a.5555fa04.2c37c5e2/?pc=https%3A%2F%2Ftravel.rakuten.co.jp%2FHOTEL%2F196513%2F196513.html&link_type=hybrid_url&ut=eyJwYWdlIjoiaXRlbSIsInR5cGUiOiJoeWJyaWRfdXJsIiwic2l6ZSI6IjEwMHgxMDAiLCJuYW0iOjEsIm5hbXAiOiJyaWdodCIsImNvbSI6MSwiY29tcCI6ImRvd24iLCJwcmljZSI6MCwiYm9yIjoxLCJjb2wiOjEsImJidG4iOjEsInByb2QiOjAsImFtcCI6ZmFsc2V9	sponsored
/travel-guide/hotels/sheraton-grande-tokyo-bay/	rakuten	https://hb.afl.rakuten.co.jp/hgc/5555fa03.3f01cc2a.5555fa04.2c37c5e2/?pc=https%3A%2F%2Ftravel.rakuten.co.jp%2FHOTEL%2F27896%2F27896.html&link_type=hybrid_url&ut=eyJwYWdlIjoiaXRlbSIsInR5cGUiOiJoeWJyaWRfdXJsIiwic2l6ZSI6IjEwMHgxMDAiLCJuYW0iOjEsIm5hbXAiOiJyaWdodCIsImNvbSI6MSwiY29tcCI6ImRvd24iLCJwcmljZSI6MCwiYm9yIjoxLCJjb2wiOjEsImJidG4iOjEsInByb2QiOjAsImFtcCI6ZmFsc2V9	sponsored
/travel-guide/hotels/superhotel-myoden/	rakuten	https://hb.afl.rakuten.co.jp/hgc/5555fa03.3f01cc2a.5555fa04.2c37c5e2/?pc=https%3A%2F%2Ftravel.rakuten.co.jp%2FHOTEL%2F40250%2F40250.html&link_type=hybrid_url&ut=eyJwYWdlIjoiaXRlbSIsInR5cGUiOiJoeWJyaWRfdXJsIiwic2l6ZSI6IjEwMHgxMDAiLCJuYW0iOjEsIm5hbXAiOiJyaWdodCIsImNvbSI6MSwiY29tcCI6ImRvd24iLCJwcmljZSI6MCwiYm9yIjoxLCJjb2wiOjEsImJidG4iOjEsInByb2QiOjAsImFtcCI6ZmFsc2V9	sponsored
/travel-guide/hotels/tdl-hotel/	rakuten	https://hb.afl.rakuten.co.jp/hgc/5555fa03.3f01cc2a.5555fa04.2c37c5e2/?pc=https%3A%2F%2Ftravel.rakuten.co.jp%2FHOTEL%2F74732%2F74732.html&link_type=hybrid_url&ut=eyJwYWdlIjoiaXRlbSIsInR5cGUiOiJoeWJyaWRfdXJsIiwic2l6ZSI6IjEwMHgxMDAiLCJuYW0iOjEsIm5hbXAiOiJyaWdodCIsImNvbSI6MSwiY29tcCI6ImRvd24iLCJwcmljZSI6MCwiYm9yIjoxLCJjb2wiOjEsImJidG4iOjEsInByb2QiOjAsImFtcCI6ZmFsc2V9	sponsored
/travel-guide/hotels/toy-story-hotel/	rakuten	https://hb.afl.rakuten.co.jp/hgc/5555fa03.3f01cc2a.5555fa04.2c37c5e2/?pc=https%3A%2F%2Ftravel.rakuten.co.jp%2FHOTEL%2F183493%2F183493.html&link_type=hybrid_url&ut=eyJwYWdlIjoiaXRlbSIsInR5cGUiOiJoeWJyaWRfdXJsIiwic2l6ZSI6IjEwMHgxMDAiLCJuYW0iOjEsIm5hbXAiOiJyaWdodCIsImNvbSI6MSwiY29tcCI6ImRvd24iLCJwcmljZSI6MCwiYm9yIjoxLCJjb2wiOjEsImJidG4iOjEsInByb2QiOjAsImFtcCI6ZmFsc2V9	sponsored
/travel-guide/hotels/urayasu-sun-hotel/	rakuten	https://hb.afl.rakuten.co.jp/hgc/5555fa03.3f01cc2a.5555fa04.2c37c5e2/?pc=https%3A%2F%2Ftravel.rakuten.co.jp%2FHOTEL%2F143299%2F143299.html&link_type=hybrid_url&ut=eyJwYWdlIjoiaXRlbSIsInR5cGUiOiJoeWJyaWRfdXJsIiwic2l6ZSI6IjEwMHgxMDAiLCJuYW0iOjEsIm5hbXAiOiJyaWdodCIsImNvbSI6MSwiY29tcCI6ImRvd24iLCJwcmljZSI6MCwiYm9yIjoxLCJjb2wiOjEsImJidG4iOjEsInByb2QiOjAsImFtcCI6ZmFsc2V9	sponsored
/travel-guide/hotels/viewfort-urayasu/	rakuten	https://hb.afl.rakuten.co.jp/hgc/5555fa03.3f01cc2a.5555fa04.2c37c5e2/?pc=https%3A%2F%2Ftravel.rakuten.co.jp%2FHOTEL%2F1199%2F1199.html&link_type=hybrid_url&ut=eyJwYWdlIjoiaXRlbSIsInR5cGUiOiJoeWJyaWRfdXJsIiwic2l6ZSI6IjEwMHgxMDAiLCJuYW0iOjEsIm5hbXAiOiJyaWdodCIsImNvbSI6MSwiY29tcCI6ImRvd24iLCJwcmljZSI6MCwiYm9yIjoxLCJjb2wiOjEsImJidG4iOjEsInByb2QiOjAsImFtcCI6ZmFsc2V9	sponsored
/travel-guide/kasai-rinkai-park/	asoview	https://www.asoview.com/item/ticket/ticket0000049223/	
/travel-guide/maihama-eurasia-spa/	asoview	https://www.asoview.com/base/150636/	
/travel-guide/maihama-halloween/	jalan	https://www.jalan.net/yad312544/topics/	
/travel-guide/teamlab-planets/	asoview	https://www.asoview.com/brand/teamlabplanets/	sponsored
/travel-guide/urayasu-maihama-access-guide/	a8	https://px.a8.net/svt/ejp?a8mat=4B7XX3+3WIBJM+3NAY+65U42	sponsored
/zh-tw/travel-guide/disney-tickets/	travelpayouts	https://tp.media/r?marker=745385&trs=545197&p=4110&u=https%3A%2F%2Fwww.klook.com%2Fzh-TW%2Factivity%2F695-tokyo-disney-resort-1-day-pass-tokyo%2F&campaign_id=137	sponsored
/zh-tw/travel-guide/disney-tickets/	travelpayouts	https://tp.media/r?marker=745385&trs=545197&p=9074&u=https%3A%2F%2Fwww.kkday.com%2Fzh-tw%2Fproduct%2F19252&campaign_id=633	sponsored
/zh-tw/travel-guide/disney-tickets/	trip	https://www.trip.com/things-to-do/detail/44938465/?Allianceid=8989807&SID=322202616&trip_sub1=tdr_zh-tw&trip_sub3=D20075309	sponsored
/zh-tw/travel-guide/hotels/ambassador-hotel/	agoda	https://www.agoda.com/zh-tw/disney-ambassador-r-hotel-h9074803/hotel/tokyo-jp.html	sponsored
/zh-tw/travel-guide/hotels/ambassador-hotel/	booking	https://www.booking.com/searchresults.html?ss=Disney+Ambassador+Hotel&selected_currency=TWD	sponsored
/zh-tw/travel-guide/hotels/ambassador-hotel/	trip	https://tw.trip.com/hotels/urayasu-hotel-detail-2125682/disney-ambassador-hotel/?curr=TWD&Allianceid=8989807&SID=322202616&trip_sub1=hotel_zh-tw&trip_sub3=D20075309	sponsored
/zh-tw/travel-guide/hotels/bayhotel-urayasu/	agoda	https://www.agoda.com/zh-tw/bay-hotel-urayasu-ekimae/hotel/tokyo-jp.html	sponsored
/zh-tw/travel-guide/hotels/bayhotel-urayasu/	booking	https://www.booking.com/searchresults.html?ss=BAY+HOTEL+Urayasu-ekimae&selected_currency=TWD	sponsored
/zh-tw/travel-guide/hotels/bayhotel-urayasu/	trip	https://tw.trip.com/hotels/urayasu-hotel-detail-17900799/bay-hotel-urayasu/?curr=TWD&Allianceid=8989807&SID=322202616&trip_sub1=hotel_zh-tw&trip_sub3=D20075309	sponsored
/zh-tw/travel-guide/hotels/brighton-tokyo-bay/	agoda	https://www.agoda.com/zh-tw/urayasu-brighton-hotel-tokyo-bay_2/hotel/tokyo-jp.html	sponsored
/zh-tw/travel-guide/hotels/brighton-tokyo-bay/	booking	https://www.booking.com/searchresults.html?ss=Urayasu+Brighton+Hotel+Tokyo+Bay&selected_currency=TWD	sponsored
/zh-tw/travel-guide/hotels/brighton-tokyo-bay/	trip	https://tw.trip.com/hotels/urayasu-hotel-detail-1678833/urayasu-brighton-hotel-tokyo-bay/?curr=TWD&Allianceid=8989807&SID=322202616&trip_sub1=hotel_zh-tw&trip_sub3=D20075309	sponsored
/zh-tw/travel-guide/hotels/celebration-discover/	agoda	https://www.agoda.com/zh-tw/tokyo-disney-celebration-hotel-r/hotel/hatoyama-machi-jp.html	sponsored
/zh-tw/travel-guide/hotels/celebration-discover/	booking	https://www.booking.com/searchresults.html?ss=Tokyo+Disney+Celebration+Hotel%3A+Discover&selected_currency=TWD	sponsored
/zh-tw/travel-guide/hotels/celebration-discover/	trip	https://tw.trip.com/hotels/urayasu-hotel-detail-7254448/tokyo-disney-celebration-hotel/?curr=TWD&Allianceid=8989807&SID=322202616&trip_sub1=hotel_zh-tw&trip_sub3=D20075309	sponsored
/zh-tw/travel-guide/hotels/celebration-wish/	agoda	https://www.agoda.com/zh-tw/tokyo-disney-celebration-hotel-r/hotel/hatoyama-machi-jp.html	sponsored
/zh-tw/travel-guide/hotels/celebration-wish/	booking	https://www.booking.com/searchresults.html?ss=Tokyo+Disney+Celebration+Hotel%3A+Wish&selected_currency=TWD	sponsored
/zh-tw/travel-guide/hotels/celebration-wish/	trip	https://tw.trip.com/hotels/urayasu-hotel-detail-7254448/tokyo-disney-celebration-hotel/?curr=TWD&Allianceid=8989807&SID=322202616&trip_sub1=hotel_zh-tw&trip_sub3=D20075309	sponsored
/zh-tw/travel-guide/hotels/comfort-suites-tokyo-bay/	agoda	https://www.agoda.com/zh-tw/comfort-suites-tokyo-bay_5/hotel/tokyo-jp.html	sponsored
/zh-tw/travel-guide/hotels/comfort-suites-tokyo-bay/	booking	https://www.booking.com/searchresults.html?ss=Comfort+Suites+Tokyo+Bay&selected_currency=TWD	sponsored
/zh-tw/travel-guide/hotels/comfort-suites-tokyo-bay/	trip	https://tw.trip.com/hotels/urayasu-hotel-detail-21827353/comfort-suites-tokyo-bay/?curr=TWD&Allianceid=8989807&SID=322202616&trip_sub1=hotel_zh-tw&trip_sub3=D20075309	sponsored
/zh-tw/travel-guide/hotels/cvs-bay-hotel/	agoda	https://www.agoda.com/zh-tw/cvs-bay-hotel_3/hotel/tokyo-jp.html	sponsored
/zh-tw/travel-guide/hotels/cvs-bay-hotel/	booking	https://www.booking.com/searchresults.html?ss=CVS+BAY+HOTEL&selected_currency=TWD	sponsored
/zh-tw/travel-guide/hotels/cvs-bay-hotel/	trip	https://tw.trip.com/hotels/ichikawa-hotel-detail-8406302/cvsbay-hotel-main-buildingbay-tower/?curr=TWD&Allianceid=8989807&SID=322202616&trip_sub1=hotel_zh-tw&trip_sub3=D20075309	sponsored
/zh-tw/travel-guide/hotels/dreamgate-maihama/	agoda	https://www.agoda.com/zh-tw/hotel-dream-gate-maihama/hotel/tokyo-jp.html	sponsored
/zh-tw/travel-guide/hotels/dreamgate-maihama/	booking	https://www.booking.com/searchresults.html?ss=Hotel+Dream+Gate+Maihama&selected_currency=TWD	sponsored
/zh-tw/travel-guide/hotels/dreamgate-maihama/	trip	https://tw.trip.com/hotels/urayasu-hotel-detail-6994388/hotel-dream-gate-maihama/?curr=TWD&Allianceid=8989807&SID=322202616&trip_sub1=hotel_zh-tw&trip_sub3=D20075309	sponsored
/zh-tw/travel-guide/hotels/emion-tokyo-bay/	agoda	https://www.agoda.com/zh-tw/hotel-emion-tokyo-bay_5/hotel/tokyo-jp.html	sponsored
/zh-tw/travel-guide/hotels/emion-tokyo-bay/	booking	https://www.booking.com/searchresults.html?ss=Hotel+Emion+Tokyo+Bay&selected_currency=TWD	sponsored
/zh-tw/travel-guide/hotels/emion-tokyo-bay/	trip	https://tw.trip.com/hotels/urayasu-hotel-detail-1497512/hotel-emion-tokyo-bay/?curr=TWD&Allianceid=8989807&SID=322202616&trip_sub1=hotel_zh-tw&trip_sub3=D20075309	sponsored
/zh-tw/travel-guide/hotels/eurasia-annex/	agoda	https://www.agoda.com/zh-tw/hotel-eurasia-maihama-annex-h10152921/hotel/tokyo-jp.html	sponsored
/zh-tw/travel-guide/hotels/eurasia-annex/	booking	https://www.booking.com/searchresults.html?ss=Hotel+Eurasia+Maihama+Annex&selected_currency=TWD	sponsored
/zh-tw/travel-guide/hotels/eurasia-annex/	trip	https://tw.trip.com/hotels/urayasu-hotel-detail-26593607/hotel-eurasia-maihama-annex/?curr=TWD&Allianceid=8989807&SID=322202616&trip_sub1=hotel_zh-tw&trip_sub3=D20075309	sponsored
/zh-tw/travel-guide/hotels/fantasy-springs-hotel/	agoda	https://www.agoda.com/zh-tw/tokyo-disneysea-fantasy-springs-hotel-h51521440/hotel/tokyo-jp.html	sponsored
/zh-tw/travel-guide/hotels/fantasy-springs-hotel/	booking	https://www.booking.com/searchresults.html?ss=Tokyo+DisneySea+Fantasy+Springs+Hotel&selected_currency=TWD	sponsored
/zh-tw/travel-guide/hotels/fantasy-springs-hotel/	trip	https://tw.trip.com/hotels/urayasu-hotel-detail-129182749/tokyo-disneysea-fantasy-springs-hotel/?curr=TWD&Allianceid=8989807&SID=322202616&trip_sub1=hotel_zh-tw&trip_sub3=D20075309	sponsored
/zh-tw/travel-guide/hotels/flexstay-shin-urayasu/	agoda	https://www.agoda.com/zh-tw/flexstay-inn-shin-urayasu/hotel/tokyo-jp.html	sponsored
/zh-tw/travel-guide/hotels/flexstay-shin-urayasu/	booking	https://www.booking.com/searchresults.html?ss=FLEXSTAY+INN+Shin+Urayasu&selected_currency=TWD	sponsored
/zh-tw/travel-guide/hotels/flexstay-shin-urayasu/	trip	https://tw.trip.com/hotels/urayasu-hotel-detail-2510519/flexstay-inn-shinurayasu/?curr=TWD&Allianceid=8989807&SID=322202616&trip_sub1=hotel_zh-tw&trip_sub3=D20075309	sponsored
/zh-tw/travel-guide/hotels/four-stories-hotel/	agoda	https://www.agoda.com/zh-tw/four-stories-hotel/hotel/tokyo-jp.html	sponsored
/zh-tw/travel-guide/hotels/four-stories-hotel/	booking	https://www.booking.com/searchresults.html?ss=Four+Stories+Hotel+Maihama+Tokyo+Bay&selected_currency=TWD	sponsored
/zh-tw/travel-guide/hotels/four-stories-hotel/	trip	https://tw.trip.com/hotels/urayasu-hotel-detail-76220327/fourstorieshotel-maihama-tokyo-bay/?curr=TWD&Allianceid=8989807&SID=322202616&trip_sub1=hotel_zh-tw&trip_sub3=D20075309	sponsored
/zh-tw/travel-guide/hotels/grand-monday-resort-maihama/	agoda	https://www.agoda.com/zh-tw/monday-resort-tokyo-bay-maihama/hotel/tokyo-jp.html	sponsored
/zh-tw/travel-guide/hotels/grand-monday-resort-maihama/	booking	https://www.booking.com/searchresults.html?ss=GRAND+MONday+Resort+Tokyo+Bay+Maihama&selected_currency=TWD	sponsored
/zh-tw/travel-guide/hotels/grand-monday-resort-maihama/	trip	https://tw.trip.com/hotels/urayasu-hotel-detail-134295537/grand-monday-resort-tokyo-bay-maihama/?curr=TWD&Allianceid=8989807&SID=322202616&trip_sub1=hotel_zh-tw&trip_sub3=D20075309	sponsored
/zh-tw/travel-guide/hotels/grand-nikko-tokyo-bay/	agoda	https://www.agoda.com/zh-tw/grand-nikko-tokyo-bay-maihama/hotel/tokyo-jp.html	sponsored
/zh-tw/travel-guide/hotels/grand-nikko-tokyo-bay/	booking	https://www.booking.com/searchresults.html?ss=Grand+Nikko+Tokyo+Bay+Maihama&selected_currency=TWD	sponsored
/zh-tw/travel-guide/hotels/grand-nikko-tokyo-bay/	trip	https://tw.trip.com/hotels/urayasu-hotel-detail-60644549/grand-nikko-tokyo-bay-maihama/?curr=TWD&Allianceid=8989807&SID=322202616&trip_sub1=hotel_zh-tw&trip_sub3=D20075309	sponsored
/zh-tw/travel-guide/hotels/happy-entry/	travelpayouts	https://tp.media/r?marker=745385&trs=545197&p=4110&u=https%3A%2F%2Fwww.klook.com%2Fzh-TW%2Factivity%2F695-tokyo-disney-resort-1-day-pass-tokyo%2F&campaign_id=137	sponsored
/zh-tw/travel-guide/hotels/happy-entry/	travelpayouts	https://tp.media/r?marker=745385&trs=545197&p=9074&u=https%3A%2F%2Fwww.kkday.com%2Fzh-tw%2Fproduct%2F19252&campaign_id=633	sponsored
/zh-tw/travel-guide/hotels/henna-hotel-maihama/	agoda	https://www.agoda.com/zh-tw/henn-na-hotel-maihama-tokyo-bay_2/hotel/tokyo-jp.html	sponsored
/zh-tw/travel-guide/hotels/henna-hotel-maihama/	booking	https://www.booking.com/searchresults.html?ss=Henn+na+Hotel+Maihama+Tokyo+Bay&selected_currency=TWD	sponsored
/zh-tw/travel-guide/hotels/henna-hotel-maihama/	trip	https://tw.trip.com/hotels/urayasu-hotel-detail-7004012/henn-na-hotel-maihama-tokyo-bay/?curr=TWD&Allianceid=8989807&SID=322202616&trip_sub1=hotel_zh-tw&trip_sub3=D20075309	sponsored
/zh-tw/travel-guide/hotels/hilton-tokyo-bay/	agoda	https://www.agoda.com/zh-tw/hilton-tokyo-bay/hotel/tokyo-jp.html	sponsored
/zh-tw/travel-guide/hotels/hilton-tokyo-bay/	booking	https://www.booking.com/searchresults.html?ss=Hilton+Tokyo+Bay&selected_currency=TWD	sponsored
/zh-tw/travel-guide/hotels/hilton-tokyo-bay/	trip	https://tw.trip.com/hotels/urayasu-hotel-detail-926340/hilton-tokyo-bay/?curr=TWD&Allianceid=8989807&SID=322202616&trip_sub1=hotel_zh-tw&trip_sub3=D20075309	sponsored
/zh-tw/travel-guide/hotels/hiyori-hotel-maihama/	agoda	https://www.agoda.com/zh-tw/hiyori-hotel-maihama/hotel/tokyo-jp.html	sponsored
/zh-tw/travel-guide/hotels/hiyori-hotel-maihama/	booking	https://www.booking.com/searchresults.html?ss=HIYORI+HOTEL+Maihama&selected_currency=TWD	sponsored
/zh-tw/travel-guide/hotels/hiyori-hotel-maihama/	trip	https://tw.trip.com/hotels/urayasu-hotel-detail-7599696/hiyori-hotel-maihama/?curr=TWD&Allianceid=8989807&SID=322202616&trip_sub1=hotel_zh-tw&trip_sub3=D20075309	sponsored
/zh-tw/travel-guide/hotels/hoshinoresorts-1955-tokyo-bay/	agoda	https://www.agoda.com/zh-tw/hoshino-resorts-1955-tokyo-bay-h15526600/hotel/tokyo-jp.html	sponsored
/zh-tw/travel-guide/hotels/hoshinoresorts-1955-tokyo-bay/	booking	https://www.booking.com/searchresults.html?ss=1955+Tokyo+Bay+by+Hoshino+Resorts&selected_currency=TWD	sponsored
/zh-tw/travel-guide/hotels/hoshinoresorts-1955-tokyo-bay/	trip	https://tw.trip.com/hotels/urayasu-hotel-detail-119991959/hoshino-resorts-1955-tokyo-bay/?curr=TWD&Allianceid=8989807&SID=322202616&trip_sub1=hotel_zh-tw&trip_sub3=D20075309	sponsored
/zh-tw/travel-guide/hotels/hotel-daigo-urayasu/	booking	https://www.booking.com/searchresults.html?ss=Hotel+Daigo&selected_currency=TWD	sponsored
/zh-tw/travel-guide/hotels/hotel-daigo-urayasu/	trip	https://tw.trip.com/hotels/list?cityName=Tokyo&keyword=Hotel+Daigo&curr=TWD&Allianceid=8989807&SID=322202616&trip_sub1=hotel_zh-tw&trip_sub3=D20075309	sponsored
/zh-tw/travel-guide/hotels/hotel-ilfiore-kasai-annex/	agoda	https://www.agoda.com/zh-tw/pearl-hotel-kasai_2/hotel/tokyo-jp.html	sponsored
/zh-tw/travel-guide/hotels/hotel-ilfiore-kasai-annex/	booking	https://www.booking.com/searchresults.html?ss=Hotel+Il+Fiore+Kasai+ANNEX&selected_currency=TWD	sponsored
/zh-tw/travel-guide/hotels/hotel-ilfiore-kasai-annex/	trip	https://tw.trip.com/hotels/tokyo-hotel-detail-686576/hotel-il-fiore-kasai-annex/?curr=TWD&Allianceid=8989807&SID=322202616&trip_sub1=hotel_zh-tw&trip_sub3=D20075309	sponsored
/zh-tw/travel-guide/hotels/hotel-ilfiore-kasai/	agoda	https://www.agoda.com/zh-tw/hotel-il-fiore-kasai/hotel/tokyo-jp.html	sponsored
/zh-tw/travel-guide/hotels/hotel-ilfiore-kasai/	booking	https://www.booking.com/searchresults.html?ss=Hotel+Il+Fiore+Kasai&selected_currency=TWD	sponsored
/zh-tw/travel-guide/hotels/hotel-ilfiore-kasai/	trip	https://tw.trip.com/hotels/tokyo-hotel-detail-12064414/hotel-il-fiore-kasai/?curr=TWD&Allianceid=8989807&SID=322202616&trip_sub1=hotel_zh-tw&trip_sub3=D20075309	sponsored
/zh-tw/travel-guide/hotels/hotel-lumiere-kasai/	agoda	https://www.agoda.com/zh-tw/hotel-lumiere-kasai/hotel/tokyo-jp.html	sponsored
/zh-tw/travel-guide/hotels/hotel-lumiere-kasai/	booking	https://www.booking.com/searchresults.html?ss=Hotel+Lumiere+Kasai&selected_currency=TWD	sponsored
/zh-tw/travel-guide/hotels/hotel-lumiere-kasai/	trip	https://tw.trip.com/hotels/tokyo-hotel-detail-686553/hotel-lumiere-kasai/?curr=TWD&Allianceid=8989807&SID=322202616&trip_sub1=hotel_zh-tw&trip_sub3=D20075309	sponsored
/zh-tw/travel-guide/hotels/hotel-okura-tokyo-bay/	agoda	https://www.agoda.com/zh-tw/hotel-okura-tokyo-bay/hotel/tokyo-jp.html	sponsored
/zh-tw/travel-guide/hotels/hotel-okura-tokyo-bay/	booking	https://www.booking.com/searchresults.html?ss=Hotel+Okura+Tokyo+Bay&selected_currency=TWD	sponsored
/zh-tw/travel-guide/hotels/hotel-okura-tokyo-bay/	trip	https://tw.trip.com/hotels/urayasu-hotel-detail-3776533/hotel-okura-tokyo-bay/?curr=TWD&Allianceid=8989807&SID=322202616&trip_sub1=hotel_zh-tw&trip_sub3=D20075309	sponsored
/zh-tw/travel-guide/hotels/hotel-seaside-edogawa/	agoda	https://www.agoda.com/zh-tw/hotel-seaside-edogawa/hotel/tokyo-jp.html	sponsored
/zh-tw/travel-guide/hotels/hotel-seaside-edogawa/	booking	https://www.booking.com/searchresults.html?ss=Hotel+Seaside+Edogawa&selected_currency=TWD	sponsored
/zh-tw/travel-guide/hotels/hotel-seaside-edogawa/	trip	https://tw.trip.com/hotels/tokyo-hotel-detail-8582551/hotel-seaside-edogawa/?curr=TWD&Allianceid=8989807&SID=322202616&trip_sub1=hotel_zh-tw&trip_sub3=D20075309	sponsored
/zh-tw/travel-guide/hotels/hyatt-regency-tokyo-bay/	agoda	https://www.agoda.com/zh-tw/hyatt-regency-tokyo-bay/hotel/tokyo-jp.html	sponsored
/zh-tw/travel-guide/hotels/hyatt-regency-tokyo-bay/	booking	https://www.booking.com/searchresults.html?ss=Hyatt+Regency+Tokyo+Bay&selected_currency=TWD	sponsored
/zh-tw/travel-guide/hotels/hyatt-regency-tokyo-bay/	trip	https://tw.trip.com/hotels/urayasu-hotel-detail-35953735/hyatt-place-tokyo-bay/?curr=TWD&Allianceid=8989807&SID=322202616&trip_sub1=hotel_zh-tw&trip_sub3=D20075309	sponsored
/zh-tw/travel-guide/hotels/ibis-styles-tokyo-bay/	agoda	https://www.agoda.com/zh-tw/ibis-styles-tokyo-bay/hotel/tokyo-jp.html	sponsored
/zh-tw/travel-guide/hotels/ibis-styles-tokyo-bay/	booking	https://www.booking.com/searchresults.html?ss=ibis+Styles+Tokyo+Bay&selected_currency=TWD	sponsored
/zh-tw/travel-guide/hotels/ibis-styles-tokyo-bay/	trip	https://tw.trip.com/hotels/urayasu-hotel-detail-23148944/ibis-styles-tokyo-bay/?curr=TWD&Allianceid=8989807&SID=322202616&trip_sub1=hotel_zh-tw&trip_sub3=D20075309	sponsored
/zh-tw/travel-guide/hotels/lagent-tokyo-bay/	agoda	https://www.agoda.com/zh-tw/la-gent-hotel-tokyo-bay/hotel/tokyo-jp.html	sponsored
/zh-tw/travel-guide/hotels/lagent-tokyo-bay/	booking	https://www.booking.com/searchresults.html?ss=La%27gent+Hotel+Tokyo+Bay&selected_currency=TWD	sponsored
/zh-tw/travel-guide/hotels/lagent-tokyo-bay/	trip	https://tw.trip.com/hotels/urayasu-hotel-detail-6999388/la-gent-hotel-tokyo-bay/?curr=TWD&Allianceid=8989807&SID=322202616&trip_sub1=hotel_zh-tw&trip_sub3=D20075309	sponsored
/zh-tw/travel-guide/hotels/livemax-kasai-ekimae/	agoda	https://www.agoda.com/zh-tw/hotel-livemax-kasai-ekimae/hotel/tokyo-jp.html	sponsored
/zh-tw/travel-guide/hotels/livemax-kasai-ekimae/	booking	https://www.booking.com/searchresults.html?ss=HOTEL+LiVEMAX+Kasai-Ekimae&selected_currency=TWD	sponsored
/zh-tw/travel-guide/hotels/livemax-kasai-ekimae/	trip	https://tw.trip.com/hotels/tokyo-hotel-detail-7004692/hotel-livemax-kasai-ekimae/?curr=TWD&Allianceid=8989807&SID=322202616&trip_sub1=hotel_zh-tw&trip_sub3=D20075309	sponsored
/zh-tw/travel-guide/hotels/maihama-eurasia/	agoda	https://www.agoda.com/zh-tw/spa-hotel-maihama-eurasia/hotel/hatoyama-machi-jp.html	sponsored
/zh-tw/travel-guide/hotels/maihama-eurasia/	booking	https://www.booking.com/searchresults.html?ss=SPA+%26+HOTEL+Maihama+Eurasia&selected_currency=TWD	sponsored
/zh-tw/travel-guide/hotels/maihama-eurasia/	trip	https://tw.trip.com/hotels/urayasu-hotel-detail-5902970/spa-and-hotel-maihama-eurasia/?curr=TWD&Allianceid=8989807&SID=322202616&trip_sub1=hotel_zh-tw&trip_sub3=D20075309	sponsored
/zh-tw/travel-guide/hotels/maihama-hotel-first-resort/	agoda	https://www.agoda.com/zh-tw/hotel-sunroute-plaza-tokyo/hotel/tokyo-jp.html	sponsored
/zh-tw/travel-guide/hotels/maihama-hotel-first-resort/	booking	https://www.booking.com/searchresults.html?ss=Tokyo+Bay+Maihama+Hotel+First+Resort&selected_currency=TWD	sponsored
/zh-tw/travel-guide/hotels/maihama-hotel-first-resort/	trip	https://tw.trip.com/hotels/urayasu-hotel-detail-688260/tokyo-bay-maihama-hotel-first-resort/?curr=TWD&Allianceid=8989807&SID=322202616&trip_sub1=hotel_zh-tw&trip_sub3=D20075309	sponsored
/zh-tw/travel-guide/hotels/maihama-view-hotel/	agoda	https://www.agoda.com/zh-tw/tokyo-bay-maihama-hotel/hotel/tokyo-jp.html	sponsored
/zh-tw/travel-guide/hotels/maihama-view-hotel/	booking	https://www.booking.com/searchresults.html?ss=Maihama+View+Hotel+by+HULIC&selected_currency=TWD	sponsored
/zh-tw/travel-guide/hotels/maihama-view-hotel/	trip	https://tw.trip.com/hotels/urayasu-hotel-detail-1497303/maihama-view-hotel-by-hulic/?curr=TWD&Allianceid=8989807&SID=322202616&trip_sub1=hotel_zh-tw&trip_sub3=D20075309	sponsored
/zh-tw/travel-guide/hotels/miracosta/	agoda	https://www.agoda.com/zh-tw/tokyo-disneysea-hotel-miracosta-r-h9074805/hotel/tokyo-jp.html	sponsored
/zh-tw/travel-guide/hotels/miracosta/	booking	https://www.booking.com/searchresults.html?ss=Tokyo+DisneySea+Hotel+MiraCosta&selected_currency=TWD	sponsored
/zh-tw/travel-guide/hotels/miracosta/	trip	https://tw.trip.com/hotels/urayasu-hotel-detail-5318969/tokyo-disneysea-hotel-miracosta/?curr=TWD&Allianceid=8989807&SID=322202616&trip_sub1=hotel_zh-tw&trip_sub3=D20075309	sponsored
/zh-tw/travel-guide/hotels/mitsui-garden-prana/	agoda	https://www.agoda.com/zh-tw/mitsui-garden-hotel-prana-tokyo-bay/hotel/tokyo-jp.html	sponsored
/zh-tw/travel-guide/hotels/mitsui-garden-prana/	booking	https://www.booking.com/searchresults.html?ss=Mitsui+Garden+Hotel+Prana+Tokyo+Bay&selected_currency=TWD	sponsored
/zh-tw/travel-guide/hotels/mitsui-garden-prana/	trip	https://tw.trip.com/hotels/urayasu-hotel-detail-704032/mitsui-garden-hotel-prana-tokyo-bay/?curr=TWD&Allianceid=8989807&SID=322202616&trip_sub1=hotel_zh-tw&trip_sub3=D20075309	sponsored
/zh-tw/travel-guide/hotels/mystays-maihama/	agoda	https://www.agoda.com/zh-tw/hotel-mystays-maihama/hotel/tokyo-jp.html	sponsored
/zh-tw/travel-guide/hotels/mystays-maihama/	booking	https://www.booking.com/searchresults.html?ss=HOTEL+MYSTAYS+Maihama&selected_currency=TWD	sponsored
/zh-tw/travel-guide/hotels/mystays-maihama/	trip	https://tw.trip.com/hotels/urayasu-hotel-detail-688151/hotel-mystays-maihama/?curr=TWD&Allianceid=8989807&SID=322202616&trip_sub1=hotel_zh-tw&trip_sub3=D20075309	sponsored
/zh-tw/travel-guide/hotels/mystays-shin-urayasu/	agoda	https://www.agoda.com/zh-tw/mystays-shin-urayasu-cc/hotel/tokyo-jp.html	sponsored
/zh-tw/travel-guide/hotels/mystays-shin-urayasu/	booking	https://www.booking.com/searchresults.html?ss=HOTEL+MYSTAYS+Shin+Urayasu+Conference+Center&selected_currency=TWD	sponsored
/zh-tw/travel-guide/hotels/mystays-shin-urayasu/	trip	https://tw.trip.com/hotels/urayasu-hotel-detail-688152/mystays-shin-urayasu-cc/?curr=TWD&Allianceid=8989807&SID=322202616&trip_sub1=hotel_zh-tw&trip_sub3=D20075309	sponsored
/zh-tw/travel-guide/hotels/oriental-tokyo-bay/	agoda	https://www.agoda.com/zh-tw/oriental-hotel-tokyo-bay/hotel/tokyo-jp.html	sponsored
/zh-tw/travel-guide/hotels/oriental-tokyo-bay/	booking	https://www.booking.com/searchresults.html?ss=Oriental+Hotel+Tokyo+Bay&selected_currency=TWD	sponsored
/zh-tw/travel-guide/hotels/oriental-tokyo-bay/	trip	https://tw.trip.com/hotels/urayasu-hotel-detail-1497509/oriental-hotel-tokyo-bay/?curr=TWD&Allianceid=8989807&SID=322202616&trip_sub1=hotel_zh-tw&trip_sub3=D20075309	sponsored
/zh-tw/travel-guide/hotels/premium-monday-maihama-view-1/	agoda	https://www.agoda.com/zh-tw/h76699004/hotel/tokyo-jp.html	sponsored
/zh-tw/travel-guide/hotels/premium-monday-maihama-view-1/	booking	https://www.booking.com/searchresults.html?ss=Premium+hotel+MONday+Maihama+View+I&selected_currency=TWD	sponsored
/zh-tw/travel-guide/hotels/premium-monday-maihama-view-1/	trip	https://tw.trip.com/hotels/tokyo-hotel-detail-131698486/premium-hotel-monday-maihama-view-1/?curr=TWD&Allianceid=8989807&SID=322202616&trip_sub1=hotel_zh-tw&trip_sub3=D20075309	sponsored
/zh-tw/travel-guide/hotels/royal-park-maihama/	agoda	https://www.agoda.com/zh-tw/the-royal-park-hotel-maihama-resort-tokyo-bay-h78677441/hotel/funabashi-jp.html	sponsored
/zh-tw/travel-guide/hotels/royal-park-maihama/	booking	https://www.booking.com/searchresults.html?ss=The+Royal+Park+Hotel+Maihama+Resort+Tokyo+Bay&selected_currency=TWD	sponsored
/zh-tw/travel-guide/hotels/royal-park-maihama/	trip	https://tw.trip.com/hotels/urayasu-hotel-detail-128830901/the-royal-park-hotel-maihama-resort-tokyo-bay/?curr=TWD&Allianceid=8989807&SID=322202616&trip_sub1=hotel_zh-tw&trip_sub3=D20075309	sponsored
/zh-tw/travel-guide/hotels/sheraton-grande-tokyo-bay/	agoda	https://www.agoda.com/zh-tw/sheraton-grande-tokyo-bay-hotel/hotel/tokyo-jp.html	sponsored
/zh-tw/travel-guide/hotels/sheraton-grande-tokyo-bay/	booking	https://www.booking.com/searchresults.html?ss=Sheraton+Grande+Tokyo+Bay+Hotel&selected_currency=TWD	sponsored
/zh-tw/travel-guide/hotels/sheraton-grande-tokyo-bay/	trip	https://tw.trip.com/hotels/urayasu-hotel-detail-688630/sheraton-grande-tokyo-bay-hotel/?curr=TWD&Allianceid=8989807&SID=322202616&trip_sub1=hotel_zh-tw&trip_sub3=D20075309	sponsored
/zh-tw/travel-guide/hotels/superhotel-myoden/	agoda	https://www.agoda.com/zh-tw/super-hotel-tozaisen-ichikawa-myoden-ekimae/hotel/tokyo-jp.html	sponsored
/zh-tw/travel-guide/hotels/superhotel-myoden/	booking	https://www.booking.com/searchresults.html?ss=Super+Hotel+Tozai+Line+Ichikawa-Myoden&selected_currency=TWD	sponsored
/zh-tw/travel-guide/hotels/superhotel-myoden/	trip	https://tw.trip.com/hotels/ichikawa-hotel-detail-5468569/super-hotel-ichikawa-myoden-eki-mae/?curr=TWD&Allianceid=8989807&SID=322202616&trip_sub1=hotel_zh-tw&trip_sub3=D20075309	sponsored
/zh-tw/travel-guide/hotels/tdl-hotel/	agoda	https://www.agoda.com/zh-tw/tokyo-disneyland-hotel-h78666249/hotel/tokyo-jp.html	sponsored
/zh-tw/travel-guide/hotels/tdl-hotel/	booking	https://www.booking.com/searchresults.html?ss=Tokyo+Disneyland+Hotel&selected_currency=TWD	sponsored
/zh-tw/travel-guide/hotels/tdl-hotel/	trip	https://tw.trip.com/hotels/urayasu-hotel-detail-2611722/tokyo-disney-hotel-r/?curr=TWD&Allianceid=8989807&SID=322202616&trip_sub1=hotel_zh-tw&trip_sub3=D20075309	sponsored
/zh-tw/travel-guide/hotels/toy-story-hotel/	agoda	https://www.agoda.com/zh-tw/tokyo-disney-resort-toy-story-hotel/hotel/tokyo-jp.html	sponsored
/zh-tw/travel-guide/hotels/toy-story-hotel/	booking	https://www.booking.com/searchresults.html?ss=Tokyo+Disney+Resort+Toy+Story+Hotel&selected_currency=TWD	sponsored
/zh-tw/travel-guide/hotels/toy-story-hotel/	trip	https://tw.trip.com/hotels/urayasu-hotel-detail-92650976/tokyo-disney-resort-toy-story-hotel/?curr=TWD&Allianceid=8989807&SID=322202616&trip_sub1=hotel_zh-tw&trip_sub3=D20075309	sponsored
/zh-tw/travel-guide/hotels/urayasu-sun-hotel/	agoda	https://www.agoda.com/zh-tw/urayasu-sun-hotel_2/hotel/tokyo-jp.html	sponsored
/zh-tw/travel-guide/hotels/urayasu-sun-hotel/	booking	https://www.booking.com/searchresults.html?ss=Urayasu+Sun+Hotel&selected_currency=TWD	sponsored
/zh-tw/travel-guide/hotels/urayasu-sun-hotel/	trip	https://tw.trip.com/hotels/urayasu-hotel-detail-8417917/urayasu-sunhotel/?curr=TWD&Allianceid=8989807&SID=322202616&trip_sub1=hotel_zh-tw&trip_sub3=D20075309	sponsored
/zh-tw/travel-guide/hotels/viewfort-urayasu/	agoda	https://www.agoda.com/zh-tw/urayasu-beaufort-hotel/hotel/tokyo-jp.html	sponsored
/zh-tw/travel-guide/hotels/viewfort-urayasu/	booking	https://www.booking.com/searchresults.html?ss=Urayasu+Beaufort+Hotel&selected_currency=TWD	sponsored
/zh-tw/travel-guide/hotels/viewfort-urayasu/	trip	https://tw.trip.com/hotels/urayasu-hotel-detail-1677834/urayasu-beaufort-hotel/?curr=TWD&Allianceid=8989807&SID=322202616&trip_sub1=hotel_zh-tw&trip_sub3=D20075309	sponsored
/zh-tw/travel-guide/maihama-halloween/	jalan	https://www.jalan.net/yad312544/topics/	
/zh-tw/travel-guide/teamlab-planets/	trip	https://www.trip.com/things-to-do/detail/21427367/?Allianceid=8989807&SID=322202616&trip_sub1=teamlab_zh-tw&trip_sub3=D20075309	sponsored
/zh-tw/travel-guide/tokyo-sightseeing-access/	trip	https://www.trip.com/things-to-do/detail/31060921/?Allianceid=8989807&SID=322202616&trip_sub1=skytree_zh-tw&trip_sub3=D20075309	sponsored
/zh/travel-guide/disney-tickets/	travelpayouts	https://tp.media/r?marker=745385&trs=545197&p=4110&u=https%3A%2F%2Fwww.klook.com%2Fzh-CN%2Factivity%2F695-tokyo-disney-resort-1-day-pass-tokyo%2F&campaign_id=137	sponsored
/zh/travel-guide/disney-tickets/	travelpayouts	https://tp.media/r?marker=745385&trs=545197&p=9074&u=https%3A%2F%2Fwww.kkday.com%2Fzh-cn%2Fproduct%2F19252&campaign_id=633	sponsored
/zh/travel-guide/disney-tickets/	trip	https://www.trip.com/things-to-do/detail/44938465/?Allianceid=8989807&SID=322202616&trip_sub1=tdr_zh&trip_sub3=D20075309	sponsored
/zh/travel-guide/hotels/ambassador-hotel/	agoda	https://www.agoda.com/zh-cn/disney-ambassador-r-hotel-h9074803/hotel/tokyo-jp.html	sponsored
/zh/travel-guide/hotels/ambassador-hotel/	booking	https://www.booking.com/searchresults.html?ss=Disney+Ambassador+Hotel&selected_currency=CNY	sponsored
/zh/travel-guide/hotels/ambassador-hotel/	trip	https://www.trip.com/hotels/urayasu-hotel-detail-2125682/disney-ambassador-hotel/?curr=CNY&Allianceid=8989807&SID=322202616&trip_sub1=hotel_zh&trip_sub3=D20075309	sponsored
/zh/travel-guide/hotels/bayhotel-urayasu/	agoda	https://www.agoda.com/zh-cn/bay-hotel-urayasu-ekimae/hotel/tokyo-jp.html	sponsored
/zh/travel-guide/hotels/bayhotel-urayasu/	booking	https://www.booking.com/searchresults.html?ss=BAY+HOTEL+Urayasu-ekimae&selected_currency=CNY	sponsored
/zh/travel-guide/hotels/bayhotel-urayasu/	trip	https://www.trip.com/hotels/urayasu-hotel-detail-17900799/bay-hotel-urayasu/?curr=CNY&Allianceid=8989807&SID=322202616&trip_sub1=hotel_zh&trip_sub3=D20075309	sponsored
/zh/travel-guide/hotels/brighton-tokyo-bay/	agoda	https://www.agoda.com/zh-cn/urayasu-brighton-hotel-tokyo-bay_2/hotel/tokyo-jp.html	sponsored
/zh/travel-guide/hotels/brighton-tokyo-bay/	booking	https://www.booking.com/searchresults.html?ss=Urayasu+Brighton+Hotel+Tokyo+Bay&selected_currency=CNY	sponsored
/zh/travel-guide/hotels/brighton-tokyo-bay/	trip	https://www.trip.com/hotels/urayasu-hotel-detail-1678833/urayasu-brighton-hotel-tokyo-bay/?curr=CNY&Allianceid=8989807&SID=322202616&trip_sub1=hotel_zh&trip_sub3=D20075309	sponsored
/zh/travel-guide/hotels/celebration-discover/	agoda	https://www.agoda.com/zh-cn/tokyo-disney-celebration-hotel-r/hotel/hatoyama-machi-jp.html	sponsored
/zh/travel-guide/hotels/celebration-discover/	booking	https://www.booking.com/searchresults.html?ss=Tokyo+Disney+Celebration+Hotel%3A+Discover&selected_currency=CNY	sponsored
/zh/travel-guide/hotels/celebration-discover/	trip	https://www.trip.com/hotels/urayasu-hotel-detail-7254448/tokyo-disney-celebration-hotel/?curr=CNY&Allianceid=8989807&SID=322202616&trip_sub1=hotel_zh&trip_sub3=D20075309	sponsored
/zh/travel-guide/hotels/celebration-wish/	agoda	https://www.agoda.com/zh-cn/tokyo-disney-celebration-hotel-r/hotel/hatoyama-machi-jp.html	sponsored
/zh/travel-guide/hotels/celebration-wish/	booking	https://www.booking.com/searchresults.html?ss=Tokyo+Disney+Celebration+Hotel%3A+Wish&selected_currency=CNY	sponsored
/zh/travel-guide/hotels/celebration-wish/	trip	https://www.trip.com/hotels/urayasu-hotel-detail-7254448/tokyo-disney-celebration-hotel/?curr=CNY&Allianceid=8989807&SID=322202616&trip_sub1=hotel_zh&trip_sub3=D20075309	sponsored
/zh/travel-guide/hotels/comfort-suites-tokyo-bay/	agoda	https://www.agoda.com/zh-cn/comfort-suites-tokyo-bay_5/hotel/tokyo-jp.html	sponsored
/zh/travel-guide/hotels/comfort-suites-tokyo-bay/	booking	https://www.booking.com/searchresults.html?ss=Comfort+Suites+Tokyo+Bay&selected_currency=CNY	sponsored
/zh/travel-guide/hotels/comfort-suites-tokyo-bay/	trip	https://www.trip.com/hotels/urayasu-hotel-detail-21827353/comfort-suites-tokyo-bay/?curr=CNY&Allianceid=8989807&SID=322202616&trip_sub1=hotel_zh&trip_sub3=D20075309	sponsored
/zh/travel-guide/hotels/cvs-bay-hotel/	agoda	https://www.agoda.com/zh-cn/cvs-bay-hotel_3/hotel/tokyo-jp.html	sponsored
/zh/travel-guide/hotels/cvs-bay-hotel/	booking	https://www.booking.com/searchresults.html?ss=CVS+BAY+HOTEL&selected_currency=CNY	sponsored
/zh/travel-guide/hotels/cvs-bay-hotel/	trip	https://www.trip.com/hotels/ichikawa-hotel-detail-8406302/cvsbay-hotel-main-buildingbay-tower/?curr=CNY&Allianceid=8989807&SID=322202616&trip_sub1=hotel_zh&trip_sub3=D20075309	sponsored
/zh/travel-guide/hotels/dreamgate-maihama/	agoda	https://www.agoda.com/zh-cn/hotel-dream-gate-maihama/hotel/tokyo-jp.html	sponsored
/zh/travel-guide/hotels/dreamgate-maihama/	booking	https://www.booking.com/searchresults.html?ss=Hotel+Dream+Gate+Maihama&selected_currency=CNY	sponsored
/zh/travel-guide/hotels/dreamgate-maihama/	trip	https://www.trip.com/hotels/urayasu-hotel-detail-6994388/hotel-dream-gate-maihama/?curr=CNY&Allianceid=8989807&SID=322202616&trip_sub1=hotel_zh&trip_sub3=D20075309	sponsored
/zh/travel-guide/hotels/emion-tokyo-bay/	agoda	https://www.agoda.com/zh-cn/hotel-emion-tokyo-bay_5/hotel/tokyo-jp.html	sponsored
/zh/travel-guide/hotels/emion-tokyo-bay/	booking	https://www.booking.com/searchresults.html?ss=Hotel+Emion+Tokyo+Bay&selected_currency=CNY	sponsored
/zh/travel-guide/hotels/emion-tokyo-bay/	trip	https://www.trip.com/hotels/urayasu-hotel-detail-1497512/hotel-emion-tokyo-bay/?curr=CNY&Allianceid=8989807&SID=322202616&trip_sub1=hotel_zh&trip_sub3=D20075309	sponsored
/zh/travel-guide/hotels/eurasia-annex/	agoda	https://www.agoda.com/zh-cn/hotel-eurasia-maihama-annex-h10152921/hotel/tokyo-jp.html	sponsored
/zh/travel-guide/hotels/eurasia-annex/	booking	https://www.booking.com/searchresults.html?ss=Hotel+Eurasia+Maihama+Annex&selected_currency=CNY	sponsored
/zh/travel-guide/hotels/eurasia-annex/	trip	https://www.trip.com/hotels/urayasu-hotel-detail-26593607/hotel-eurasia-maihama-annex/?curr=CNY&Allianceid=8989807&SID=322202616&trip_sub1=hotel_zh&trip_sub3=D20075309	sponsored
/zh/travel-guide/hotels/fantasy-springs-hotel/	agoda	https://www.agoda.com/zh-cn/tokyo-disneysea-fantasy-springs-hotel-h51521440/hotel/tokyo-jp.html	sponsored
/zh/travel-guide/hotels/fantasy-springs-hotel/	booking	https://www.booking.com/searchresults.html?ss=Tokyo+DisneySea+Fantasy+Springs+Hotel&selected_currency=CNY	sponsored
/zh/travel-guide/hotels/fantasy-springs-hotel/	trip	https://www.trip.com/hotels/urayasu-hotel-detail-129182749/tokyo-disneysea-fantasy-springs-hotel/?curr=CNY&Allianceid=8989807&SID=322202616&trip_sub1=hotel_zh&trip_sub3=D20075309	sponsored
/zh/travel-guide/hotels/flexstay-shin-urayasu/	agoda	https://www.agoda.com/zh-cn/flexstay-inn-shin-urayasu/hotel/tokyo-jp.html	sponsored
/zh/travel-guide/hotels/flexstay-shin-urayasu/	booking	https://www.booking.com/searchresults.html?ss=FLEXSTAY+INN+Shin+Urayasu&selected_currency=CNY	sponsored
/zh/travel-guide/hotels/flexstay-shin-urayasu/	trip	https://www.trip.com/hotels/urayasu-hotel-detail-2510519/flexstay-inn-shinurayasu/?curr=CNY&Allianceid=8989807&SID=322202616&trip_sub1=hotel_zh&trip_sub3=D20075309	sponsored
/zh/travel-guide/hotels/four-stories-hotel/	agoda	https://www.agoda.com/zh-cn/four-stories-hotel/hotel/tokyo-jp.html	sponsored
/zh/travel-guide/hotels/four-stories-hotel/	booking	https://www.booking.com/searchresults.html?ss=Four+Stories+Hotel+Maihama+Tokyo+Bay&selected_currency=CNY	sponsored
/zh/travel-guide/hotels/four-stories-hotel/	trip	https://www.trip.com/hotels/urayasu-hotel-detail-76220327/fourstorieshotel-maihama-tokyo-bay/?curr=CNY&Allianceid=8989807&SID=322202616&trip_sub1=hotel_zh&trip_sub3=D20075309	sponsored
/zh/travel-guide/hotels/grand-monday-resort-maihama/	agoda	https://www.agoda.com/zh-cn/monday-resort-tokyo-bay-maihama/hotel/tokyo-jp.html	sponsored
/zh/travel-guide/hotels/grand-monday-resort-maihama/	booking	https://www.booking.com/searchresults.html?ss=GRAND+MONday+Resort+Tokyo+Bay+Maihama&selected_currency=CNY	sponsored
/zh/travel-guide/hotels/grand-monday-resort-maihama/	trip	https://www.trip.com/hotels/urayasu-hotel-detail-134295537/grand-monday-resort-tokyo-bay-maihama/?curr=CNY&Allianceid=8989807&SID=322202616&trip_sub1=hotel_zh&trip_sub3=D20075309	sponsored
/zh/travel-guide/hotels/grand-nikko-tokyo-bay/	agoda	https://www.agoda.com/zh-cn/grand-nikko-tokyo-bay-maihama/hotel/tokyo-jp.html	sponsored
/zh/travel-guide/hotels/grand-nikko-tokyo-bay/	booking	https://www.booking.com/searchresults.html?ss=Grand+Nikko+Tokyo+Bay+Maihama&selected_currency=CNY	sponsored
/zh/travel-guide/hotels/grand-nikko-tokyo-bay/	trip	https://www.trip.com/hotels/urayasu-hotel-detail-60644549/grand-nikko-tokyo-bay-maihama/?curr=CNY&Allianceid=8989807&SID=322202616&trip_sub1=hotel_zh&trip_sub3=D20075309	sponsored
/zh/travel-guide/hotels/happy-entry/	travelpayouts	https://tp.media/r?marker=745385&trs=545197&p=4110&u=https%3A%2F%2Fwww.klook.com%2Fzh-CN%2Factivity%2F695-tokyo-disney-resort-1-day-pass-tokyo%2F&campaign_id=137	sponsored
/zh/travel-guide/hotels/happy-entry/	travelpayouts	https://tp.media/r?marker=745385&trs=545197&p=9074&u=https%3A%2F%2Fwww.kkday.com%2Fzh-cn%2Fproduct%2F19252&campaign_id=633	sponsored
/zh/travel-guide/hotels/henna-hotel-maihama/	agoda	https://www.agoda.com/zh-cn/henn-na-hotel-maihama-tokyo-bay_2/hotel/tokyo-jp.html	sponsored
/zh/travel-guide/hotels/henna-hotel-maihama/	booking	https://www.booking.com/searchresults.html?ss=Henn+na+Hotel+Maihama+Tokyo+Bay&selected_currency=CNY	sponsored
/zh/travel-guide/hotels/henna-hotel-maihama/	trip	https://www.trip.com/hotels/urayasu-hotel-detail-7004012/henn-na-hotel-maihama-tokyo-bay/?curr=CNY&Allianceid=8989807&SID=322202616&trip_sub1=hotel_zh&trip_sub3=D20075309	sponsored
/zh/travel-guide/hotels/hilton-tokyo-bay/	agoda	https://www.agoda.com/zh-cn/hilton-tokyo-bay/hotel/tokyo-jp.html	sponsored
/zh/travel-guide/hotels/hilton-tokyo-bay/	booking	https://www.booking.com/searchresults.html?ss=Hilton+Tokyo+Bay&selected_currency=CNY	sponsored
/zh/travel-guide/hotels/hilton-tokyo-bay/	trip	https://www.trip.com/hotels/urayasu-hotel-detail-926340/hilton-tokyo-bay/?curr=CNY&Allianceid=8989807&SID=322202616&trip_sub1=hotel_zh&trip_sub3=D20075309	sponsored
/zh/travel-guide/hotels/hiyori-hotel-maihama/	agoda	https://www.agoda.com/zh-cn/hiyori-hotel-maihama/hotel/tokyo-jp.html	sponsored
/zh/travel-guide/hotels/hiyori-hotel-maihama/	booking	https://www.booking.com/searchresults.html?ss=HIYORI+HOTEL+Maihama&selected_currency=CNY	sponsored
/zh/travel-guide/hotels/hiyori-hotel-maihama/	trip	https://www.trip.com/hotels/urayasu-hotel-detail-7599696/hiyori-hotel-maihama/?curr=CNY&Allianceid=8989807&SID=322202616&trip_sub1=hotel_zh&trip_sub3=D20075309	sponsored
/zh/travel-guide/hotels/hoshinoresorts-1955-tokyo-bay/	agoda	https://www.agoda.com/zh-cn/hoshino-resorts-1955-tokyo-bay-h15526600/hotel/tokyo-jp.html	sponsored
/zh/travel-guide/hotels/hoshinoresorts-1955-tokyo-bay/	booking	https://www.booking.com/searchresults.html?ss=1955+Tokyo+Bay+by+Hoshino+Resorts&selected_currency=CNY	sponsored
/zh/travel-guide/hotels/hoshinoresorts-1955-tokyo-bay/	trip	https://www.trip.com/hotels/urayasu-hotel-detail-119991959/hoshino-resorts-1955-tokyo-bay/?curr=CNY&Allianceid=8989807&SID=322202616&trip_sub1=hotel_zh&trip_sub3=D20075309	sponsored
/zh/travel-guide/hotels/hotel-daigo-urayasu/	booking	https://www.booking.com/searchresults.html?ss=Hotel+Daigo&selected_currency=CNY	sponsored
/zh/travel-guide/hotels/hotel-daigo-urayasu/	trip	https://www.trip.com/hotels/list?cityName=Tokyo&keyword=Hotel+Daigo&curr=CNY&Allianceid=8989807&SID=322202616&trip_sub1=hotel_zh&trip_sub3=D20075309	sponsored
/zh/travel-guide/hotels/hotel-ilfiore-kasai-annex/	agoda	https://www.agoda.com/zh-cn/pearl-hotel-kasai_2/hotel/tokyo-jp.html	sponsored
/zh/travel-guide/hotels/hotel-ilfiore-kasai-annex/	booking	https://www.booking.com/searchresults.html?ss=Hotel+Il+Fiore+Kasai+ANNEX&selected_currency=CNY	sponsored
/zh/travel-guide/hotels/hotel-ilfiore-kasai-annex/	trip	https://www.trip.com/hotels/tokyo-hotel-detail-686576/hotel-il-fiore-kasai-annex/?curr=CNY&Allianceid=8989807&SID=322202616&trip_sub1=hotel_zh&trip_sub3=D20075309	sponsored
/zh/travel-guide/hotels/hotel-ilfiore-kasai/	agoda	https://www.agoda.com/zh-cn/hotel-il-fiore-kasai/hotel/tokyo-jp.html	sponsored
/zh/travel-guide/hotels/hotel-ilfiore-kasai/	booking	https://www.booking.com/searchresults.html?ss=Hotel+Il+Fiore+Kasai&selected_currency=CNY	sponsored
/zh/travel-guide/hotels/hotel-ilfiore-kasai/	trip	https://www.trip.com/hotels/tokyo-hotel-detail-12064414/hotel-il-fiore-kasai/?curr=CNY&Allianceid=8989807&SID=322202616&trip_sub1=hotel_zh&trip_sub3=D20075309	sponsored
/zh/travel-guide/hotels/hotel-lumiere-kasai/	agoda	https://www.agoda.com/zh-cn/hotel-lumiere-kasai/hotel/tokyo-jp.html	sponsored
/zh/travel-guide/hotels/hotel-lumiere-kasai/	booking	https://www.booking.com/searchresults.html?ss=Hotel+Lumiere+Kasai&selected_currency=CNY	sponsored
/zh/travel-guide/hotels/hotel-lumiere-kasai/	trip	https://www.trip.com/hotels/tokyo-hotel-detail-686553/hotel-lumiere-kasai/?curr=CNY&Allianceid=8989807&SID=322202616&trip_sub1=hotel_zh&trip_sub3=D20075309	sponsored
/zh/travel-guide/hotels/hotel-okura-tokyo-bay/	agoda	https://www.agoda.com/zh-cn/hotel-okura-tokyo-bay/hotel/tokyo-jp.html	sponsored
/zh/travel-guide/hotels/hotel-okura-tokyo-bay/	booking	https://www.booking.com/searchresults.html?ss=Hotel+Okura+Tokyo+Bay&selected_currency=CNY	sponsored
/zh/travel-guide/hotels/hotel-okura-tokyo-bay/	trip	https://www.trip.com/hotels/urayasu-hotel-detail-3776533/hotel-okura-tokyo-bay/?curr=CNY&Allianceid=8989807&SID=322202616&trip_sub1=hotel_zh&trip_sub3=D20075309	sponsored
/zh/travel-guide/hotels/hotel-seaside-edogawa/	agoda	https://www.agoda.com/zh-cn/hotel-seaside-edogawa/hotel/tokyo-jp.html	sponsored
/zh/travel-guide/hotels/hotel-seaside-edogawa/	booking	https://www.booking.com/searchresults.html?ss=Hotel+Seaside+Edogawa&selected_currency=CNY	sponsored
/zh/travel-guide/hotels/hotel-seaside-edogawa/	trip	https://www.trip.com/hotels/tokyo-hotel-detail-8582551/hotel-seaside-edogawa/?curr=CNY&Allianceid=8989807&SID=322202616&trip_sub1=hotel_zh&trip_sub3=D20075309	sponsored
/zh/travel-guide/hotels/hyatt-regency-tokyo-bay/	agoda	https://www.agoda.com/zh-cn/hyatt-regency-tokyo-bay/hotel/tokyo-jp.html	sponsored
/zh/travel-guide/hotels/hyatt-regency-tokyo-bay/	booking	https://www.booking.com/searchresults.html?ss=Hyatt+Regency+Tokyo+Bay&selected_currency=CNY	sponsored
/zh/travel-guide/hotels/hyatt-regency-tokyo-bay/	trip	https://www.trip.com/hotels/urayasu-hotel-detail-35953735/hyatt-place-tokyo-bay/?curr=CNY&Allianceid=8989807&SID=322202616&trip_sub1=hotel_zh&trip_sub3=D20075309	sponsored
/zh/travel-guide/hotels/ibis-styles-tokyo-bay/	agoda	https://www.agoda.com/zh-cn/ibis-styles-tokyo-bay/hotel/tokyo-jp.html	sponsored
/zh/travel-guide/hotels/ibis-styles-tokyo-bay/	booking	https://www.booking.com/searchresults.html?ss=ibis+Styles+Tokyo+Bay&selected_currency=CNY	sponsored
/zh/travel-guide/hotels/ibis-styles-tokyo-bay/	trip	https://www.trip.com/hotels/urayasu-hotel-detail-23148944/ibis-styles-tokyo-bay/?curr=CNY&Allianceid=8989807&SID=322202616&trip_sub1=hotel_zh&trip_sub3=D20075309	sponsored
/zh/travel-guide/hotels/lagent-tokyo-bay/	agoda	https://www.agoda.com/zh-cn/la-gent-hotel-tokyo-bay/hotel/tokyo-jp.html	sponsored
/zh/travel-guide/hotels/lagent-tokyo-bay/	booking	https://www.booking.com/searchresults.html?ss=La%27gent+Hotel+Tokyo+Bay&selected_currency=CNY	sponsored
/zh/travel-guide/hotels/lagent-tokyo-bay/	trip	https://www.trip.com/hotels/urayasu-hotel-detail-6999388/la-gent-hotel-tokyo-bay/?curr=CNY&Allianceid=8989807&SID=322202616&trip_sub1=hotel_zh&trip_sub3=D20075309	sponsored
/zh/travel-guide/hotels/livemax-kasai-ekimae/	agoda	https://www.agoda.com/zh-cn/hotel-livemax-kasai-ekimae/hotel/tokyo-jp.html	sponsored
/zh/travel-guide/hotels/livemax-kasai-ekimae/	booking	https://www.booking.com/searchresults.html?ss=HOTEL+LiVEMAX+Kasai-Ekimae&selected_currency=CNY	sponsored
/zh/travel-guide/hotels/livemax-kasai-ekimae/	trip	https://www.trip.com/hotels/tokyo-hotel-detail-7004692/hotel-livemax-kasai-ekimae/?curr=CNY&Allianceid=8989807&SID=322202616&trip_sub1=hotel_zh&trip_sub3=D20075309	sponsored
/zh/travel-guide/hotels/maihama-eurasia/	agoda	https://www.agoda.com/zh-cn/spa-hotel-maihama-eurasia/hotel/hatoyama-machi-jp.html	sponsored
/zh/travel-guide/hotels/maihama-eurasia/	booking	https://www.booking.com/searchresults.html?ss=SPA+%26+HOTEL+Maihama+Eurasia&selected_currency=CNY	sponsored
/zh/travel-guide/hotels/maihama-eurasia/	trip	https://www.trip.com/hotels/urayasu-hotel-detail-5902970/spa-and-hotel-maihama-eurasia/?curr=CNY&Allianceid=8989807&SID=322202616&trip_sub1=hotel_zh&trip_sub3=D20075309	sponsored
/zh/travel-guide/hotels/maihama-hotel-first-resort/	agoda	https://www.agoda.com/zh-cn/hotel-sunroute-plaza-tokyo/hotel/tokyo-jp.html	sponsored
/zh/travel-guide/hotels/maihama-hotel-first-resort/	booking	https://www.booking.com/searchresults.html?ss=Tokyo+Bay+Maihama+Hotel+First+Resort&selected_currency=CNY	sponsored
/zh/travel-guide/hotels/maihama-hotel-first-resort/	trip	https://www.trip.com/hotels/urayasu-hotel-detail-688260/tokyo-bay-maihama-hotel-first-resort/?curr=CNY&Allianceid=8989807&SID=322202616&trip_sub1=hotel_zh&trip_sub3=D20075309	sponsored
/zh/travel-guide/hotels/maihama-view-hotel/	agoda	https://www.agoda.com/zh-cn/tokyo-bay-maihama-hotel/hotel/tokyo-jp.html	sponsored
/zh/travel-guide/hotels/maihama-view-hotel/	booking	https://www.booking.com/searchresults.html?ss=Maihama+View+Hotel+by+HULIC&selected_currency=CNY	sponsored
/zh/travel-guide/hotels/maihama-view-hotel/	trip	https://www.trip.com/hotels/urayasu-hotel-detail-1497303/maihama-view-hotel-by-hulic/?curr=CNY&Allianceid=8989807&SID=322202616&trip_sub1=hotel_zh&trip_sub3=D20075309	sponsored
/zh/travel-guide/hotels/miracosta/	agoda	https://www.agoda.com/zh-cn/tokyo-disneysea-hotel-miracosta-r-h9074805/hotel/tokyo-jp.html	sponsored
/zh/travel-guide/hotels/miracosta/	booking	https://www.booking.com/searchresults.html?ss=Tokyo+DisneySea+Hotel+MiraCosta&selected_currency=CNY	sponsored
/zh/travel-guide/hotels/miracosta/	trip	https://www.trip.com/hotels/urayasu-hotel-detail-5318969/tokyo-disneysea-hotel-miracosta/?curr=CNY&Allianceid=8989807&SID=322202616&trip_sub1=hotel_zh&trip_sub3=D20075309	sponsored
/zh/travel-guide/hotels/mitsui-garden-prana/	agoda	https://www.agoda.com/zh-cn/mitsui-garden-hotel-prana-tokyo-bay/hotel/tokyo-jp.html	sponsored
/zh/travel-guide/hotels/mitsui-garden-prana/	booking	https://www.booking.com/searchresults.html?ss=Mitsui+Garden+Hotel+Prana+Tokyo+Bay&selected_currency=CNY	sponsored
/zh/travel-guide/hotels/mitsui-garden-prana/	trip	https://www.trip.com/hotels/urayasu-hotel-detail-704032/mitsui-garden-hotel-prana-tokyo-bay/?curr=CNY&Allianceid=8989807&SID=322202616&trip_sub1=hotel_zh&trip_sub3=D20075309	sponsored
/zh/travel-guide/hotels/mystays-maihama/	agoda	https://www.agoda.com/zh-cn/hotel-mystays-maihama/hotel/tokyo-jp.html	sponsored
/zh/travel-guide/hotels/mystays-maihama/	booking	https://www.booking.com/searchresults.html?ss=HOTEL+MYSTAYS+Maihama&selected_currency=CNY	sponsored
/zh/travel-guide/hotels/mystays-maihama/	trip	https://www.trip.com/hotels/urayasu-hotel-detail-688151/hotel-mystays-maihama/?curr=CNY&Allianceid=8989807&SID=322202616&trip_sub1=hotel_zh&trip_sub3=D20075309	sponsored
/zh/travel-guide/hotels/mystays-shin-urayasu/	agoda	https://www.agoda.com/zh-cn/mystays-shin-urayasu-cc/hotel/tokyo-jp.html	sponsored
/zh/travel-guide/hotels/mystays-shin-urayasu/	booking	https://www.booking.com/searchresults.html?ss=HOTEL+MYSTAYS+Shin+Urayasu+Conference+Center&selected_currency=CNY	sponsored
/zh/travel-guide/hotels/mystays-shin-urayasu/	trip	https://www.trip.com/hotels/urayasu-hotel-detail-688152/mystays-shin-urayasu-cc/?curr=CNY&Allianceid=8989807&SID=322202616&trip_sub1=hotel_zh&trip_sub3=D20075309	sponsored
/zh/travel-guide/hotels/oriental-tokyo-bay/	agoda	https://www.agoda.com/zh-cn/oriental-hotel-tokyo-bay/hotel/tokyo-jp.html	sponsored
/zh/travel-guide/hotels/oriental-tokyo-bay/	booking	https://www.booking.com/searchresults.html?ss=Oriental+Hotel+Tokyo+Bay&selected_currency=CNY	sponsored
/zh/travel-guide/hotels/oriental-tokyo-bay/	trip	https://www.trip.com/hotels/urayasu-hotel-detail-1497509/oriental-hotel-tokyo-bay/?curr=CNY&Allianceid=8989807&SID=322202616&trip_sub1=hotel_zh&trip_sub3=D20075309	sponsored
/zh/travel-guide/hotels/premium-monday-maihama-view-1/	agoda	https://www.agoda.com/zh-cn/h76699004/hotel/tokyo-jp.html	sponsored
/zh/travel-guide/hotels/premium-monday-maihama-view-1/	booking	https://www.booking.com/searchresults.html?ss=Premium+hotel+MONday+Maihama+View+I&selected_currency=CNY	sponsored
/zh/travel-guide/hotels/premium-monday-maihama-view-1/	trip	https://www.trip.com/hotels/tokyo-hotel-detail-131698486/premium-hotel-monday-maihama-view-1/?curr=CNY&Allianceid=8989807&SID=322202616&trip_sub1=hotel_zh&trip_sub3=D20075309	sponsored
/zh/travel-guide/hotels/royal-park-maihama/	agoda	https://www.agoda.com/zh-cn/the-royal-park-hotel-maihama-resort-tokyo-bay-h78677441/hotel/funabashi-jp.html	sponsored
/zh/travel-guide/hotels/royal-park-maihama/	booking	https://www.booking.com/searchresults.html?ss=The+Royal+Park+Hotel+Maihama+Resort+Tokyo+Bay&selected_currency=CNY	sponsored
/zh/travel-guide/hotels/royal-park-maihama/	trip	https://www.trip.com/hotels/urayasu-hotel-detail-128830901/the-royal-park-hotel-maihama-resort-tokyo-bay/?curr=CNY&Allianceid=8989807&SID=322202616&trip_sub1=hotel_zh&trip_sub3=D20075309	sponsored
/zh/travel-guide/hotels/sheraton-grande-tokyo-bay/	agoda	https://www.agoda.com/zh-cn/sheraton-grande-tokyo-bay-hotel/hotel/tokyo-jp.html	sponsored
/zh/travel-guide/hotels/sheraton-grande-tokyo-bay/	booking	https://www.booking.com/searchresults.html?ss=Sheraton+Grande+Tokyo+Bay+Hotel&selected_currency=CNY	sponsored
/zh/travel-guide/hotels/sheraton-grande-tokyo-bay/	trip	https://www.trip.com/hotels/urayasu-hotel-detail-688630/sheraton-grande-tokyo-bay-hotel/?curr=CNY&Allianceid=8989807&SID=322202616&trip_sub1=hotel_zh&trip_sub3=D20075309	sponsored
/zh/travel-guide/hotels/superhotel-myoden/	agoda	https://www.agoda.com/zh-cn/super-hotel-tozaisen-ichikawa-myoden-ekimae/hotel/tokyo-jp.html	sponsored
/zh/travel-guide/hotels/superhotel-myoden/	booking	https://www.booking.com/searchresults.html?ss=Super+Hotel+Tozai+Line+Ichikawa-Myoden&selected_currency=CNY	sponsored
/zh/travel-guide/hotels/superhotel-myoden/	trip	https://www.trip.com/hotels/ichikawa-hotel-detail-5468569/super-hotel-ichikawa-myoden-eki-mae/?curr=CNY&Allianceid=8989807&SID=322202616&trip_sub1=hotel_zh&trip_sub3=D20075309	sponsored
/zh/travel-guide/hotels/tdl-hotel/	agoda	https://www.agoda.com/zh-cn/tokyo-disneyland-hotel-h78666249/hotel/tokyo-jp.html	sponsored
/zh/travel-guide/hotels/tdl-hotel/	booking	https://www.booking.com/searchresults.html?ss=Tokyo+Disneyland+Hotel&selected_currency=CNY	sponsored
/zh/travel-guide/hotels/tdl-hotel/	trip	https://www.trip.com/hotels/urayasu-hotel-detail-2611722/tokyo-disney-hotel-r/?curr=CNY&Allianceid=8989807&SID=322202616&trip_sub1=hotel_zh&trip_sub3=D20075309	sponsored
/zh/travel-guide/hotels/toy-story-hotel/	agoda	https://www.agoda.com/zh-cn/tokyo-disney-resort-toy-story-hotel/hotel/tokyo-jp.html	sponsored
/zh/travel-guide/hotels/toy-story-hotel/	booking	https://www.booking.com/searchresults.html?ss=Tokyo+Disney+Resort+Toy+Story+Hotel&selected_currency=CNY	sponsored
/zh/travel-guide/hotels/toy-story-hotel/	trip	https://www.trip.com/hotels/urayasu-hotel-detail-92650976/tokyo-disney-resort-toy-story-hotel/?curr=CNY&Allianceid=8989807&SID=322202616&trip_sub1=hotel_zh&trip_sub3=D20075309	sponsored
/zh/travel-guide/hotels/urayasu-sun-hotel/	agoda	https://www.agoda.com/zh-cn/urayasu-sun-hotel_2/hotel/tokyo-jp.html	sponsored
/zh/travel-guide/hotels/urayasu-sun-hotel/	booking	https://www.booking.com/searchresults.html?ss=Urayasu+Sun+Hotel&selected_currency=CNY	sponsored
/zh/travel-guide/hotels/urayasu-sun-hotel/	trip	https://www.trip.com/hotels/urayasu-hotel-detail-8417917/urayasu-sunhotel/?curr=CNY&Allianceid=8989807&SID=322202616&trip_sub1=hotel_zh&trip_sub3=D20075309	sponsored
/zh/travel-guide/hotels/viewfort-urayasu/	agoda	https://www.agoda.com/zh-cn/urayasu-beaufort-hotel/hotel/tokyo-jp.html	sponsored
/zh/travel-guide/hotels/viewfort-urayasu/	booking	https://www.booking.com/searchresults.html?ss=Urayasu+Beaufort+Hotel&selected_currency=CNY	sponsored
/zh/travel-guide/hotels/viewfort-urayasu/	trip	https://www.trip.com/hotels/urayasu-hotel-detail-1677834/urayasu-beaufort-hotel/?curr=CNY&Allianceid=8989807&SID=322202616&trip_sub1=hotel_zh&trip_sub3=D20075309	sponsored
/zh/travel-guide/teamlab-planets/	trip	https://www.trip.com/things-to-do/detail/21427367/?Allianceid=8989807&SID=322202616&trip_sub1=teamlab_zh&trip_sub3=D20075309	sponsored
/zh/travel-guide/tokyo-sightseeing-access/	trip	https://www.trip.com/things-to-do/detail/31060921/?Allianceid=8989807&SID=322202616&trip_sub1=skytree_zh&trip_sub3=D20075309	sponsored
