path	target
/categories/お知らせ/page/1/	https://urayasu-portal.com/categories/%E3%81%8A%E7%9F%A5%E3%82%89%E3%81%9B/
/categories/イベント/page/1/	https://urayasu-portal.com/categories/%E3%82%A4%E3%83%99%E3%83%B3%E3%83%88/
/categories/グルメカフェ/page/1/	https://urayasu-portal.com/categories/%E3%82%B0%E3%83%AB%E3%83%A1%E3%82%AB%E3%83%95%E3%82%A7/
/categories/スポーツ/page/1/	https://urayasu-portal.com/categories/%E3%82%B9%E3%83%9D%E3%83%BC%E3%83%84/
/categories/ニュース/page/1/	https://urayasu-portal.com/categories/%E3%83%8B%E3%83%A5%E3%83%BC%E3%82%B9/
/categories/子育て教育/page/1/	https://urayasu-portal.com/categories/%E5%AD%90%E8%82%B2%E3%81%A6%E6%95%99%E8%82%B2/
/categories/生活ガイド/page/1/	https://urayasu-portal.com/categories/%E7%94%9F%E6%B4%BB%E3%82%AC%E3%82%A4%E3%83%89/
/categories/開店閉店/page/1/	https://urayasu-portal.com/categories/%E9%96%8B%E5%BA%97%E9%96%89%E5%BA%97/
/en/categories/travel-guide/page/1/	https://urayasu-portal.com/en/categories/travel-guide/
/en/posts/page/1/	https://urayasu-portal.com/en/posts/
/en/tags/access/page/1/	https://urayasu-portal.com/en/tags/access/
/en/tags/accessibility/page/1/	https://urayasu-portal.com/en/tags/accessibility/
/en/tags/airport-flat-rate-taxi/page/1/	https://urayasu-portal.com/en/tags/airport-flat-rate-taxi/
/en/tags/airport-limousine-bus/page/1/	https://urayasu-portal.com/en/tags/airport-limousine-bus/
/en/tags/aquarium/page/1/	https://urayasu-portal.com/en/tags/aquarium/
/en/tags/asakusa/page/1/	https://urayasu-portal.com/en/tags/asakusa/
/en/tags/budget/page/1/	https://urayasu-portal.com/en/tags/budget/
/en/tags/costumes/page/1/	https://urayasu-portal.com/en/tags/costumes/
/en/tags/disney/page/1/	https://urayasu-portal.com/en/tags/disney/
/en/tags/emergency/page/1/	https://urayasu-portal.com/en/tags/emergency/
/en/tags/family-travel/page/1/	https://urayasu-portal.com/en/tags/family-travel/
/en/tags/family/page/1/	https://urayasu-portal.com/en/tags/family/
/en/tags/first-visit/page/1/	https://urayasu-portal.com/en/tags/first-visit/
/en/tags/free/page/1/	https://urayasu-portal.com/en/tags/free/
/en/tags/halloween/page/1/	https://urayasu-portal.com/en/tags/halloween/
/en/tags/haneda-airport/page/1/	https://urayasu-portal.com/en/tags/haneda-airport/
/en/tags/happy-entry/page/1/	https://urayasu-portal.com/en/tags/happy-entry/
/en/tags/hilton/page/1/	https://urayasu-portal.com/en/tags/hilton/
/en/tags/hotel-restaurant/page/1/	https://urayasu-portal.com/en/tags/hotel-restaurant/
/en/tags/hotel-stay/page/1/	https://urayasu-portal.com/en/tags/hotel-stay/
/en/tags/hotel/page/1/	https://urayasu-portal.com/en/tags/hotel/
/en/tags/hotels/page/1/	https://urayasu-portal.com/en/tags/hotels/
/en/tags/ic-card/page/1/	https://urayasu-portal.com/en/tags/ic-card/
/en/tags/ikspiari/page/1/	https://urayasu-portal.com/en/tags/ikspiari/
/en/tags/indoor/page/1/	https://urayasu-portal.com/en/tags/indoor/
/en/tags/kasai/page/1/	https://urayasu-portal.com/en/tags/kasai/
/en/tags/luggage/page/1/	https://urayasu-portal.com/en/tags/luggage/
/en/tags/maihama-dining/page/1/	https://urayasu-portal.com/en/tags/maihama-dining/
/en/tags/maihama/page/1/	https://urayasu-portal.com/en/tags/maihama/
/en/tags/medical/page/1/	https://urayasu-portal.com/en/tags/medical/
/en/tags/narita-airport/page/1/	https://urayasu-portal.com/en/tags/narita-airport/
/en/tags/near-disney/page/1/	https://urayasu-portal.com/en/tags/near-disney/
/en/tags/official-hotel/page/1/	https://urayasu-portal.com/en/tags/official-hotel/
/en/tags/onsen/page/1/	https://urayasu-portal.com/en/tags/onsen/
/en/tags/packing/page/1/	https://urayasu-portal.com/en/tags/packing/
/en/tags/rainy-day/page/1/	https://urayasu-portal.com/en/tags/rainy-day/
/en/tags/rest-day/page/1/	https://urayasu-portal.com/en/tags/rest-day/
/en/tags/shibuya/page/1/	https://urayasu-portal.com/en/tags/shibuya/
/en/tags/shin-urayasu-cafe/page/1/	https://urayasu-portal.com/en/tags/shin-urayasu-cafe/
/en/tags/shin-urayasu/page/1/	https://urayasu-portal.com/en/tags/shin-urayasu/
/en/tags/shopping/page/1/	https://urayasu-portal.com/en/tags/shopping/
/en/tags/shuttle/page/1/	https://urayasu-portal.com/en/tags/shuttle/
/en/tags/sightseeing-guide/page/1/	https://urayasu-portal.com/en/tags/sightseeing-guide/
/en/tags/skytree/page/1/	https://urayasu-portal.com/en/tags/skytree/
/en/tags/souvenirs/page/1/	https://urayasu-portal.com/en/tags/souvenirs/
/en/tags/stroller/page/1/	https://urayasu-portal.com/en/tags/stroller/
/en/tags/suica/page/1/	https://urayasu-portal.com/en/tags/suica/
/en/tags/taxi/page/1/	https://urayasu-portal.com/en/tags/taxi/
/en/tags/teamlab/page/1/	https://urayasu-portal.com/en/tags/teamlab/
/en/tags/tickets/page/1/	https://urayasu-portal.com/en/tags/tickets/
/en/tags/tokyo-disney-resort/page/1/	https://urayasu-portal.com/en/tags/tokyo-disney-resort/
/en/tags/tokyo-station/page/1/	https://urayasu-portal.com/en/tags/tokyo-station/
/en/tags/tokyo/page/1/	https://urayasu-portal.com/en/tags/tokyo/
/en/tags/toyosu/page/1/	https://urayasu-portal.com/en/tags/toyosu/
/en/tags/transport/page/1/	https://urayasu-portal.com/en/tags/transport/
/en/tags/trip-prep/page/1/	https://urayasu-portal.com/en/tags/trip-prep/
/en/tags/ud-taxi/page/1/	https://urayasu-portal.com/en/tags/ud-taxi/
/en/tags/urayasu-food/page/1/	https://urayasu-portal.com/en/tags/urayasu-food/
/en/tags/urayasu-lunch/page/1/	https://urayasu-portal.com/en/tags/urayasu-lunch/
/en/tags/urayasu/page/1/	https://urayasu-portal.com/en/tags/urayasu/
/en/tags/value/page/1/	https://urayasu-portal.com/en/tags/value/
/en/tags/welfare-taxi/page/1/	https://urayasu-portal.com/en/tags/welfare-taxi/
/en/tags/with-kids/page/1/	https://urayasu-portal.com/en/tags/with-kids/
/en/travel-guide/hotels/airport-limousine/	https://urayasu-portal.com/en/travel-guide/hotels/facilities/
/en/travel-guide/hotels/coin-laundry/	https://urayasu-portal.com/en/travel-guide/hotels/facilities/
/en/travel-guide/hotels/in-house-store/	https://urayasu-portal.com/en/travel-guide/hotels/facilities/
/en/travel-guide/hotels/large-public-bath/	https://urayasu-portal.com/en/travel-guide/hotels/facilities/
/en/travel-guide/hotels/luggage-airport/	https://urayasu-portal.com/en/travel-guide/luggage-airport/
/en/travel-guide/hotels/luggage-howto/	https://urayasu-portal.com/en/travel-guide/luggage-howto/
/en/travel-guide/hotels/luggage/	https://urayasu-portal.com/en/travel-guide/luggage/
/en/travel-guide/hotels/near-station/	https://urayasu-portal.com/en/travel-guide/hotels/facilities/
/en/travel-guide/hotels/pool/	https://urayasu-portal.com/en/travel-guide/hotels/facilities/
/guides/city-hall-procedures/	https://urayasu-portal.com/life-guide/city-hall-procedures/
/guides/disaster-prevention/	https://urayasu-portal.com/life-guide/disaster-prevention/
/guides/holiday-night-medical/	https://urayasu-portal.com/life-guide/holiday-night-medical/
/guides/indoor-playgrounds/	https://urayasu-portal.com/life-guide/indoor-playgrounds/
/guides/libraries-public-facilities/	https://urayasu-portal.com/life-guide/libraries-public-facilities/
/guides/parks-playgrounds/	https://urayasu-portal.com/life-guide/parks-playgrounds/
/guides/sports-teams/	https://urayasu-portal.com/life-guide/sports-teams/
/guides/station-life/	https://urayasu-portal.com/life-guide/station-life/
/guides/trash-recycling/	https://urayasu-portal.com/life-guide/trash-recycling/
/guides/urayasu-bus-kotsu/	https://urayasu-portal.com/life-guide/urayasu-bus-kotsu/
/guides/urayasu-hoken-nenkin-zei/	https://urayasu-portal.com/life-guide/urayasu-hoken-nenkin-zei/
/guides/urayasu-koreisha-kaigo/	https://urayasu-portal.com/life-guide/urayasu-koreisha-kaigo/
/guides/urayasu-pet/	https://urayasu-portal.com/life-guide/urayasu-pet/
/ja/	https://urayasu-portal.com/
/ko/tags/access/page/1/	https://urayasu-portal.com/ko/tags/access/
/ko/tags/disney/page/1/	https://urayasu-portal.com/ko/tags/disney/
/ko/tags/hotel/page/1/	https://urayasu-portal.com/ko/tags/hotel/
/ko/tags/ic카드/page/1/	https://urayasu-portal.com/ko/tags/ic%EC%B9%B4%EB%93%9C/
/ko/tags/ikspiari/page/1/	https://urayasu-portal.com/ko/tags/ikspiari/
/ko/tags/luggage/page/1/	https://urayasu-portal.com/ko/tags/luggage/
/ko/tags/teamlab/page/1/	https://urayasu-portal.com/ko/tags/teamlab/
/ko/tags/urayasu/page/1/	https://urayasu-portal.com/ko/tags/urayasu/
/ko/tags/가격/page/1/	https://urayasu-portal.com/ko/tags/%EA%B0%80%EA%B2%A9/
/ko/tags/가사이-임해공원/page/1/	https://urayasu-portal.com/ko/tags/%EA%B0%80%EC%82%AC%EC%9D%B4-%EC%9E%84%ED%95%B4%EA%B3%B5%EC%9B%90/
/ko/tags/가족-여행/page/1/	https://urayasu-portal.com/ko/tags/%EA%B0%80%EC%A1%B1-%EC%97%AC%ED%96%89/
/ko/tags/가족/page/1/	https://urayasu-portal.com/ko/tags/%EA%B0%80%EC%A1%B1/
/ko/tags/공식-호텔/page/1/	https://urayasu-portal.com/ko/tags/%EA%B3%B5%EC%8B%9D-%ED%98%B8%ED%85%94/
/ko/tags/공항-정액-택시/page/1/	https://urayasu-portal.com/ko/tags/%EA%B3%B5%ED%95%AD-%EC%A0%95%EC%95%A1-%ED%83%9D%EC%8B%9C/
/ko/tags/공항버스/page/1/	https://urayasu-portal.com/ko/tags/%EA%B3%B5%ED%95%AD%EB%B2%84%EC%8A%A4/
/ko/tags/관광-가이드/page/1/	https://urayasu-portal.com/ko/tags/%EA%B4%80%EA%B4%91-%EA%B0%80%EC%9D%B4%EB%93%9C/
/ko/tags/교통/page/1/	https://urayasu-portal.com/ko/tags/%EA%B5%90%ED%86%B5/
/ko/tags/교통공원/page/1/	https://urayasu-portal.com/ko/tags/%EA%B5%90%ED%86%B5%EA%B3%B5%EC%9B%90/
/ko/tags/기념품/page/1/	https://urayasu-portal.com/ko/tags/%EA%B8%B0%EB%85%90%ED%92%88/
/ko/tags/긴급/page/1/	https://urayasu-portal.com/ko/tags/%EA%B8%B4%EA%B8%89/
/ko/tags/나리타-공항/page/1/	https://urayasu-portal.com/ko/tags/%EB%82%98%EB%A6%AC%ED%83%80-%EA%B3%B5%ED%95%AD/
/ko/tags/도요스/page/1/	https://urayasu-portal.com/ko/tags/%EB%8F%84%EC%9A%94%EC%8A%A4/
/ko/tags/도쿄-관광/page/1/	https://urayasu-portal.com/ko/tags/%EB%8F%84%EC%BF%84-%EA%B4%80%EA%B4%91/
/ko/tags/도쿄-디즈니-리조트/page/1/	https://urayasu-portal.com/ko/tags/%EB%8F%84%EC%BF%84-%EB%94%94%EC%A6%88%EB%8B%88-%EB%A6%AC%EC%A1%B0%ED%8A%B8/
/ko/tags/도쿄-디즈니/page/1/	https://urayasu-portal.com/ko/tags/%EB%8F%84%EC%BF%84-%EB%94%94%EC%A6%88%EB%8B%88/
/ko/tags/도쿄역/page/1/	https://urayasu-portal.com/ko/tags/%EB%8F%84%EC%BF%84%EC%97%AD/
/ko/tags/디즈니-주변/page/1/	https://urayasu-portal.com/ko/tags/%EB%94%94%EC%A6%88%EB%8B%88-%EC%A3%BC%EB%B3%80/
/ko/tags/디즈니/page/1/	https://urayasu-portal.com/ko/tags/%EB%94%94%EC%A6%88%EB%8B%88/
/ko/tags/마이하마-식사/page/1/	https://urayasu-portal.com/ko/tags/%EB%A7%88%EC%9D%B4%ED%95%98%EB%A7%88-%EC%8B%9D%EC%82%AC/
/ko/tags/마이하마/page/1/	https://urayasu-portal.com/ko/tags/%EB%A7%88%EC%9D%B4%ED%95%98%EB%A7%88/
/ko/tags/무료/page/1/	https://urayasu-portal.com/ko/tags/%EB%AC%B4%EB%A3%8C/
/ko/tags/복지-택시/page/1/	https://urayasu-portal.com/ko/tags/%EB%B3%B5%EC%A7%80-%ED%83%9D%EC%8B%9C/
/ko/tags/비-오는-날/page/1/	https://urayasu-portal.com/ko/tags/%EB%B9%84-%EC%98%A4%EB%8A%94-%EB%82%A0/
/ko/tags/셔틀/page/1/	https://urayasu-portal.com/ko/tags/%EC%85%94%ED%8B%80/
/ko/tags/쇼핑/page/1/	https://urayasu-portal.com/ko/tags/%EC%87%BC%ED%95%91/
/ko/tags/수족관/page/1/	https://urayasu-portal.com/ko/tags/%EC%88%98%EC%A1%B1%EA%B4%80/
/ko/tags/스이카/page/1/	https://urayasu-portal.com/ko/tags/%EC%8A%A4%EC%9D%B4%EC%B9%B4/
/ko/tags/스카이트리/page/1/	https://urayasu-portal.com/ko/tags/%EC%8A%A4%EC%B9%B4%EC%9D%B4%ED%8A%B8%EB%A6%AC/
/ko/tags/시부야/page/1/	https://urayasu-portal.com/ko/tags/%EC%8B%9C%EB%B6%80%EC%95%BC/
/ko/tags/신우라야스-카페/page/1/	https://urayasu-portal.com/ko/tags/%EC%8B%A0%EC%9A%B0%EB%9D%BC%EC%95%BC%EC%8A%A4-%EC%B9%B4%ED%8E%98/
/ko/tags/신우라야스/page/1/	https://urayasu-portal.com/ko/tags/%EC%8B%A0%EC%9A%B0%EB%9D%BC%EC%95%BC%EC%8A%A4/
/ko/tags/실내-명소/page/1/	https://urayasu-portal.com/ko/tags/%EC%8B%A4%EB%82%B4-%EB%AA%85%EC%86%8C/
/ko/tags/아사쿠사/page/1/	https://urayasu-portal.com/ko/tags/%EC%95%84%EC%82%AC%EC%BF%A0%EC%82%AC/
/ko/tags/아이동반/page/1/	https://urayasu-portal.com/ko/tags/%EC%95%84%EC%9D%B4%EB%8F%99%EB%B0%98/
/ko/tags/여행-준비/page/1/	https://urayasu-portal.com/ko/tags/%EC%97%AC%ED%96%89-%EC%A4%80%EB%B9%84/
/ko/tags/온천/page/1/	https://urayasu-portal.com/ko/tags/%EC%98%A8%EC%B2%9C/
/ko/tags/우라야스-맛집/page/1/	https://urayasu-portal.com/ko/tags/%EC%9A%B0%EB%9D%BC%EC%95%BC%EC%8A%A4-%EB%A7%9B%EC%A7%91/
/ko/tags/우라야스-점심/page/1/	https://urayasu-portal.com/ko/tags/%EC%9A%B0%EB%9D%BC%EC%95%BC%EC%8A%A4-%EC%A0%90%EC%8B%AC/
/ko/tags/우라야스/page/1/	https://urayasu-portal.com/ko/tags/%EC%9A%B0%EB%9D%BC%EC%95%BC%EC%8A%A4/
/ko/tags/우천/page/1/	https://urayasu-portal.com/ko/tags/%EC%9A%B0%EC%B2%9C/
/ko/tags/유모차/page/1/	https://urayasu-portal.com/ko/tags/%EC%9C%A0%EB%AA%A8%EC%B0%A8/
/ko/tags/의료/page/1/	https://urayasu-portal.com/ko/tags/%EC%9D%98%EB%A3%8C/
/ko/tags/준비물/page/1/	https://urayasu-portal.com/ko/tags/%EC%A4%80%EB%B9%84%EB%AC%BC/
/ko/tags/첫-방문/page/1/	https://urayasu-portal.com/ko/tags/%EC%B2%AB-%EB%B0%A9%EB%AC%B8/
/ko/tags/택시/page/1/	https://urayasu-portal.com/ko/tags/%ED%83%9D%EC%8B%9C/
/ko/tags/티켓/page/1/	https://urayasu-portal.com/ko/tags/%ED%8B%B0%EC%BC%93/
/ko/tags/파트너-호텔/page/1/	https://urayasu-portal.com/ko/tags/%ED%8C%8C%ED%8A%B8%EB%84%88-%ED%98%B8%ED%85%94/
/ko/tags/하네다-공항/page/1/	https://urayasu-portal.com/ko/tags/%ED%95%98%EB%84%A4%EB%8B%A4-%EA%B3%B5%ED%95%AD/
/ko/tags/해피-엔트리/page/1/	https://urayasu-portal.com/ko/tags/%ED%95%B4%ED%94%BC-%EC%97%94%ED%8A%B8%EB%A6%AC/
/ko/tags/호텔-레스토랑/page/1/	https://urayasu-portal.com/ko/tags/%ED%98%B8%ED%85%94-%EB%A0%88%EC%8A%A4%ED%86%A0%EB%9E%91/
/ko/tags/호텔-숙박/page/1/	https://urayasu-portal.com/ko/tags/%ED%98%B8%ED%85%94-%EC%88%99%EB%B0%95/
/ko/tags/호텔/page/1/	https://urayasu-portal.com/ko/tags/%ED%98%B8%ED%85%94/
/ko/tags/휴식일/page/1/	https://urayasu-portal.com/ko/tags/%ED%9C%B4%EC%8B%9D%EC%9D%BC/
/ko/travel-guide/hotels/luggage-airport/	https://urayasu-portal.com/ko/travel-guide/luggage-airport/
/ko/travel-guide/hotels/luggage-howto/	https://urayasu-portal.com/ko/travel-guide/luggage-howto/
/ko/travel-guide/hotels/luggage/	https://urayasu-portal.com/ko/travel-guide/luggage/
/life-guide/guides/city-hall-procedures/	https://urayasu-portal.com/life-guide/city-hall-procedures/
/life-guide/guides/disaster-prevention/	https://urayasu-portal.com/life-guide/disaster-prevention/
/life-guide/guides/holiday-night-medical/	https://urayasu-portal.com/life-guide/holiday-night-medical/
/life-guide/guides/indoor-playgrounds/	https://urayasu-portal.com/life-guide/indoor-playgrounds/
/life-guide/guides/libraries-public-facilities/	https://urayasu-portal.com/life-guide/libraries-public-facilities/
/life-guide/guides/parks-playgrounds/	https://urayasu-portal.com/life-guide/parks-playgrounds/
/life-guide/guides/sports-teams/	https://urayasu-portal.com/life-guide/sports-teams/
/life-guide/guides/station-life/	https://urayasu-portal.com/life-guide/station-life/
/life-guide/guides/trash-recycling/	https://urayasu-portal.com/life-guide/trash-recycling/
/life-guide/guides/urayasu-bus-kotsu/	https://urayasu-portal.com/life-guide/urayasu-bus-kotsu/
/life-guide/guides/urayasu-hoken-nenkin-zei/	https://urayasu-portal.com/life-guide/urayasu-hoken-nenkin-zei/
/life-guide/guides/urayasu-koreisha-kaigo/	https://urayasu-portal.com/life-guide/urayasu-koreisha-kaigo/
/life-guide/guides/urayasu-pet/	https://urayasu-portal.com/life-guide/urayasu-pet/
/life-guide/urayasu-bus-noriba/	https://urayasu-portal.com/life-guide/urayasu-station-bus-noriba/
/posts/page/1/	https://urayasu-portal.com/posts/
/posts/urayasu-bus-kotsu/	https://urayasu-portal.com/life-guide/urayasu-bus-kotsu/
/posts/urayasu-kosodate-shien-matome/	https://urayasu-portal.com/life-guide/urayasu-kosodate-shien-matome/
/tags/#c-pla/page/1/	https://urayasu-portal.com/tags/%23c-pla/
/tags/100円ショップ/page/1/	https://urayasu-portal.com/tags/100%E5%86%86%E3%82%B7%E3%83%A7%E3%83%83%E3%83%97/
/tags/12人のヴァイオリニスト/page/1/	https://urayasu-portal.com/tags/12%E4%BA%BA%E3%81%AE%E3%83%B4%E3%82%A1%E3%82%A4%E3%82%AA%E3%83%AA%E3%83%8B%E3%82%B9%E3%83%88/
/tags/1955東京ベイ/page/1/	https://urayasu-portal.com/tags/1955%E6%9D%B1%E4%BA%AC%E3%83%99%E3%82%A4/
/tags/2026-27シーズン/page/1/	https://urayasu-portal.com/tags/2026-27%E3%82%B7%E3%83%BC%E3%82%BA%E3%83%B3/
/tags/20周年/page/1/	https://urayasu-portal.com/tags/20%E5%91%A8%E5%B9%B4/
/tags/25周年/page/1/	https://urayasu-portal.com/tags/25%E5%91%A8%E5%B9%B4/
/tags/296fukurosoba/page/1/	https://urayasu-portal.com/tags/296fukurosoba/
/tags/3歳児/page/1/	https://urayasu-portal.com/tags/3%E6%AD%B3%E5%85%90/
/tags/700mhz/page/1/	https://urayasu-portal.com/tags/700mhz/
/tags/700メガヘルツ/page/1/	https://urayasu-portal.com/tags/700%E3%83%A1%E3%82%AC%E3%83%98%E3%83%AB%E3%83%84/
/tags/826aska/page/1/	https://urayasu-portal.com/tags/826aska/
/tags/access/page/1/	https://urayasu-portal.com/tags/access/
/tags/aed/page/1/	https://urayasu-portal.com/tags/aed/
/tags/aeon-pay/page/1/	https://urayasu-portal.com/tags/aeon-pay/
/tags/all-for-chiba/page/1/	https://urayasu-portal.com/tags/all-for-chiba/
/tags/aloha-urayasu/page/1/	https://urayasu-portal.com/tags/aloha-urayasu/
/tags/alohaurayasu/page/1/	https://urayasu-portal.com/tags/alohaurayasu/
/tags/alohaシェラトン/page/1/	https://urayasu-portal.com/tags/aloha%E3%82%B7%E3%82%A7%E3%83%A9%E3%83%88%E3%83%B3/
/tags/and-the-friet/page/1/	https://urayasu-portal.com/tags/and-the-friet/
/tags/bambi-drops/page/1/	https://urayasu-portal.com/tags/bambi-drops/
/tags/beams-japan/page/1/	https://urayasu-portal.com/tags/beams-japan/
/tags/big-smile-cafe/page/1/	https://urayasu-portal.com/tags/big-smile-cafe/
/tags/bluva/page/1/	https://urayasu-portal.com/tags/bluva/
/tags/ckd/page/1/	https://urayasu-portal.com/tags/ckd/
/tags/club-c-pla/page/1/	https://urayasu-portal.com/tags/club-c-pla/
/tags/club-d-rockers/page/1/	https://urayasu-portal.com/tags/club-d-rockers/
/tags/cuccuma-museum/page/1/	https://urayasu-portal.com/tags/cuccuma-museum/
/tags/d-link/page/1/	https://urayasu-portal.com/tags/d-link/
/tags/d-nest/page/1/	https://urayasu-portal.com/tags/d-nest/
/tags/d-rocks/page/1/	https://urayasu-portal.com/tags/d-rocks/
/tags/d1残留/page/1/	https://urayasu-portal.com/tags/d1%E6%AE%8B%E7%95%99/
/tags/disney/page/1/	https://urayasu-portal.com/tags/disney/
/tags/dx/page/1/	https://urayasu-portal.com/tags/dx/
/tags/eat-my-socks/page/1/	https://urayasu-portal.com/tags/eat-my-socks/
/tags/eボート千葉大会/page/1/	https://urayasu-portal.com/tags/e%E3%83%9C%E3%83%BC%E3%83%88%E5%8D%83%E8%91%89%E5%A4%A7%E4%BC%9A/
/tags/fly-for-all/page/1/	https://urayasu-portal.com/tags/fly-for-all/
/tags/fリーグ/page/1/	https://urayasu-portal.com/tags/f%E3%83%AA%E3%83%BC%E3%82%B0/
/tags/fリーグカップ/page/1/	https://urayasu-portal.com/tags/f%E3%83%AA%E3%83%BC%E3%82%B0%E3%82%AB%E3%83%83%E3%83%97/
/tags/gnome-de-taber/page/1/	https://urayasu-portal.com/tags/gnome-de-taber/
/tags/grand-monday-resort-東京ベイ舞浜/page/1/	https://urayasu-portal.com/tags/grand-monday-resort-%E6%9D%B1%E4%BA%AC%E3%83%99%E3%82%A4%E8%88%9E%E6%B5%9C/
/tags/hatchwine-labo/page/1/	https://urayasu-portal.com/tags/hatchwine-labo/
/tags/hotel/page/1/	https://urayasu-portal.com/tags/hotel/
/tags/icカード/page/1/	https://urayasu-portal.com/tags/ic%E3%82%AB%E3%83%BC%E3%83%89/
/tags/idバレーボール/page/1/	https://urayasu-portal.com/tags/id%E3%83%90%E3%83%AC%E3%83%BC%E3%83%9C%E3%83%BC%E3%83%AB/
/tags/javascript/page/1/	https://urayasu-portal.com/tags/javascript/
/tags/jcom浦安音楽ホール/page/1/	https://urayasu-portal.com/tags/jcom%E6%B5%A6%E5%AE%89%E9%9F%B3%E6%A5%BD%E3%83%9B%E3%83%BC%E3%83%AB/
/tags/jfl/page/1/	https://urayasu-portal.com/tags/jfl/
/tags/jr東日本/page/1/	https://urayasu-portal.com/tags/jr%E6%9D%B1%E6%97%A5%E6%9C%AC/
/tags/keiyo-team6+/page/1/	https://urayasu-portal.com/tags/keiyo-team6+/
/tags/laumelia/page/1/	https://urayasu-portal.com/tags/laumelia/
/tags/luggage/page/1/	https://urayasu-portal.com/tags/luggage/
/tags/magical-bake/page/1/	https://urayasu-portal.com/tags/magical-bake/
/tags/mav浦安/page/1/	https://urayasu-portal.com/tags/mav%E6%B5%A6%E5%AE%89/
/tags/mona新浦安/page/1/	https://urayasu-portal.com/tags/mona%E6%96%B0%E6%B5%A6%E5%AE%89/
/tags/mufgスタジアム/page/1/	https://urayasu-portal.com/tags/mufg%E3%82%B9%E3%82%BF%E3%82%B8%E3%82%A2%E3%83%A0/
/tags/na-relo/page/1/	https://urayasu-portal.com/tags/na-relo/
/tags/neoxia/page/1/	https://urayasu-portal.com/tags/neoxia/
/tags/nhk/page/1/	https://urayasu-portal.com/tags/nhk/
/tags/nhk交響楽団/page/1/	https://urayasu-portal.com/tags/nhk%E4%BA%A4%E9%9F%BF%E6%A5%BD%E5%9B%A3/
/tags/nttデータ/page/1/	https://urayasu-portal.com/tags/ntt%E3%83%87%E3%83%BC%E3%82%BF/
/tags/nクリニック東京ベイ舞浜/page/1/	https://urayasu-portal.com/tags/n%E3%82%AF%E3%83%AA%E3%83%8B%E3%83%83%E3%82%AF%E6%9D%B1%E4%BA%AC%E3%83%99%E3%82%A4%E8%88%9E%E6%B5%9C/
/tags/n響/page/1/	https://urayasu-portal.com/tags/n%E9%9F%BF/
/tags/oimomotch/page/1/	https://urayasu-portal.com/tags/oimomotch/
/tags/owv/page/1/	https://urayasu-portal.com/tags/owv/
/tags/panipani/page/1/	https://urayasu-portal.com/tags/panipani/
/tags/papabubble/page/1/	https://urayasu-portal.com/tags/papabubble/
/tags/paypay/page/1/	https://urayasu-portal.com/tags/paypay/
/tags/perch-diner/page/1/	https://urayasu-portal.com/tags/perch-diner/
/tags/poochyou-coffee/page/1/	https://urayasu-portal.com/tags/poochyou-coffee/
/tags/pr大使/page/1/	https://urayasu-portal.com/tags/pr%E5%A4%A7%E4%BD%BF/
/tags/revoist/page/1/	https://urayasu-portal.com/tags/revoist/
/tags/ristorante-mare-blu/page/1/	https://urayasu-portal.com/tags/ristorante-mare-blu/
/tags/salon-de-sweets/page/1/	https://urayasu-portal.com/tags/salon-de-sweets/
/tags/saray/page/1/	https://urayasu-portal.com/tags/saray/
/tags/seria/page/1/	https://urayasu-portal.com/tags/seria/
/tags/shin-ura-art-square/page/1/	https://urayasu-portal.com/tags/shin-ura-art-square/
/tags/sns/page/1/	https://urayasu-portal.com/tags/sns/
/tags/socola南行徳/page/1/	https://urayasu-portal.com/tags/socola%E5%8D%97%E8%A1%8C%E5%BE%B3/
/tags/spa/page/1/	https://urayasu-portal.com/tags/spa/
/tags/spahotel舞浜ユーラシア/page/1/	https://urayasu-portal.com/tags/spahotel%E8%88%9E%E6%B5%9C%E3%83%A6%E3%83%BC%E3%83%A9%E3%82%B7%E3%82%A2/
/tags/spark-rich/page/1/	https://urayasu-portal.com/tags/spark-rich/
/tags/sugary/page/1/	https://urayasu-portal.com/tags/sugary/
/tags/suica/page/1/	https://urayasu-portal.com/tags/suica/
/tags/team-award/page/1/	https://urayasu-portal.com/tags/team-award/
/tags/teammates/page/1/	https://urayasu-portal.com/tags/teammates/
/tags/the-golf-base/page/1/	https://urayasu-portal.com/tags/the-golf-base/
/tags/theカルテット/page/1/	https://urayasu-portal.com/tags/the%E3%82%AB%E3%83%AB%E3%83%86%E3%83%83%E3%83%88/
/tags/tokiiro/page/1/	https://urayasu-portal.com/tags/tokiiro/
/tags/touch/page/1/	https://urayasu-portal.com/tags/touch/
/tags/true-tree/page/1/	https://urayasu-portal.com/tags/true-tree/
/tags/u-18フットサル/page/1/	https://urayasu-portal.com/tags/u-18%E3%83%95%E3%83%83%E3%83%88%E3%82%B5%E3%83%AB/
/tags/udタクシー/page/1/	https://urayasu-portal.com/tags/ud%E3%82%BF%E3%82%AF%E3%82%B7%E3%83%BC/
/tags/umi/page/1/	https://urayasu-portal.com/tags/umi/
/tags/urayasu/page/1/	https://urayasu-portal.com/tags/urayasu/
/tags/urayasu文化クラブ/page/1/	https://urayasu-portal.com/tags/urayasu%E6%96%87%E5%8C%96%E3%82%AF%E3%83%A9%E3%83%96/
/tags/uスタイル/page/1/	https://urayasu-portal.com/tags/u%E3%82%B9%E3%82%BF%E3%82%A4%E3%83%AB/
/tags/uセンター/page/1/	https://urayasu-portal.com/tags/u%E3%82%BB%E3%83%B3%E3%82%BF%E3%83%BC/
/tags/uセンター祭り/page/1/	https://urayasu-portal.com/tags/u%E3%82%BB%E3%83%B3%E3%82%BF%E3%83%BC%E7%A5%AD%E3%82%8A/
/tags/wave101/page/1/	https://urayasu-portal.com/tags/wave101/
/tags/well-pilates/page/1/	https://urayasu-portal.com/tags/well-pilates/
/tags/zen-place-pilates/page/1/	https://urayasu-portal.com/tags/zen-place-pilates/
/tags/あそびにっく/page/1/	https://urayasu-portal.com/tags/%E3%81%82%E3%81%9D%E3%81%B3%E3%81%AB%E3%81%A3%E3%81%8F/
/tags/あっさり君/page/1/	https://urayasu-portal.com/tags/%E3%81%82%E3%81%A3%E3%81%95%E3%82%8A%E5%90%9B/
/tags/いろどり市場/page/1/	https://urayasu-portal.com/tags/%E3%81%84%E3%82%8D%E3%81%A9%E3%82%8A%E5%B8%82%E5%A0%B4/
/tags/うさぎティーガーデン/page/1/	https://urayasu-portal.com/tags/%E3%81%86%E3%81%95%E3%81%8E%E3%83%86%E3%82%A3%E3%83%BC%E3%82%AC%E3%83%BC%E3%83%87%E3%83%B3/
/tags/うらっこだがしや/page/1/	https://urayasu-portal.com/tags/%E3%81%86%E3%82%89%E3%81%A3%E3%81%93%E3%81%A0%E3%81%8C%E3%81%97%E3%82%84/
/tags/うらっこまつり/page/1/	https://urayasu-portal.com/tags/%E3%81%86%E3%82%89%E3%81%A3%E3%81%93%E3%81%BE%E3%81%A4%E3%82%8A/
/tags/うらっこ広場/page/1/	https://urayasu-portal.com/tags/%E3%81%86%E3%82%89%E3%81%A3%E3%81%93%E5%BA%83%E5%A0%B4/
/tags/うらやすドキュメンタリー映画祭/page/1/	https://urayasu-portal.com/tags/%E3%81%86%E3%82%89%E3%82%84%E3%81%99%E3%83%89%E3%82%AD%E3%83%A5%E3%83%A1%E3%83%B3%E3%82%BF%E3%83%AA%E3%83%BC%E6%98%A0%E7%94%BB%E7%A5%AD/
/tags/うらやす音楽村/page/1/	https://urayasu-portal.com/tags/%E3%81%86%E3%82%89%E3%82%84%E3%81%99%E9%9F%B3%E6%A5%BD%E6%9D%91/
/tags/うららめる/page/1/	https://urayasu-portal.com/tags/%E3%81%86%E3%82%89%E3%82%89%E3%82%81%E3%82%8B/
/tags/うららめーる/page/1/	https://urayasu-portal.com/tags/%E3%81%86%E3%82%89%E3%82%89%E3%82%81%E3%83%BC%E3%82%8B/
/tags/おさんぽバス/page/1/	https://urayasu-portal.com/tags/%E3%81%8A%E3%81%95%E3%82%93%E3%81%BD%E3%83%90%E3%82%B9/
/tags/おそうざいボビ/page/1/	https://urayasu-portal.com/tags/%E3%81%8A%E3%81%9D%E3%81%86%E3%81%96%E3%81%84%E3%83%9C%E3%83%93/
/tags/おたからや浦安店/page/1/	https://urayasu-portal.com/tags/%E3%81%8A%E3%81%9F%E3%81%8B%E3%82%89%E3%82%84%E6%B5%A6%E5%AE%89%E5%BA%97/
/tags/おはなし会/page/1/	https://urayasu-portal.com/tags/%E3%81%8A%E3%81%AF%E3%81%AA%E3%81%97%E4%BC%9A/
/tags/お土産/page/1/	https://urayasu-portal.com/tags/%E3%81%8A%E5%9C%9F%E7%94%A3/
/tags/お盆/page/1/	https://urayasu-portal.com/tags/%E3%81%8A%E7%9B%86/
/tags/お知らせ/page/1/	https://urayasu-portal.com/tags/%E3%81%8A%E7%9F%A5%E3%82%89%E3%81%9B/
/tags/お買物券/page/1/	https://urayasu-portal.com/tags/%E3%81%8A%E8%B2%B7%E7%89%A9%E5%88%B8/
/tags/こどもの広場/page/1/	https://urayasu-portal.com/tags/%E3%81%93%E3%81%A9%E3%82%82%E3%81%AE%E5%BA%83%E5%A0%B4/
/tags/こどもまつり/page/1/	https://urayasu-portal.com/tags/%E3%81%93%E3%81%A9%E3%82%82%E3%81%BE%E3%81%A4%E3%82%8A/
/tags/こども縁日/page/1/	https://urayasu-portal.com/tags/%E3%81%93%E3%81%A9%E3%82%82%E7%B8%81%E6%97%A5/
/tags/ごみ/page/1/	https://urayasu-portal.com/tags/%E3%81%94%E3%81%BF/
/tags/ごみ分別/page/1/	https://urayasu-portal.com/tags/%E3%81%94%E3%81%BF%E5%88%86%E5%88%A5/
/tags/ごみ収集/page/1/	https://urayasu-portal.com/tags/%E3%81%94%E3%81%BF%E5%8F%8E%E9%9B%86/
/tags/ごみ箱/page/1/	https://urayasu-portal.com/tags/%E3%81%94%E3%81%BF%E7%AE%B1/
/tags/ご当地キャラクター/page/1/	https://urayasu-portal.com/tags/%E3%81%94%E5%BD%93%E5%9C%B0%E3%82%AD%E3%83%A3%E3%83%A9%E3%82%AF%E3%82%BF%E3%83%BC/
/tags/ご褒美マルシェ/page/1/	https://urayasu-portal.com/tags/%E3%81%94%E8%A4%92%E7%BE%8E%E3%83%9E%E3%83%AB%E3%82%B7%E3%82%A7/
/tags/さが美/page/1/	https://urayasu-portal.com/tags/%E3%81%95%E3%81%8C%E7%BE%8E/
/tags/さくらメイト/page/1/	https://urayasu-portal.com/tags/%E3%81%95%E3%81%8F%E3%82%89%E3%83%A1%E3%82%A4%E3%83%88/
/tags/しながわシティ/page/1/	https://urayasu-portal.com/tags/%E3%81%97%E3%81%AA%E3%81%8C%E3%82%8F%E3%82%B7%E3%83%86%E3%82%A3/
/tags/しんうらやす-おとマルシェ/page/1/	https://urayasu-portal.com/tags/%E3%81%97%E3%82%93%E3%81%86%E3%82%89%E3%82%84%E3%81%99-%E3%81%8A%E3%81%A8%E3%83%9E%E3%83%AB%E3%82%B7%E3%82%A7/
/tags/しんうら音楽文化祭/page/1/	https://urayasu-portal.com/tags/%E3%81%97%E3%82%93%E3%81%86%E3%82%89%E9%9F%B3%E6%A5%BD%E6%96%87%E5%8C%96%E7%A5%AD/
/tags/じゃんけん/page/1/	https://urayasu-portal.com/tags/%E3%81%98%E3%82%83%E3%82%93%E3%81%91%E3%82%93/
/tags/そば/page/1/	https://urayasu-portal.com/tags/%E3%81%9D%E3%81%B0/
/tags/たい夢/page/1/	https://urayasu-portal.com/tags/%E3%81%9F%E3%81%84%E5%A4%A2/
/tags/たなばたマルシェ/page/1/	https://urayasu-portal.com/tags/%E3%81%9F%E3%81%AA%E3%81%B0%E3%81%9F%E3%83%9E%E3%83%AB%E3%82%B7%E3%82%A7/
/tags/たぶん世界一小さいチョコレート工場/page/1/	https://urayasu-portal.com/tags/%E3%81%9F%E3%81%B6%E3%82%93%E4%B8%96%E7%95%8C%E4%B8%80%E5%B0%8F%E3%81%95%E3%81%84%E3%83%81%E3%83%A7%E3%82%B3%E3%83%AC%E3%83%BC%E3%83%88%E5%B7%A5%E5%A0%B4/
/tags/つけめんtetsu/page/1/	https://urayasu-portal.com/tags/%E3%81%A4%E3%81%91%E3%82%81%E3%82%93tetsu/
/tags/つけ麺/page/1/	https://urayasu-portal.com/tags/%E3%81%A4%E3%81%91%E9%BA%BA/
/tags/どうぶつの森/page/1/	https://urayasu-portal.com/tags/%E3%81%A9%E3%81%86%E3%81%B6%E3%81%A4%E3%81%AE%E6%A3%AE/
/tags/なのはな食堂/page/1/	https://urayasu-portal.com/tags/%E3%81%AA%E3%81%AE%E3%81%AF%E3%81%AA%E9%A3%9F%E5%A0%82/
/tags/ひとり親/page/1/	https://urayasu-portal.com/tags/%E3%81%B2%E3%81%A8%E3%82%8A%E8%A6%AA/
/tags/ふたり暮らし/page/1/	https://urayasu-portal.com/tags/%E3%81%B5%E3%81%9F%E3%82%8A%E6%9A%AE%E3%82%89%E3%81%97/
/tags/ふるさと浦安作品展/page/1/	https://urayasu-portal.com/tags/%E3%81%B5%E3%82%8B%E3%81%95%E3%81%A8%E6%B5%A6%E5%AE%89%E4%BD%9C%E5%93%81%E5%B1%95/
/tags/ふわふわ遊具/page/1/	https://urayasu-portal.com/tags/%E3%81%B5%E3%82%8F%E3%81%B5%E3%82%8F%E9%81%8A%E5%85%B7/
/tags/ほたる鑑賞会/page/1/	https://urayasu-portal.com/tags/%E3%81%BB%E3%81%9F%E3%82%8B%E9%91%91%E8%B3%9E%E4%BC%9A/
/tags/ぽっと楽コンサート/page/1/	https://urayasu-portal.com/tags/%E3%81%BD%E3%81%A3%E3%81%A8%E6%A5%BD%E3%82%B3%E3%83%B3%E3%82%B5%E3%83%BC%E3%83%88/
/tags/まちづくり/page/1/	https://urayasu-portal.com/tags/%E3%81%BE%E3%81%A1%E3%81%A5%E3%81%8F%E3%82%8A/
/tags/まちづくり活動プラザ/page/1/	https://urayasu-portal.com/tags/%E3%81%BE%E3%81%A1%E3%81%A5%E3%81%8F%E3%82%8A%E6%B4%BB%E5%8B%95%E3%83%97%E3%83%A9%E3%82%B6/
/tags/まつげ/page/1/	https://urayasu-portal.com/tags/%E3%81%BE%E3%81%A4%E3%81%92/
/tags/まどかマギカ/page/1/	https://urayasu-portal.com/tags/%E3%81%BE%E3%81%A9%E3%81%8B%E3%83%9E%E3%82%AE%E3%82%AB/
/tags/みんなのかわまちマルシェ/page/1/	https://urayasu-portal.com/tags/%E3%81%BF%E3%82%93%E3%81%AA%E3%81%AE%E3%81%8B%E3%82%8F%E3%81%BE%E3%81%A1%E3%83%9E%E3%83%AB%E3%82%B7%E3%82%A7/
/tags/やきとりにしだ場/page/1/	https://urayasu-portal.com/tags/%E3%82%84%E3%81%8D%E3%81%A8%E3%82%8A%E3%81%AB%E3%81%97%E3%81%A0%E5%A0%B4/
/tags/やなぎ通り/page/1/	https://urayasu-portal.com/tags/%E3%82%84%E3%81%AA%E3%81%8E%E9%80%9A%E3%82%8A/
/tags/よろずや十五夜/page/1/	https://urayasu-portal.com/tags/%E3%82%88%E3%82%8D%E3%81%9A%E3%82%84%E5%8D%81%E4%BA%94%E5%A4%9C/
/tags/わくわくでんしゃまつり/page/1/	https://urayasu-portal.com/tags/%E3%82%8F%E3%81%8F%E3%82%8F%E3%81%8F%E3%81%A7%E3%82%93%E3%81%97%E3%82%83%E3%81%BE%E3%81%A4%E3%82%8A/
/tags/わくわくはっぴー本棚/page/1/	https://urayasu-portal.com/tags/%E3%82%8F%E3%81%8F%E3%82%8F%E3%81%8F%E3%81%AF%E3%81%A3%E3%81%B4%E3%83%BC%E6%9C%AC%E6%A3%9A/
/tags/わんぱく相撲/page/1/	https://urayasu-portal.com/tags/%E3%82%8F%E3%82%93%E3%81%B1%E3%81%8F%E7%9B%B8%E6%92%B2/
/tags/アイケアlabo/page/1/	https://urayasu-portal.com/tags/%E3%82%A2%E3%82%A4%E3%82%B1%E3%82%A2labo/
/tags/アイシティ/page/1/	https://urayasu-portal.com/tags/%E3%82%A2%E3%82%A4%E3%82%B7%E3%83%86%E3%82%A3/
/tags/アイラッシュ/page/1/	https://urayasu-portal.com/tags/%E3%82%A2%E3%82%A4%E3%83%A9%E3%83%83%E3%82%B7%E3%83%A5/
/tags/アクセサリー/page/1/	https://urayasu-portal.com/tags/%E3%82%A2%E3%82%AF%E3%82%BB%E3%82%B5%E3%83%AA%E3%83%BC/
/tags/アクセス/page/1/	https://urayasu-portal.com/tags/%E3%82%A2%E3%82%AF%E3%82%BB%E3%82%B9/
/tags/アサイーボウル/page/1/	https://urayasu-portal.com/tags/%E3%82%A2%E3%82%B5%E3%82%A4%E3%83%BC%E3%83%9C%E3%82%A6%E3%83%AB/
/tags/アトラクション/page/1/	https://urayasu-portal.com/tags/%E3%82%A2%E3%83%88%E3%83%A9%E3%82%AF%E3%82%B7%E3%83%A7%E3%83%B3/
/tags/アトレ新浦安/page/1/	https://urayasu-portal.com/tags/%E3%82%A2%E3%83%88%E3%83%AC%E6%96%B0%E6%B5%A6%E5%AE%89/
/tags/アニバーサリー/page/1/	https://urayasu-portal.com/tags/%E3%82%A2%E3%83%8B%E3%83%90%E3%83%BC%E3%82%B5%E3%83%AA%E3%83%BC/
/tags/アフタヌーンティー/page/1/	https://urayasu-portal.com/tags/%E3%82%A2%E3%83%95%E3%82%BF%E3%83%8C%E3%83%BC%E3%83%B3%E3%83%86%E3%82%A3%E3%83%BC/
/tags/アリス/page/1/	https://urayasu-portal.com/tags/%E3%82%A2%E3%83%AA%E3%82%B9/
/tags/アートグレイス/page/1/	https://urayasu-portal.com/tags/%E3%82%A2%E3%83%BC%E3%83%88%E3%82%B0%E3%83%AC%E3%82%A4%E3%82%B9/
/tags/イオン市川妙典/page/1/	https://urayasu-portal.com/tags/%E3%82%A4%E3%82%AA%E3%83%B3%E5%B8%82%E5%B7%9D%E5%A6%99%E5%85%B8/
/tags/イオン新浦安/page/1/	https://urayasu-portal.com/tags/%E3%82%A4%E3%82%AA%E3%83%B3%E6%96%B0%E6%B5%A6%E5%AE%89/
/tags/イクスピアリ/page/1/	https://urayasu-portal.com/tags/%E3%82%A4%E3%82%AF%E3%82%B9%E3%83%94%E3%82%A2%E3%83%AA/
/tags/イタリアン/page/1/	https://urayasu-portal.com/tags/%E3%82%A4%E3%82%BF%E3%83%AA%E3%82%A2%E3%83%B3/
/tags/イビススタイルズ東京ベイ/page/1/	https://urayasu-portal.com/tags/%E3%82%A4%E3%83%93%E3%82%B9%E3%82%B9%E3%82%BF%E3%82%A4%E3%83%AB%E3%82%BA%E6%9D%B1%E4%BA%AC%E3%83%99%E3%82%A4/
/tags/イベント/page/1/	https://urayasu-portal.com/tags/%E3%82%A4%E3%83%99%E3%83%B3%E3%83%88/
/tags/イベント中止/page/1/	https://urayasu-portal.com/tags/%E3%82%A4%E3%83%99%E3%83%B3%E3%83%88%E4%B8%AD%E6%AD%A2/
/tags/イルミネーション/page/1/	https://urayasu-portal.com/tags/%E3%82%A4%E3%83%AB%E3%83%9F%E3%83%8D%E3%83%BC%E3%82%B7%E3%83%A7%E3%83%B3/
/tags/インディジョーンズ/page/1/	https://urayasu-portal.com/tags/%E3%82%A4%E3%83%B3%E3%83%87%E3%82%A3%E3%82%B8%E3%83%A7%E3%83%BC%E3%83%B3%E3%82%BA/
/tags/インドアゴルフ/page/1/	https://urayasu-portal.com/tags/%E3%82%A4%E3%83%B3%E3%83%89%E3%82%A2%E3%82%B4%E3%83%AB%E3%83%95/
/tags/インドネシア/page/1/	https://urayasu-portal.com/tags/%E3%82%A4%E3%83%B3%E3%83%89%E3%83%8D%E3%82%B7%E3%82%A2/
/tags/ウィズキッズシネマ/page/1/	https://urayasu-portal.com/tags/%E3%82%A6%E3%82%A3%E3%82%BA%E3%82%AD%E3%83%83%E3%82%BA%E3%82%B7%E3%83%8D%E3%83%9E/
/tags/ウーパールーパーまみれ/page/1/	https://urayasu-portal.com/tags/%E3%82%A6%E3%83%BC%E3%83%91%E3%83%BC%E3%83%AB%E3%83%BC%E3%83%91%E3%83%BC%E3%81%BE%E3%81%BF%E3%82%8C/
/tags/エスポラーダ北海道/page/1/	https://urayasu-portal.com/tags/%E3%82%A8%E3%82%B9%E3%83%9D%E3%83%A9%E3%83%BC%E3%83%80%E5%8C%97%E6%B5%B7%E9%81%93/
/tags/エミオン縁日/page/1/	https://urayasu-portal.com/tags/%E3%82%A8%E3%83%9F%E3%82%AA%E3%83%B3%E7%B8%81%E6%97%A5/
/tags/エレクトーン/page/1/	https://urayasu-portal.com/tags/%E3%82%A8%E3%83%AC%E3%82%AF%E3%83%88%E3%83%BC%E3%83%B3/
/tags/オクトーバーフェスト/page/1/	https://urayasu-portal.com/tags/%E3%82%AA%E3%82%AF%E3%83%88%E3%83%BC%E3%83%90%E3%83%BC%E3%83%95%E3%82%A7%E3%82%B9%E3%83%88/
/tags/オフィシャルホテル/page/1/	https://urayasu-portal.com/tags/%E3%82%AA%E3%83%95%E3%82%A3%E3%82%B7%E3%83%A3%E3%83%AB%E3%83%9B%E3%83%86%E3%83%AB/
/tags/オリエンタルホテル東京ベイ/page/1/	https://urayasu-portal.com/tags/%E3%82%AA%E3%83%AA%E3%82%A8%E3%83%B3%E3%82%BF%E3%83%AB%E3%83%9B%E3%83%86%E3%83%AB%E6%9D%B1%E4%BA%AC%E3%83%99%E3%82%A4/
/tags/オリンピック/page/1/	https://urayasu-portal.com/tags/%E3%82%AA%E3%83%AA%E3%83%B3%E3%83%94%E3%83%83%E3%82%AF/
/tags/オーケストラ/page/1/	https://urayasu-portal.com/tags/%E3%82%AA%E3%83%BC%E3%82%B1%E3%82%B9%E3%83%88%E3%83%A9/
/tags/オーストラリア/page/1/	https://urayasu-portal.com/tags/%E3%82%AA%E3%83%BC%E3%82%B9%E3%83%88%E3%83%A9%E3%83%AA%E3%82%A2/
/tags/カキ殻/page/1/	https://urayasu-portal.com/tags/%E3%82%AB%E3%82%AD%E6%AE%BB/
/tags/カシュカシュ/page/1/	https://urayasu-portal.com/tags/%E3%82%AB%E3%82%B7%E3%83%A5%E3%82%AB%E3%82%B7%E3%83%A5/
/tags/カニ/page/1/	https://urayasu-portal.com/tags/%E3%82%AB%E3%83%8B/
/tags/カニ釣り/page/1/	https://urayasu-portal.com/tags/%E3%82%AB%E3%83%8B%E9%87%A3%E3%82%8A/
/tags/カヌー/page/1/	https://urayasu-portal.com/tags/%E3%82%AB%E3%83%8C%E3%83%BC/
/tags/カヌースラローム/page/1/	https://urayasu-portal.com/tags/%E3%82%AB%E3%83%8C%E3%83%BC%E3%82%B9%E3%83%A9%E3%83%AD%E3%83%BC%E3%83%A0/
/tags/カフェ/page/1/	https://urayasu-portal.com/tags/%E3%82%AB%E3%83%95%E3%82%A7/
/tags/カフェカイラ/page/1/	https://urayasu-portal.com/tags/%E3%82%AB%E3%83%95%E3%82%A7%E3%82%AB%E3%82%A4%E3%83%A9/
/tags/カフェトスティーナ/page/1/	https://urayasu-portal.com/tags/%E3%82%AB%E3%83%95%E3%82%A7%E3%83%88%E3%82%B9%E3%83%86%E3%82%A3%E3%83%BC%E3%83%8A/
/tags/カフリンガボーイズ東久留米/page/1/	https://urayasu-portal.com/tags/%E3%82%AB%E3%83%95%E3%83%AA%E3%83%B3%E3%82%AC%E3%83%9C%E3%83%BC%E3%82%A4%E3%82%BA%E6%9D%B1%E4%B9%85%E7%95%99%E7%B1%B3/
/tags/カプセルトイ/page/1/	https://urayasu-portal.com/tags/%E3%82%AB%E3%83%97%E3%82%BB%E3%83%AB%E3%83%88%E3%82%A4/
/tags/カーブス/page/1/	https://urayasu-portal.com/tags/%E3%82%AB%E3%83%BC%E3%83%96%E3%82%B9/
/tags/ガレリアカフェ/page/1/	https://urayasu-portal.com/tags/%E3%82%AC%E3%83%AC%E3%83%AA%E3%82%A2%E3%82%AB%E3%83%95%E3%82%A7/
/tags/ガーデンプールレストラン/page/1/	https://urayasu-portal.com/tags/%E3%82%AC%E3%83%BC%E3%83%87%E3%83%B3%E3%83%97%E3%83%BC%E3%83%AB%E3%83%AC%E3%82%B9%E3%83%88%E3%83%A9%E3%83%B3/
/tags/キッズスポーツ/page/1/	https://urayasu-portal.com/tags/%E3%82%AD%E3%83%83%E3%82%BA%E3%82%B9%E3%83%9D%E3%83%BC%E3%83%84/
/tags/キッズパーク/page/1/	https://urayasu-portal.com/tags/%E3%82%AD%E3%83%83%E3%82%BA%E3%83%91%E3%83%BC%E3%82%AF/
/tags/キッチンオリジン/page/1/	https://urayasu-portal.com/tags/%E3%82%AD%E3%83%83%E3%83%81%E3%83%B3%E3%82%AA%E3%83%AA%E3%82%B8%E3%83%B3/
/tags/キッチンカー/page/1/	https://urayasu-portal.com/tags/%E3%82%AD%E3%83%83%E3%83%81%E3%83%B3%E3%82%AB%E3%83%BC/
/tags/キャッシュバック/page/1/	https://urayasu-portal.com/tags/%E3%82%AD%E3%83%A3%E3%83%83%E3%82%B7%E3%83%A5%E3%83%90%E3%83%83%E3%82%AF/
/tags/キャッシュレス決済/page/1/	https://urayasu-portal.com/tags/%E3%82%AD%E3%83%A3%E3%83%83%E3%82%B7%E3%83%A5%E3%83%AC%E3%82%B9%E6%B1%BA%E6%B8%88/
/tags/キャップスクリニック市川妙典/page/1/	https://urayasu-portal.com/tags/%E3%82%AD%E3%83%A3%E3%83%83%E3%83%97%E3%82%B9%E3%82%AF%E3%83%AA%E3%83%8B%E3%83%83%E3%82%AF%E5%B8%82%E5%B7%9D%E5%A6%99%E5%85%B8/
/tags/キャリア教育/page/1/	https://urayasu-portal.com/tags/%E3%82%AD%E3%83%A3%E3%83%AA%E3%82%A2%E6%95%99%E8%82%B2/
/tags/キャンペーン/page/1/	https://urayasu-portal.com/tags/%E3%82%AD%E3%83%A3%E3%83%B3%E3%83%9A%E3%83%BC%E3%83%B3/
/tags/クライミング/page/1/	https://urayasu-portal.com/tags/%E3%82%AF%E3%83%A9%E3%82%A4%E3%83%9F%E3%83%B3%E3%82%B0/
/tags/クラシック/page/1/	https://urayasu-portal.com/tags/%E3%82%AF%E3%83%A9%E3%82%B7%E3%83%83%E3%82%AF/
/tags/クラシモスタジアム浦安/page/1/	https://urayasu-portal.com/tags/%E3%82%AF%E3%83%A9%E3%82%B7%E3%83%A2%E3%82%B9%E3%82%BF%E3%82%B8%E3%82%A2%E3%83%A0%E6%B5%A6%E5%AE%89/
/tags/クリエイターズファクトリー/page/1/	https://urayasu-portal.com/tags/%E3%82%AF%E3%83%AA%E3%82%A8%E3%82%A4%E3%82%BF%E3%83%BC%E3%82%BA%E3%83%95%E3%82%A1%E3%82%AF%E3%83%88%E3%83%AA%E3%83%BC/
/tags/クリスマス/page/1/	https://urayasu-portal.com/tags/%E3%82%AF%E3%83%AA%E3%82%B9%E3%83%9E%E3%82%B9/
/tags/クリスマスケーキ/page/1/	https://urayasu-portal.com/tags/%E3%82%AF%E3%83%AA%E3%82%B9%E3%83%9E%E3%82%B9%E3%82%B1%E3%83%BC%E3%82%AD/
/tags/クリニック/page/1/	https://urayasu-portal.com/tags/%E3%82%AF%E3%83%AA%E3%83%8B%E3%83%83%E3%82%AF/
/tags/クリーンセンター/page/1/	https://urayasu-portal.com/tags/%E3%82%AF%E3%83%AA%E3%83%BC%E3%83%B3%E3%82%BB%E3%83%B3%E3%82%BF%E3%83%BC/
/tags/グッズ/page/1/	https://urayasu-portal.com/tags/%E3%82%B0%E3%83%83%E3%82%BA/
/tags/グランカフェ/page/1/	https://urayasu-portal.com/tags/%E3%82%B0%E3%83%A9%E3%83%B3%E3%82%AB%E3%83%95%E3%82%A7/
/tags/グランサンク/page/1/	https://urayasu-portal.com/tags/%E3%82%B0%E3%83%A9%E3%83%B3%E3%82%B5%E3%83%B3%E3%82%AF/
/tags/グランドニッコー東京ベイ舞浜/page/1/	https://urayasu-portal.com/tags/%E3%82%B0%E3%83%A9%E3%83%B3%E3%83%89%E3%83%8B%E3%83%83%E3%82%B3%E3%83%BC%E6%9D%B1%E4%BA%AC%E3%83%99%E3%82%A4%E8%88%9E%E6%B5%9C/
/tags/グルメ/page/1/	https://urayasu-portal.com/tags/%E3%82%B0%E3%83%AB%E3%83%A1/
/tags/グルメイベント/page/1/	https://urayasu-portal.com/tags/%E3%82%B0%E3%83%AB%E3%83%A1%E3%82%A4%E3%83%99%E3%83%B3%E3%83%88/
/tags/グルメ券/page/1/	https://urayasu-portal.com/tags/%E3%82%B0%E3%83%AB%E3%83%A1%E5%88%B8/
/tags/ケアラー支援/page/1/	https://urayasu-portal.com/tags/%E3%82%B1%E3%82%A2%E3%83%A9%E3%83%BC%E6%94%AF%E6%8F%B4/
/tags/コスパ/page/1/	https://urayasu-portal.com/tags/%E3%82%B3%E3%82%B9%E3%83%91/
/tags/コミュニティバス/page/1/	https://urayasu-portal.com/tags/%E3%82%B3%E3%83%9F%E3%83%A5%E3%83%8B%E3%83%86%E3%82%A3%E3%83%90%E3%82%B9/
/tags/コラボルーム/page/1/	https://urayasu-portal.com/tags/%E3%82%B3%E3%83%A9%E3%83%9C%E3%83%AB%E3%83%BC%E3%83%A0/
/tags/コロット/page/1/	https://urayasu-portal.com/tags/%E3%82%B3%E3%83%AD%E3%83%83%E3%83%88/
/tags/コワーキングスペース/page/1/	https://urayasu-portal.com/tags/%E3%82%B3%E3%83%AF%E3%83%BC%E3%82%AD%E3%83%B3%E3%82%B0%E3%82%B9%E3%83%9A%E3%83%BC%E3%82%B9/
/tags/コンサート/page/1/	https://urayasu-portal.com/tags/%E3%82%B3%E3%83%B3%E3%82%B5%E3%83%BC%E3%83%88/
/tags/コンタクトレンズ/page/1/	https://urayasu-portal.com/tags/%E3%82%B3%E3%83%B3%E3%82%BF%E3%82%AF%E3%83%88%E3%83%AC%E3%83%B3%E3%82%BA/
/tags/コンビニ/page/1/	https://urayasu-portal.com/tags/%E3%82%B3%E3%83%B3%E3%83%93%E3%83%8B/
/tags/コンビニ交付/page/1/	https://urayasu-portal.com/tags/%E3%82%B3%E3%83%B3%E3%83%93%E3%83%8B%E4%BA%A4%E4%BB%98/
/tags/コンフォートスイーツ東京ベイ/page/1/	https://urayasu-portal.com/tags/%E3%82%B3%E3%83%B3%E3%83%95%E3%82%A9%E3%83%BC%E3%83%88%E3%82%B9%E3%82%A4%E3%83%BC%E3%83%84%E6%9D%B1%E4%BA%AC%E3%83%99%E3%82%A4/
/tags/コーヒースタンド/page/1/	https://urayasu-portal.com/tags/%E3%82%B3%E3%83%BC%E3%83%92%E3%83%BC%E3%82%B9%E3%82%BF%E3%83%B3%E3%83%89/
/tags/ゴルフ/page/1/	https://urayasu-portal.com/tags/%E3%82%B4%E3%83%AB%E3%83%95/
/tags/ゴンチャ/page/1/	https://urayasu-portal.com/tags/%E3%82%B4%E3%83%B3%E3%83%81%E3%83%A3/
/tags/サウナ/page/1/	https://urayasu-portal.com/tags/%E3%82%B5%E3%82%A6%E3%83%8A/
/tags/サクソフォン/page/1/	https://urayasu-portal.com/tags/%E3%82%B5%E3%82%AF%E3%82%BD%E3%83%95%E3%82%A9%E3%83%B3/
/tags/サッカー/page/1/	https://urayasu-portal.com/tags/%E3%82%B5%E3%83%83%E3%82%AB%E3%83%BC/
/tags/サマーオーシャンテーブル/page/1/	https://urayasu-portal.com/tags/%E3%82%B5%E3%83%9E%E3%83%BC%E3%82%AA%E3%83%BC%E3%82%B7%E3%83%A3%E3%83%B3%E3%83%86%E3%83%BC%E3%83%96%E3%83%AB/
/tags/サマーナイトディナー/page/1/	https://urayasu-portal.com/tags/%E3%82%B5%E3%83%9E%E3%83%BC%E3%83%8A%E3%82%A4%E3%83%88%E3%83%87%E3%82%A3%E3%83%8A%E3%83%BC/
/tags/サンドラッグ/page/1/	https://urayasu-portal.com/tags/%E3%82%B5%E3%83%B3%E3%83%89%E3%83%A9%E3%83%83%E3%82%B0/
/tags/サンドラッグ行徳店/page/1/	https://urayasu-portal.com/tags/%E3%82%B5%E3%83%B3%E3%83%89%E3%83%A9%E3%83%83%E3%82%B0%E8%A1%8C%E5%BE%B3%E5%BA%97/
/tags/ザリガニ釣り/page/1/	https://urayasu-portal.com/tags/%E3%82%B6%E3%83%AA%E3%82%AC%E3%83%8B%E9%87%A3%E3%82%8A/
/tags/シェアオフィス/page/1/	https://urayasu-portal.com/tags/%E3%82%B7%E3%82%A7%E3%82%A2%E3%82%AA%E3%83%95%E3%82%A3%E3%82%B9/
/tags/シェラトン/page/1/	https://urayasu-portal.com/tags/%E3%82%B7%E3%82%A7%E3%83%A9%E3%83%88%E3%83%B3/
/tags/シェラトングランデトーキョーベイ/page/1/	https://urayasu-portal.com/tags/%E3%82%B7%E3%82%A7%E3%83%A9%E3%83%88%E3%83%B3%E3%82%B0%E3%83%A9%E3%83%B3%E3%83%87%E3%83%88%E3%83%BC%E3%82%AD%E3%83%A7%E3%83%BC%E3%83%99%E3%82%A4/
/tags/シェラトングランデトーキョーベイホテル/page/1/	https://urayasu-portal.com/tags/%E3%82%B7%E3%82%A7%E3%83%A9%E3%83%88%E3%83%B3%E3%82%B0%E3%83%A9%E3%83%B3%E3%83%87%E3%83%88%E3%83%BC%E3%82%AD%E3%83%A7%E3%83%BC%E3%83%99%E3%82%A4%E3%83%9B%E3%83%86%E3%83%AB/
/tags/シナモンロール/page/1/	https://urayasu-portal.com/tags/%E3%82%B7%E3%83%8A%E3%83%A2%E3%83%B3%E3%83%AD%E3%83%BC%E3%83%AB/
/tags/シニア/page/1/	https://urayasu-portal.com/tags/%E3%82%B7%E3%83%8B%E3%82%A2/
/tags/シニア向け住宅/page/1/	https://urayasu-portal.com/tags/%E3%82%B7%E3%83%8B%E3%82%A2%E5%90%91%E3%81%91%E4%BD%8F%E5%AE%85/
/tags/シネマイクスピアリ/page/1/	https://urayasu-portal.com/tags/%E3%82%B7%E3%83%8D%E3%83%9E%E3%82%A4%E3%82%AF%E3%82%B9%E3%83%94%E3%82%A2%E3%83%AA/
/tags/シャインマスカット/page/1/	https://urayasu-portal.com/tags/%E3%82%B7%E3%83%A3%E3%82%A4%E3%83%B3%E3%83%9E%E3%82%B9%E3%82%AB%E3%83%83%E3%83%88/
/tags/シャトル/page/1/	https://urayasu-portal.com/tags/%E3%82%B7%E3%83%A3%E3%83%88%E3%83%AB/
/tags/シャトルバス/page/1/	https://urayasu-portal.com/tags/%E3%82%B7%E3%83%A3%E3%83%88%E3%83%AB%E3%83%90%E3%82%B9/
/tags/シャルロット/page/1/	https://urayasu-portal.com/tags/%E3%82%B7%E3%83%A3%E3%83%AB%E3%83%AD%E3%83%83%E3%83%88/
/tags/シュガーラッシュ/page/1/	https://urayasu-portal.com/tags/%E3%82%B7%E3%83%A5%E3%82%AC%E3%83%BC%E3%83%A9%E3%83%83%E3%82%B7%E3%83%A5/
/tags/ショップニュース/page/1/	https://urayasu-portal.com/tags/%E3%82%B7%E3%83%A7%E3%83%83%E3%83%97%E3%83%8B%E3%83%A5%E3%83%BC%E3%82%B9/
/tags/シーズンエンドパーティ/page/1/	https://urayasu-portal.com/tags/%E3%82%B7%E3%83%BC%E3%82%BA%E3%83%B3%E3%82%A8%E3%83%B3%E3%83%89%E3%83%91%E3%83%BC%E3%83%86%E3%82%A3/
/tags/ジェイリースfc/page/1/	https://urayasu-portal.com/tags/%E3%82%B8%E3%82%A7%E3%82%A4%E3%83%AA%E3%83%BC%E3%82%B9fc/
/tags/ジャズ/page/1/	https://urayasu-portal.com/tags/%E3%82%B8%E3%83%A3%E3%82%BA/
/tags/スイーツ/page/1/	https://urayasu-portal.com/tags/%E3%82%B9%E3%82%A4%E3%83%BC%E3%83%84/
/tags/スイーツビュッフェ/page/1/	https://urayasu-portal.com/tags/%E3%82%B9%E3%82%A4%E3%83%BC%E3%83%84%E3%83%93%E3%83%A5%E3%83%83%E3%83%95%E3%82%A7/
/tags/スイーツブッフェ/page/1/	https://urayasu-portal.com/tags/%E3%82%B9%E3%82%A4%E3%83%BC%E3%83%84%E3%83%96%E3%83%83%E3%83%95%E3%82%A7/
/tags/スカイツリー/page/1/	https://urayasu-portal.com/tags/%E3%82%B9%E3%82%AB%E3%82%A4%E3%83%84%E3%83%AA%E3%83%BC/
/tags/スタインウェイ/page/1/	https://urayasu-portal.com/tags/%E3%82%B9%E3%82%BF%E3%82%A4%E3%83%B3%E3%82%A6%E3%82%A7%E3%82%A4/
/tags/スタジアム/page/1/	https://urayasu-portal.com/tags/%E3%82%B9%E3%82%BF%E3%82%B8%E3%82%A2%E3%83%A0/
/tags/スタンバイパス/page/1/	https://urayasu-portal.com/tags/%E3%82%B9%E3%82%BF%E3%83%B3%E3%83%90%E3%82%A4%E3%83%91%E3%82%B9/
/tags/スタンプラリー/page/1/	https://urayasu-portal.com/tags/%E3%82%B9%E3%82%BF%E3%83%B3%E3%83%97%E3%83%A9%E3%83%AA%E3%83%BC/
/tags/ステージ/page/1/	https://urayasu-portal.com/tags/%E3%82%B9%E3%83%86%E3%83%BC%E3%82%B8/
/tags/スパ/page/1/	https://urayasu-portal.com/tags/%E3%82%B9%E3%83%91/
/tags/スプラッシュチャレンジ/page/1/	https://urayasu-portal.com/tags/%E3%82%B9%E3%83%97%E3%83%A9%E3%83%83%E3%82%B7%E3%83%A5%E3%83%81%E3%83%A3%E3%83%AC%E3%83%B3%E3%82%B8/
/tags/スペラボ浦安海楽店/page/1/	https://urayasu-portal.com/tags/%E3%82%B9%E3%83%9A%E3%83%A9%E3%83%9C%E6%B5%A6%E5%AE%89%E6%B5%B7%E6%A5%BD%E5%BA%97/
/tags/スペースマウンテン/page/1/	https://urayasu-portal.com/tags/%E3%82%B9%E3%83%9A%E3%83%BC%E3%82%B9%E3%83%9E%E3%82%A6%E3%83%B3%E3%83%86%E3%83%B3/
/tags/スポgomi/page/1/	https://urayasu-portal.com/tags/%E3%82%B9%E3%83%9Dgomi/
/tags/スポーツ/page/1/	https://urayasu-portal.com/tags/%E3%82%B9%E3%83%9D%E3%83%BC%E3%83%84/
/tags/スポーツイベント/page/1/	https://urayasu-portal.com/tags/%E3%82%B9%E3%83%9D%E3%83%BC%E3%83%84%E3%82%A4%E3%83%99%E3%83%B3%E3%83%88/
/tags/スポーツ施設/page/1/	https://urayasu-portal.com/tags/%E3%82%B9%E3%83%9D%E3%83%BC%E3%83%84%E6%96%BD%E8%A8%AD/
/tags/スポーツ栄養/page/1/	https://urayasu-portal.com/tags/%E3%82%B9%E3%83%9D%E3%83%BC%E3%83%84%E6%A0%84%E9%A4%8A/
/tags/スポーツ観戦/page/1/	https://urayasu-portal.com/tags/%E3%82%B9%E3%83%9D%E3%83%BC%E3%83%84%E8%A6%B3%E6%88%A6/
/tags/スマイルフライト/page/1/	https://urayasu-portal.com/tags/%E3%82%B9%E3%83%9E%E3%82%A4%E3%83%AB%E3%83%95%E3%83%A9%E3%82%A4%E3%83%88/
/tags/スマイルーフェス/page/1/	https://urayasu-portal.com/tags/%E3%82%B9%E3%83%9E%E3%82%A4%E3%83%AB%E3%83%BC%E3%83%95%E3%82%A7%E3%82%B9/
/tags/スムージー/page/1/	https://urayasu-portal.com/tags/%E3%82%B9%E3%83%A0%E3%83%BC%E3%82%B8%E3%83%BC/
/tags/スラックライン/page/1/	https://urayasu-portal.com/tags/%E3%82%B9%E3%83%A9%E3%83%83%E3%82%AF%E3%83%A9%E3%82%A4%E3%83%B3/
/tags/スワンパフェ/page/1/	https://urayasu-portal.com/tags/%E3%82%B9%E3%83%AF%E3%83%B3%E3%83%91%E3%83%95%E3%82%A7/
/tags/スーパー/page/1/	https://urayasu-portal.com/tags/%E3%82%B9%E3%83%BC%E3%83%91%E3%83%BC/
/tags/セカンドブック/page/1/	https://urayasu-portal.com/tags/%E3%82%BB%E3%82%AB%E3%83%B3%E3%83%89%E3%83%96%E3%83%83%E3%82%AF/
/tags/セグンド/page/1/	https://urayasu-portal.com/tags/%E3%82%BB%E3%82%B0%E3%83%B3%E3%83%89/
/tags/セリア/page/1/	https://urayasu-portal.com/tags/%E3%82%BB%E3%83%AA%E3%82%A2/
/tags/セール/page/1/	https://urayasu-portal.com/tags/%E3%82%BB%E3%83%BC%E3%83%AB/
/tags/タイ料理/page/1/	https://urayasu-portal.com/tags/%E3%82%BF%E3%82%A4%E6%96%99%E7%90%86/
/tags/タクシー/page/1/	https://urayasu-portal.com/tags/%E3%82%BF%E3%82%AF%E3%82%B7%E3%83%BC/
/tags/タヒチアンダンス/page/1/	https://urayasu-portal.com/tags/%E3%82%BF%E3%83%92%E3%83%81%E3%82%A2%E3%83%B3%E3%83%80%E3%83%B3%E3%82%B9/
/tags/ダイソー/page/1/	https://urayasu-portal.com/tags/%E3%83%80%E3%82%A4%E3%82%BD%E3%83%BC/
/tags/ダッフィー/page/1/	https://urayasu-portal.com/tags/%E3%83%80%E3%83%83%E3%83%95%E3%82%A3%E3%83%BC/
/tags/ダッフィーフレンズ/page/1/	https://urayasu-portal.com/tags/%E3%83%80%E3%83%83%E3%83%95%E3%82%A3%E3%83%BC%E3%83%95%E3%83%AC%E3%83%B3%E3%82%BA/
/tags/チェロ/page/1/	https://urayasu-portal.com/tags/%E3%83%81%E3%82%A7%E3%83%AD/
/tags/チケット/page/1/	https://urayasu-portal.com/tags/%E3%83%81%E3%82%B1%E3%83%83%E3%83%88/
/tags/チバテレ/page/1/	https://urayasu-portal.com/tags/%E3%83%81%E3%83%90%E3%83%86%E3%83%AC/
/tags/チャペルコンサート/page/1/	https://urayasu-portal.com/tags/%E3%83%81%E3%83%A3%E3%83%9A%E3%83%AB%E3%82%B3%E3%83%B3%E3%82%B5%E3%83%BC%E3%83%88/
/tags/チョコレート/page/1/	https://urayasu-portal.com/tags/%E3%83%81%E3%83%A7%E3%82%B3%E3%83%AC%E3%83%BC%E3%83%88/
/tags/チームラボ/page/1/	https://urayasu-portal.com/tags/%E3%83%81%E3%83%BC%E3%83%A0%E3%83%A9%E3%83%9C/
/tags/テイクアウト/page/1/	https://urayasu-portal.com/tags/%E3%83%86%E3%82%A4%E3%82%AF%E3%82%A2%E3%82%A6%E3%83%88/
/tags/テルセーロ/page/1/	https://urayasu-portal.com/tags/%E3%83%86%E3%83%AB%E3%82%BB%E3%83%BC%E3%83%AD/
/tags/テレビ/page/1/	https://urayasu-portal.com/tags/%E3%83%86%E3%83%AC%E3%83%93/
/tags/テレビ受信障害/page/1/	https://urayasu-portal.com/tags/%E3%83%86%E3%83%AC%E3%83%93%E5%8F%97%E4%BF%A1%E9%9A%9C%E5%AE%B3/
/tags/ディズニー/page/1/	https://urayasu-portal.com/tags/%E3%83%87%E3%82%A3%E3%82%BA%E3%83%8B%E3%83%BC/
/tags/ディズニーアンバサダーホテル/page/1/	https://urayasu-portal.com/tags/%E3%83%87%E3%82%A3%E3%82%BA%E3%83%8B%E3%83%BC%E3%82%A2%E3%83%B3%E3%83%90%E3%82%B5%E3%83%80%E3%83%BC%E3%83%9B%E3%83%86%E3%83%AB/
/tags/ディズニークリスマス/page/1/	https://urayasu-portal.com/tags/%E3%83%87%E3%82%A3%E3%82%BA%E3%83%8B%E3%83%BC%E3%82%AF%E3%83%AA%E3%82%B9%E3%83%9E%E3%82%B9/
/tags/ディズニーグッズ/page/1/	https://urayasu-portal.com/tags/%E3%83%87%E3%82%A3%E3%82%BA%E3%83%8B%E3%83%BC%E3%82%B0%E3%83%83%E3%82%BA/
/tags/ディズニーハロウィーン/page/1/	https://urayasu-portal.com/tags/%E3%83%87%E3%82%A3%E3%82%BA%E3%83%8B%E3%83%BC%E3%83%8F%E3%83%AD%E3%82%A6%E3%82%A3%E3%83%BC%E3%83%B3/
/tags/ディズニープレミアアクセス/page/1/	https://urayasu-portal.com/tags/%E3%83%87%E3%82%A3%E3%82%BA%E3%83%8B%E3%83%BC%E3%83%97%E3%83%AC%E3%83%9F%E3%82%A2%E3%82%A2%E3%82%AF%E3%82%BB%E3%82%B9/
/tags/ディズニーホテル/page/1/	https://urayasu-portal.com/tags/%E3%83%87%E3%82%A3%E3%82%BA%E3%83%8B%E3%83%BC%E3%83%9B%E3%83%86%E3%83%AB/
/tags/ディズニーリゾートライン/page/1/	https://urayasu-portal.com/tags/%E3%83%87%E3%82%A3%E3%82%BA%E3%83%8B%E3%83%BC%E3%83%AA%E3%82%BE%E3%83%BC%E3%83%88%E3%83%A9%E3%82%A4%E3%83%B3/
/tags/ディズニー周辺/page/1/	https://urayasu-portal.com/tags/%E3%83%87%E3%82%A3%E3%82%BA%E3%83%8B%E3%83%BC%E5%91%A8%E8%BE%BA/
/tags/ディナービュッフェ/page/1/	https://urayasu-portal.com/tags/%E3%83%87%E3%82%A3%E3%83%8A%E3%83%BC%E3%83%93%E3%83%A5%E3%83%83%E3%83%95%E3%82%A7/
/tags/デジタル化/page/1/	https://urayasu-portal.com/tags/%E3%83%87%E3%82%B8%E3%82%BF%E3%83%AB%E5%8C%96/
/tags/デフリンピック/page/1/	https://urayasu-portal.com/tags/%E3%83%87%E3%83%95%E3%83%AA%E3%83%B3%E3%83%94%E3%83%83%E3%82%AF/
/tags/デュオセーヌ新浦安/page/1/	https://urayasu-portal.com/tags/%E3%83%87%E3%83%A5%E3%82%AA%E3%82%BB%E3%83%BC%E3%83%8C%E6%96%B0%E6%B5%A6%E5%AE%89/
/tags/デンタルフェスタ/page/1/	https://urayasu-portal.com/tags/%E3%83%87%E3%83%B3%E3%82%BF%E3%83%AB%E3%83%95%E3%82%A7%E3%82%B9%E3%82%BF/
/tags/トイストーリー5/page/1/	https://urayasu-portal.com/tags/%E3%83%88%E3%82%A4%E3%82%B9%E3%83%88%E3%83%BC%E3%83%AA%E3%83%BC5/
/tags/トゥモローランド/page/1/	https://urayasu-portal.com/tags/%E3%83%88%E3%82%A5%E3%83%A2%E3%83%AD%E3%83%BC%E3%83%A9%E3%83%B3%E3%83%89/
/tags/トスティーナ/page/1/	https://urayasu-portal.com/tags/%E3%83%88%E3%82%B9%E3%83%86%E3%82%A3%E3%83%BC%E3%83%8A/
/tags/トモズ/page/1/	https://urayasu-portal.com/tags/%E3%83%88%E3%83%A2%E3%82%BA/
/tags/トライアル/page/1/	https://urayasu-portal.com/tags/%E3%83%88%E3%83%A9%E3%82%A4%E3%82%A2%E3%83%AB/
/tags/トライアル西友/page/1/	https://urayasu-portal.com/tags/%E3%83%88%E3%83%A9%E3%82%A4%E3%82%A2%E3%83%AB%E8%A5%BF%E5%8F%8B/
/tags/トライアル西友浦安店/page/1/	https://urayasu-portal.com/tags/%E3%83%88%E3%83%A9%E3%82%A4%E3%82%A2%E3%83%AB%E8%A5%BF%E5%8F%8B%E6%B5%A6%E5%AE%89%E5%BA%97/
/tags/トランクルーム/page/1/	https://urayasu-portal.com/tags/%E3%83%88%E3%83%A9%E3%83%B3%E3%82%AF%E3%83%AB%E3%83%BC%E3%83%A0/
/tags/トルコ料理/page/1/	https://urayasu-portal.com/tags/%E3%83%88%E3%83%AB%E3%82%B3%E6%96%99%E7%90%86/
/tags/トーク5050/page/1/	https://urayasu-portal.com/tags/%E3%83%88%E3%83%BC%E3%82%AF5050/
/tags/ドッグラン/page/1/	https://urayasu-portal.com/tags/%E3%83%89%E3%83%83%E3%82%B0%E3%83%A9%E3%83%B3/
/tags/ドローン/page/1/	https://urayasu-portal.com/tags/%E3%83%89%E3%83%AD%E3%83%BC%E3%83%B3/
/tags/ナナズグリーンティー/page/1/	https://urayasu-portal.com/tags/%E3%83%8A%E3%83%8A%E3%82%BA%E3%82%B0%E3%83%AA%E3%83%BC%E3%83%B3%E3%83%86%E3%82%A3%E3%83%BC/
/tags/ニコちゃんマーク/page/1/	https://urayasu-portal.com/tags/%E3%83%8B%E3%82%B3%E3%81%A1%E3%82%83%E3%82%93%E3%83%9E%E3%83%BC%E3%82%AF/
/tags/ニューコースト新浦安/page/1/	https://urayasu-portal.com/tags/%E3%83%8B%E3%83%A5%E3%83%BC%E3%82%B3%E3%83%BC%E3%82%B9%E3%83%88%E6%96%B0%E6%B5%A6%E5%AE%89/
/tags/ニュース/page/1/	https://urayasu-portal.com/tags/%E3%83%8B%E3%83%A5%E3%83%BC%E3%82%B9/
/tags/ネイティブフラワーイーダ/page/1/	https://urayasu-portal.com/tags/%E3%83%8D%E3%82%A4%E3%83%86%E3%82%A3%E3%83%96%E3%83%95%E3%83%A9%E3%83%AF%E3%83%BC%E3%82%A4%E3%83%BC%E3%83%80/
/tags/ネイル/page/1/	https://urayasu-portal.com/tags/%E3%83%8D%E3%82%A4%E3%83%AB/
/tags/ネーミングライツ/page/1/	https://urayasu-portal.com/tags/%E3%83%8D%E3%83%BC%E3%83%9F%E3%83%B3%E3%82%B0%E3%83%A9%E3%82%A4%E3%83%84/
/tags/ハイアットリージェンシー東京ベイ/page/1/	https://urayasu-portal.com/tags/%E3%83%8F%E3%82%A4%E3%82%A2%E3%83%83%E3%83%88%E3%83%AA%E3%83%BC%E3%82%B8%E3%82%A7%E3%83%B3%E3%82%B7%E3%83%BC%E6%9D%B1%E4%BA%AC%E3%83%99%E3%82%A4/
/tags/ハイハイレース/page/1/	https://urayasu-portal.com/tags/%E3%83%8F%E3%82%A4%E3%83%8F%E3%82%A4%E3%83%AC%E3%83%BC%E3%82%B9/
/tags/ハザードマップ/page/1/	https://urayasu-portal.com/tags/%E3%83%8F%E3%82%B6%E3%83%BC%E3%83%89%E3%83%9E%E3%83%83%E3%83%97/
/tags/ハッピーエントリー/page/1/	https://urayasu-portal.com/tags/%E3%83%8F%E3%83%83%E3%83%94%E3%83%BC%E3%82%A8%E3%83%B3%E3%83%88%E3%83%AA%E3%83%BC/
/tags/ハロウィン/page/1/	https://urayasu-portal.com/tags/%E3%83%8F%E3%83%AD%E3%82%A6%E3%82%A3%E3%83%B3/
/tags/ハロウィーン/page/1/	https://urayasu-portal.com/tags/%E3%83%8F%E3%83%AD%E3%82%A6%E3%82%A3%E3%83%BC%E3%83%B3/
/tags/ハワイ/page/1/	https://urayasu-portal.com/tags/%E3%83%8F%E3%83%AF%E3%82%A4/
/tags/ハワイアナス/page/1/	https://urayasu-portal.com/tags/%E3%83%8F%E3%83%AF%E3%82%A4%E3%82%A2%E3%83%8A%E3%82%B9/
/tags/ハワイアンカフェ/page/1/	https://urayasu-portal.com/tags/%E3%83%8F%E3%83%AF%E3%82%A4%E3%82%A2%E3%83%B3%E3%82%AB%E3%83%95%E3%82%A7/
/tags/ハンドメイド/page/1/	https://urayasu-portal.com/tags/%E3%83%8F%E3%83%B3%E3%83%89%E3%83%A1%E3%82%A4%E3%83%89/
/tags/ハンドメイドガーデンズ/page/1/	https://urayasu-portal.com/tags/%E3%83%8F%E3%83%B3%E3%83%89%E3%83%A1%E3%82%A4%E3%83%89%E3%82%AC%E3%83%BC%E3%83%87%E3%83%B3%E3%82%BA/
/tags/ハンバーガー/page/1/	https://urayasu-portal.com/tags/%E3%83%8F%E3%83%B3%E3%83%90%E3%83%BC%E3%82%AC%E3%83%BC/
/tags/ハートダンス/page/1/	https://urayasu-portal.com/tags/%E3%83%8F%E3%83%BC%E3%83%88%E3%83%80%E3%83%B3%E3%82%B9/
/tags/バスケットボール/page/1/	https://urayasu-portal.com/tags/%E3%83%90%E3%82%B9%E3%82%B1%E3%83%83%E3%83%88%E3%83%9C%E3%83%BC%E3%83%AB/
/tags/バスツアー/page/1/	https://urayasu-portal.com/tags/%E3%83%90%E3%82%B9%E3%83%84%E3%82%A2%E3%83%BC/
/tags/バックステージツアー/page/1/	https://urayasu-portal.com/tags/%E3%83%90%E3%83%83%E3%82%AF%E3%82%B9%E3%83%86%E3%83%BC%E3%82%B8%E3%83%84%E3%82%A2%E3%83%BC/
/tags/バリアフリー/page/1/	https://urayasu-portal.com/tags/%E3%83%90%E3%83%AA%E3%82%A2%E3%83%95%E3%83%AA%E3%83%BC/
/tags/バリアフリー上映会/page/1/	https://urayasu-portal.com/tags/%E3%83%90%E3%83%AA%E3%82%A2%E3%83%95%E3%83%AA%E3%83%BC%E4%B8%8A%E6%98%A0%E4%BC%9A/
/tags/バリアフリー演劇/page/1/	https://urayasu-portal.com/tags/%E3%83%90%E3%83%AA%E3%82%A2%E3%83%95%E3%83%AA%E3%83%BC%E6%BC%94%E5%8A%87/
/tags/バルドラール浦安/page/1/	https://urayasu-portal.com/tags/%E3%83%90%E3%83%AB%E3%83%89%E3%83%A9%E3%83%BC%E3%83%AB%E6%B5%A6%E5%AE%89/
/tags/バルドラール浦安アリーナ/page/1/	https://urayasu-portal.com/tags/%E3%83%90%E3%83%AB%E3%83%89%E3%83%A9%E3%83%BC%E3%83%AB%E6%B5%A6%E5%AE%89%E3%82%A2%E3%83%AA%E3%83%BC%E3%83%8A/
/tags/バルドラール浦安デフィオ/page/1/	https://urayasu-portal.com/tags/%E3%83%90%E3%83%AB%E3%83%89%E3%83%A9%E3%83%BC%E3%83%AB%E6%B5%A6%E5%AE%89%E3%83%87%E3%83%95%E3%82%A3%E3%82%AA/
/tags/バルドラール浦安ラスボニータス/page/1/	https://urayasu-portal.com/tags/%E3%83%90%E3%83%AB%E3%83%89%E3%83%A9%E3%83%BC%E3%83%AB%E6%B5%A6%E5%AE%89%E3%83%A9%E3%82%B9%E3%83%9C%E3%83%8B%E3%83%BC%E3%82%BF%E3%82%B9/
/tags/バレーボール/page/1/	https://urayasu-portal.com/tags/%E3%83%90%E3%83%AC%E3%83%BC%E3%83%9C%E3%83%BC%E3%83%AB/
/tags/バー/page/1/	https://urayasu-portal.com/tags/%E3%83%90%E3%83%BC/
/tags/パティシエ体験/page/1/	https://urayasu-portal.com/tags/%E3%83%91%E3%83%86%E3%82%A3%E3%82%B7%E3%82%A8%E4%BD%93%E9%A8%93/
/tags/パパブブレ/page/1/	https://urayasu-portal.com/tags/%E3%83%91%E3%83%91%E3%83%96%E3%83%96%E3%83%AC/
/tags/パブリックコメント/page/1/	https://urayasu-portal.com/tags/%E3%83%91%E3%83%96%E3%83%AA%E3%83%83%E3%82%AF%E3%82%B3%E3%83%A1%E3%83%B3%E3%83%88/
/tags/パブリックビューイング/page/1/	https://urayasu-portal.com/tags/%E3%83%91%E3%83%96%E3%83%AA%E3%83%83%E3%82%AF%E3%83%93%E3%83%A5%E3%83%BC%E3%82%A4%E3%83%B3%E3%82%B0/
/tags/パラスポーツ/page/1/	https://urayasu-portal.com/tags/%E3%83%91%E3%83%A9%E3%82%B9%E3%83%9D%E3%83%BC%E3%83%84/
/tags/パラリンピック/page/1/	https://urayasu-portal.com/tags/%E3%83%91%E3%83%A9%E3%83%AA%E3%83%B3%E3%83%94%E3%83%83%E3%82%AF/
/tags/パンどろぼう/page/1/	https://urayasu-portal.com/tags/%E3%83%91%E3%83%B3%E3%81%A9%E3%82%8D%E3%81%BC%E3%81%86/
/tags/パンケーキ/page/1/	https://urayasu-portal.com/tags/%E3%83%91%E3%83%B3%E3%82%B1%E3%83%BC%E3%82%AD/
/tags/パークチケット/page/1/	https://urayasu-portal.com/tags/%E3%83%91%E3%83%BC%E3%82%AF%E3%83%81%E3%82%B1%E3%83%83%E3%83%88/
/tags/パーソナルジム/page/1/	https://urayasu-portal.com/tags/%E3%83%91%E3%83%BC%E3%82%BD%E3%83%8A%E3%83%AB%E3%82%B8%E3%83%A0/
/tags/パートナーホテル/page/1/	https://urayasu-portal.com/tags/%E3%83%91%E3%83%BC%E3%83%88%E3%83%8A%E3%83%BC%E3%83%9B%E3%83%86%E3%83%AB/
/tags/ヒルトン/page/1/	https://urayasu-portal.com/tags/%E3%83%92%E3%83%AB%E3%83%88%E3%83%B3/
/tags/ヒルトン東京ベイ/page/1/	https://urayasu-portal.com/tags/%E3%83%92%E3%83%AB%E3%83%88%E3%83%B3%E6%9D%B1%E4%BA%AC%E3%83%99%E3%82%A4/
/tags/ビオトープ観察会/page/1/	https://urayasu-portal.com/tags/%E3%83%93%E3%82%AA%E3%83%88%E3%83%BC%E3%83%97%E8%A6%B3%E5%AF%9F%E4%BC%9A/
/tags/ビュッフェ/page/1/	https://urayasu-portal.com/tags/%E3%83%93%E3%83%A5%E3%83%83%E3%83%95%E3%82%A7/
/tags/ビューティーヘルス/page/1/	https://urayasu-portal.com/tags/%E3%83%93%E3%83%A5%E3%83%BC%E3%83%86%E3%82%A3%E3%83%BC%E3%83%98%E3%83%AB%E3%82%B9/
/tags/ビーナスプラザ/page/1/	https://urayasu-portal.com/tags/%E3%83%93%E3%83%BC%E3%83%8A%E3%82%B9%E3%83%97%E3%83%A9%E3%82%B6/
/tags/ビームス-舞浜/page/1/	https://urayasu-portal.com/tags/%E3%83%93%E3%83%BC%E3%83%A0%E3%82%B9-%E8%88%9E%E6%B5%9C/
/tags/ピアノ/page/1/	https://urayasu-portal.com/tags/%E3%83%94%E3%82%A2%E3%83%8E/
/tags/ピアリガチャ/page/1/	https://urayasu-portal.com/tags/%E3%83%94%E3%82%A2%E3%83%AA%E3%82%AC%E3%83%81%E3%83%A3/
/tags/ピュアクラシック/page/1/	https://urayasu-portal.com/tags/%E3%83%94%E3%83%A5%E3%82%A2%E3%82%AF%E3%83%A9%E3%82%B7%E3%83%83%E3%82%AF/
/tags/ピラティス/page/1/	https://urayasu-portal.com/tags/%E3%83%94%E3%83%A9%E3%83%86%E3%82%A3%E3%82%B9/
/tags/ファイナルセール/page/1/	https://urayasu-portal.com/tags/%E3%83%95%E3%82%A1%E3%82%A4%E3%83%8A%E3%83%AB%E3%82%BB%E3%83%BC%E3%83%AB/
/tags/ファッション/page/1/	https://urayasu-portal.com/tags/%E3%83%95%E3%82%A1%E3%83%83%E3%82%B7%E3%83%A7%E3%83%B3/
/tags/ファミリーサポートセンター/page/1/	https://urayasu-portal.com/tags/%E3%83%95%E3%82%A1%E3%83%9F%E3%83%AA%E3%83%BC%E3%82%B5%E3%83%9D%E3%83%BC%E3%83%88%E3%82%BB%E3%83%B3%E3%82%BF%E3%83%BC/
/tags/ファミリービュッフェ/page/1/	https://urayasu-portal.com/tags/%E3%83%95%E3%82%A1%E3%83%9F%E3%83%AA%E3%83%BC%E3%83%93%E3%83%A5%E3%83%83%E3%83%95%E3%82%A7/
/tags/ファミリーマート/page/1/	https://urayasu-portal.com/tags/%E3%83%95%E3%82%A1%E3%83%9F%E3%83%AA%E3%83%BC%E3%83%9E%E3%83%BC%E3%83%88/
/tags/ファンクラブ/page/1/	https://urayasu-portal.com/tags/%E3%83%95%E3%82%A1%E3%83%B3%E3%82%AF%E3%83%A9%E3%83%96/
/tags/ファン感謝祭/page/1/	https://urayasu-portal.com/tags/%E3%83%95%E3%82%A1%E3%83%B3%E6%84%9F%E8%AC%9D%E7%A5%AD/
/tags/ファーム/page/1/	https://urayasu-portal.com/tags/%E3%83%95%E3%82%A1%E3%83%BC%E3%83%A0/
/tags/フィットネス/page/1/	https://urayasu-portal.com/tags/%E3%83%95%E3%82%A3%E3%83%83%E3%83%88%E3%83%8D%E3%82%B9/
/tags/フィント/page/1/	https://urayasu-portal.com/tags/%E3%83%95%E3%82%A3%E3%83%B3%E3%83%88/
/tags/フウガドールすみだ/page/1/	https://urayasu-portal.com/tags/%E3%83%95%E3%82%A6%E3%82%AC%E3%83%89%E3%83%BC%E3%83%AB%E3%81%99%E3%81%BF%E3%81%A0/
/tags/フォトスポット/page/1/	https://urayasu-portal.com/tags/%E3%83%95%E3%82%A9%E3%83%88%E3%82%B9%E3%83%9D%E3%83%83%E3%83%88/
/tags/フォンタナ/page/1/	https://urayasu-portal.com/tags/%E3%83%95%E3%82%A9%E3%83%B3%E3%82%BF%E3%83%8A/
/tags/フットサル/page/1/	https://urayasu-portal.com/tags/%E3%83%95%E3%83%83%E3%83%88%E3%82%B5%E3%83%AB/
/tags/フラ/page/1/	https://urayasu-portal.com/tags/%E3%83%95%E3%83%A9/
/tags/フラワー通り/page/1/	https://urayasu-portal.com/tags/%E3%83%95%E3%83%A9%E3%83%AF%E3%83%BC%E9%80%9A%E3%82%8A/
/tags/フランス菓子/page/1/	https://urayasu-portal.com/tags/%E3%83%95%E3%83%A9%E3%83%B3%E3%82%B9%E8%8F%93%E5%AD%90/
/tags/フリガナ/page/1/	https://urayasu-portal.com/tags/%E3%83%95%E3%83%AA%E3%82%AC%E3%83%8A/
/tags/フリーマーケット/page/1/	https://urayasu-portal.com/tags/%E3%83%95%E3%83%AA%E3%83%BC%E3%83%9E%E3%83%BC%E3%82%B1%E3%83%83%E3%83%88/
/tags/フルート/page/1/	https://urayasu-portal.com/tags/%E3%83%95%E3%83%AB%E3%83%BC%E3%83%88/
/tags/ブッフェ/page/1/	https://urayasu-portal.com/tags/%E3%83%96%E3%83%83%E3%83%95%E3%82%A7/
/tags/ブリオベッカ浦安市川/page/1/	https://urayasu-portal.com/tags/%E3%83%96%E3%83%AA%E3%82%AA%E3%83%99%E3%83%83%E3%82%AB%E6%B5%A6%E5%AE%89%E5%B8%82%E5%B7%9D/
/tags/ブリングザリズム/page/1/	https://urayasu-portal.com/tags/%E3%83%96%E3%83%AA%E3%83%B3%E3%82%B0%E3%82%B6%E3%83%AA%E3%82%BA%E3%83%A0/
/tags/ブールミッシュ/page/1/	https://urayasu-portal.com/tags/%E3%83%96%E3%83%BC%E3%83%AB%E3%83%9F%E3%83%83%E3%82%B7%E3%83%A5/
/tags/プライムタワー新浦安/page/1/	https://urayasu-portal.com/tags/%E3%83%97%E3%83%A9%E3%82%A4%E3%83%A0%E3%82%BF%E3%83%AF%E3%83%BC%E6%96%B0%E6%B5%A6%E5%AE%89/
/tags/プラハチェロリパブリック/page/1/	https://urayasu-portal.com/tags/%E3%83%97%E3%83%A9%E3%83%8F%E3%83%81%E3%82%A7%E3%83%AD%E3%83%AA%E3%83%91%E3%83%96%E3%83%AA%E3%83%83%E3%82%AF/
/tags/プリズムネクスト/page/1/	https://urayasu-portal.com/tags/%E3%83%97%E3%83%AA%E3%82%BA%E3%83%A0%E3%83%8D%E3%82%AF%E3%82%B9%E3%83%88/
/tags/プリメーロ/page/1/	https://urayasu-portal.com/tags/%E3%83%97%E3%83%AA%E3%83%A1%E3%83%BC%E3%83%AD/
/tags/プレシーズンマッチ/page/1/	https://urayasu-portal.com/tags/%E3%83%97%E3%83%AC%E3%82%B7%E3%83%BC%E3%82%BA%E3%83%B3%E3%83%9E%E3%83%83%E3%83%81/
/tags/プログラミング/page/1/	https://urayasu-portal.com/tags/%E3%83%97%E3%83%AD%E3%82%B0%E3%83%A9%E3%83%9F%E3%83%B3%E3%82%B0/
/tags/プロテイン/page/1/	https://urayasu-portal.com/tags/%E3%83%97%E3%83%AD%E3%83%86%E3%82%A4%E3%83%B3/
/tags/プロ棋士/page/1/	https://urayasu-portal.com/tags/%E3%83%97%E3%83%AD%E6%A3%8B%E5%A3%AB/
/tags/プロ野球/page/1/	https://urayasu-portal.com/tags/%E3%83%97%E3%83%AD%E9%87%8E%E7%90%83/
/tags/プール/page/1/	https://urayasu-portal.com/tags/%E3%83%97%E3%83%BC%E3%83%AB/
/tags/ベイシティ浦安/page/1/	https://urayasu-portal.com/tags/%E3%83%99%E3%82%A4%E3%82%B7%E3%83%86%E3%82%A3%E6%B5%A6%E5%AE%89/
/tags/ベトナム料理/page/1/	https://urayasu-portal.com/tags/%E3%83%99%E3%83%88%E3%83%8A%E3%83%A0%E6%96%99%E7%90%86/
/tags/ベビーカー/page/1/	https://urayasu-portal.com/tags/%E3%83%99%E3%83%93%E3%83%BC%E3%82%AB%E3%83%BC/
/tags/ペスカドーラ町田/page/1/	https://urayasu-portal.com/tags/%E3%83%9A%E3%82%B9%E3%82%AB%E3%83%89%E3%83%BC%E3%83%A9%E7%94%BA%E7%94%B0/
/tags/ペット/page/1/	https://urayasu-portal.com/tags/%E3%83%9A%E3%83%83%E3%83%88/
/tags/ホテル/page/1/	https://urayasu-portal.com/tags/%E3%83%9B%E3%83%86%E3%83%AB/
/tags/ホテルイベント/page/1/	https://urayasu-portal.com/tags/%E3%83%9B%E3%83%86%E3%83%AB%E3%82%A4%E3%83%99%E3%83%B3%E3%83%88/
/tags/ホテルエミオン東京ベイ/page/1/	https://urayasu-portal.com/tags/%E3%83%9B%E3%83%86%E3%83%AB%E3%82%A8%E3%83%9F%E3%82%AA%E3%83%B3%E6%9D%B1%E4%BA%AC%E3%83%99%E3%82%A4/
/tags/ホテルオークラ東京ベイ/page/1/	https://urayasu-portal.com/tags/%E3%83%9B%E3%83%86%E3%83%AB%E3%82%AA%E3%83%BC%E3%82%AF%E3%83%A9%E6%9D%B1%E4%BA%AC%E3%83%99%E3%82%A4/
/tags/ホテルグルメ/page/1/	https://urayasu-portal.com/tags/%E3%83%9B%E3%83%86%E3%83%AB%E3%82%B0%E3%83%AB%E3%83%A1/
/tags/ホテルスイーツ/page/1/	https://urayasu-portal.com/tags/%E3%83%9B%E3%83%86%E3%83%AB%E3%82%B9%E3%82%A4%E3%83%BC%E3%83%84/
/tags/ホテルビュッフェ/page/1/	https://urayasu-portal.com/tags/%E3%83%9B%E3%83%86%E3%83%AB%E3%83%93%E3%83%A5%E3%83%83%E3%83%95%E3%82%A7/
/tags/ホテルブッフェ/page/1/	https://urayasu-portal.com/tags/%E3%83%9B%E3%83%86%E3%83%AB%E3%83%96%E3%83%83%E3%83%95%E3%82%A7/
/tags/ホテルランチ/page/1/	https://urayasu-portal.com/tags/%E3%83%9B%E3%83%86%E3%83%AB%E3%83%A9%E3%83%B3%E3%83%81/
/tags/ホテルレストラン/page/1/	https://urayasu-portal.com/tags/%E3%83%9B%E3%83%86%E3%83%AB%E3%83%AC%E3%82%B9%E3%83%88%E3%83%A9%E3%83%B3/
/tags/ホテル宿泊/page/1/	https://urayasu-portal.com/tags/%E3%83%9B%E3%83%86%E3%83%AB%E5%AE%BF%E6%B3%8A/
/tags/ホテル送迎/page/1/	https://urayasu-portal.com/tags/%E3%83%9B%E3%83%86%E3%83%AB%E9%80%81%E8%BF%8E/
/tags/ホルモン将龍苑/page/1/	https://urayasu-portal.com/tags/%E3%83%9B%E3%83%AB%E3%83%A2%E3%83%B3%E5%B0%86%E9%BE%8D%E8%8B%91/
/tags/ホルン/page/1/	https://urayasu-portal.com/tags/%E3%83%9B%E3%83%AB%E3%83%B3/
/tags/ホームゲーム/page/1/	https://urayasu-portal.com/tags/%E3%83%9B%E3%83%BC%E3%83%A0%E3%82%B2%E3%83%BC%E3%83%A0/
/tags/ボッチャ/page/1/	https://urayasu-portal.com/tags/%E3%83%9C%E3%83%83%E3%83%81%E3%83%A3/
/tags/ボードゲーム/page/1/	https://urayasu-portal.com/tags/%E3%83%9C%E3%83%BC%E3%83%89%E3%82%B2%E3%83%BC%E3%83%A0/
/tags/ポイント還元/page/1/	https://urayasu-portal.com/tags/%E3%83%9D%E3%82%A4%E3%83%B3%E3%83%88%E9%82%84%E5%85%83/
/tags/ポップアップ/page/1/	https://urayasu-portal.com/tags/%E3%83%9D%E3%83%83%E3%83%97%E3%82%A2%E3%83%83%E3%83%97/
/tags/マイナンバー/page/1/	https://urayasu-portal.com/tags/%E3%83%9E%E3%82%A4%E3%83%8A%E3%83%B3%E3%83%90%E3%83%BC/
/tags/マイナンバーカード/page/1/	https://urayasu-portal.com/tags/%E3%83%9E%E3%82%A4%E3%83%8A%E3%83%B3%E3%83%90%E3%83%BC%E3%82%AB%E3%83%BC%E3%83%89/
/tags/マイポータル/page/1/	https://urayasu-portal.com/tags/%E3%83%9E%E3%82%A4%E3%83%9D%E3%83%BC%E3%82%BF%E3%83%AB/
/tags/マジカルベイク/page/1/	https://urayasu-portal.com/tags/%E3%83%9E%E3%82%B8%E3%82%AB%E3%83%AB%E3%83%99%E3%82%A4%E3%82%AF/
/tags/マスクメロン/page/1/	https://urayasu-portal.com/tags/%E3%83%9E%E3%82%B9%E3%82%AF%E3%83%A1%E3%83%AD%E3%83%B3/
/tags/マラサダ/page/1/	https://urayasu-portal.com/tags/%E3%83%9E%E3%83%A9%E3%82%B5%E3%83%80/
/tags/マリンフェスティバル2026/page/1/	https://urayasu-portal.com/tags/%E3%83%9E%E3%83%AA%E3%83%B3%E3%83%95%E3%82%A7%E3%82%B9%E3%83%86%E3%82%A3%E3%83%90%E3%83%AB2026/
/tags/マルエツ行徳店/page/1/	https://urayasu-portal.com/tags/%E3%83%9E%E3%83%AB%E3%82%A8%E3%83%84%E8%A1%8C%E5%BE%B3%E5%BA%97/
/tags/マルシェ/page/1/	https://urayasu-portal.com/tags/%E3%83%9E%E3%83%AB%E3%82%B7%E3%82%A7/
/tags/マンション/page/1/	https://urayasu-portal.com/tags/%E3%83%9E%E3%83%B3%E3%82%B7%E3%83%A7%E3%83%B3/
/tags/マーヴ浦安/page/1/	https://urayasu-portal.com/tags/%E3%83%9E%E3%83%BC%E3%83%B4%E6%B5%A6%E5%AE%89/
/tags/ムーミン/page/1/	https://urayasu-portal.com/tags/%E3%83%A0%E3%83%BC%E3%83%9F%E3%83%B3/
/tags/メディアリテラシー/page/1/	https://urayasu-portal.com/tags/%E3%83%A1%E3%83%87%E3%82%A3%E3%82%A2%E3%83%AA%E3%83%86%E3%83%A9%E3%82%B7%E3%83%BC/
/tags/メトロセンター南行徳/page/1/	https://urayasu-portal.com/tags/%E3%83%A1%E3%83%88%E3%83%AD%E3%82%BB%E3%83%B3%E3%82%BF%E3%83%BC%E5%8D%97%E8%A1%8C%E5%BE%B3/
/tags/メルセデスベンツ浦安/page/1/	https://urayasu-portal.com/tags/%E3%83%A1%E3%83%AB%E3%82%BB%E3%83%87%E3%82%B9%E3%83%99%E3%83%B3%E3%83%84%E6%B5%A6%E5%AE%89/
/tags/モンブラン/page/1/	https://urayasu-portal.com/tags/%E3%83%A2%E3%83%B3%E3%83%96%E3%83%A9%E3%83%B3/
/tags/ヤマザキショップ島村/page/1/	https://urayasu-portal.com/tags/%E3%83%A4%E3%83%9E%E3%82%B6%E3%82%AD%E3%82%B7%E3%83%A7%E3%83%83%E3%83%97%E5%B3%B6%E6%9D%91/
/tags/ヨガ/page/1/	https://urayasu-portal.com/tags/%E3%83%A8%E3%82%AC/
/tags/ライブ/page/1/	https://urayasu-portal.com/tags/%E3%83%A9%E3%82%A4%E3%83%96/
/tags/ライブビューイング/page/1/	https://urayasu-portal.com/tags/%E3%83%A9%E3%82%A4%E3%83%96%E3%83%93%E3%83%A5%E3%83%BC%E3%82%A4%E3%83%B3%E3%82%B0/
/tags/ラグビー/page/1/	https://urayasu-portal.com/tags/%E3%83%A9%E3%82%B0%E3%83%93%E3%83%BC/
/tags/ラグビー日本代表/page/1/	https://urayasu-portal.com/tags/%E3%83%A9%E3%82%B0%E3%83%93%E3%83%BC%E6%97%A5%E6%9C%AC%E4%BB%A3%E8%A1%A8/
/tags/ラスチュラス/page/1/	https://urayasu-portal.com/tags/%E3%83%A9%E3%82%B9%E3%83%81%E3%83%A5%E3%83%A9%E3%82%B9/
/tags/ラスボニータス/page/1/	https://urayasu-portal.com/tags/%E3%83%A9%E3%82%B9%E3%83%9C%E3%83%8B%E3%83%BC%E3%82%BF%E3%82%B9/
/tags/ラトリエドゥノノ/page/1/	https://urayasu-portal.com/tags/%E3%83%A9%E3%83%88%E3%83%AA%E3%82%A8%E3%83%89%E3%82%A5%E3%83%8E%E3%83%8E/
/tags/ラーメン/page/1/	https://urayasu-portal.com/tags/%E3%83%A9%E3%83%BC%E3%83%A1%E3%83%B3/
/tags/リサイクル/page/1/	https://urayasu-portal.com/tags/%E3%83%AA%E3%82%B5%E3%82%A4%E3%82%AF%E3%83%AB/
/tags/リゾートウオーク/page/1/	https://urayasu-portal.com/tags/%E3%83%AA%E3%82%BE%E3%83%BC%E3%83%88%E3%82%A6%E3%82%AA%E3%83%BC%E3%82%AF/
/tags/リゾートゲートウェイステーション/page/1/	https://urayasu-portal.com/tags/%E3%83%AA%E3%82%BE%E3%83%BC%E3%83%88%E3%82%B2%E3%83%BC%E3%83%88%E3%82%A6%E3%82%A7%E3%82%A4%E3%82%B9%E3%83%86%E3%83%BC%E3%82%B7%E3%83%A7%E3%83%B3/
/tags/リゾートライナー/page/1/	https://urayasu-portal.com/tags/%E3%83%AA%E3%82%BE%E3%83%BC%E3%83%88%E3%83%A9%E3%82%A4%E3%83%8A%E3%83%BC/
/tags/リトルマーメイド/page/1/	https://urayasu-portal.com/tags/%E3%83%AA%E3%83%88%E3%83%AB%E3%83%9E%E3%83%BC%E3%83%A1%E3%82%A4%E3%83%89/
/tags/リニューアル/page/1/	https://urayasu-portal.com/tags/%E3%83%AA%E3%83%8B%E3%83%A5%E3%83%BC%E3%82%A2%E3%83%AB/
/tags/リニューアルオープン/page/1/	https://urayasu-portal.com/tags/%E3%83%AA%E3%83%8B%E3%83%A5%E3%83%BC%E3%82%A2%E3%83%AB%E3%82%AA%E3%83%BC%E3%83%97%E3%83%B3/
/tags/リムジンバス/page/1/	https://urayasu-portal.com/tags/%E3%83%AA%E3%83%A0%E3%82%B8%E3%83%B3%E3%83%90%E3%82%B9/
/tags/リメンバーミー/page/1/	https://urayasu-portal.com/tags/%E3%83%AA%E3%83%A1%E3%83%B3%E3%83%90%E3%83%BC%E3%83%9F%E3%83%BC/
/tags/リユース/page/1/	https://urayasu-portal.com/tags/%E3%83%AA%E3%83%A6%E3%83%BC%E3%82%B9/
/tags/リーグワン/page/1/	https://urayasu-portal.com/tags/%E3%83%AA%E3%83%BC%E3%82%B0%E3%83%AF%E3%83%B3/
/tags/リーフラス/page/1/	https://urayasu-portal.com/tags/%E3%83%AA%E3%83%BC%E3%83%95%E3%83%A9%E3%82%B9/
/tags/ルジャルダン/page/1/	https://urayasu-portal.com/tags/%E3%83%AB%E3%82%B8%E3%83%A3%E3%83%AB%E3%83%80%E3%83%B3/
/tags/ルーフトップバー/page/1/	https://urayasu-portal.com/tags/%E3%83%AB%E3%83%BC%E3%83%95%E3%83%88%E3%83%83%E3%83%97%E3%83%90%E3%83%BC/
/tags/レイトナイトテーブル/page/1/	https://urayasu-portal.com/tags/%E3%83%AC%E3%82%A4%E3%83%88%E3%83%8A%E3%82%A4%E3%83%88%E3%83%86%E3%83%BC%E3%83%96%E3%83%AB/
/tags/レストラン/page/1/	https://urayasu-portal.com/tags/%E3%83%AC%E3%82%B9%E3%83%88%E3%83%A9%E3%83%B3/
/tags/ワイン/page/1/	https://urayasu-portal.com/tags/%E3%83%AF%E3%82%A4%E3%83%B3/
/tags/ワンコインコンサート/page/1/	https://urayasu-portal.com/tags/%E3%83%AF%E3%83%B3%E3%82%B3%E3%82%A4%E3%83%B3%E3%82%B3%E3%83%B3%E3%82%B5%E3%83%BC%E3%83%88/
/tags/ワークショップ/page/1/	https://urayasu-portal.com/tags/%E3%83%AF%E3%83%BC%E3%82%AF%E3%82%B7%E3%83%A7%E3%83%83%E3%83%97/
/tags/ヴァイオリン/page/1/	https://urayasu-portal.com/tags/%E3%83%B4%E3%82%A1%E3%82%A4%E3%82%AA%E3%83%AA%E3%83%B3/
/tags/一時休業/page/1/	https://urayasu-portal.com/tags/%E4%B8%80%E6%99%82%E4%BC%91%E6%A5%AD/
/tags/一時移転/page/1/	https://urayasu-portal.com/tags/%E4%B8%80%E6%99%82%E7%A7%BB%E8%BB%A2/
/tags/一般競争入札/page/1/	https://urayasu-portal.com/tags/%E4%B8%80%E8%88%AC%E7%AB%B6%E4%BA%89%E5%85%A5%E6%9C%AD/
/tags/七夕/page/1/	https://urayasu-portal.com/tags/%E4%B8%83%E5%A4%95/
/tags/万華郷跡地/page/1/	https://urayasu-portal.com/tags/%E4%B8%87%E8%8F%AF%E9%83%B7%E8%B7%A1%E5%9C%B0/
/tags/三井ガーデン/page/1/	https://urayasu-portal.com/tags/%E4%B8%89%E4%BA%95%E3%82%AC%E3%83%BC%E3%83%87%E3%83%B3/
/tags/三井ガーデンホテルプラナ東京ベイ/page/1/	https://urayasu-portal.com/tags/%E4%B8%89%E4%BA%95%E3%82%AC%E3%83%BC%E3%83%87%E3%83%B3%E3%83%9B%E3%83%86%E3%83%AB%E3%83%97%E3%83%A9%E3%83%8A%E6%9D%B1%E4%BA%AC%E3%83%99%E3%82%A4/
/tags/三枚堂達也/page/1/	https://urayasu-portal.com/tags/%E4%B8%89%E6%9E%9A%E5%A0%82%E9%81%94%E4%B9%9F/
/tags/三番瀬/page/1/	https://urayasu-portal.com/tags/%E4%B8%89%E7%95%AA%E7%80%AC/
/tags/三番瀬環境観察館/page/1/	https://urayasu-portal.com/tags/%E4%B8%89%E7%95%AA%E7%80%AC%E7%92%B0%E5%A2%83%E8%A6%B3%E5%AF%9F%E9%A4%A8/
/tags/三遊亭小遊三/page/1/	https://urayasu-portal.com/tags/%E4%B8%89%E9%81%8A%E4%BA%AD%E5%B0%8F%E9%81%8A%E4%B8%89/
/tags/不妊検査/page/1/	https://urayasu-portal.com/tags/%E4%B8%8D%E5%A6%8A%E6%A4%9C%E6%9F%BB/
/tags/不妊検査費助成/page/1/	https://urayasu-portal.com/tags/%E4%B8%8D%E5%A6%8A%E6%A4%9C%E6%9F%BB%E8%B2%BB%E5%8A%A9%E6%88%90/
/tags/不審メール/page/1/	https://urayasu-portal.com/tags/%E4%B8%8D%E5%AF%A9%E3%83%A1%E3%83%BC%E3%83%AB/
/tags/不登校/page/1/	https://urayasu-portal.com/tags/%E4%B8%8D%E7%99%BB%E6%A0%A1/
/tags/不登校支援/page/1/	https://urayasu-portal.com/tags/%E4%B8%8D%E7%99%BB%E6%A0%A1%E6%94%AF%E6%8F%B4/
/tags/中国料理/page/1/	https://urayasu-portal.com/tags/%E4%B8%AD%E5%9B%BD%E6%96%99%E7%90%86/
/tags/中央公園/page/1/	https://urayasu-portal.com/tags/%E4%B8%AD%E5%A4%AE%E5%85%AC%E5%9C%92/
/tags/中央公民館/page/1/	https://urayasu-portal.com/tags/%E4%B8%AD%E5%A4%AE%E5%85%AC%E6%B0%91%E9%A4%A8/
/tags/中央図書館/page/1/	https://urayasu-portal.com/tags/%E4%B8%AD%E5%A4%AE%E5%9B%B3%E6%9B%B8%E9%A4%A8/
/tags/中学校/page/1/	https://urayasu-portal.com/tags/%E4%B8%AD%E5%AD%A6%E6%A0%A1/
/tags/中学生/page/1/	https://urayasu-portal.com/tags/%E4%B8%AD%E5%AD%A6%E7%94%9F/
/tags/中華まん/page/1/	https://urayasu-portal.com/tags/%E4%B8%AD%E8%8F%AF%E3%81%BE%E3%82%93/
/tags/中華惣菜/page/1/	https://urayasu-portal.com/tags/%E4%B8%AD%E8%8F%AF%E6%83%A3%E8%8F%9C/
/tags/中華料理/page/1/	https://urayasu-portal.com/tags/%E4%B8%AD%E8%8F%AF%E6%96%99%E7%90%86/
/tags/丸善舞浜イクスピアリ店/page/1/	https://urayasu-portal.com/tags/%E4%B8%B8%E5%96%84%E8%88%9E%E6%B5%9C%E3%82%A4%E3%82%AF%E3%82%B9%E3%83%94%E3%82%A2%E3%83%AA%E5%BA%97/
/tags/乗合屋形船/page/1/	https://urayasu-portal.com/tags/%E4%B9%97%E5%90%88%E5%B1%8B%E5%BD%A2%E8%88%B9/
/tags/九州うまか市/page/1/	https://urayasu-portal.com/tags/%E4%B9%9D%E5%B7%9E%E3%81%86%E3%81%BE%E3%81%8B%E5%B8%82/
/tags/乳幼児/page/1/	https://urayasu-portal.com/tags/%E4%B9%B3%E5%B9%BC%E5%85%90/
/tags/予防接種/page/1/	https://urayasu-portal.com/tags/%E4%BA%88%E9%98%B2%E6%8E%A5%E7%A8%AE/
/tags/交通/page/1/	https://urayasu-portal.com/tags/%E4%BA%A4%E9%80%9A/
/tags/交通ルール/page/1/	https://urayasu-portal.com/tags/%E4%BA%A4%E9%80%9A%E3%83%AB%E3%83%BC%E3%83%AB/
/tags/交通事故/page/1/	https://urayasu-portal.com/tags/%E4%BA%A4%E9%80%9A%E4%BA%8B%E6%95%85/
/tags/交通公園/page/1/	https://urayasu-portal.com/tags/%E4%BA%A4%E9%80%9A%E5%85%AC%E5%9C%92/
/tags/交通安全/page/1/	https://urayasu-portal.com/tags/%E4%BA%A4%E9%80%9A%E5%AE%89%E5%85%A8/
/tags/交通規制/page/1/	https://urayasu-portal.com/tags/%E4%BA%A4%E9%80%9A%E8%A6%8F%E5%88%B6/
/tags/京はやしや/page/1/	https://urayasu-portal.com/tags/%E4%BA%AC%E3%81%AF%E3%82%84%E3%81%97%E3%82%84/
/tags/京成バス/page/1/	https://urayasu-portal.com/tags/%E4%BA%AC%E6%88%90%E3%83%90%E3%82%B9/
/tags/京葉ガス/page/1/	https://urayasu-portal.com/tags/%E4%BA%AC%E8%91%89%E3%82%AC%E3%82%B9/
/tags/京葉ガスクラシモスタジアム浦安/page/1/	https://urayasu-portal.com/tags/%E4%BA%AC%E8%91%89%E3%82%AC%E3%82%B9%E3%82%AF%E3%83%A9%E3%82%B7%E3%83%A2%E3%82%B9%E3%82%BF%E3%82%B8%E3%82%A2%E3%83%A0%E6%B5%A6%E5%AE%89/
/tags/京葉線/page/1/	https://urayasu-portal.com/tags/%E4%BA%AC%E8%91%89%E7%B7%9A/
/tags/京都物産展/page/1/	https://urayasu-portal.com/tags/%E4%BA%AC%E9%83%BD%E7%89%A9%E7%94%A3%E5%B1%95/
/tags/介護/page/1/	https://urayasu-portal.com/tags/%E4%BB%8B%E8%AD%B7/
/tags/介護保険/page/1/	https://urayasu-portal.com/tags/%E4%BB%8B%E8%AD%B7%E4%BF%9D%E9%99%BA/
/tags/仮装/page/1/	https://urayasu-portal.com/tags/%E4%BB%AE%E8%A3%85/
/tags/休息日/page/1/	https://urayasu-portal.com/tags/%E4%BC%91%E6%81%AF%E6%97%A5/
/tags/休日診療/page/1/	https://urayasu-portal.com/tags/%E4%BC%91%E6%97%A5%E8%A8%BA%E7%99%82/
/tags/会計/page/1/	https://urayasu-portal.com/tags/%E4%BC%9A%E8%A8%88/
/tags/佃煮づくり体験教室/page/1/	https://urayasu-portal.com/tags/%E4%BD%83%E7%85%AE%E3%81%A5%E3%81%8F%E3%82%8A%E4%BD%93%E9%A8%93%E6%95%99%E5%AE%A4/
/tags/住まい/page/1/	https://urayasu-portal.com/tags/%E4%BD%8F%E3%81%BE%E3%81%84/
/tags/住み続けたい街/page/1/	https://urayasu-portal.com/tags/%E4%BD%8F%E3%81%BF%E7%B6%9A%E3%81%91%E3%81%9F%E3%81%84%E8%A1%97/
/tags/住民票/page/1/	https://urayasu-portal.com/tags/%E4%BD%8F%E6%B0%91%E7%A5%A8/
/tags/住民税/page/1/	https://urayasu-portal.com/tags/%E4%BD%8F%E6%B0%91%E7%A8%8E/
/tags/体育館で楽しく遊ぼう/page/1/	https://urayasu-portal.com/tags/%E4%BD%93%E8%82%B2%E9%A4%A8%E3%81%A7%E6%A5%BD%E3%81%97%E3%81%8F%E9%81%8A%E3%81%BC%E3%81%86/
/tags/体験教室/page/1/	https://urayasu-portal.com/tags/%E4%BD%93%E9%A8%93%E6%95%99%E5%AE%A4/
/tags/保育園/page/1/	https://urayasu-portal.com/tags/%E4%BF%9D%E8%82%B2%E5%9C%92/
/tags/保育料/page/1/	https://urayasu-portal.com/tags/%E4%BF%9D%E8%82%B2%E6%96%99/
/tags/修学旅行/page/1/	https://urayasu-portal.com/tags/%E4%BF%AE%E5%AD%A6%E6%97%85%E8%A1%8C/
/tags/個人開放/page/1/	https://urayasu-portal.com/tags/%E5%80%8B%E4%BA%BA%E9%96%8B%E6%94%BE/
/tags/健康/page/1/	https://urayasu-portal.com/tags/%E5%81%A5%E5%BA%B7/
/tags/健康センター/page/1/	https://urayasu-portal.com/tags/%E5%81%A5%E5%BA%B7%E3%82%BB%E3%83%B3%E3%82%BF%E3%83%BC/
/tags/健診/page/1/	https://urayasu-portal.com/tags/%E5%81%A5%E8%A8%BA/
/tags/児玉麻里/page/1/	https://urayasu-portal.com/tags/%E5%85%90%E7%8E%89%E9%BA%BB%E9%87%8C/
/tags/児童センター/page/1/	https://urayasu-portal.com/tags/%E5%85%90%E7%AB%A5%E3%82%BB%E3%83%B3%E3%82%BF%E3%83%BC/
/tags/児童手当/page/1/	https://urayasu-portal.com/tags/%E5%85%90%E7%AB%A5%E6%89%8B%E5%BD%93/
/tags/入園/page/1/	https://urayasu-portal.com/tags/%E5%85%A5%E5%9C%92/
/tags/入学/page/1/	https://urayasu-portal.com/tags/%E5%85%A5%E5%AD%A6/
/tags/入学準備金/page/1/	https://urayasu-portal.com/tags/%E5%85%A5%E5%AD%A6%E6%BA%96%E5%82%99%E9%87%91/
/tags/入替戦/page/1/	https://urayasu-portal.com/tags/%E5%85%A5%E6%9B%BF%E6%88%A6/
/tags/入船/page/1/	https://urayasu-portal.com/tags/%E5%85%A5%E8%88%B9/
/tags/入船小学校/page/1/	https://urayasu-portal.com/tags/%E5%85%A5%E8%88%B9%E5%B0%8F%E5%AD%A6%E6%A0%A1/
/tags/全国大会/page/1/	https://urayasu-portal.com/tags/%E5%85%A8%E5%9B%BD%E5%A4%A7%E4%BC%9A/
/tags/全国少年消防クラブ交流大会/page/1/	https://urayasu-portal.com/tags/%E5%85%A8%E5%9B%BD%E5%B0%91%E5%B9%B4%E6%B6%88%E9%98%B2%E3%82%AF%E3%83%A9%E3%83%96%E4%BA%A4%E6%B5%81%E5%A4%A7%E4%BC%9A/
/tags/全日本u-18フットサル選手権/page/1/	https://urayasu-portal.com/tags/%E5%85%A8%E6%97%A5%E6%9C%ACu-18%E3%83%95%E3%83%83%E3%83%88%E3%82%B5%E3%83%AB%E9%81%B8%E6%89%8B%E6%A8%A9/
/tags/全館休業/page/1/	https://urayasu-portal.com/tags/%E5%85%A8%E9%A4%A8%E4%BC%91%E6%A5%AD/
/tags/公共交通/page/1/	https://urayasu-portal.com/tags/%E5%85%AC%E5%85%B1%E4%BA%A4%E9%80%9A/
/tags/公共施設/page/1/	https://urayasu-portal.com/tags/%E5%85%AC%E5%85%B1%E6%96%BD%E8%A8%AD/
/tags/公共施設予約/page/1/	https://urayasu-portal.com/tags/%E5%85%AC%E5%85%B1%E6%96%BD%E8%A8%AD%E4%BA%88%E7%B4%84/
/tags/公園/page/1/	https://urayasu-portal.com/tags/%E5%85%AC%E5%9C%92/
/tags/公民館/page/1/	https://urayasu-portal.com/tags/%E5%85%AC%E6%B0%91%E9%A4%A8/
/tags/公用車/page/1/	https://urayasu-portal.com/tags/%E5%85%AC%E7%94%A8%E8%BB%8A/
/tags/公開練習/page/1/	https://urayasu-portal.com/tags/%E5%85%AC%E9%96%8B%E7%B7%B4%E7%BF%92/
/tags/内田市長/page/1/	https://urayasu-portal.com/tags/%E5%86%85%E7%94%B0%E5%B8%82%E9%95%B7/
/tags/内田悦嗣/page/1/	https://urayasu-portal.com/tags/%E5%86%85%E7%94%B0%E6%82%A6%E5%97%A3/
/tags/内科/page/1/	https://urayasu-portal.com/tags/%E5%86%85%E7%A7%91/
/tags/再整備/page/1/	https://urayasu-portal.com/tags/%E5%86%8D%E6%95%B4%E5%82%99/
/tags/再生自転車/page/1/	https://urayasu-portal.com/tags/%E5%86%8D%E7%94%9F%E8%87%AA%E8%BB%A2%E8%BB%8A/
/tags/出店者募集/page/1/	https://urayasu-portal.com/tags/%E5%87%BA%E5%BA%97%E8%80%85%E5%8B%9F%E9%9B%86/
/tags/出張理髪/page/1/	https://urayasu-portal.com/tags/%E5%87%BA%E5%BC%B5%E7%90%86%E9%AB%AA/
/tags/出演者募集/page/1/	https://urayasu-portal.com/tags/%E5%87%BA%E6%BC%94%E8%80%85%E5%8B%9F%E9%9B%86/
/tags/出産/page/1/	https://urayasu-portal.com/tags/%E5%87%BA%E7%94%A3/
/tags/出産後の支援/page/1/	https://urayasu-portal.com/tags/%E5%87%BA%E7%94%A3%E5%BE%8C%E3%81%AE%E6%94%AF%E6%8F%B4/
/tags/前夜祭/page/1/	https://urayasu-portal.com/tags/%E5%89%8D%E5%A4%9C%E7%A5%AD/
/tags/劇団四季/page/1/	https://urayasu-portal.com/tags/%E5%8A%87%E5%9B%A3%E5%9B%9B%E5%AD%A3/
/tags/募集/page/1/	https://urayasu-portal.com/tags/%E5%8B%9F%E9%9B%86/
/tags/北栄/page/1/	https://urayasu-portal.com/tags/%E5%8C%97%E6%A0%84/
/tags/北海道グルメ/page/1/	https://urayasu-portal.com/tags/%E5%8C%97%E6%B5%B7%E9%81%93%E3%82%B0%E3%83%AB%E3%83%A1/
/tags/北海道フェア/page/1/	https://urayasu-portal.com/tags/%E5%8C%97%E6%B5%B7%E9%81%93%E3%83%95%E3%82%A7%E3%82%A2/
/tags/北辰鮨/page/1/	https://urayasu-portal.com/tags/%E5%8C%97%E8%BE%B0%E9%AE%A8/
/tags/匠妙典駅前整体院/page/1/	https://urayasu-portal.com/tags/%E5%8C%A0%E5%A6%99%E5%85%B8%E9%A7%85%E5%89%8D%E6%95%B4%E4%BD%93%E9%99%A2/
/tags/匠新浦安駅前整体院/page/1/	https://urayasu-portal.com/tags/%E5%8C%A0%E6%96%B0%E6%B5%A6%E5%AE%89%E9%A7%85%E5%89%8D%E6%95%B4%E4%BD%93%E9%99%A2/
/tags/医療/page/1/	https://urayasu-portal.com/tags/%E5%8C%BB%E7%99%82/
/tags/医療費/page/1/	https://urayasu-portal.com/tags/%E5%8C%BB%E7%99%82%E8%B2%BB/
/tags/千葉ロッテマリーンズ/page/1/	https://urayasu-portal.com/tags/%E5%8D%83%E8%91%89%E3%83%AD%E3%83%83%E3%83%86%E3%83%9E%E3%83%AA%E3%83%BC%E3%83%B3%E3%82%BA/
/tags/千葉県/page/1/	https://urayasu-portal.com/tags/%E5%8D%83%E8%91%89%E7%9C%8C/
/tags/千葉県グルメ/page/1/	https://urayasu-portal.com/tags/%E5%8D%83%E8%91%89%E7%9C%8C%E3%82%B0%E3%83%AB%E3%83%A1/
/tags/千葉県グルメフェア/page/1/	https://urayasu-portal.com/tags/%E5%8D%83%E8%91%89%E7%9C%8C%E3%82%B0%E3%83%AB%E3%83%A1%E3%83%95%E3%82%A7%E3%82%A2/
/tags/千葉県代表/page/1/	https://urayasu-portal.com/tags/%E5%8D%83%E8%91%89%E7%9C%8C%E4%BB%A3%E8%A1%A8/
/tags/千葉県初/page/1/	https://urayasu-portal.com/tags/%E5%8D%83%E8%91%89%E7%9C%8C%E5%88%9D/
/tags/千葉県営水道/page/1/	https://urayasu-portal.com/tags/%E5%8D%83%E8%91%89%E7%9C%8C%E5%96%B6%E6%B0%B4%E9%81%93/
/tags/千葉県産/page/1/	https://urayasu-portal.com/tags/%E5%8D%83%E8%91%89%E7%9C%8C%E7%94%A3/
/tags/千葉県産食材/page/1/	https://urayasu-portal.com/tags/%E5%8D%83%E8%91%89%E7%9C%8C%E7%94%A3%E9%A3%9F%E6%9D%90/
/tags/千葉県知事/page/1/	https://urayasu-portal.com/tags/%E5%8D%83%E8%91%89%E7%9C%8C%E7%9F%A5%E4%BA%8B/
/tags/千葉県警/page/1/	https://urayasu-portal.com/tags/%E5%8D%83%E8%91%89%E7%9C%8C%E8%AD%A6/
/tags/千葉豪雨/page/1/	https://urayasu-portal.com/tags/%E5%8D%83%E8%91%89%E8%B1%AA%E9%9B%A8/
/tags/千鳥/page/1/	https://urayasu-portal.com/tags/%E5%8D%83%E9%B3%A5/
/tags/卓球/page/1/	https://urayasu-portal.com/tags/%E5%8D%93%E7%90%83/
/tags/南行徳/page/1/	https://urayasu-portal.com/tags/%E5%8D%97%E8%A1%8C%E5%BE%B3/
/tags/南行徳駅/page/1/	https://urayasu-portal.com/tags/%E5%8D%97%E8%A1%8C%E5%BE%B3%E9%A7%85/
/tags/単身/page/1/	https://urayasu-portal.com/tags/%E5%8D%98%E8%BA%AB/
/tags/原爆平和展/page/1/	https://urayasu-portal.com/tags/%E5%8E%9F%E7%88%86%E5%B9%B3%E5%92%8C%E5%B1%95/
/tags/収集日/page/1/	https://urayasu-portal.com/tags/%E5%8F%8E%E9%9B%86%E6%97%A5/
/tags/古民家カフェ/page/1/	https://urayasu-portal.com/tags/%E5%8F%A4%E6%B0%91%E5%AE%B6%E3%82%AB%E3%83%95%E3%82%A7/
/tags/古着/page/1/	https://urayasu-portal.com/tags/%E5%8F%A4%E7%9D%80/
/tags/台風/page/1/	https://urayasu-portal.com/tags/%E5%8F%B0%E9%A2%A8/
/tags/台風25号/page/1/	https://urayasu-portal.com/tags/%E5%8F%B0%E9%A2%A825%E5%8F%B7/
/tags/台風26号/page/1/	https://urayasu-portal.com/tags/%E5%8F%B0%E9%A2%A826%E5%8F%B7/
/tags/台風6号/page/1/	https://urayasu-portal.com/tags/%E5%8F%B0%E9%A2%A86%E5%8F%B7/
/tags/吉木りさ/page/1/	https://urayasu-portal.com/tags/%E5%90%89%E6%9C%A8%E3%82%8A%E3%81%95/
/tags/名作アニメ/page/1/	https://urayasu-portal.com/tags/%E5%90%8D%E4%BD%9C%E3%82%A2%E3%83%8B%E3%83%A1/
/tags/名古屋オーシャンズ/page/1/	https://urayasu-portal.com/tags/%E5%90%8D%E5%8F%A4%E5%B1%8B%E3%82%AA%E3%83%BC%E3%82%B7%E3%83%A3%E3%83%B3%E3%82%BA/
/tags/吹奏楽/page/1/	https://urayasu-portal.com/tags/%E5%90%B9%E5%A5%8F%E6%A5%BD/
/tags/和菓子/page/1/	https://urayasu-portal.com/tags/%E5%92%8C%E8%8F%93%E5%AD%90/
/tags/和雑貨/page/1/	https://urayasu-portal.com/tags/%E5%92%8C%E9%9B%91%E8%B2%A8/
/tags/和食/page/1/	https://urayasu-portal.com/tags/%E5%92%8C%E9%A3%9F/
/tags/和麺-善/page/1/	https://urayasu-portal.com/tags/%E5%92%8C%E9%BA%BA-%E5%96%84/
/tags/商品券/page/1/	https://urayasu-portal.com/tags/%E5%95%86%E5%93%81%E5%88%B8/
/tags/商店街/page/1/	https://urayasu-portal.com/tags/%E5%95%86%E5%BA%97%E8%A1%97/
/tags/商業施設/page/1/	https://urayasu-portal.com/tags/%E5%95%86%E6%A5%AD%E6%96%BD%E8%A8%AD/
/tags/喫茶さくら/page/1/	https://urayasu-portal.com/tags/%E5%96%AB%E8%8C%B6%E3%81%95%E3%81%8F%E3%82%89/
/tags/営業再開/page/1/	https://urayasu-portal.com/tags/%E5%96%B6%E6%A5%AD%E5%86%8D%E9%96%8B/
/tags/四国味めぐり/page/1/	https://urayasu-portal.com/tags/%E5%9B%9B%E5%9B%BD%E5%91%B3%E3%82%81%E3%81%90%E3%82%8A/
/tags/図書館/page/1/	https://urayasu-portal.com/tags/%E5%9B%B3%E6%9B%B8%E9%A4%A8/
/tags/国民健康保険/page/1/	https://urayasu-portal.com/tags/%E5%9B%BD%E6%B0%91%E5%81%A5%E5%BA%B7%E4%BF%9D%E9%99%BA/
/tags/国民年金/page/1/	https://urayasu-portal.com/tags/%E5%9B%BD%E6%B0%91%E5%B9%B4%E9%87%91/
/tags/国立競技場/page/1/	https://urayasu-portal.com/tags/%E5%9B%BD%E7%AB%8B%E7%AB%B6%E6%8A%80%E5%A0%B4/
/tags/国際交流/page/1/	https://urayasu-portal.com/tags/%E5%9B%BD%E9%9A%9B%E4%BA%A4%E6%B5%81/
/tags/在宅医療/page/1/	https://urayasu-portal.com/tags/%E5%9C%A8%E5%AE%85%E5%8C%BB%E7%99%82/
/tags/在宅支援/page/1/	https://urayasu-portal.com/tags/%E5%9C%A8%E5%AE%85%E6%94%AF%E6%8F%B4/
/tags/地下鉄博物館/page/1/	https://urayasu-portal.com/tags/%E5%9C%B0%E4%B8%8B%E9%89%84%E5%8D%9A%E7%89%A9%E9%A4%A8/
/tags/地域イベント/page/1/	https://urayasu-portal.com/tags/%E5%9C%B0%E5%9F%9F%E3%82%A4%E3%83%99%E3%83%B3%E3%83%88/
/tags/地域クラブ/page/1/	https://urayasu-portal.com/tags/%E5%9C%B0%E5%9F%9F%E3%82%AF%E3%83%A9%E3%83%96/
/tags/地域ニュース/page/1/	https://urayasu-portal.com/tags/%E5%9C%B0%E5%9F%9F%E3%83%8B%E3%83%A5%E3%83%BC%E3%82%B9/
/tags/地域交流/page/1/	https://urayasu-portal.com/tags/%E5%9C%B0%E5%9F%9F%E4%BA%A4%E6%B5%81/
/tags/地域包括支援センター/page/1/	https://urayasu-portal.com/tags/%E5%9C%B0%E5%9F%9F%E5%8C%85%E6%8B%AC%E6%94%AF%E6%8F%B4%E3%82%BB%E3%83%B3%E3%82%BF%E3%83%BC/
/tags/地域活動/page/1/	https://urayasu-portal.com/tags/%E5%9C%B0%E5%9F%9F%E6%B4%BB%E5%8B%95/
/tags/地域貢献/page/1/	https://urayasu-portal.com/tags/%E5%9C%B0%E5%9F%9F%E8%B2%A2%E7%8C%AE/
/tags/地域連携/page/1/	https://urayasu-portal.com/tags/%E5%9C%B0%E5%9F%9F%E9%80%A3%E6%90%BA/
/tags/地酒のワンダーランド夢遊/page/1/	https://urayasu-portal.com/tags/%E5%9C%B0%E9%85%92%E3%81%AE%E3%83%AF%E3%83%B3%E3%83%80%E3%83%BC%E3%83%A9%E3%83%B3%E3%83%89%E5%A4%A2%E9%81%8A/
/tags/地震/page/1/	https://urayasu-portal.com/tags/%E5%9C%B0%E9%9C%87/
/tags/堀江/page/1/	https://urayasu-portal.com/tags/%E5%A0%80%E6%B1%9F/
/tags/堀江橋/page/1/	https://urayasu-portal.com/tags/%E5%A0%80%E6%B1%9F%E6%A9%8B/
/tags/境川/page/1/	https://urayasu-portal.com/tags/%E5%A2%83%E5%B7%9D/
/tags/境川で天の川/page/1/	https://urayasu-portal.com/tags/%E5%A2%83%E5%B7%9D%E3%81%A7%E5%A4%A9%E3%81%AE%E5%B7%9D/
/tags/境川みんなのかわまちマルシェ/page/1/	https://urayasu-portal.com/tags/%E5%A2%83%E5%B7%9D%E3%81%BF%E3%82%93%E3%81%AA%E3%81%AE%E3%81%8B%E3%82%8F%E3%81%BE%E3%81%A1%E3%83%9E%E3%83%AB%E3%82%B7%E3%82%A7/
/tags/境川クリーンアップ/page/1/	https://urayasu-portal.com/tags/%E5%A2%83%E5%B7%9D%E3%82%AF%E3%83%AA%E3%83%BC%E3%83%B3%E3%82%A2%E3%83%83%E3%83%97/
/tags/境川公園/page/1/	https://urayasu-portal.com/tags/%E5%A2%83%E5%B7%9D%E5%85%AC%E5%9C%92/
/tags/墓地/page/1/	https://urayasu-portal.com/tags/%E5%A2%93%E5%9C%B0/
/tags/夏イベント/page/1/	https://urayasu-portal.com/tags/%E5%A4%8F%E3%82%A4%E3%83%99%E3%83%B3%E3%83%88/
/tags/夏フェス/page/1/	https://urayasu-portal.com/tags/%E5%A4%8F%E3%83%95%E3%82%A7%E3%82%B9/
/tags/夏休み/page/1/	https://urayasu-portal.com/tags/%E5%A4%8F%E4%BC%91%E3%81%BF/
/tags/夏休みイベント/page/1/	https://urayasu-portal.com/tags/%E5%A4%8F%E4%BC%91%E3%81%BF%E3%82%A4%E3%83%99%E3%83%B3%E3%83%88/
/tags/夏祭り/page/1/	https://urayasu-portal.com/tags/%E5%A4%8F%E7%A5%AD%E3%82%8A/
/tags/多世代交流/page/1/	https://urayasu-portal.com/tags/%E5%A4%9A%E4%B8%96%E4%BB%A3%E4%BA%A4%E6%B5%81/
/tags/夜景/page/1/	https://urayasu-portal.com/tags/%E5%A4%9C%E6%99%AF/
/tags/夜間診療/page/1/	https://urayasu-portal.com/tags/%E5%A4%9C%E9%96%93%E8%A8%BA%E7%99%82/
/tags/夢の島競技場/page/1/	https://urayasu-portal.com/tags/%E5%A4%A2%E3%81%AE%E5%B3%B6%E7%AB%B6%E6%8A%80%E5%A0%B4/
/tags/大浴場/page/1/	https://urayasu-portal.com/tags/%E5%A4%A7%E6%B5%B4%E5%A0%B4/
/tags/大盤解説会/page/1/	https://urayasu-portal.com/tags/%E5%A4%A7%E7%9B%A4%E8%A7%A3%E8%AA%AC%E4%BC%9A/
/tags/大雨/page/1/	https://urayasu-portal.com/tags/%E5%A4%A7%E9%9B%A8/
/tags/大雨危険警報/page/1/	https://urayasu-portal.com/tags/%E5%A4%A7%E9%9B%A8%E5%8D%B1%E9%99%BA%E8%AD%A6%E5%A0%B1/
/tags/天皇杯/page/1/	https://urayasu-portal.com/tags/%E5%A4%A9%E7%9A%87%E6%9D%AF/
/tags/奨学金/page/1/	https://urayasu-portal.com/tags/%E5%A5%A8%E5%AD%A6%E9%87%91/
/tags/女子fリーグ/page/1/	https://urayasu-portal.com/tags/%E5%A5%B3%E5%AD%90f%E3%83%AA%E3%83%BC%E3%82%B0/
/tags/妊娠/page/1/	https://urayasu-portal.com/tags/%E5%A6%8A%E5%A8%A0/
/tags/妊活/page/1/	https://urayasu-portal.com/tags/%E5%A6%8A%E6%B4%BB/
/tags/妙典/page/1/	https://urayasu-portal.com/tags/%E5%A6%99%E5%85%B8/
/tags/妙典3丁目/page/1/	https://urayasu-portal.com/tags/%E5%A6%99%E5%85%B83%E4%B8%81%E7%9B%AE/
/tags/妙典駅/page/1/	https://urayasu-portal.com/tags/%E5%A6%99%E5%85%B8%E9%A7%85/
/tags/子ども/page/1/	https://urayasu-portal.com/tags/%E5%AD%90%E3%81%A9%E3%82%82/
/tags/子どもイベント/page/1/	https://urayasu-portal.com/tags/%E5%AD%90%E3%81%A9%E3%82%82%E3%82%A4%E3%83%99%E3%83%B3%E3%83%88/
/tags/子ども医療費/page/1/	https://urayasu-portal.com/tags/%E5%AD%90%E3%81%A9%E3%82%82%E5%8C%BB%E7%99%82%E8%B2%BB/
/tags/子ども医療費助成/page/1/	https://urayasu-portal.com/tags/%E5%AD%90%E3%81%A9%E3%82%82%E5%8C%BB%E7%99%82%E8%B2%BB%E5%8A%A9%E6%88%90/
/tags/子ども向け/page/1/	https://urayasu-portal.com/tags/%E5%AD%90%E3%81%A9%E3%82%82%E5%90%91%E3%81%91/
/tags/子ども向けイベント/page/1/	https://urayasu-portal.com/tags/%E5%AD%90%E3%81%A9%E3%82%82%E5%90%91%E3%81%91%E3%82%A4%E3%83%99%E3%83%B3%E3%83%88/
/tags/子ども神輿/page/1/	https://urayasu-portal.com/tags/%E5%AD%90%E3%81%A9%E3%82%82%E7%A5%9E%E8%BC%BF/
/tags/子ども防災教室/page/1/	https://urayasu-portal.com/tags/%E5%AD%90%E3%81%A9%E3%82%82%E9%98%B2%E7%81%BD%E6%95%99%E5%AE%A4/
/tags/子育て/page/1/	https://urayasu-portal.com/tags/%E5%AD%90%E8%82%B2%E3%81%A6/
/tags/子育てイベント/page/1/	https://urayasu-portal.com/tags/%E5%AD%90%E8%82%B2%E3%81%A6%E3%82%A4%E3%83%99%E3%83%B3%E3%83%88/
/tags/子育て支援/page/1/	https://urayasu-portal.com/tags/%E5%AD%90%E8%82%B2%E3%81%A6%E6%94%AF%E6%8F%B4/
/tags/子育て支援センター/page/1/	https://urayasu-portal.com/tags/%E5%AD%90%E8%82%B2%E3%81%A6%E6%94%AF%E6%8F%B4%E3%82%BB%E3%83%B3%E3%82%BF%E3%83%BC/
/tags/子育て教育/page/1/	https://urayasu-portal.com/tags/%E5%AD%90%E8%82%B2%E3%81%A6%E6%95%99%E8%82%B2/
/tags/子連れ/page/1/	https://urayasu-portal.com/tags/%E5%AD%90%E9%80%A3%E3%82%8C/
/tags/子連れ観戦/page/1/	https://urayasu-portal.com/tags/%E5%AD%90%E9%80%A3%E3%82%8C%E8%A6%B3%E6%88%A6/
/tags/学びの多様化学校/page/1/	https://urayasu-portal.com/tags/%E5%AD%A6%E3%81%B3%E3%81%AE%E5%A4%9A%E6%A7%98%E5%8C%96%E5%AD%A6%E6%A0%A1/
/tags/学校/page/1/	https://urayasu-portal.com/tags/%E5%AD%A6%E6%A0%A1/
/tags/学童/page/1/	https://urayasu-portal.com/tags/%E5%AD%A6%E7%AB%A5/
/tags/学習スペース/page/1/	https://urayasu-portal.com/tags/%E5%AD%A6%E7%BF%92%E3%82%B9%E3%83%9A%E3%83%BC%E3%82%B9/
/tags/定食/page/1/	https://urayasu-portal.com/tags/%E5%AE%9A%E9%A3%9F/
/tags/宝探し/page/1/	https://urayasu-portal.com/tags/%E5%AE%9D%E6%8E%A2%E3%81%97/
/tags/室屋義秀/page/1/	https://urayasu-portal.com/tags/%E5%AE%A4%E5%B1%8B%E7%BE%A9%E7%A7%80/
/tags/宿泊プラン/page/1/	https://urayasu-portal.com/tags/%E5%AE%BF%E6%B3%8A%E3%83%97%E3%83%A9%E3%83%B3/
/tags/宿泊税/page/1/	https://urayasu-portal.com/tags/%E5%AE%BF%E6%B3%8A%E7%A8%8E/
/tags/宿題/page/1/	https://urayasu-portal.com/tags/%E5%AE%BF%E9%A1%8C/
/tags/寄付/page/1/	https://urayasu-portal.com/tags/%E5%AF%84%E4%BB%98/
/tags/富岡/page/1/	https://urayasu-portal.com/tags/%E5%AF%8C%E5%B2%A1/
/tags/富岡秋祭り/page/1/	https://urayasu-portal.com/tags/%E5%AF%8C%E5%B2%A1%E7%A7%8B%E7%A5%AD%E3%82%8A/
/tags/寿司/page/1/	https://urayasu-portal.com/tags/%E5%AF%BF%E5%8F%B8/
/tags/将棋/page/1/	https://urayasu-portal.com/tags/%E5%B0%86%E6%A3%8B/
/tags/小中学生/page/1/	https://urayasu-portal.com/tags/%E5%B0%8F%E4%B8%AD%E5%AD%A6%E7%94%9F/
/tags/小児科/page/1/	https://urayasu-portal.com/tags/%E5%B0%8F%E5%85%90%E7%A7%91/
/tags/小学校/page/1/	https://urayasu-portal.com/tags/%E5%B0%8F%E5%AD%A6%E6%A0%A1/
/tags/小学生/page/1/	https://urayasu-portal.com/tags/%E5%B0%8F%E5%AD%A6%E7%94%9F/
/tags/少年消防団/page/1/	https://urayasu-portal.com/tags/%E5%B0%91%E5%B9%B4%E6%B6%88%E9%98%B2%E5%9B%A3/
/tags/就学援助/page/1/	https://urayasu-portal.com/tags/%E5%B0%B1%E5%AD%A6%E6%8F%B4%E5%8A%A9/
/tags/就職説明会/page/1/	https://urayasu-portal.com/tags/%E5%B0%B1%E8%81%B7%E8%AA%AC%E6%98%8E%E4%BC%9A/
/tags/居酒屋/page/1/	https://urayasu-portal.com/tags/%E5%B1%85%E9%85%92%E5%B1%8B/
/tags/居酒屋屋久島/page/1/	https://urayasu-portal.com/tags/%E5%B1%85%E9%85%92%E5%B1%8B%E5%B1%8B%E4%B9%85%E5%B3%B6/
/tags/屋内スポット/page/1/	https://urayasu-portal.com/tags/%E5%B1%8B%E5%86%85%E3%82%B9%E3%83%9D%E3%83%83%E3%83%88/
/tags/屋内遊び場/page/1/	https://urayasu-portal.com/tags/%E5%B1%8B%E5%86%85%E9%81%8A%E3%81%B3%E5%A0%B4/
/tags/屋形船/page/1/	https://urayasu-portal.com/tags/%E5%B1%8B%E5%BD%A2%E8%88%B9/
/tags/山田中学校/page/1/	https://urayasu-portal.com/tags/%E5%B1%B1%E7%94%B0%E4%B8%AD%E5%AD%A6%E6%A0%A1/
/tags/岡本拓也/page/1/	https://urayasu-portal.com/tags/%E5%B2%A1%E6%9C%AC%E6%8B%93%E4%B9%9F/
/tags/岡田謹製あんバタ屋/page/1/	https://urayasu-portal.com/tags/%E5%B2%A1%E7%94%B0%E8%AC%B9%E8%A3%BD%E3%81%82%E3%82%93%E3%83%90%E3%82%BF%E5%B1%8B/
/tags/岩盤浴/page/1/	https://urayasu-portal.com/tags/%E5%B2%A9%E7%9B%A4%E6%B5%B4/
/tags/島村菓子店/page/1/	https://urayasu-portal.com/tags/%E5%B3%B6%E6%9D%91%E8%8F%93%E5%AD%90%E5%BA%97/
/tags/崎陽軒/page/1/	https://urayasu-portal.com/tags/%E5%B4%8E%E9%99%BD%E8%BB%92/
/tags/市原碧/page/1/	https://urayasu-portal.com/tags/%E5%B8%82%E5%8E%9F%E7%A2%A7/
/tags/市川妙典おがわ泌尿器科内科/page/1/	https://urayasu-portal.com/tags/%E5%B8%82%E5%B7%9D%E5%A6%99%E5%85%B8%E3%81%8A%E3%81%8C%E3%82%8F%E6%B3%8C%E5%B0%BF%E5%99%A8%E7%A7%91%E5%86%85%E7%A7%91/
/tags/市川市/page/1/	https://urayasu-portal.com/tags/%E5%B8%82%E5%B7%9D%E5%B8%82/
/tags/市川市末広/page/1/	https://urayasu-portal.com/tags/%E5%B8%82%E5%B7%9D%E5%B8%82%E6%9C%AB%E5%BA%83/
/tags/市役所/page/1/	https://urayasu-portal.com/tags/%E5%B8%82%E5%BD%B9%E6%89%80/
/tags/市政/page/1/	https://urayasu-portal.com/tags/%E5%B8%82%E6%94%BF/
/tags/市政情報/page/1/	https://urayasu-portal.com/tags/%E5%B8%82%E6%94%BF%E6%83%85%E5%A0%B1/
/tags/市民プラザwave101/page/1/	https://urayasu-portal.com/tags/%E5%B8%82%E6%B0%91%E3%83%97%E3%83%A9%E3%82%B6wave101/
/tags/市民公開講座/page/1/	https://urayasu-portal.com/tags/%E5%B8%82%E6%B0%91%E5%85%AC%E9%96%8B%E8%AC%9B%E5%BA%A7/
/tags/市民税/page/1/	https://urayasu-portal.com/tags/%E5%B8%82%E6%B0%91%E7%A8%8E/
/tags/市民課/page/1/	https://urayasu-portal.com/tags/%E5%B8%82%E6%B0%91%E8%AA%B2/
/tags/市立幼稚園/page/1/	https://urayasu-portal.com/tags/%E5%B8%82%E7%AB%8B%E5%B9%BC%E7%A8%9A%E5%9C%92/
/tags/市長訪問/page/1/	https://urayasu-portal.com/tags/%E5%B8%82%E9%95%B7%E8%A8%AA%E5%95%8F/
/tags/平和/page/1/	https://urayasu-portal.com/tags/%E5%B9%B3%E5%92%8C/
/tags/平和のつどい/page/1/	https://urayasu-portal.com/tags/%E5%B9%B3%E5%92%8C%E3%81%AE%E3%81%A4%E3%81%A9%E3%81%84/
/tags/平和学習/page/1/	https://urayasu-portal.com/tags/%E5%B9%B3%E5%92%8C%E5%AD%A6%E7%BF%92/
/tags/幼稚園/page/1/	https://urayasu-portal.com/tags/%E5%B9%BC%E7%A8%9A%E5%9C%92/
/tags/廃食油/page/1/	https://urayasu-portal.com/tags/%E5%BB%83%E9%A3%9F%E6%B2%B9/
/tags/弁天/page/1/	https://urayasu-portal.com/tags/%E5%BC%81%E5%A4%A9/
/tags/弁天ふれあいの森公園/page/1/	https://urayasu-portal.com/tags/%E5%BC%81%E5%A4%A9%E3%81%B5%E3%82%8C%E3%81%82%E3%81%84%E3%81%AE%E6%A3%AE%E5%85%AC%E5%9C%92/
/tags/弁当/page/1/	https://urayasu-portal.com/tags/%E5%BC%81%E5%BD%93/
/tags/引っ越し/page/1/	https://urayasu-portal.com/tags/%E5%BC%95%E3%81%A3%E8%B6%8A%E3%81%97/
/tags/弦楽器/page/1/	https://urayasu-portal.com/tags/%E5%BC%A6%E6%A5%BD%E5%99%A8/
/tags/弦楽器体験会/page/1/	https://urayasu-portal.com/tags/%E5%BC%A6%E6%A5%BD%E5%99%A8%E4%BD%93%E9%A8%93%E4%BC%9A/
/tags/強風/page/1/	https://urayasu-portal.com/tags/%E5%BC%B7%E9%A2%A8/
/tags/当代島/page/1/	https://urayasu-portal.com/tags/%E5%BD%93%E4%BB%A3%E5%B3%B6/
/tags/当代島公民館/page/1/	https://urayasu-portal.com/tags/%E5%BD%93%E4%BB%A3%E5%B3%B6%E5%85%AC%E6%B0%91%E9%A4%A8/
/tags/後期高齢者医療/page/1/	https://urayasu-portal.com/tags/%E5%BE%8C%E6%9C%9F%E9%AB%98%E9%BD%A2%E8%80%85%E5%8C%BB%E7%99%82/
/tags/心肺蘇生/page/1/	https://urayasu-portal.com/tags/%E5%BF%83%E8%82%BA%E8%98%87%E7%94%9F/
/tags/応急手当/page/1/	https://urayasu-portal.com/tags/%E5%BF%9C%E6%80%A5%E6%89%8B%E5%BD%93/
/tags/急病/page/1/	https://urayasu-portal.com/tags/%E6%80%A5%E7%97%85/
/tags/惣菜/page/1/	https://urayasu-portal.com/tags/%E6%83%A3%E8%8F%9C/
/tags/感謝状贈呈式/page/1/	https://urayasu-portal.com/tags/%E6%84%9F%E8%AC%9D%E7%8A%B6%E8%B4%88%E5%91%88%E5%BC%8F/
/tags/慢性腎臓病/page/1/	https://urayasu-portal.com/tags/%E6%85%A2%E6%80%A7%E8%85%8E%E8%87%93%E7%97%85/
/tags/成田空港/page/1/	https://urayasu-portal.com/tags/%E6%88%90%E7%94%B0%E7%A9%BA%E6%B8%AF/
/tags/戸籍/page/1/	https://urayasu-portal.com/tags/%E6%88%B8%E7%B1%8D/
/tags/手土産/page/1/	https://urayasu-portal.com/tags/%E6%89%8B%E5%9C%9F%E7%94%A3/
/tags/手続き/page/1/	https://urayasu-portal.com/tags/%E6%89%8B%E7%B6%9A%E3%81%8D/
/tags/抽選販売/page/1/	https://urayasu-portal.com/tags/%E6%8A%BD%E9%81%B8%E8%B2%A9%E5%A3%B2/
/tags/持ち物/page/1/	https://urayasu-portal.com/tags/%E6%8C%81%E3%81%A1%E7%89%A9/
/tags/排水作業/page/1/	https://urayasu-portal.com/tags/%E6%8E%92%E6%B0%B4%E4%BD%9C%E6%A5%AD/
/tags/携帯電話基地局/page/1/	https://urayasu-portal.com/tags/%E6%90%BA%E5%B8%AF%E9%9B%BB%E8%A9%B1%E5%9F%BA%E5%9C%B0%E5%B1%80/
/tags/撮影会/page/1/	https://urayasu-portal.com/tags/%E6%92%AE%E5%BD%B1%E4%BC%9A/
/tags/改修工事/page/1/	https://urayasu-portal.com/tags/%E6%94%B9%E4%BF%AE%E5%B7%A5%E4%BA%8B/
/tags/救命講習/page/1/	https://urayasu-portal.com/tags/%E6%95%91%E5%91%BD%E8%AC%9B%E7%BF%92/
/tags/救急/page/1/	https://urayasu-portal.com/tags/%E6%95%91%E6%80%A5/
/tags/救急フェア/page/1/	https://urayasu-portal.com/tags/%E6%95%91%E6%80%A5%E3%83%95%E3%82%A7%E3%82%A2/
/tags/救急相談/page/1/	https://urayasu-portal.com/tags/%E6%95%91%E6%80%A5%E7%9B%B8%E8%AB%87/
/tags/教育/page/1/	https://urayasu-portal.com/tags/%E6%95%99%E8%82%B2/
/tags/整体サロン/page/1/	https://urayasu-portal.com/tags/%E6%95%B4%E4%BD%93%E3%82%B5%E3%83%AD%E3%83%B3/
/tags/整体院/page/1/	https://urayasu-portal.com/tags/%E6%95%B4%E4%BD%93%E9%99%A2/
/tags/文具/page/1/	https://urayasu-portal.com/tags/%E6%96%87%E5%85%B7/
/tags/文化会館/page/1/	https://urayasu-portal.com/tags/%E6%96%87%E5%8C%96%E4%BC%9A%E9%A4%A8/
/tags/文化施設/page/1/	https://urayasu-portal.com/tags/%E6%96%87%E5%8C%96%E6%96%BD%E8%A8%AD/
/tags/料理コンクール/page/1/	https://urayasu-portal.com/tags/%E6%96%99%E7%90%86%E3%82%B3%E3%83%B3%E3%82%AF%E3%83%BC%E3%83%AB/
/tags/新ショー/page/1/	https://urayasu-portal.com/tags/%E6%96%B0%E3%82%B7%E3%83%A7%E3%83%BC/
/tags/新体制/page/1/	https://urayasu-portal.com/tags/%E6%96%B0%E4%BD%93%E5%88%B6/
/tags/新幹線/page/1/	https://urayasu-portal.com/tags/%E6%96%B0%E5%B9%B9%E7%B7%9A/
/tags/新店/page/1/	https://urayasu-portal.com/tags/%E6%96%B0%E5%BA%97/
/tags/新店情報/page/1/	https://urayasu-portal.com/tags/%E6%96%B0%E5%BA%97%E6%83%85%E5%A0%B1/
/tags/新店舗/page/1/	https://urayasu-portal.com/tags/%E6%96%B0%E5%BA%97%E8%88%97/
/tags/新浦夜城/page/1/	https://urayasu-portal.com/tags/%E6%96%B0%E6%B5%A6%E5%A4%9C%E5%9F%8E/
/tags/新浦安/page/1/	https://urayasu-portal.com/tags/%E6%96%B0%E6%B5%A6%E5%AE%89/
/tags/新浦安カフェ/page/1/	https://urayasu-portal.com/tags/%E6%96%B0%E6%B5%A6%E5%AE%89%E3%82%AB%E3%83%95%E3%82%A7/
/tags/新浦安マーレ/page/1/	https://urayasu-portal.com/tags/%E6%96%B0%E6%B5%A6%E5%AE%89%E3%83%9E%E3%83%BC%E3%83%AC/
/tags/新浦安日の出マルシェ/page/1/	https://urayasu-portal.com/tags/%E6%96%B0%E6%B5%A6%E5%AE%89%E6%97%A5%E3%81%AE%E5%87%BA%E3%83%9E%E3%83%AB%E3%82%B7%E3%82%A7/
/tags/新浦安駅/page/1/	https://urayasu-portal.com/tags/%E6%96%B0%E6%B5%A6%E5%AE%89%E9%A7%85/
/tags/新浦安駅前まつり/page/1/	https://urayasu-portal.com/tags/%E6%96%B0%E6%B5%A6%E5%AE%89%E9%A7%85%E5%89%8D%E3%81%BE%E3%81%A4%E3%82%8A/
/tags/新湾岸道路/page/1/	https://urayasu-portal.com/tags/%E6%96%B0%E6%B9%BE%E5%B2%B8%E9%81%93%E8%B7%AF/
/tags/施設予約/page/1/	https://urayasu-portal.com/tags/%E6%96%BD%E8%A8%AD%E4%BA%88%E7%B4%84/
/tags/施設休止/page/1/	https://urayasu-portal.com/tags/%E6%96%BD%E8%A8%AD%E4%BC%91%E6%AD%A2/
/tags/施設情報/page/1/	https://urayasu-portal.com/tags/%E6%96%BD%E8%A8%AD%E6%83%85%E5%A0%B1/
/tags/旅行ガイド/page/1/	https://urayasu-portal.com/tags/%E6%97%85%E8%A1%8C%E3%82%AC%E3%82%A4%E3%83%89/
/tags/日の出/page/1/	https://urayasu-portal.com/tags/%E6%97%A5%E3%81%AE%E5%87%BA/
/tags/日の出中学校/page/1/	https://urayasu-portal.com/tags/%E6%97%A5%E3%81%AE%E5%87%BA%E4%B8%AD%E5%AD%A6%E6%A0%A1/
/tags/日本代表/page/1/	https://urayasu-portal.com/tags/%E6%97%A5%E6%9C%AC%E4%BB%A3%E8%A1%A8/
/tags/日本赤十字社/page/1/	https://urayasu-portal.com/tags/%E6%97%A5%E6%9C%AC%E8%B5%A4%E5%8D%81%E5%AD%97%E7%A4%BE/
/tags/日本酒/page/1/	https://urayasu-portal.com/tags/%E6%97%A5%E6%9C%AC%E9%85%92/
/tags/旧江戸川/page/1/	https://urayasu-portal.com/tags/%E6%97%A7%E6%B1%9F%E6%88%B8%E5%B7%9D/
/tags/明海/page/1/	https://urayasu-portal.com/tags/%E6%98%8E%E6%B5%B7/
/tags/明海の丘まつり/page/1/	https://urayasu-portal.com/tags/%E6%98%8E%E6%B5%B7%E3%81%AE%E4%B8%98%E3%81%BE%E3%81%A4%E3%82%8A/
/tags/明海の丘公園/page/1/	https://urayasu-portal.com/tags/%E6%98%8E%E6%B5%B7%E3%81%AE%E4%B8%98%E5%85%AC%E5%9C%92/
/tags/星野リゾート/page/1/	https://urayasu-portal.com/tags/%E6%98%9F%E9%87%8E%E3%83%AA%E3%82%BE%E3%83%BC%E3%83%88/
/tags/映画/page/1/	https://urayasu-portal.com/tags/%E6%98%A0%E7%94%BB/
/tags/映画上映会/page/1/	https://urayasu-portal.com/tags/%E6%98%A0%E7%94%BB%E4%B8%8A%E6%98%A0%E4%BC%9A/
/tags/春日神社/page/1/	https://urayasu-portal.com/tags/%E6%98%A5%E6%97%A5%E7%A5%9E%E7%A4%BE/
/tags/春風亭一之輔/page/1/	https://urayasu-portal.com/tags/%E6%98%A5%E9%A2%A8%E4%BA%AD%E4%B8%80%E4%B9%8B%E8%BC%94/
/tags/春風亭小朝/page/1/	https://urayasu-portal.com/tags/%E6%98%A5%E9%A2%A8%E4%BA%AD%E5%B0%8F%E6%9C%9D/
/tags/昭和ミュージックジャンボリー/page/1/	https://urayasu-portal.com/tags/%E6%98%AD%E5%92%8C%E3%83%9F%E3%83%A5%E3%83%BC%E3%82%B8%E3%83%83%E3%82%AF%E3%82%B8%E3%83%A3%E3%83%B3%E3%83%9C%E3%83%AA%E3%83%BC/
/tags/昭和レトロ/page/1/	https://urayasu-portal.com/tags/%E6%98%AD%E5%92%8C%E3%83%AC%E3%83%88%E3%83%AD/
/tags/昭和歌謡/page/1/	https://urayasu-portal.com/tags/%E6%98%AD%E5%92%8C%E6%AD%8C%E8%AC%A1/
/tags/時計/page/1/	https://urayasu-portal.com/tags/%E6%99%82%E8%A8%88/
/tags/暑さ対策/page/1/	https://urayasu-portal.com/tags/%E6%9A%91%E3%81%95%E5%AF%BE%E7%AD%96/
/tags/暮らし/page/1/	https://urayasu-portal.com/tags/%E6%9A%AE%E3%82%89%E3%81%97/
/tags/朝食ビュッフェ/page/1/	https://urayasu-portal.com/tags/%E6%9C%9D%E9%A3%9F%E3%83%93%E3%83%A5%E3%83%83%E3%83%95%E3%82%A7/
/tags/期日前投票/page/1/	https://urayasu-portal.com/tags/%E6%9C%9F%E6%97%A5%E5%89%8D%E6%8A%95%E7%A5%A8/
/tags/期間限定/page/1/	https://urayasu-portal.com/tags/%E6%9C%9F%E9%96%93%E9%99%90%E5%AE%9A/
/tags/期間限定ショップ/page/1/	https://urayasu-portal.com/tags/%E6%9C%9F%E9%96%93%E9%99%90%E5%AE%9A%E3%82%B7%E3%83%A7%E3%83%83%E3%83%97/
/tags/期間限定販売/page/1/	https://urayasu-portal.com/tags/%E6%9C%9F%E9%96%93%E9%99%90%E5%AE%9A%E8%B2%A9%E5%A3%B2/
/tags/未就学児/page/1/	https://urayasu-portal.com/tags/%E6%9C%AA%E5%B0%B1%E5%AD%A6%E5%85%90/
/tags/東京ディズニーシー/page/1/	https://urayasu-portal.com/tags/%E6%9D%B1%E4%BA%AC%E3%83%87%E3%82%A3%E3%82%BA%E3%83%8B%E3%83%BC%E3%82%B7%E3%83%BC/
/tags/東京ディズニーランド/page/1/	https://urayasu-portal.com/tags/%E6%9D%B1%E4%BA%AC%E3%83%87%E3%82%A3%E3%82%BA%E3%83%8B%E3%83%BC%E3%83%A9%E3%83%B3%E3%83%89/
/tags/東京ディズニーリゾート/page/1/	https://urayasu-portal.com/tags/%E6%9D%B1%E4%BA%AC%E3%83%87%E3%82%A3%E3%82%BA%E3%83%8B%E3%83%BC%E3%83%AA%E3%82%BE%E3%83%BC%E3%83%88/
/tags/東京ディズニーリゾート周辺/page/1/	https://urayasu-portal.com/tags/%E6%9D%B1%E4%BA%AC%E3%83%87%E3%82%A3%E3%82%BA%E3%83%8B%E3%83%BC%E3%83%AA%E3%82%BE%E3%83%BC%E3%83%88%E5%91%A8%E8%BE%BA/
/tags/東京ベイ浦安シティマラソン/page/1/	https://urayasu-portal.com/tags/%E6%9D%B1%E4%BA%AC%E3%83%99%E3%82%A4%E6%B5%A6%E5%AE%89%E3%82%B7%E3%83%86%E3%82%A3%E3%83%9E%E3%83%A9%E3%82%BD%E3%83%B3/
/tags/東京ベイ浦安市川医療センター/page/1/	https://urayasu-portal.com/tags/%E6%9D%B1%E4%BA%AC%E3%83%99%E3%82%A4%E6%B5%A6%E5%AE%89%E5%B8%82%E5%B7%9D%E5%8C%BB%E7%99%82%E3%82%BB%E3%83%B3%E3%82%BF%E3%83%BC/
/tags/東京ベイ舞浜ホテル-ファーストリゾート/page/1/	https://urayasu-portal.com/tags/%E6%9D%B1%E4%BA%AC%E3%83%99%E3%82%A4%E8%88%9E%E6%B5%9C%E3%83%9B%E3%83%86%E3%83%AB-%E3%83%95%E3%82%A1%E3%83%BC%E3%82%B9%E3%83%88%E3%83%AA%E3%82%BE%E3%83%BC%E3%83%88/
/tags/東京ベイ舞浜ホテルファーストリゾート/page/1/	https://urayasu-portal.com/tags/%E6%9D%B1%E4%BA%AC%E3%83%99%E3%82%A4%E8%88%9E%E6%B5%9C%E3%83%9B%E3%83%86%E3%83%AB%E3%83%95%E3%82%A1%E3%83%BC%E3%82%B9%E3%83%88%E3%83%AA%E3%82%BE%E3%83%BC%E3%83%88/
/tags/東京メトロ/page/1/	https://urayasu-portal.com/tags/%E6%9D%B1%E4%BA%AC%E3%83%A1%E3%83%88%E3%83%AD/
/tags/東京藝術大学/page/1/	https://urayasu-portal.com/tags/%E6%9D%B1%E4%BA%AC%E8%97%9D%E8%A1%93%E5%A4%A7%E5%AD%A6/
/tags/東京観光/page/1/	https://urayasu-portal.com/tags/%E6%9D%B1%E4%BA%AC%E8%A6%B3%E5%85%89/
/tags/東京駅/page/1/	https://urayasu-portal.com/tags/%E6%9D%B1%E4%BA%AC%E9%A7%85/
/tags/東学寺/page/1/	https://urayasu-portal.com/tags/%E6%9D%B1%E5%AD%A6%E5%AF%BA/
/tags/東海大浦安/page/1/	https://urayasu-portal.com/tags/%E6%9D%B1%E6%B5%B7%E5%A4%A7%E6%B5%A6%E5%AE%89/
/tags/東葛飾/page/1/	https://urayasu-portal.com/tags/%E6%9D%B1%E8%91%9B%E9%A3%BE/
/tags/東西線/page/1/	https://urayasu-portal.com/tags/%E6%9D%B1%E8%A5%BF%E7%B7%9A/
/tags/東部睦会/page/1/	https://urayasu-portal.com/tags/%E6%9D%B1%E9%83%A8%E7%9D%A6%E4%BC%9A/
/tags/東野/page/1/	https://urayasu-portal.com/tags/%E6%9D%B1%E9%87%8E/
/tags/東野プール/page/1/	https://urayasu-portal.com/tags/%E6%9D%B1%E9%87%8E%E3%83%97%E3%83%BC%E3%83%AB/
/tags/東野児童センター/page/1/	https://urayasu-portal.com/tags/%E6%9D%B1%E9%87%8E%E5%85%90%E7%AB%A5%E3%82%BB%E3%83%B3%E3%82%BF%E3%83%BC/
/tags/松本直美/page/1/	https://urayasu-portal.com/tags/%E6%9D%BE%E6%9C%AC%E7%9B%B4%E7%BE%8E/
/tags/柏の葉/page/1/	https://urayasu-portal.com/tags/%E6%9F%8F%E3%81%AE%E8%91%89/
/tags/栃木sc/page/1/	https://urayasu-portal.com/tags/%E6%A0%83%E6%9C%A8sc/
/tags/栄養相談/page/1/	https://urayasu-portal.com/tags/%E6%A0%84%E9%A4%8A%E7%9B%B8%E8%AB%87/
/tags/株式/page/1/	https://urayasu-portal.com/tags/%E6%A0%AA%E5%BC%8F/
/tags/格安/page/1/	https://urayasu-portal.com/tags/%E6%A0%BC%E5%AE%89/
/tags/桃花林/page/1/	https://urayasu-portal.com/tags/%E6%A1%83%E8%8A%B1%E6%9E%97/
/tags/森とりっぷ/page/1/	https://urayasu-portal.com/tags/%E6%A3%AE%E3%81%A8%E3%82%8A%E3%81%A3%E3%81%B7/
/tags/横山だいすけ/page/1/	https://urayasu-portal.com/tags/%E6%A8%AA%E5%B1%B1%E3%81%A0%E3%81%84%E3%81%99%E3%81%91/
/tags/横浜くりこ庵/page/1/	https://urayasu-portal.com/tags/%E6%A8%AA%E6%B5%9C%E3%81%8F%E3%82%8A%E3%81%93%E5%BA%B5/
/tags/歯科/page/1/	https://urayasu-portal.com/tags/%E6%AD%AF%E7%A7%91/
/tags/死亡事故/page/1/	https://urayasu-portal.com/tags/%E6%AD%BB%E4%BA%A1%E4%BA%8B%E6%95%85/
/tags/母恵夢/page/1/	https://urayasu-portal.com/tags/%E6%AF%8D%E6%81%B5%E5%A4%A2/
/tags/水あそび/page/1/	https://urayasu-portal.com/tags/%E6%B0%B4%E3%81%82%E3%81%9D%E3%81%B3/
/tags/水害/page/1/	https://urayasu-portal.com/tags/%E6%B0%B4%E5%AE%B3/
/tags/水族館/page/1/	https://urayasu-portal.com/tags/%E6%B0%B4%E6%97%8F%E9%A4%A8/
/tags/水曜どうでしょう/page/1/	https://urayasu-portal.com/tags/%E6%B0%B4%E6%9B%9C%E3%81%A9%E3%81%86%E3%81%A7%E3%81%97%E3%82%87%E3%81%86/
/tags/水辺ミュージック/page/1/	https://urayasu-portal.com/tags/%E6%B0%B4%E8%BE%BA%E3%83%9F%E3%83%A5%E3%83%BC%E3%82%B8%E3%83%83%E3%82%AF/
/tags/水遊び/page/1/	https://urayasu-portal.com/tags/%E6%B0%B4%E9%81%8A%E3%81%B3/
/tags/水道料金/page/1/	https://urayasu-portal.com/tags/%E6%B0%B4%E9%81%93%E6%96%99%E9%87%91/
/tags/求人/page/1/	https://urayasu-portal.com/tags/%E6%B1%82%E4%BA%BA/
/tags/求人情報/page/1/	https://urayasu-portal.com/tags/%E6%B1%82%E4%BA%BA%E6%83%85%E5%A0%B1/
/tags/江戸川/page/1/	https://urayasu-portal.com/tags/%E6%B1%9F%E6%88%B8%E5%B7%9D/
/tags/決勝トーナメント/page/1/	https://urayasu-portal.com/tags/%E6%B1%BA%E5%8B%9D%E3%83%88%E3%83%BC%E3%83%8A%E3%83%A1%E3%83%B3%E3%83%88/
/tags/河川/page/1/	https://urayasu-portal.com/tags/%E6%B2%B3%E5%B7%9D/
/tags/治水/page/1/	https://urayasu-portal.com/tags/%E6%B2%BB%E6%B0%B4/
/tags/泉澤祐希/page/1/	https://urayasu-portal.com/tags/%E6%B3%89%E6%BE%A4%E7%A5%90%E5%B8%8C/
/tags/泌尿器科/page/1/	https://urayasu-portal.com/tags/%E6%B3%8C%E5%B0%BF%E5%99%A8%E7%A7%91/
/tags/法定速度/page/1/	https://urayasu-portal.com/tags/%E6%B3%95%E5%AE%9A%E9%80%9F%E5%BA%A6/
/tags/注意喚起/page/1/	https://urayasu-portal.com/tags/%E6%B3%A8%E6%84%8F%E5%96%9A%E8%B5%B7/
/tags/洋菓子/page/1/	https://urayasu-portal.com/tags/%E6%B4%8B%E8%8F%93%E5%AD%90/
/tags/流しそうめん/page/1/	https://urayasu-portal.com/tags/%E6%B5%81%E3%81%97%E3%81%9D%E3%81%86%E3%82%81%E3%82%93/
/tags/浅草/page/1/	https://urayasu-portal.com/tags/%E6%B5%85%E8%8D%89/
/tags/浦安/page/1/	https://urayasu-portal.com/tags/%E6%B5%A6%E5%AE%89/
/tags/浦安d-rocks/page/1/	https://urayasu-portal.com/tags/%E6%B5%A6%E5%AE%89d-rocks/
/tags/浦安dパーク/page/1/	https://urayasu-portal.com/tags/%E6%B5%A6%E5%AE%89d%E3%83%91%E3%83%BC%E3%82%AF/
/tags/浦安おもちゃゆうえんち/page/1/	https://urayasu-portal.com/tags/%E6%B5%A6%E5%AE%89%E3%81%8A%E3%82%82%E3%81%A1%E3%82%83%E3%82%86%E3%81%86%E3%81%88%E3%82%93%E3%81%A1/
/tags/浦安そば/page/1/	https://urayasu-portal.com/tags/%E6%B5%A6%E5%AE%89%E3%81%9D%E3%81%B0/
/tags/浦安の歴史/page/1/	https://urayasu-portal.com/tags/%E6%B5%A6%E5%AE%89%E3%81%AE%E6%AD%B4%E5%8F%B2/
/tags/浦安クリテリウム/page/1/	https://urayasu-portal.com/tags/%E6%B5%A6%E5%AE%89%E3%82%AF%E3%83%AA%E3%83%86%E3%83%AA%E3%82%A6%E3%83%A0/
/tags/浦安グルメ/page/1/	https://urayasu-portal.com/tags/%E6%B5%A6%E5%AE%89%E3%82%B0%E3%83%AB%E3%83%A1/
/tags/浦安コンディショニングラボ/page/1/	https://urayasu-portal.com/tags/%E6%B5%A6%E5%AE%89%E3%82%B3%E3%83%B3%E3%83%87%E3%82%A3%E3%82%B7%E3%83%A7%E3%83%8B%E3%83%B3%E3%82%B0%E3%83%A9%E3%83%9C/
/tags/浦安スポーツフェア/page/1/	https://urayasu-portal.com/tags/%E6%B5%A6%E5%AE%89%E3%82%B9%E3%83%9D%E3%83%BC%E3%83%84%E3%83%95%E3%82%A7%E3%82%A2/
/tags/浦安ドッグラン/page/1/	https://urayasu-portal.com/tags/%E6%B5%A6%E5%AE%89%E3%83%89%E3%83%83%E3%82%B0%E3%83%A9%E3%83%B3/
/tags/浦安バル街/page/1/	https://urayasu-portal.com/tags/%E6%B5%A6%E5%AE%89%E3%83%90%E3%83%AB%E8%A1%97/
/tags/浦安ブライトンホテル/page/1/	https://urayasu-portal.com/tags/%E6%B5%A6%E5%AE%89%E3%83%96%E3%83%A9%E3%82%A4%E3%83%88%E3%83%B3%E3%83%9B%E3%83%86%E3%83%AB/
/tags/浦安ブライトンホテル東京ベイ/page/1/	https://urayasu-portal.com/tags/%E6%B5%A6%E5%AE%89%E3%83%96%E3%83%A9%E3%82%A4%E3%83%88%E3%83%B3%E3%83%9B%E3%83%86%E3%83%AB%E6%9D%B1%E4%BA%AC%E3%83%99%E3%82%A4/
/tags/浦安マリーナ/page/1/	https://urayasu-portal.com/tags/%E6%B5%A6%E5%AE%89%E3%83%9E%E3%83%AA%E3%83%BC%E3%83%8A/
/tags/浦安マーケット/page/1/	https://urayasu-portal.com/tags/%E6%B5%A6%E5%AE%89%E3%83%9E%E3%83%BC%E3%82%B1%E3%83%83%E3%83%88/
/tags/浦安ユースオーケストラ/page/1/	https://urayasu-portal.com/tags/%E6%B5%A6%E5%AE%89%E3%83%A6%E3%83%BC%E3%82%B9%E3%82%AA%E3%83%BC%E3%82%B1%E3%82%B9%E3%83%88%E3%83%A9/
/tags/浦安ラグビーファン倶楽部/page/1/	https://urayasu-portal.com/tags/%E6%B5%A6%E5%AE%89%E3%83%A9%E3%82%B0%E3%83%93%E3%83%BC%E3%83%95%E3%82%A1%E3%83%B3%E5%80%B6%E6%A5%BD%E9%83%A8/
/tags/浦安ランチ/page/1/	https://urayasu-portal.com/tags/%E6%B5%A6%E5%AE%89%E3%83%A9%E3%83%B3%E3%83%81/
/tags/浦安万華郷/page/1/	https://urayasu-portal.com/tags/%E6%B5%A6%E5%AE%89%E4%B8%87%E8%8F%AF%E9%83%B7/
/tags/浦安中学校/page/1/	https://urayasu-portal.com/tags/%E6%B5%A6%E5%AE%89%E4%B8%AD%E5%AD%A6%E6%A0%A1/
/tags/浦安公園/page/1/	https://urayasu-portal.com/tags/%E6%B5%A6%E5%AE%89%E5%85%AC%E5%9C%92/
/tags/浦安商工会議所/page/1/	https://urayasu-portal.com/tags/%E6%B5%A6%E5%AE%89%E5%95%86%E5%B7%A5%E4%BC%9A%E8%AD%B0%E6%89%80/
/tags/浦安囃子/page/1/	https://urayasu-portal.com/tags/%E6%B5%A6%E5%AE%89%E5%9B%83%E5%AD%90/
/tags/浦安在宅神経内科クリニック/page/1/	https://urayasu-portal.com/tags/%E6%B5%A6%E5%AE%89%E5%9C%A8%E5%AE%85%E7%A5%9E%E7%B5%8C%E5%86%85%E7%A7%91%E3%82%AF%E3%83%AA%E3%83%8B%E3%83%83%E3%82%AF/
/tags/浦安小学校/page/1/	https://urayasu-portal.com/tags/%E6%B5%A6%E5%AE%89%E5%B0%8F%E5%AD%A6%E6%A0%A1/
/tags/浦安市/page/1/	https://urayasu-portal.com/tags/%E6%B5%A6%E5%AE%89%E5%B8%82/
/tags/浦安市国際交流協会/page/1/	https://urayasu-portal.com/tags/%E6%B5%A6%E5%AE%89%E5%B8%82%E5%9B%BD%E9%9A%9B%E4%BA%A4%E6%B5%81%E5%8D%94%E4%BC%9A/
/tags/浦安市墓地公園/page/1/	https://urayasu-portal.com/tags/%E6%B5%A6%E5%AE%89%E5%B8%82%E5%A2%93%E5%9C%B0%E5%85%AC%E5%9C%92/
/tags/浦安市役所/page/1/	https://urayasu-portal.com/tags/%E6%B5%A6%E5%AE%89%E5%B8%82%E5%BD%B9%E6%89%80/
/tags/浦安市敬老会/page/1/	https://urayasu-portal.com/tags/%E6%B5%A6%E5%AE%89%E5%B8%82%E6%95%AC%E8%80%81%E4%BC%9A/
/tags/浦安市文化会館/page/1/	https://urayasu-portal.com/tags/%E6%B5%A6%E5%AE%89%E5%B8%82%E6%96%87%E5%8C%96%E4%BC%9A%E9%A4%A8/
/tags/浦安市民/page/1/	https://urayasu-portal.com/tags/%E6%B5%A6%E5%AE%89%E5%B8%82%E6%B0%91/
/tags/浦安市民プラザwave101/page/1/	https://urayasu-portal.com/tags/%E6%B5%A6%E5%AE%89%E5%B8%82%E6%B0%91%E3%83%97%E3%83%A9%E3%82%B6wave101/
/tags/浦安市民ボッチャ大会/page/1/	https://urayasu-portal.com/tags/%E6%B5%A6%E5%AE%89%E5%B8%82%E6%B0%91%E3%83%9C%E3%83%83%E3%83%81%E3%83%A3%E5%A4%A7%E4%BC%9A/
/tags/浦安市民水源の森/page/1/	https://urayasu-portal.com/tags/%E6%B5%A6%E5%AE%89%E5%B8%82%E6%B0%91%E6%B0%B4%E6%BA%90%E3%81%AE%E6%A3%AE/
/tags/浦安市消防団/page/1/	https://urayasu-portal.com/tags/%E6%B5%A6%E5%AE%89%E5%B8%82%E6%B6%88%E9%98%B2%E5%9B%A3/
/tags/浦安市消防本部/page/1/	https://urayasu-portal.com/tags/%E6%B5%A6%E5%AE%89%E5%B8%82%E6%B6%88%E9%98%B2%E6%9C%AC%E9%83%A8/
/tags/浦安市立図書館/page/1/	https://urayasu-portal.com/tags/%E6%B5%A6%E5%AE%89%E5%B8%82%E7%AB%8B%E5%9B%B3%E6%9B%B8%E9%A4%A8/
/tags/浦安市納涼盆踊り大会/page/1/	https://urayasu-portal.com/tags/%E6%B5%A6%E5%AE%89%E5%B8%82%E7%B4%8D%E6%B6%BC%E7%9B%86%E8%B8%8A%E3%82%8A%E5%A4%A7%E4%BC%9A/
/tags/浦安市総合公園/page/1/	https://urayasu-portal.com/tags/%E6%B5%A6%E5%AE%89%E5%B8%82%E7%B7%8F%E5%90%88%E5%85%AC%E5%9C%92/
/tags/浦安市花火大会/page/1/	https://urayasu-portal.com/tags/%E6%B5%A6%E5%AE%89%E5%B8%82%E8%8A%B1%E7%81%AB%E5%A4%A7%E4%BC%9A/
/tags/浦安市運動公園/page/1/	https://urayasu-portal.com/tags/%E6%B5%A6%E5%AE%89%E5%B8%82%E9%81%8B%E5%8B%95%E5%85%AC%E5%9C%92/
/tags/浦安市郷土博物館/page/1/	https://urayasu-portal.com/tags/%E6%B5%A6%E5%AE%89%E5%B8%82%E9%83%B7%E5%9C%9F%E5%8D%9A%E7%89%A9%E9%A4%A8/
/tags/浦安市青少年館/page/1/	https://urayasu-portal.com/tags/%E6%B5%A6%E5%AE%89%E5%B8%82%E9%9D%92%E5%B0%91%E5%B9%B4%E9%A4%A8/
/tags/浦安文化会館/page/1/	https://urayasu-portal.com/tags/%E6%B5%A6%E5%AE%89%E6%96%87%E5%8C%96%E4%BC%9A%E9%A4%A8/
/tags/浦安百縁商店街/page/1/	https://urayasu-portal.com/tags/%E6%B5%A6%E5%AE%89%E7%99%BE%E7%B8%81%E5%95%86%E5%BA%97%E8%A1%97/
/tags/浦安藝大/page/1/	https://urayasu-portal.com/tags/%E6%B5%A6%E5%AE%89%E8%97%9D%E5%A4%A7/
/tags/浦安観光協会/page/1/	https://urayasu-portal.com/tags/%E6%B5%A6%E5%AE%89%E8%A6%B3%E5%85%89%E5%8D%94%E4%BC%9A/
/tags/浦安警察署/page/1/	https://urayasu-portal.com/tags/%E6%B5%A6%E5%AE%89%E8%AD%A6%E5%AF%9F%E7%BD%B2/
/tags/浦安鉄鋼団地/page/1/	https://urayasu-portal.com/tags/%E6%B5%A6%E5%AE%89%E9%89%84%E9%8B%BC%E5%9B%A3%E5%9C%B0/
/tags/浦安駅/page/1/	https://urayasu-portal.com/tags/%E6%B5%A6%E5%AE%89%E9%A7%85/
/tags/浦安駅入口バス停/page/1/	https://urayasu-portal.com/tags/%E6%B5%A6%E5%AE%89%E9%A7%85%E5%85%A5%E5%8F%A3%E3%83%90%E3%82%B9%E5%81%9C/
/tags/海外留学/page/1/	https://urayasu-portal.com/tags/%E6%B5%B7%E5%A4%96%E7%95%99%E5%AD%A6/
/tags/海楽/page/1/	https://urayasu-portal.com/tags/%E6%B5%B7%E6%A5%BD/
/tags/海鮮/page/1/	https://urayasu-portal.com/tags/%E6%B5%B7%E9%AE%AE/
/tags/消防/page/1/	https://urayasu-portal.com/tags/%E6%B6%88%E9%98%B2/
/tags/消防操法大会/page/1/	https://urayasu-portal.com/tags/%E6%B6%88%E9%98%B2%E6%93%8D%E6%B3%95%E5%A4%A7%E4%BC%9A/
/tags/消防本部/page/1/	https://urayasu-portal.com/tags/%E6%B6%88%E9%98%B2%E6%9C%AC%E9%83%A8/
/tags/液状化/page/1/	https://urayasu-portal.com/tags/%E6%B6%B2%E7%8A%B6%E5%8C%96/
/tags/涼みどころ/page/1/	https://urayasu-portal.com/tags/%E6%B6%BC%E3%81%BF%E3%81%A9%E3%81%93%E3%82%8D/
/tags/渋谷/page/1/	https://urayasu-portal.com/tags/%E6%B8%8B%E8%B0%B7/
/tags/温泉/page/1/	https://urayasu-portal.com/tags/%E6%B8%A9%E6%B3%89/
/tags/湘南ベルマーレ/page/1/	https://urayasu-portal.com/tags/%E6%B9%98%E5%8D%97%E3%83%99%E3%83%AB%E3%83%9E%E3%83%BC%E3%83%AC/
/tags/演劇/page/1/	https://urayasu-portal.com/tags/%E6%BC%94%E5%8A%87/
/tags/災害対策本部/page/1/	https://urayasu-portal.com/tags/%E7%81%BD%E5%AE%B3%E5%AF%BE%E7%AD%96%E6%9C%AC%E9%83%A8/
/tags/災害情報/page/1/	https://urayasu-portal.com/tags/%E7%81%BD%E5%AE%B3%E6%83%85%E5%A0%B1/
/tags/点心惣菜kasei/page/1/	https://urayasu-portal.com/tags/%E7%82%B9%E5%BF%83%E6%83%A3%E8%8F%9Ckasei/
/tags/無料/page/1/	https://urayasu-portal.com/tags/%E7%84%A1%E6%96%99/
/tags/無料イベント/page/1/	https://urayasu-portal.com/tags/%E7%84%A1%E6%96%99%E3%82%A4%E3%83%99%E3%83%B3%E3%83%88/
/tags/無料コンサート/page/1/	https://urayasu-portal.com/tags/%E7%84%A1%E6%96%99%E3%82%B3%E3%83%B3%E3%82%B5%E3%83%BC%E3%83%88/
/tags/無料招待/page/1/	https://urayasu-portal.com/tags/%E7%84%A1%E6%96%99%E6%8B%9B%E5%BE%85/
/tags/焼きたてコッペ製パン/page/1/	https://urayasu-portal.com/tags/%E7%84%BC%E3%81%8D%E3%81%9F%E3%81%A6%E3%82%B3%E3%83%83%E3%83%9A%E8%A3%BD%E3%83%91%E3%83%B3/
/tags/焼き菓子/page/1/	https://urayasu-portal.com/tags/%E7%84%BC%E3%81%8D%E8%8F%93%E5%AD%90/
/tags/焼き鳥/page/1/	https://urayasu-portal.com/tags/%E7%84%BC%E3%81%8D%E9%B3%A5/
/tags/焼肉/page/1/	https://urayasu-portal.com/tags/%E7%84%BC%E8%82%89/
/tags/熊谷俊人/page/1/	https://urayasu-portal.com/tags/%E7%86%8A%E8%B0%B7%E4%BF%8A%E4%BA%BA/
/tags/熱中症/page/1/	https://urayasu-portal.com/tags/%E7%86%B1%E4%B8%AD%E7%97%87/
/tags/熱中症対策/page/1/	https://urayasu-portal.com/tags/%E7%86%B1%E4%B8%AD%E7%97%87%E5%AF%BE%E7%AD%96/
/tags/燔/page/1/	https://urayasu-portal.com/tags/%E7%87%94/
/tags/物価高騰対策/page/1/	https://urayasu-portal.com/tags/%E7%89%A9%E4%BE%A1%E9%AB%98%E9%A8%B0%E5%AF%BE%E7%AD%96/
/tags/物産展/page/1/	https://urayasu-portal.com/tags/%E7%89%A9%E7%94%A3%E5%B1%95/
/tags/特撰落語会/page/1/	https://urayasu-portal.com/tags/%E7%89%B9%E6%92%B0%E8%90%BD%E8%AA%9E%E4%BC%9A/
/tags/犬/page/1/	https://urayasu-portal.com/tags/%E7%8A%AC/
/tags/犬の登録/page/1/	https://urayasu-portal.com/tags/%E7%8A%AC%E3%81%AE%E7%99%BB%E9%8C%B2/
/tags/狂犬病予防注射/page/1/	https://urayasu-portal.com/tags/%E7%8B%82%E7%8A%AC%E7%97%85%E4%BA%88%E9%98%B2%E6%B3%A8%E5%B0%84/
/tags/猫五祭/page/1/	https://urayasu-portal.com/tags/%E7%8C%AB%E4%BA%94%E7%A5%AD/
/tags/猫実/page/1/	https://urayasu-portal.com/tags/%E7%8C%AB%E5%AE%9F/
/tags/猫実川/page/1/	https://urayasu-portal.com/tags/%E7%8C%AB%E5%AE%9F%E5%B7%9D/
/tags/現地調査/page/1/	https://urayasu-portal.com/tags/%E7%8F%BE%E5%9C%B0%E8%AA%BF%E6%9F%BB/
/tags/環境/page/1/	https://urayasu-portal.com/tags/%E7%92%B0%E5%A2%83/
/tags/環境学習/page/1/	https://urayasu-portal.com/tags/%E7%92%B0%E5%A2%83%E5%AD%A6%E7%BF%92/
/tags/環境教室/page/1/	https://urayasu-portal.com/tags/%E7%92%B0%E5%A2%83%E6%95%99%E5%AE%A4/
/tags/生活情報/page/1/	https://urayasu-portal.com/tags/%E7%94%9F%E6%B4%BB%E6%83%85%E5%A0%B1/
/tags/生活道路/page/1/	https://urayasu-portal.com/tags/%E7%94%9F%E6%B4%BB%E9%81%93%E8%B7%AF/
/tags/産後ケア/page/1/	https://urayasu-portal.com/tags/%E7%94%A3%E5%BE%8C%E3%82%B1%E3%82%A2/
/tags/田植え体験/page/1/	https://urayasu-portal.com/tags/%E7%94%B0%E6%A4%8D%E3%81%88%E4%BD%93%E9%A8%93/
/tags/町の中華かすみ/page/1/	https://urayasu-portal.com/tags/%E7%94%BA%E3%81%AE%E4%B8%AD%E8%8F%AF%E3%81%8B%E3%81%99%E3%81%BF/
/tags/療育/page/1/	https://urayasu-portal.com/tags/%E7%99%82%E8%82%B2/
/tags/白玲戦/page/1/	https://urayasu-portal.com/tags/%E7%99%BD%E7%8E%B2%E6%88%A6/
/tags/盆踊り/page/1/	https://urayasu-portal.com/tags/%E7%9B%86%E8%B8%8A%E3%82%8A/
/tags/相撲/page/1/	https://urayasu-portal.com/tags/%E7%9B%B8%E6%92%B2/
/tags/県民の日/page/1/	https://urayasu-portal.com/tags/%E7%9C%8C%E6%B0%91%E3%81%AE%E6%97%A5/
/tags/石井魁/page/1/	https://urayasu-portal.com/tags/%E7%9F%B3%E4%BA%95%E9%AD%81/
/tags/石黒産婦人科/page/1/	https://urayasu-portal.com/tags/%E7%9F%B3%E9%BB%92%E7%94%A3%E5%A9%A6%E4%BA%BA%E7%A7%91/
/tags/神尾真由子/page/1/	https://urayasu-portal.com/tags/%E7%A5%9E%E5%B0%BE%E7%9C%9F%E7%94%B1%E5%AD%90/
/tags/神楽坂五番/page/1/	https://urayasu-portal.com/tags/%E7%A5%9E%E6%A5%BD%E5%9D%82%E4%BA%94%E7%95%AA/
/tags/祭り/page/1/	https://urayasu-portal.com/tags/%E7%A5%AD%E3%82%8A/
/tags/福井丸岡ラック/page/1/	https://urayasu-portal.com/tags/%E7%A6%8F%E4%BA%95%E4%B8%B8%E5%B2%A1%E3%83%A9%E3%83%83%E3%82%AF/
/tags/福祉/page/1/	https://urayasu-portal.com/tags/%E7%A6%8F%E7%A5%89/
/tags/福祉タクシー/page/1/	https://urayasu-portal.com/tags/%E7%A6%8F%E7%A5%89%E3%82%BF%E3%82%AF%E3%82%B7%E3%83%BC/
/tags/秋のフルーツフェア/page/1/	https://urayasu-portal.com/tags/%E7%A7%8B%E3%81%AE%E3%83%95%E3%83%AB%E3%83%BC%E3%83%84%E3%83%95%E3%82%A7%E3%82%A2/
/tags/秋の全国交通安全運動/page/1/	https://urayasu-portal.com/tags/%E7%A7%8B%E3%81%AE%E5%85%A8%E5%9B%BD%E4%BA%A4%E9%80%9A%E5%AE%89%E5%85%A8%E9%81%8B%E5%8B%95/
/tags/秋まつり/page/1/	https://urayasu-portal.com/tags/%E7%A7%8B%E3%81%BE%E3%81%A4%E3%82%8A/
/tags/秋グルメ/page/1/	https://urayasu-portal.com/tags/%E7%A7%8B%E3%82%B0%E3%83%AB%E3%83%A1/
/tags/秋スイーツ/page/1/	https://urayasu-portal.com/tags/%E7%A7%8B%E3%82%B9%E3%82%A4%E3%83%BC%E3%83%84/
/tags/秋季千葉県高校野球/page/1/	https://urayasu-portal.com/tags/%E7%A7%8B%E5%AD%A3%E5%8D%83%E8%91%89%E7%9C%8C%E9%AB%98%E6%A0%A1%E9%87%8E%E7%90%83/
/tags/秋祭り/page/1/	https://urayasu-portal.com/tags/%E7%A7%8B%E7%A5%AD%E3%82%8A/
/tags/移動/page/1/	https://urayasu-portal.com/tags/%E7%A7%BB%E5%8B%95/
/tags/税務課/page/1/	https://urayasu-portal.com/tags/%E7%A8%8E%E5%8B%99%E8%AA%B2/
/tags/空港定額タクシー/page/1/	https://urayasu-portal.com/tags/%E7%A9%BA%E6%B8%AF%E5%AE%9A%E9%A1%8D%E3%82%BF%E3%82%AF%E3%82%B7%E3%83%BC/
/tags/立川アスレティックfc/page/1/	https://urayasu-portal.com/tags/%E7%AB%8B%E5%B7%9D%E3%82%A2%E3%82%B9%E3%83%AC%E3%83%86%E3%82%A3%E3%83%83%E3%82%AFfc/
/tags/童謡/page/1/	https://urayasu-portal.com/tags/%E7%AB%A5%E8%AC%A1/
/tags/粗大ごみ/page/1/	https://urayasu-portal.com/tags/%E7%B2%97%E5%A4%A7%E3%81%94%E3%81%BF/
/tags/総合体育館/page/1/	https://urayasu-portal.com/tags/%E7%B7%8F%E5%90%88%E4%BD%93%E8%82%B2%E9%A4%A8/
/tags/総合公園/page/1/	https://urayasu-portal.com/tags/%E7%B7%8F%E5%90%88%E5%85%AC%E5%9C%92/
/tags/総合福祉センター/page/1/	https://urayasu-portal.com/tags/%E7%B7%8F%E5%90%88%E7%A6%8F%E7%A5%89%E3%82%BB%E3%83%B3%E3%82%BF%E3%83%BC/
/tags/緑道/page/1/	https://urayasu-portal.com/tags/%E7%B7%91%E9%81%93/
/tags/縁日/page/1/	https://urayasu-portal.com/tags/%E7%B8%81%E6%97%A5/
/tags/美容/page/1/	https://urayasu-portal.com/tags/%E7%BE%8E%E5%AE%B9/
/tags/美浜/page/1/	https://urayasu-portal.com/tags/%E7%BE%8E%E6%B5%9C/
/tags/義援金/page/1/	https://urayasu-portal.com/tags/%E7%BE%A9%E6%8F%B4%E9%87%91/
/tags/羽生結弦/page/1/	https://urayasu-portal.com/tags/%E7%BE%BD%E7%94%9F%E7%B5%90%E5%BC%A6/
/tags/羽田空港/page/1/	https://urayasu-portal.com/tags/%E7%BE%BD%E7%94%B0%E7%A9%BA%E6%B8%AF/
/tags/老人福祉センター/page/1/	https://urayasu-portal.com/tags/%E8%80%81%E4%BA%BA%E7%A6%8F%E7%A5%89%E3%82%BB%E3%83%B3%E3%82%BF%E3%83%BC/
/tags/肉じるや5/page/1/	https://urayasu-portal.com/tags/%E8%82%89%E3%81%98%E3%82%8B%E3%82%845/
/tags/肉まん/page/1/	https://urayasu-portal.com/tags/%E8%82%89%E3%81%BE%E3%82%93/
/tags/背徳のミートフェア/page/1/	https://urayasu-portal.com/tags/%E8%83%8C%E5%BE%B3%E3%81%AE%E3%83%9F%E3%83%BC%E3%83%88%E3%83%95%E3%82%A7%E3%82%A2/
/tags/臨時休業/page/1/	https://urayasu-portal.com/tags/%E8%87%A8%E6%99%82%E4%BC%91%E6%A5%AD/
/tags/自動車/page/1/	https://urayasu-portal.com/tags/%E8%87%AA%E5%8B%95%E8%BB%8A/
/tags/自治会/page/1/	https://urayasu-portal.com/tags/%E8%87%AA%E6%B2%BB%E4%BC%9A/
/tags/自治会集会所/page/1/	https://urayasu-portal.com/tags/%E8%87%AA%E6%B2%BB%E4%BC%9A%E9%9B%86%E4%BC%9A%E6%89%80/
/tags/自然観察/page/1/	https://urayasu-portal.com/tags/%E8%87%AA%E7%84%B6%E8%A6%B3%E5%AF%9F/
/tags/自由研究/page/1/	https://urayasu-portal.com/tags/%E8%87%AA%E7%94%B1%E7%A0%94%E7%A9%B6/
/tags/自習室/page/1/	https://urayasu-portal.com/tags/%E8%87%AA%E7%BF%92%E5%AE%A4/
/tags/自転車/page/1/	https://urayasu-portal.com/tags/%E8%87%AA%E8%BB%A2%E8%BB%8A/
/tags/舞台/page/1/	https://urayasu-portal.com/tags/%E8%88%9E%E5%8F%B0/
/tags/舞浜/page/1/	https://urayasu-portal.com/tags/%E8%88%9E%E6%B5%9C/
/tags/舞浜アンフィシアター/page/1/	https://urayasu-portal.com/tags/%E8%88%9E%E6%B5%9C%E3%82%A2%E3%83%B3%E3%83%95%E3%82%A3%E3%82%B7%E3%82%A2%E3%82%BF%E3%83%BC/
/tags/舞浜グルメ/page/1/	https://urayasu-portal.com/tags/%E8%88%9E%E6%B5%9C%E3%82%B0%E3%83%AB%E3%83%A1/
/tags/舞浜ビューホテル/page/1/	https://urayasu-portal.com/tags/%E8%88%9E%E6%B5%9C%E3%83%93%E3%83%A5%E3%83%BC%E3%83%9B%E3%83%86%E3%83%AB/
/tags/舞浜フラフェスティバル/page/1/	https://urayasu-portal.com/tags/%E8%88%9E%E6%B5%9C%E3%83%95%E3%83%A9%E3%83%95%E3%82%A7%E3%82%B9%E3%83%86%E3%82%A3%E3%83%90%E3%83%AB/
/tags/舞浜ユーラシア/page/1/	https://urayasu-portal.com/tags/%E8%88%9E%E6%B5%9C%E3%83%A6%E3%83%BC%E3%83%A9%E3%82%B7%E3%82%A2/
/tags/舞浜リゾートライン/page/1/	https://urayasu-portal.com/tags/%E8%88%9E%E6%B5%9C%E3%83%AA%E3%82%BE%E3%83%BC%E3%83%88%E3%83%A9%E3%82%A4%E3%83%B3/
/tags/舞浜駅/page/1/	https://urayasu-portal.com/tags/%E8%88%9E%E6%B5%9C%E9%A7%85/
/tags/花火/page/1/	https://urayasu-portal.com/tags/%E8%8A%B1%E7%81%AB/
/tags/花火大会/page/1/	https://urayasu-portal.com/tags/%E8%8A%B1%E7%81%AB%E5%A4%A7%E4%BC%9A/
/tags/菜菜麻辣湯/page/1/	https://urayasu-portal.com/tags/%E8%8F%9C%E8%8F%9C%E9%BA%BB%E8%BE%A3%E6%B9%AF/
/tags/萩原麻未/page/1/	https://urayasu-portal.com/tags/%E8%90%A9%E5%8E%9F%E9%BA%BB%E6%9C%AA/
/tags/落語/page/1/	https://urayasu-portal.com/tags/%E8%90%BD%E8%AA%9E/
/tags/葛西/page/1/	https://urayasu-portal.com/tags/%E8%91%9B%E8%A5%BF/
/tags/葛西臨海公園/page/1/	https://urayasu-portal.com/tags/%E8%91%9B%E8%A5%BF%E8%87%A8%E6%B5%B7%E5%85%AC%E5%9C%92/
/tags/蕎麦/page/1/	https://urayasu-portal.com/tags/%E8%95%8E%E9%BA%A6/
/tags/藤原拓実/page/1/	https://urayasu-portal.com/tags/%E8%97%A4%E5%8E%9F%E6%8B%93%E5%AE%9F/
/tags/行徳/page/1/	https://urayasu-portal.com/tags/%E8%A1%8C%E5%BE%B3/
/tags/行徳可動堰/page/1/	https://urayasu-portal.com/tags/%E8%A1%8C%E5%BE%B3%E5%8F%AF%E5%8B%95%E5%A0%B0/
/tags/行徳妙典/page/1/	https://urayasu-portal.com/tags/%E8%A1%8C%E5%BE%B3%E5%A6%99%E5%85%B8/
/tags/行徳自然ほごくらぶ/page/1/	https://urayasu-portal.com/tags/%E8%A1%8C%E5%BE%B3%E8%87%AA%E7%84%B6%E3%81%BB%E3%81%94%E3%81%8F%E3%82%89%E3%81%B6/
/tags/行徳街バル/page/1/	https://urayasu-portal.com/tags/%E8%A1%8C%E5%BE%B3%E8%A1%97%E3%83%90%E3%83%AB/
/tags/行徳駅/page/1/	https://urayasu-portal.com/tags/%E8%A1%8C%E5%BE%B3%E9%A7%85/
/tags/行政/page/1/	https://urayasu-portal.com/tags/%E8%A1%8C%E6%94%BF/
/tags/行政サービス/page/1/	https://urayasu-portal.com/tags/%E8%A1%8C%E6%94%BF%E3%82%B5%E3%83%BC%E3%83%93%E3%82%B9/
/tags/行政サービスセンター/page/1/	https://urayasu-portal.com/tags/%E8%A1%8C%E6%94%BF%E3%82%B5%E3%83%BC%E3%83%93%E3%82%B9%E3%82%BB%E3%83%B3%E3%82%BF%E3%83%BC/
/tags/行政窓口/page/1/	https://urayasu-portal.com/tags/%E8%A1%8C%E6%94%BF%E7%AA%93%E5%8F%A3/
/tags/街の変化/page/1/	https://urayasu-portal.com/tags/%E8%A1%97%E3%81%AE%E5%A4%89%E5%8C%96/
/tags/街ランキング/page/1/	https://urayasu-portal.com/tags/%E8%A1%97%E3%83%A9%E3%83%B3%E3%82%AD%E3%83%B3%E3%82%B0/
/tags/街歩き/page/1/	https://urayasu-portal.com/tags/%E8%A1%97%E6%AD%A9%E3%81%8D/
/tags/西友浦安店/page/1/	https://urayasu-portal.com/tags/%E8%A5%BF%E5%8F%8B%E6%B5%A6%E5%AE%89%E5%BA%97/
/tags/見明川/page/1/	https://urayasu-portal.com/tags/%E8%A6%8B%E6%98%8E%E5%B7%9D/
/tags/見明川小学校/page/1/	https://urayasu-portal.com/tags/%E8%A6%8B%E6%98%8E%E5%B7%9D%E5%B0%8F%E5%AD%A6%E6%A0%A1/
/tags/親子/page/1/	https://urayasu-portal.com/tags/%E8%A6%AA%E5%AD%90/
/tags/親子イベント/page/1/	https://urayasu-portal.com/tags/%E8%A6%AA%E5%AD%90%E3%82%A4%E3%83%99%E3%83%B3%E3%83%88/
/tags/親子向け/page/1/	https://urayasu-portal.com/tags/%E8%A6%AA%E5%AD%90%E5%90%91%E3%81%91/
/tags/観光/page/1/	https://urayasu-portal.com/tags/%E8%A6%B3%E5%85%89/
/tags/観光ガイド/page/1/	https://urayasu-portal.com/tags/%E8%A6%B3%E5%85%89%E3%82%AC%E3%82%A4%E3%83%89/
/tags/記念日/page/1/	https://urayasu-portal.com/tags/%E8%A8%98%E5%BF%B5%E6%97%A5/
/tags/訪問診療/page/1/	https://urayasu-portal.com/tags/%E8%A8%AA%E5%95%8F%E8%A8%BA%E7%99%82/
/tags/証明書/page/1/	https://urayasu-portal.com/tags/%E8%A8%BC%E6%98%8E%E6%9B%B8/
/tags/試合結果/page/1/	https://urayasu-portal.com/tags/%E8%A9%A6%E5%90%88%E7%B5%90%E6%9E%9C/
/tags/試食会/page/1/	https://urayasu-portal.com/tags/%E8%A9%A6%E9%A3%9F%E4%BC%9A/
/tags/試飲会/page/1/	https://urayasu-portal.com/tags/%E8%A9%A6%E9%A3%B2%E4%BC%9A/
/tags/認可保育施設/page/1/	https://urayasu-portal.com/tags/%E8%AA%8D%E5%8F%AF%E4%BF%9D%E8%82%B2%E6%96%BD%E8%A8%AD/
/tags/認定こども園/page/1/	https://urayasu-portal.com/tags/%E8%AA%8D%E5%AE%9A%E3%81%93%E3%81%A9%E3%82%82%E5%9C%92/
/tags/認知症/page/1/	https://urayasu-portal.com/tags/%E8%AA%8D%E7%9F%A5%E7%97%87/
/tags/読売ジャイアンツ/page/1/	https://urayasu-portal.com/tags/%E8%AA%AD%E5%A3%B2%E3%82%B8%E3%83%A3%E3%82%A4%E3%82%A2%E3%83%B3%E3%83%84/
/tags/課税証明書/page/1/	https://urayasu-portal.com/tags/%E8%AA%B2%E7%A8%8E%E8%A8%BC%E6%98%8E%E6%9B%B8/
/tags/謎解き/page/1/	https://urayasu-portal.com/tags/%E8%AC%8E%E8%A7%A3%E3%81%8D/
/tags/議会事務局/page/1/	https://urayasu-portal.com/tags/%E8%AD%B0%E4%BC%9A%E4%BA%8B%E5%8B%99%E5%B1%80/
/tags/谷中福丸饅頭/page/1/	https://urayasu-portal.com/tags/%E8%B0%B7%E4%B8%AD%E7%A6%8F%E4%B8%B8%E9%A5%85%E9%A0%AD/
/tags/豊受神社/page/1/	https://urayasu-portal.com/tags/%E8%B1%8A%E5%8F%97%E7%A5%9E%E7%A4%BE/
/tags/豊洲/page/1/	https://urayasu-portal.com/tags/%E8%B1%8A%E6%B4%B2/
/tags/買い物/page/1/	https://urayasu-portal.com/tags/%E8%B2%B7%E3%81%84%E7%89%A9/
/tags/買取大吉/page/1/	https://urayasu-portal.com/tags/%E8%B2%B7%E5%8F%96%E5%A4%A7%E5%90%89/
/tags/賃貸/page/1/	https://urayasu-portal.com/tags/%E8%B3%83%E8%B2%B8/
/tags/賞賜金/page/1/	https://urayasu-portal.com/tags/%E8%B3%9E%E8%B3%9C%E9%87%91/
/tags/赤ちゃんサロン/page/1/	https://urayasu-portal.com/tags/%E8%B5%A4%E3%81%A1%E3%82%83%E3%82%93%E3%82%B5%E3%83%AD%E3%83%B3/
/tags/赤羽/page/1/	https://urayasu-portal.com/tags/%E8%B5%A4%E7%BE%BD/
/tags/起業支援/page/1/	https://urayasu-portal.com/tags/%E8%B5%B7%E6%A5%AD%E6%94%AF%E6%8F%B4/
/tags/起業講座/page/1/	https://urayasu-portal.com/tags/%E8%B5%B7%E6%A5%AD%E8%AC%9B%E5%BA%A7/
/tags/路線バス/page/1/	https://urayasu-portal.com/tags/%E8%B7%AF%E7%B7%9A%E3%83%90%E3%82%B9/
/tags/車いす/page/1/	https://urayasu-portal.com/tags/%E8%BB%8A%E3%81%84%E3%81%99/
/tags/転入/page/1/	https://urayasu-portal.com/tags/%E8%BB%A2%E5%85%A5/
/tags/転入転出/page/1/	https://urayasu-portal.com/tags/%E8%BB%A2%E5%85%A5%E8%BB%A2%E5%87%BA/
/tags/転職/page/1/	https://urayasu-portal.com/tags/%E8%BB%A2%E8%81%B7/
/tags/辰巳ゆうと/page/1/	https://urayasu-portal.com/tags/%E8%BE%B0%E5%B7%B3%E3%82%86%E3%81%86%E3%81%A8/
/tags/返還墓所/page/1/	https://urayasu-portal.com/tags/%E8%BF%94%E9%82%84%E5%A2%93%E6%89%80/
/tags/週末イベント/page/1/	https://urayasu-portal.com/tags/%E9%80%B1%E6%9C%AB%E3%82%A4%E3%83%99%E3%83%B3%E3%83%88/
/tags/遊び場/page/1/	https://urayasu-portal.com/tags/%E9%81%8A%E3%81%B3%E5%A0%B4/
/tags/運動公園/page/1/	https://urayasu-portal.com/tags/%E9%81%8B%E5%8B%95%E5%85%AC%E5%9C%92/
/tags/運動公園野球場/page/1/	https://urayasu-portal.com/tags/%E9%81%8B%E5%8B%95%E5%85%AC%E5%9C%92%E9%87%8E%E7%90%83%E5%A0%B4/
/tags/道路/page/1/	https://urayasu-portal.com/tags/%E9%81%93%E8%B7%AF/
/tags/道路交通法/page/1/	https://urayasu-portal.com/tags/%E9%81%93%E8%B7%AF%E4%BA%A4%E9%80%9A%E6%B3%95/
/tags/道路冠水/page/1/	https://urayasu-portal.com/tags/%E9%81%93%E8%B7%AF%E5%86%A0%E6%B0%B4/
/tags/道路計画/page/1/	https://urayasu-portal.com/tags/%E9%81%93%E8%B7%AF%E8%A8%88%E7%94%BB/
/tags/選挙/page/1/	https://urayasu-portal.com/tags/%E9%81%B8%E6%8C%99/
/tags/避難所/page/1/	https://urayasu-portal.com/tags/%E9%81%BF%E9%9B%A3%E6%89%80/
/tags/部活動/page/1/	https://urayasu-portal.com/tags/%E9%83%A8%E6%B4%BB%E5%8B%95/
/tags/郷土博物館/page/1/	https://urayasu-portal.com/tags/%E9%83%B7%E5%9C%9F%E5%8D%9A%E7%89%A9%E9%A4%A8/
/tags/都市計画/page/1/	https://urayasu-portal.com/tags/%E9%83%BD%E5%B8%82%E8%A8%88%E7%94%BB/
/tags/都市計画基本図/page/1/	https://urayasu-portal.com/tags/%E9%83%BD%E5%B8%82%E8%A8%88%E7%94%BB%E5%9F%BA%E6%9C%AC%E5%9B%B3/
/tags/里神楽/page/1/	https://urayasu-portal.com/tags/%E9%87%8C%E7%A5%9E%E6%A5%BD/
/tags/野球場/page/1/	https://urayasu-portal.com/tags/%E9%87%8E%E7%90%83%E5%A0%B4/
/tags/金管五重奏/page/1/	https://urayasu-portal.com/tags/%E9%87%91%E7%AE%A1%E4%BA%94%E9%87%8D%E5%A5%8F/
/tags/金融教育/page/1/	https://urayasu-portal.com/tags/%E9%87%91%E8%9E%8D%E6%95%99%E8%82%B2/
/tags/鉄板焼/page/1/	https://urayasu-portal.com/tags/%E9%89%84%E6%9D%BF%E7%84%BC/
/tags/鉄道/page/1/	https://urayasu-portal.com/tags/%E9%89%84%E9%81%93/
/tags/鉄鋼通り/page/1/	https://urayasu-portal.com/tags/%E9%89%84%E9%8B%BC%E9%80%9A%E3%82%8A/
/tags/長崎/page/1/	https://urayasu-portal.com/tags/%E9%95%B7%E5%B4%8E/
/tags/閉店/page/1/	https://urayasu-portal.com/tags/%E9%96%89%E5%BA%97/
/tags/閉院/page/1/	https://urayasu-portal.com/tags/%E9%96%89%E9%99%A2/
/tags/開幕テンミリオン/page/1/	https://urayasu-portal.com/tags/%E9%96%8B%E5%B9%95%E3%83%86%E3%83%B3%E3%83%9F%E3%83%AA%E3%82%AA%E3%83%B3/
/tags/開幕戦/page/1/	https://urayasu-portal.com/tags/%E9%96%8B%E5%B9%95%E6%88%A6/
/tags/開店/page/1/	https://urayasu-portal.com/tags/%E9%96%8B%E5%BA%97/
/tags/開店予定/page/1/	https://urayasu-portal.com/tags/%E9%96%8B%E5%BA%97%E4%BA%88%E5%AE%9A/
/tags/開店情報/page/1/	https://urayasu-portal.com/tags/%E9%96%8B%E5%BA%97%E6%83%85%E5%A0%B1/
/tags/開店閉店/page/1/	https://urayasu-portal.com/tags/%E9%96%8B%E5%BA%97%E9%96%89%E5%BA%97/
/tags/開院/page/1/	https://urayasu-portal.com/tags/%E9%96%8B%E9%99%A2/
/tags/関東フットサルリーグ/page/1/	https://urayasu-portal.com/tags/%E9%96%A2%E6%9D%B1%E3%83%95%E3%83%83%E3%83%88%E3%82%B5%E3%83%AB%E3%83%AA%E3%83%BC%E3%82%B0/
/tags/関東女子フットサルリーグ/page/1/	https://urayasu-portal.com/tags/%E9%96%A2%E6%9D%B1%E5%A5%B3%E5%AD%90%E3%83%95%E3%83%83%E3%83%88%E3%82%B5%E3%83%AB%E3%83%AA%E3%83%BC%E3%82%B0/
/tags/防災/page/1/	https://urayasu-portal.com/tags/%E9%98%B2%E7%81%BD/
/tags/防災アプリ/page/1/	https://urayasu-portal.com/tags/%E9%98%B2%E7%81%BD%E3%82%A2%E3%83%97%E3%83%AA/
/tags/防災行政無線/page/1/	https://urayasu-portal.com/tags/%E9%98%B2%E7%81%BD%E8%A1%8C%E6%94%BF%E7%84%A1%E7%B7%9A/
/tags/防犯/page/1/	https://urayasu-portal.com/tags/%E9%98%B2%E7%8A%AF/
/tags/阿部慎之助/page/1/	https://urayasu-portal.com/tags/%E9%98%BF%E9%83%A8%E6%85%8E%E4%B9%8B%E5%8A%A9/
/tags/限定きっぷ/page/1/	https://urayasu-portal.com/tags/%E9%99%90%E5%AE%9A%E3%81%8D%E3%81%A3%E3%81%B7/
/tags/障がい児/page/1/	https://urayasu-portal.com/tags/%E9%9A%9C%E3%81%8C%E3%81%84%E5%85%90/
/tags/障がい者福祉/page/1/	https://urayasu-portal.com/tags/%E9%9A%9C%E3%81%8C%E3%81%84%E8%80%85%E7%A6%8F%E7%A5%89/
/tags/雑貨/page/1/	https://urayasu-portal.com/tags/%E9%9B%91%E8%B2%A8/
/tags/雨の日/page/1/	https://urayasu-portal.com/tags/%E9%9B%A8%E3%81%AE%E6%97%A5/
/tags/雪遊び/page/1/	https://urayasu-portal.com/tags/%E9%9B%AA%E9%81%8A%E3%81%B3/
/tags/電車/page/1/	https://urayasu-portal.com/tags/%E9%9B%BB%E8%BB%8A/
/tags/青少年館/page/1/	https://urayasu-portal.com/tags/%E9%9D%92%E5%B0%91%E5%B9%B4%E9%A4%A8/
/tags/青島広志/page/1/	https://urayasu-portal.com/tags/%E9%9D%92%E5%B3%B6%E5%BA%83%E5%BF%97/
/tags/静岡/page/1/	https://urayasu-portal.com/tags/%E9%9D%99%E5%B2%A1/
/tags/音楽/page/1/	https://urayasu-portal.com/tags/%E9%9F%B3%E6%A5%BD/
/tags/音楽イベント/page/1/	https://urayasu-portal.com/tags/%E9%9F%B3%E6%A5%BD%E3%82%A4%E3%83%99%E3%83%B3%E3%83%88/
/tags/音楽公演/page/1/	https://urayasu-portal.com/tags/%E9%9F%B3%E6%A5%BD%E5%85%AC%E6%BC%94/
/tags/順天堂大学浦安病院/page/1/	https://urayasu-portal.com/tags/%E9%A0%86%E5%A4%A9%E5%A0%82%E5%A4%A7%E5%AD%A6%E6%B5%A6%E5%AE%89%E7%97%85%E9%99%A2/
/tags/順天堂浦安病院/page/1/	https://urayasu-portal.com/tags/%E9%A0%86%E5%A4%A9%E5%A0%82%E6%B5%A6%E5%AE%89%E7%97%85%E9%99%A2/
/tags/食toiro/page/1/	https://urayasu-portal.com/tags/%E9%A3%9Ftoiro/
/tags/食べ放題/page/1/	https://urayasu-portal.com/tags/%E9%A3%9F%E3%81%B9%E6%94%BE%E9%A1%8C/
/tags/食べ歩き/page/1/	https://urayasu-portal.com/tags/%E9%A3%9F%E3%81%B9%E6%AD%A9%E3%81%8D/
/tags/食品サンプル/page/1/	https://urayasu-portal.com/tags/%E9%A3%9F%E5%93%81%E3%82%B5%E3%83%B3%E3%83%97%E3%83%AB/
/tags/食品店/page/1/	https://urayasu-portal.com/tags/%E9%A3%9F%E5%93%81%E5%BA%97/
/tags/食文化/page/1/	https://urayasu-portal.com/tags/%E9%A3%9F%E6%96%87%E5%8C%96/
/tags/食料品/page/1/	https://urayasu-portal.com/tags/%E9%A3%9F%E6%96%99%E5%93%81/
/tags/食育/page/1/	https://urayasu-portal.com/tags/%E9%A3%9F%E8%82%B2/
/tags/飲食店/page/1/	https://urayasu-portal.com/tags/%E9%A3%B2%E9%A3%9F%E5%BA%97/
/tags/飼い主のマナー/page/1/	https://urayasu-portal.com/tags/%E9%A3%BC%E3%81%84%E4%B8%BB%E3%81%AE%E3%83%9E%E3%83%8A%E3%83%BC/
/tags/駄菓子屋/page/1/	https://urayasu-portal.com/tags/%E9%A7%84%E8%8F%93%E5%AD%90%E5%B1%8B/
/tags/駅別生活ガイド/page/1/	https://urayasu-portal.com/tags/%E9%A7%85%E5%88%A5%E7%94%9F%E6%B4%BB%E3%82%AC%E3%82%A4%E3%83%89/
/tags/高崎市/page/1/	https://urayasu-portal.com/tags/%E9%AB%98%E5%B4%8E%E5%B8%82/
/tags/高嶋ちさ子/page/1/	https://urayasu-portal.com/tags/%E9%AB%98%E5%B6%8B%E3%81%A1%E3%81%95%E5%AD%90/
/tags/高校生/page/1/	https://urayasu-portal.com/tags/%E9%AB%98%E6%A0%A1%E7%94%9F/
/tags/高校野球/page/1/	https://urayasu-portal.com/tags/%E9%AB%98%E6%A0%A1%E9%87%8E%E7%90%83/
/tags/高洲/page/1/	https://urayasu-portal.com/tags/%E9%AB%98%E6%B4%B2/
/tags/高洲中学校/page/1/	https://urayasu-portal.com/tags/%E9%AB%98%E6%B4%B2%E4%B8%AD%E5%AD%A6%E6%A0%A1/
/tags/高洲児童センター/page/1/	https://urayasu-portal.com/tags/%E9%AB%98%E6%B4%B2%E5%85%90%E7%AB%A5%E3%82%BB%E3%83%B3%E3%82%BF%E3%83%BC/
/tags/高洲公民館/page/1/	https://urayasu-portal.com/tags/%E9%AB%98%E6%B4%B2%E5%85%AC%E6%B0%91%E9%A4%A8/
/tags/高洲海浜公園/page/1/	https://urayasu-portal.com/tags/%E9%AB%98%E6%B4%B2%E6%B5%B7%E6%B5%9C%E5%85%AC%E5%9C%92/
/tags/高齢者/page/1/	https://urayasu-portal.com/tags/%E9%AB%98%E9%BD%A2%E8%80%85/
/tags/高齢者福祉/page/1/	https://urayasu-portal.com/tags/%E9%AB%98%E9%BD%A2%E8%80%85%E7%A6%8F%E7%A5%89/
/tags/鮨やまぐち/page/1/	https://urayasu-portal.com/tags/%E9%AE%A8%E3%82%84%E3%81%BE%E3%81%90%E3%81%A1/
/tags/麺場田所商店/page/1/	https://urayasu-portal.com/tags/%E9%BA%BA%E5%A0%B4%E7%94%B0%E6%89%80%E5%95%86%E5%BA%97/
/tags/麻辣湯/page/1/	https://urayasu-portal.com/tags/%E9%BA%BB%E8%BE%A3%E6%B9%AF/
/tags/麻辣湯天宝/page/1/	https://urayasu-portal.com/tags/%E9%BA%BB%E8%BE%A3%E6%B9%AF%E5%A4%A9%E5%AE%9D/
/travel-guide/hotels/airport-limousine/	https://urayasu-portal.com/travel-guide/hotels/facilities/
/travel-guide/hotels/coin-laundry/	https://urayasu-portal.com/travel-guide/hotels/facilities/
/travel-guide/hotels/in-house-store/	https://urayasu-portal.com/travel-guide/hotels/facilities/
/travel-guide/hotels/large-public-bath/	https://urayasu-portal.com/travel-guide/hotels/facilities/
/travel-guide/hotels/luggage-airport/	https://urayasu-portal.com/travel-guide/luggage-airport/
/travel-guide/hotels/luggage-howto/	https://urayasu-portal.com/travel-guide/luggage-howto/
/travel-guide/hotels/luggage/	https://urayasu-portal.com/travel-guide/luggage/
/travel-guide/hotels/near-station/	https://urayasu-portal.com/travel-guide/hotels/facilities/
/travel-guide/hotels/pool/	https://urayasu-portal.com/travel-guide/hotels/facilities/
/zh-tw/posts/page/1/	https://urayasu-portal.com/zh-tw/posts/
/zh-tw/tags/access/page/1/	https://urayasu-portal.com/zh-tw/tags/access/
/zh-tw/tags/disney/page/1/	https://urayasu-portal.com/zh-tw/tags/disney/
/zh-tw/tags/happy-entry/page/1/	https://urayasu-portal.com/zh-tw/tags/happy-entry/
/zh-tw/tags/hotel/page/1/	https://urayasu-portal.com/zh-tw/tags/hotel/
/zh-tw/tags/ic卡/page/1/	https://urayasu-portal.com/zh-tw/tags/ic%E5%8D%A1/
/zh-tw/tags/ikspiari/page/1/	https://urayasu-portal.com/zh-tw/tags/ikspiari/
/zh-tw/tags/luggage/page/1/	https://urayasu-portal.com/zh-tw/tags/luggage/
/zh-tw/tags/suica/page/1/	https://urayasu-portal.com/zh-tw/tags/suica/
/zh-tw/tags/teamlab/page/1/	https://urayasu-portal.com/zh-tw/tags/teamlab/
/zh-tw/tags/urayasu/page/1/	https://urayasu-portal.com/zh-tw/tags/urayasu/
/zh-tw/tags/交通/page/1/	https://urayasu-portal.com/zh-tw/tags/%E4%BA%A4%E9%80%9A/
/zh-tw/tags/交通公園/page/1/	https://urayasu-portal.com/zh-tw/tags/%E4%BA%A4%E9%80%9A%E5%85%AC%E5%9C%92/
/zh-tw/tags/休息日/page/1/	https://urayasu-portal.com/zh-tw/tags/%E4%BC%91%E6%81%AF%E6%97%A5/
/zh-tw/tags/伴手禮/page/1/	https://urayasu-portal.com/zh-tw/tags/%E4%BC%B4%E6%89%8B%E7%A6%AE/
/zh-tw/tags/價格/page/1/	https://urayasu-portal.com/zh-tw/tags/%E5%83%B9%E6%A0%BC/
/zh-tw/tags/免費/page/1/	https://urayasu-portal.com/zh-tw/tags/%E5%85%8D%E8%B2%BB/
/zh-tw/tags/初次到訪/page/1/	https://urayasu-portal.com/zh-tw/tags/%E5%88%9D%E6%AC%A1%E5%88%B0%E8%A8%AA/
/zh-tw/tags/嬰兒車/page/1/	https://urayasu-portal.com/zh-tw/tags/%E5%AC%B0%E5%85%92%E8%BB%8A/
/zh-tw/tags/官方飯店/page/1/	https://urayasu-portal.com/zh-tw/tags/%E5%AE%98%E6%96%B9%E9%A3%AF%E5%BA%97/
/zh-tw/tags/室內景點/page/1/	https://urayasu-portal.com/zh-tw/tags/%E5%AE%A4%E5%85%A7%E6%99%AF%E9%BB%9E/
/zh-tw/tags/家庭旅行/page/1/	https://urayasu-portal.com/zh-tw/tags/%E5%AE%B6%E5%BA%AD%E6%97%85%E8%A1%8C/
/zh-tw/tags/急病/page/1/	https://urayasu-portal.com/zh-tw/tags/%E6%80%A5%E7%97%85/
/zh-tw/tags/成田機場/page/1/	https://urayasu-portal.com/zh-tw/tags/%E6%88%90%E7%94%B0%E6%A9%9F%E5%A0%B4/
/zh-tw/tags/拉麵/page/1/	https://urayasu-portal.com/zh-tw/tags/%E6%8B%89%E9%BA%B5/
/zh-tw/tags/接駁車/page/1/	https://urayasu-portal.com/zh-tw/tags/%E6%8E%A5%E9%A7%81%E8%BB%8A/
/zh-tw/tags/新浦安/page/1/	https://urayasu-portal.com/zh-tw/tags/%E6%96%B0%E6%B5%A6%E5%AE%89/
/zh-tw/tags/新浦安咖啡/page/1/	https://urayasu-portal.com/zh-tw/tags/%E6%96%B0%E6%B5%A6%E5%AE%89%E5%92%96%E5%95%A1/
/zh-tw/tags/新浦安美食/page/1/	https://urayasu-portal.com/zh-tw/tags/%E6%96%B0%E6%B5%A6%E5%AE%89%E7%BE%8E%E9%A3%9F/
/zh-tw/tags/晴空塔/page/1/	https://urayasu-portal.com/zh-tw/tags/%E6%99%B4%E7%A9%BA%E5%A1%94/
/zh-tw/tags/東京站/page/1/	https://urayasu-portal.com/zh-tw/tags/%E6%9D%B1%E4%BA%AC%E7%AB%99/
/zh-tw/tags/東京觀光/page/1/	https://urayasu-portal.com/zh-tw/tags/%E6%9D%B1%E4%BA%AC%E8%A7%80%E5%85%89/
/zh-tw/tags/東京迪士尼/page/1/	https://urayasu-portal.com/zh-tw/tags/%E6%9D%B1%E4%BA%AC%E8%BF%AA%E5%A3%AB%E5%B0%BC/
/zh-tw/tags/東京迪士尼度假區/page/1/	https://urayasu-portal.com/zh-tw/tags/%E6%9D%B1%E4%BA%AC%E8%BF%AA%E5%A3%AB%E5%B0%BC%E5%BA%A6%E5%81%87%E5%8D%80/
/zh-tw/tags/機場定額計程車/page/1/	https://urayasu-portal.com/zh-tw/tags/%E6%A9%9F%E5%A0%B4%E5%AE%9A%E9%A1%8D%E8%A8%88%E7%A8%8B%E8%BB%8A/
/zh-tw/tags/機場巴士/page/1/	https://urayasu-portal.com/zh-tw/tags/%E6%A9%9F%E5%A0%B4%E5%B7%B4%E5%A3%AB/
/zh-tw/tags/水族館/page/1/	https://urayasu-portal.com/zh-tw/tags/%E6%B0%B4%E6%97%8F%E9%A4%A8/
/zh-tw/tags/浦安/page/1/	https://urayasu-portal.com/zh-tw/tags/%E6%B5%A6%E5%AE%89/
/zh-tw/tags/浦安午餐/page/1/	https://urayasu-portal.com/zh-tw/tags/%E6%B5%A6%E5%AE%89%E5%8D%88%E9%A4%90/
/zh-tw/tags/浦安美食/page/1/	https://urayasu-portal.com/zh-tw/tags/%E6%B5%A6%E5%AE%89%E7%BE%8E%E9%A3%9F/
/zh-tw/tags/淺草/page/1/	https://urayasu-portal.com/zh-tw/tags/%E6%B7%BA%E8%8D%89/
/zh-tw/tags/溫泉/page/1/	https://urayasu-portal.com/zh-tw/tags/%E6%BA%AB%E6%B3%89/
/zh-tw/tags/澀谷/page/1/	https://urayasu-portal.com/zh-tw/tags/%E6%BE%80%E8%B0%B7/
/zh-tw/tags/福祉計程車/page/1/	https://urayasu-portal.com/zh-tw/tags/%E7%A6%8F%E7%A5%89%E8%A8%88%E7%A8%8B%E8%BB%8A/
/zh-tw/tags/紀念品/page/1/	https://urayasu-portal.com/zh-tw/tags/%E7%B4%80%E5%BF%B5%E5%93%81/
/zh-tw/tags/羽田機場/page/1/	https://urayasu-portal.com/zh-tw/tags/%E7%BE%BD%E7%94%B0%E6%A9%9F%E5%A0%B4/
/zh-tw/tags/舞濱/page/1/	https://urayasu-portal.com/zh-tw/tags/%E8%88%9E%E6%BF%B1/
/zh-tw/tags/舞濱餐飲/page/1/	https://urayasu-portal.com/zh-tw/tags/%E8%88%9E%E6%BF%B1%E9%A4%90%E9%A3%B2/
/zh-tw/tags/萬聖節/page/1/	https://urayasu-portal.com/zh-tw/tags/%E8%90%AC%E8%81%96%E7%AF%80/
/zh-tw/tags/葛西臨海公園/page/1/	https://urayasu-portal.com/zh-tw/tags/%E8%91%9B%E8%A5%BF%E8%87%A8%E6%B5%B7%E5%85%AC%E5%9C%92/
/zh-tw/tags/行前準備/page/1/	https://urayasu-portal.com/zh-tw/tags/%E8%A1%8C%E5%89%8D%E6%BA%96%E5%82%99/
/zh-tw/tags/行李清單/page/1/	https://urayasu-portal.com/zh-tw/tags/%E8%A1%8C%E6%9D%8E%E6%B8%85%E5%96%AE/
/zh-tw/tags/西瓜卡/page/1/	https://urayasu-portal.com/zh-tw/tags/%E8%A5%BF%E7%93%9C%E5%8D%A1/
/zh-tw/tags/親子/page/1/	https://urayasu-portal.com/zh-tw/tags/%E8%A6%AA%E5%AD%90/
/zh-tw/tags/觀光指南/page/1/	https://urayasu-portal.com/zh-tw/tags/%E8%A7%80%E5%85%89%E6%8C%87%E5%8D%97/
/zh-tw/tags/計程車/page/1/	https://urayasu-portal.com/zh-tw/tags/%E8%A8%88%E7%A8%8B%E8%BB%8A/
/zh-tw/tags/變裝/page/1/	https://urayasu-portal.com/zh-tw/tags/%E8%AE%8A%E8%A3%9D/
/zh-tw/tags/豐洲/page/1/	https://urayasu-portal.com/zh-tw/tags/%E8%B1%90%E6%B4%B2/
/zh-tw/tags/購物/page/1/	https://urayasu-portal.com/zh-tw/tags/%E8%B3%BC%E7%89%A9/
/zh-tw/tags/迪士尼/page/1/	https://urayasu-portal.com/zh-tw/tags/%E8%BF%AA%E5%A3%AB%E5%B0%BC/
/zh-tw/tags/迪士尼周邊/page/1/	https://urayasu-portal.com/zh-tw/tags/%E8%BF%AA%E5%A3%AB%E5%B0%BC%E5%91%A8%E9%82%8A/
/zh-tw/tags/迪士尼海洋/page/1/	https://urayasu-portal.com/zh-tw/tags/%E8%BF%AA%E5%A3%AB%E5%B0%BC%E6%B5%B7%E6%B4%8B/
/zh-tw/tags/醫療/page/1/	https://urayasu-portal.com/zh-tw/tags/%E9%86%AB%E7%99%82/
/zh-tw/tags/門票/page/1/	https://urayasu-portal.com/zh-tw/tags/%E9%96%80%E7%A5%A8/
/zh-tw/tags/雨天/page/1/	https://urayasu-portal.com/zh-tw/tags/%E9%9B%A8%E5%A4%A9/
/zh-tw/tags/飯店/page/1/	https://urayasu-portal.com/zh-tw/tags/%E9%A3%AF%E5%BA%97/
/zh-tw/tags/飯店住宿/page/1/	https://urayasu-portal.com/zh-tw/tags/%E9%A3%AF%E5%BA%97%E4%BD%8F%E5%AE%BF/
/zh-tw/tags/飯店餐廳/page/1/	https://urayasu-portal.com/zh-tw/tags/%E9%A3%AF%E5%BA%97%E9%A4%90%E5%BB%B3/
/zh-tw/travel-guide/hotels/luggage-airport/	https://urayasu-portal.com/zh-tw/travel-guide/luggage-airport/
/zh-tw/travel-guide/hotels/luggage-howto/	https://urayasu-portal.com/zh-tw/travel-guide/luggage-howto/
/zh-tw/travel-guide/hotels/luggage/	https://urayasu-portal.com/zh-tw/travel-guide/luggage/
/zh/tags/access/page/1/	https://urayasu-portal.com/zh/tags/access/
/zh/tags/disney/page/1/	https://urayasu-portal.com/zh/tags/disney/
/zh/tags/happy-entry/page/1/	https://urayasu-portal.com/zh/tags/happy-entry/
/zh/tags/hotel/page/1/	https://urayasu-portal.com/zh/tags/hotel/
/zh/tags/ic卡/page/1/	https://urayasu-portal.com/zh/tags/ic%E5%8D%A1/
/zh/tags/ikspiari/page/1/	https://urayasu-portal.com/zh/tags/ikspiari/
/zh/tags/luggage/page/1/	https://urayasu-portal.com/zh/tags/luggage/
/zh/tags/suica/page/1/	https://urayasu-portal.com/zh/tags/suica/
/zh/tags/teamlab/page/1/	https://urayasu-portal.com/zh/tags/teamlab/
/zh/tags/urayasu/page/1/	https://urayasu-portal.com/zh/tags/urayasu/
/zh/tags/东京站/page/1/	https://urayasu-portal.com/zh/tags/%E4%B8%9C%E4%BA%AC%E7%AB%99/
/zh/tags/东京观光/page/1/	https://urayasu-portal.com/zh/tags/%E4%B8%9C%E4%BA%AC%E8%A7%82%E5%85%89/
/zh/tags/东京迪士尼/page/1/	https://urayasu-portal.com/zh/tags/%E4%B8%9C%E4%BA%AC%E8%BF%AA%E5%A3%AB%E5%B0%BC/
/zh/tags/东京迪士尼度假区/page/1/	https://urayasu-portal.com/zh/tags/%E4%B8%9C%E4%BA%AC%E8%BF%AA%E5%A3%AB%E5%B0%BC%E5%BA%A6%E5%81%87%E5%8C%BA/
/zh/tags/丰洲/page/1/	https://urayasu-portal.com/zh/tags/%E4%B8%B0%E6%B4%B2/
/zh/tags/交通/page/1/	https://urayasu-portal.com/zh/tags/%E4%BA%A4%E9%80%9A/
/zh/tags/交通公园/page/1/	https://urayasu-portal.com/zh/tags/%E4%BA%A4%E9%80%9A%E5%85%AC%E5%9B%AD/
/zh/tags/亲子/page/1/	https://urayasu-portal.com/zh/tags/%E4%BA%B2%E5%AD%90/
/zh/tags/价格/page/1/	https://urayasu-portal.com/zh/tags/%E4%BB%B7%E6%A0%BC/
/zh/tags/休息日/page/1/	https://urayasu-portal.com/zh/tags/%E4%BC%91%E6%81%AF%E6%97%A5/
/zh/tags/免费/page/1/	https://urayasu-portal.com/zh/tags/%E5%85%8D%E8%B4%B9/
/zh/tags/出租车/page/1/	https://urayasu-portal.com/zh/tags/%E5%87%BA%E7%A7%9F%E8%BD%A6/
/zh/tags/初次到访/page/1/	https://urayasu-portal.com/zh/tags/%E5%88%9D%E6%AC%A1%E5%88%B0%E8%AE%BF/
/zh/tags/医疗/page/1/	https://urayasu-portal.com/zh/tags/%E5%8C%BB%E7%96%97/
/zh/tags/合作酒店/page/1/	https://urayasu-portal.com/zh/tags/%E5%90%88%E4%BD%9C%E9%85%92%E5%BA%97/
/zh/tags/婴儿车/page/1/	https://urayasu-portal.com/zh/tags/%E5%A9%B4%E5%84%BF%E8%BD%A6/
/zh/tags/官方酒店/page/1/	https://urayasu-portal.com/zh/tags/%E5%AE%98%E6%96%B9%E9%85%92%E5%BA%97/
/zh/tags/室内景点/page/1/	https://urayasu-portal.com/zh/tags/%E5%AE%A4%E5%86%85%E6%99%AF%E7%82%B9/
/zh/tags/家庭/page/1/	https://urayasu-portal.com/zh/tags/%E5%AE%B6%E5%BA%AD/
/zh/tags/家庭旅行/page/1/	https://urayasu-portal.com/zh/tags/%E5%AE%B6%E5%BA%AD%E6%97%85%E8%A1%8C/
/zh/tags/急病/page/1/	https://urayasu-portal.com/zh/tags/%E6%80%A5%E7%97%85/
/zh/tags/成田机场/page/1/	https://urayasu-portal.com/zh/tags/%E6%88%90%E7%94%B0%E6%9C%BA%E5%9C%BA/
/zh/tags/新浦安/page/1/	https://urayasu-portal.com/zh/tags/%E6%96%B0%E6%B5%A6%E5%AE%89/
/zh/tags/新浦安咖啡/page/1/	https://urayasu-portal.com/zh/tags/%E6%96%B0%E6%B5%A6%E5%AE%89%E5%92%96%E5%95%A1/
/zh/tags/晴空塔/page/1/	https://urayasu-portal.com/zh/tags/%E6%99%B4%E7%A9%BA%E5%A1%94/
/zh/tags/机场大巴/page/1/	https://urayasu-portal.com/zh/tags/%E6%9C%BA%E5%9C%BA%E5%A4%A7%E5%B7%B4/
/zh/tags/机场定额出租车/page/1/	https://urayasu-portal.com/zh/tags/%E6%9C%BA%E5%9C%BA%E5%AE%9A%E9%A2%9D%E5%87%BA%E7%A7%9F%E8%BD%A6/
/zh/tags/水族馆/page/1/	https://urayasu-portal.com/zh/tags/%E6%B0%B4%E6%97%8F%E9%A6%86/
/zh/tags/浅草/page/1/	https://urayasu-portal.com/zh/tags/%E6%B5%85%E8%8D%89/
/zh/tags/浦安/page/1/	https://urayasu-portal.com/zh/tags/%E6%B5%A6%E5%AE%89/
/zh/tags/浦安午餐/page/1/	https://urayasu-portal.com/zh/tags/%E6%B5%A6%E5%AE%89%E5%8D%88%E9%A4%90/
/zh/tags/浦安美食/page/1/	https://urayasu-portal.com/zh/tags/%E6%B5%A6%E5%AE%89%E7%BE%8E%E9%A3%9F/
/zh/tags/涩谷/page/1/	https://urayasu-portal.com/zh/tags/%E6%B6%A9%E8%B0%B7/
/zh/tags/温泉/page/1/	https://urayasu-portal.com/zh/tags/%E6%B8%A9%E6%B3%89/
/zh/tags/班车/page/1/	https://urayasu-portal.com/zh/tags/%E7%8F%AD%E8%BD%A6/
/zh/tags/福祉出租车/page/1/	https://urayasu-portal.com/zh/tags/%E7%A6%8F%E7%A5%89%E5%87%BA%E7%A7%9F%E8%BD%A6/
/zh/tags/纪念品/page/1/	https://urayasu-portal.com/zh/tags/%E7%BA%AA%E5%BF%B5%E5%93%81/
/zh/tags/羽田机场/page/1/	https://urayasu-portal.com/zh/tags/%E7%BE%BD%E7%94%B0%E6%9C%BA%E5%9C%BA/
/zh/tags/舞滨/page/1/	https://urayasu-portal.com/zh/tags/%E8%88%9E%E6%BB%A8/
/zh/tags/舞滨餐饮/page/1/	https://urayasu-portal.com/zh/tags/%E8%88%9E%E6%BB%A8%E9%A4%90%E9%A5%AE/
/zh/tags/葛西临海公园/page/1/	https://urayasu-portal.com/zh/tags/%E8%91%9B%E8%A5%BF%E4%B8%B4%E6%B5%B7%E5%85%AC%E5%9B%AD/
/zh/tags/行前准备/page/1/	https://urayasu-portal.com/zh/tags/%E8%A1%8C%E5%89%8D%E5%87%86%E5%A4%87/
/zh/tags/行李清单/page/1/	https://urayasu-portal.com/zh/tags/%E8%A1%8C%E6%9D%8E%E6%B8%85%E5%8D%95/
/zh/tags/西瓜卡/page/1/	https://urayasu-portal.com/zh/tags/%E8%A5%BF%E7%93%9C%E5%8D%A1/
/zh/tags/观光指南/page/1/	https://urayasu-portal.com/zh/tags/%E8%A7%82%E5%85%89%E6%8C%87%E5%8D%97/
/zh/tags/购物/page/1/	https://urayasu-portal.com/zh/tags/%E8%B4%AD%E7%89%A9/
/zh/tags/迪士尼/page/1/	https://urayasu-portal.com/zh/tags/%E8%BF%AA%E5%A3%AB%E5%B0%BC/
/zh/tags/迪士尼周边/page/1/	https://urayasu-portal.com/zh/tags/%E8%BF%AA%E5%A3%AB%E5%B0%BC%E5%91%A8%E8%BE%B9/
/zh/tags/酒店/page/1/	https://urayasu-portal.com/zh/tags/%E9%85%92%E5%BA%97/
/zh/tags/酒店住宿/page/1/	https://urayasu-portal.com/zh/tags/%E9%85%92%E5%BA%97%E4%BD%8F%E5%AE%BF/
/zh/tags/酒店餐厅/page/1/	https://urayasu-portal.com/zh/tags/%E9%85%92%E5%BA%97%E9%A4%90%E5%8E%85/
/zh/tags/门票/page/1/	https://urayasu-portal.com/zh/tags/%E9%97%A8%E7%A5%A8/
/zh/tags/雨天/page/1/	https://urayasu-portal.com/zh/tags/%E9%9B%A8%E5%A4%A9/
/zh/travel-guide/hotels/luggage-airport/	https://urayasu-portal.com/zh/travel-guide/luggage-airport/
/zh/travel-guide/hotels/luggage-howto/	https://urayasu-portal.com/zh/travel-guide/luggage-howto/
/zh/travel-guide/hotels/luggage/	https://urayasu-portal.com/zh/travel-guide/luggage/
