path	lang	kind	url	title	slug	date	lastmod	category	eventDate	draft
content/about.md	ja	page	/about/	運営者情報・編集方針	about	2026-06-13T00:00:00+09:00	2026-07-23T00:00:00+09:00			false
content/categories/_index.md	ja	taxonomy	/categories/	カテゴリ一覧						
content/categories/お知らせ/_index.md	ja	term	/categories/お知らせ/	お知らせ						
content/categories/イベント/_index.md	ja	term	/categories/イベント/	イベント						
content/categories/グルメ・カフェ/_index.md	ja	term	/categories/グルメカフェ/	グルメ・カフェ						
content/categories/スポーツ/_index.md	ja	term	/categories/スポーツ/	スポーツ						
content/categories/ニュース/_index.md	ja	term	/categories/ニュース/	ニュース						
content/categories/子育て・教育/_index.md	ja	term	/categories/子育て教育/	子育て・教育						
content/categories/開店・閉店/_index.md	ja	term	/categories/開店閉店/	開店・閉店						
content/contact.md	ja	page	/contact/	お問い合わせ		2024-01-01T00:00:00+09:00				
content/daily/_index.md	ja	section	/daily/	日付で探す						
content/events.md	ja	page	/events/	浦安 イベントカレンダー						
content/life-guide/_index.md	ja	section	/life-guide/	浦安市の生活ガイド｜子育て・医療・防災・ごみ・公共施設まとめ		2026-06-07T00:00:00+09:00	2026-07-23			
content/life-guide/bus-noriba.md	ja	page	/life-guide/bus-noriba/	浦安市の駅別バス乗り場ガイド｜浦安駅・新浦安駅・舞浜駅ののりば一覧		2026-09-30T20:00:00+09:00	2026-10-01	お知らせ		
content/life-guide/city-hall-procedures.md	ja	page	/life-guide/city-hall-procedures/	浦安市の市役所手続き・行政サービスセンターガイド｜住民票・転入転出・マイナンバーカードの窓口まとめ		2026-06-13T13:00:00+09:00	2026-10-01	お知らせ		
content/life-guide/disaster-prevention.md	ja	page	/life-guide/disaster-prevention/	浦安市の防災・避難所・ハザードマップまとめ｜地震・水害・液状化に備える保存版ガイド		2026-06-13T11:00:00+09:00	2026-06-13T11:00:00+09:00	お知らせ		
content/life-guide/holiday-night-medical.md	ja	page	/life-guide/holiday-night-medical/	浦安市の休日・夜間診療、急病時の相談先まとめ｜救急車を呼ぶか迷ったときの医療ガイド		2026-06-13T10:00:00+09:00	2026-08-17	お知らせ		
content/life-guide/indoor-playgrounds.md	ja	page	/life-guide/indoor-playgrounds/	浦安市の子ども向け屋内・公共の遊び場まとめ｜雨の日・暑い日にも使える親子のおでかけガイド		2026-06-07T10:00:00+09:00	2026-09-01	子育て・教育		
content/life-guide/kaigo-first-steps.md	ja	page	/life-guide/kaigo-first-steps/	【浦安市】親の介護が始まったら｜最初の一歩ガイド（ご家族向け）		2026-08-17T01:00:00+09:00	2026-08-17	お知らせ		
content/life-guide/keiyo-line-unko-joho.md	ja	page	/life-guide/keiyo-line-unko-joho/	京葉線の運行情報・遅延の調べ方｜止まったとき浦安から使える代替ルート		2026-09-04T10:51:00+09:00	2026-09-30	お知らせ		
content/life-guide/libraries-public-facilities.md	ja	page	/life-guide/libraries-public-facilities/	浦安市の図書館・公共施設一覧ガイド｜図書館・公民館・文化施設・行政窓口を目的別に探せる便利帳		2026-06-13T15:00:00+09:00	2026-08-17	お知らせ		
content/life-guide/maihama-station-bus-noriba.md	ja	page	/life-guide/maihama-station-bus-noriba/	舞浜駅のバス乗り場ガイド｜南口01〜04番・ホテル送迎C-3の行き先別一覧		2026-09-30T20:00:00+09:00	2026-10-01	お知らせ		
content/life-guide/parks-playgrounds.md	ja	page	/life-guide/parks-playgrounds/	浦安市の公園・遊び場ガイド｜子どもと行きたい大型公園・水遊び・交通公園まとめ		2026-06-13T14:00:00+09:00	2026-07-20T10:00:00+09:00	子育て・教育		
content/life-guide/shinurayasu-station-bus-noriba.md	ja	page	/life-guide/shinurayasu-station-bus-noriba/	新浦安駅のバス乗り場ガイド｜南口A〜H・北口・空港バスJの行き先別一覧		2026-09-30T20:00:00+09:00	2026-10-01	お知らせ		
content/life-guide/single-couple-life.md	ja	page	/life-guide/single-couple-life/	浦安の単身・ふたり暮らしガイド｜困ったときの相談先と、休日の楽しみ方		2026-08-17T00:30:00+09:00	2026-08-17	お知らせ		
content/life-guide/sports-teams.md	ja	page	/life-guide/sports-teams/	浦安3大スポーツチーム観戦ガイド｜D-Rocks・ブリオベッカ・バルドラールの試合日程・会場・チケットまとめ		2026-06-13	2026-10-01	スポーツ		
content/life-guide/station-life.md	ja	page	/life-guide/station-life/	浦安市の駅別生活ガイド｜浦安駅・新浦安駅・舞浜駅の暮らしやすさを比較		2026-06-13	2026-10-02	お知らせ		
content/life-guide/trash-recycling.md	ja	page	/life-guide/trash-recycling/	浦安市のごみ分別・収集日・粗大ごみの出し方ガイド｜町名別カレンダー・申込先まとめ		2026-06-13T12:00:00+09:00	2026-08-17	お知らせ		
content/life-guide/urayasu-bus-kotsu.md	ja	page	/life-guide/urayasu-bus-kotsu/	浦安市の交通・バスガイド｜おさんぽバス・墓地公園への無料バス・市内の移動		2026-06-28T13:00:00+09:00	2026-09-30	お知らせ		
content/life-guide/urayasu-hitorioya-shogai.md	ja	page	/life-guide/urayasu-hitorioya-shogai/	【浦安市】ひとり親・障がいのある子どもへの支援ガイド｜手当・医療費・療育・特別支援の窓口	urayasu-hitorioya-shogai	2026-06-27T08:00:00+09:00	2026-10-01	生活ガイド		
content/life-guide/urayasu-hoiku-youchien.md	ja	page	/life-guide/urayasu-hoiku-youchien/	【浦安市】保育園・幼稚園・預かりガイド｜入園申込み・保育料・無償化・病児保育の窓口	urayasu-hoiku-youchien	2026-06-27T07:20:00+09:00	2026-10-02	生活ガイド		
content/life-guide/urayasu-hoken-nenkin-zei.md	ja	page	/life-guide/urayasu-hoken-nenkin-zei/	浦安市の国民健康保険・年金・税金ガイド｜加入・脱退・納付の窓口まとめ		2026-06-28T11:00:00+09:00	2026-08-17	お知らせ		
content/life-guide/urayasu-jido-teate.md	ja	page	/life-guide/urayasu-jido-teate/	【浦安市】児童手当・経済的支援ガイド｜手当・就学援助・奨学支援金の窓口	urayasu-jido-teate	2026-06-27T07:40:00+09:00	2026-10-01	生活ガイド		
content/life-guide/urayasu-kodomo-iryohi.md	ja	page	/life-guide/urayasu-kodomo-iryohi/	【浦安市】子どもの医療費・健康ガイド｜子ども医療費助成（マル子）・育成医療・救急の窓口	urayasu-kodomo-iryohi	2026-06-27T07:30:00+09:00	2026-10-01	生活ガイド		
content/life-guide/urayasu-koreisha-kaigo.md	ja	page	/life-guide/urayasu-koreisha-kaigo/	浦安市の高齢者・介護ガイド｜地域包括支援センター「ともづな」と介護保険の使い方		2026-06-28T10:00:00+09:00	2026-08-17	お知らせ		
content/life-guide/urayasu-kosodate-shien-matome.md	ja	page	/life-guide/urayasu-kosodate-shien-matome/	浦安市の子育て支援・手当・助成まとめ｜妊娠・出産から小中学生まで使える制度ガイド		2026-06-07T09:00:00+09:00	2026-10-02	子育て・教育		
content/life-guide/urayasu-ninshin-shussan-shien.md	ja	page	/life-guide/urayasu-ninshin-shussan-shien/	【浦安市】妊娠・出産時の支援ガイド｜健診助成・給付金・産後ケアの窓口	urayasu-ninshin-shussan-shien	2026-06-27T07:00:00+09:00	2026-08-17	生活ガイド		
content/life-guide/urayasu-nyuyoji-shien.md	ja	page	/life-guide/urayasu-nyuyoji-shien/	【浦安市】乳幼児期の子育て支援ガイド｜健診・予防接種・子育て支援センター・一時預かりの窓口	urayasu-nyuyoji-shien	2026-06-27T07:10:00+09:00	2026-09-12T20:21:00+09:00	生活ガイド		
content/life-guide/urayasu-pet.md	ja	page	/life-guide/urayasu-pet/	浦安市のペットガイド｜犬の登録・狂犬病予防注射・飼い方のルールとドッグラン		2026-06-28T12:00:00+09:00	2026-08-17	お知らせ		
content/life-guide/urayasu-shougakusei-chuugakusei.md	ja	page	/life-guide/urayasu-shougakusei-chuugakusei/	【浦安市】小学生・中学生の支援ガイド｜学童・教育相談・不登校・いじめ相談の窓口	urayasu-shougakusei-chuugakusei	2026-06-27T07:50:00+09:00	2026-08-17	生活ガイド		
content/life-guide/urayasu-station-bus-noriba.md	ja	page	/life-guide/urayasu-station-bus-noriba/	浦安駅のバス乗り場ガイド｜A・B・D・Eのりばの場所と行き先別の乗り場一覧		2026-09-14T19:00:00+09:00	2026-10-01	お知らせ		
content/life-guide/urayasu-sumai-hikkoshi.md	ja	page	/life-guide/urayasu-sumai-hikkoshi/	浦安市の引っ越し・住まいガイド｜時系列チェックリスト・家賃の目安・初期費用を抑えるコツ		2026-07-12	2026-08-17	お知らせ		
content/open-close.md	ja	page	/open-close/	浦安 開店・閉店 まとめ年表						
content/posts/20250604-urayasu-mangekyo-site-redevelopment.md	ja	page	/posts/浦安万華郷跡地活用方針が決定/	「浦安万華郷跡地」活用方針が決定	urayasu-mangekyo-site-redevelopment	2025-06-04T00:00:00+09:00	2026-10-04	ニュース		false
content/posts/2025年5月31日-浦安市の主なニュース・トピックスまと.md	ja	page	/posts/2025年5月31日-浦安市の主なニューストピックスまと/	2025年5月31日 浦安ニュース・トピックス		2025-06-01T10:54:07+09:00		ニュース		
content/posts/2026-05-19-d-rocks-d1d2-host-game-0530.md	ja	page	/posts/d-rocks-d1d2-host-game-0530/	【浦安D-Rocks】5/30 D1/D2入替戦ホストゲーム｜浦安市在住・勤務者は1,000円優待あり	d-rocks-d1d2-host-game-0530	2026-05-19T07:00:00+09:00		スポーツ	2026-05-30	false
content/posts/2026-05-19-nisyakugosun-urayasuekimae.md	ja	page	/posts/nisyakugosun-urayasuekimae/	【浦安】焼鳥・蕎麦居酒屋「二尺五寸 浦安駅前店」が浦安駅直結にオープン予定	nisyakugosun-urayasuekimae	2026-05-19T07:00:00+09:00		開店・閉店		false
content/posts/2026-05-24-bardral-fleague-2026-27-opener.md	ja	page	/posts/bardral-fleague-2026-27-opener/	バルドラール浦安、Fリーグ新シーズン開幕戦は5/30ホームゲーム！	bardral-fleague-2026-27-opener	2026-05-24T07:00:00+09:00		スポーツ	2026-05-30	false
content/posts/2026-05-24-briobecca-jflcup-final-2026.md	ja	page	/posts/briobecca-jflcup-final-2026/	ブリオベッカ浦安・市川、JFL CUP最終節は0-2で敗戦——秋春制新シーズンへ	briobecca-jflcup-final-2026	2026-05-24T07:00:00+09:00		スポーツ	2026-05-17	false
content/posts/2026-05-24-d-rocks-replacement-match-1-win.md	ja	page	/posts/d-rocks-replacement-match-1-win/	浦安D-Rocks、入替戦第1戦を37-15で制しD1残留へ前進	d-rocks-replacement-match-1-win	2026-05-24T07:00:00+09:00		スポーツ	2026-05-23	false
content/posts/2026-05-24-ems-urayasu-thai-open.md	ja	page	/posts/ems-urayasu-thai-open/	浦安・猫実に「生春巻きとタイ料理 エムズ」が4月オープン！	ems-urayasu-thai-open	2026-05-24T07:00:00+09:00		グルメ・カフェ		false
content/posts/20260411-barrier-free-theater-touch-2026.md	ja	page	/posts/barrier-free-theater-touch-2026/	【浦安市】文化会館でバリアフリー演劇「Touch」開催	barrier-free-theater-touch-2026	2026-04-11T07:00:00+09:00		イベント	2026-06-06	false
content/posts/20260412-aoshima-hiroshi-classic-concert-2026.md	ja	page	/posts/aoshima-hiroshi-classic-concert-2026/	【浦安市】青島広志のクラシック音楽公演開催	aoshima-hiroshi-classic-concert-2026	2026-04-12T07:00:00+09:00		イベント	2026-06-27	false
content/posts/20260416-zero-age-orchestra-concert-2026.md	ja	page	/posts/zero-age-orchestra-concert-2026/	【浦安市】文化会館で0歳からのオーケストラ公演	zero-age-orchestra-concert-2026	2026-04-16T07:00:00+09:00		イベント	2026-07-05	false
content/posts/20260417-tokusen-rakugokai-2026.md	ja	page	/posts/tokusen-rakugokai-2026/	【浦安市】文化会館で特撰落語会開催	tokusen-rakugokai-2026	2026-04-17T07:00:00+09:00		イベント	2026-08-17	false
content/posts/20260430-urayasu-pure-classic-concert-56-2026.md	ja	page	/posts/urayasu-pure-classic-concert-56-2026/	【浦安市】若い音楽家によるピュアクラシック開催	urayasu-pure-classic-concert-56-2026	2026-04-30T07:00:00+09:00		イベント	2026-07-20	false
content/posts/20260501-big-smile-cafe-urayasu-closed-20260430.md	ja	page	/posts/big-smile-cafe-urayasu-closed-20260430/	【浦安】当代島の「Big Smile CAFE.」が4月30日閉店、今後はイベント出店へ	big-smile-cafe-urayasu-closed-20260430	2026-05-01T19:00:00+09:00		開店・閉店	2026-04-30	false
content/posts/20260502-showa-music-jamboree-vol4-wave101.md	ja	page	/posts/showa-music-jamboree-vol4-wave101/	【新浦安】昭和ミュージックジャンボリーvol.4が6月28日に開催	showa-music-jamboree-vol4-wave101	2026-05-02T07:00:00+09:00		イベント	2026-06-28	false
content/posts/20260516-kenmin-no-hi-remember-me-screening-2026.md	ja	page	/posts/kenmin-no-hi-remember-me-screening-2026/	【浦安市】文化会館で「リメンバー・ミー」無料上映	kenmin-no-hi-remember-me-screening-2026	2026-05-16T07:00:00+09:00		イベント	2026-06-15	false
content/posts/20260521-nhk-symphony-urayasu-special-concert-2026.md	ja	page	/posts/nhk-symphony-urayasu-special-concert-2026/	【浦安市】N響浦安特別公演2026開催	nhk-symphony-urayasu-special-concert-2026	2026-05-21T07:00:00+09:00		イベント	2026-11-03	false
content/posts/20260528-urayasu-d-rocks-mayor-visit-2026.md	ja	page	/posts/urayasu-d-rocks-mayor-visit-preview-2026/	【浦安市】浦安D-Rocksが市長を訪問へ	urayasu-d-rocks-mayor-visit-preview-2026	2026-05-28T07:00:00+09:00		スポーツ	2026-06-05	false
content/posts/20260528-urayasu-thank-you-certificate-ceremony-2026.md	ja	page	/posts/urayasu-thank-you-certificate-ceremony-2026/	【浦安市】感謝状贈呈式を6月29日に実施へ	urayasu-thank-you-certificate-ceremony-2026	2026-05-28T07:00:00+09:00		お知らせ	2026-06-29	false
content/posts/20260531-bardral-2026-27-sec1-win.md	ja	page	/posts/bardral-2026-27-sec1-win/	【浦安市】バルドラール浦安、Fリーグ2026-27開幕戦を4-2で制し白星発進！	bardral-2026-27-sec1-win	2026-05-31T07:00:00+09:00		スポーツ	2026-05-30	false
content/posts/20260531-d-rocks-fes-2026-final.md	ja	page	/posts/d-rocks-fes-2026/	【浦安市】浦安D-Rocksのファン感謝祭「D-Rocks Fes 2026」が6月6日に開催！	d-rocks-fes-2026	2026-05-31T07:00:00+09:00		スポーツ	2026-06-06	false
content/posts/20260531-potto-raku-concert-fujiwara-takumi-2026.md	ja	page	/posts/potto-raku-concert-fujiwara-takumi-2026/	【浦安市】文化会館で無料ロビーコンサート開催	potto-raku-concert-fujiwara-takumi-2026	2026-05-31T07:00:00+09:00		イベント	2026-06-19	false
content/posts/20260531-urayasu-kourai-closed.md	ja	page	/posts/urayasu-kourai-closed/	【浦安市】ハマグリ出汁の「浦安そば」が名物の「浦安 幸来」が5月29日に閉店	urayasu-kourai-closed	2026-06-01T07:00:00+09:00		開店・閉店		false
content/posts/20260601-abe-shinnosuke-pr-taishi.md	ja	page	/posts/20260601-abe-shinnosuke-pr-taishi/	【浦安市】阿部慎之助氏のPR大使について市長が「今後の動きを注視」　展示ブースは当面継続		2026-06-01T07:00:00+09:00		ニュース		false
content/posts/20260601-kodama-mari-momo-piano-duo-2026.md	ja	page	/posts/kodama-mari-momo-piano-duo-2026/	【浦安市】児玉麻里＆児玉桃ピアノ・デュオ開催	kodama-mari-momo-piano-duo-2026	2026-06-01T07:00:00+09:00		イベント	2026-01-31	false
content/posts/20260601-na-relo-live-tokyo-bay-sold-out-2026.md	ja	page	/posts/na-relo-live-tokyo-bay-sold-out-2026/	【浦安市】na Reloライブはチケット完売	na-relo-live-tokyo-bay-sold-out-2026	2026-06-01T07:00:00+09:00		イベント	2026-07-18	false
content/posts/20260601-takashima-chisako-violinists-sold-out-2026.md	ja	page	/posts/takashima-chisako-violinists-sold-out-2026/	【浦安市】高嶋ちさ子コンサートはチケット完売	takashima-chisako-violinists-sold-out-2026	2026-06-01T07:00:00+09:00		イベント	2026-06-24	false
content/posts/20260602-tagonotsuki-atre-shinurayasu.md	ja	page	/posts/20260602-tagonotsuki-atre-shinurayasu/	静岡の銘菓「田子の月」がアトレ新浦安に期間限定出店、6/14まで		2026-06-02T07:00:00+09:00		イベント	2026-06-01/2026-06-14	false
content/posts/20260602-the-quartet-showa-kayo-concert-2026.md	ja	page	/posts/the-quartet-showa-kayo-concert-2026/	【浦安市】文化会館で昭和歌謡コンサート開催	the-quartet-showa-kayo-concert-2026	2026-06-02T07:00:00+09:00		イベント	2026-09-16	false
content/posts/20260602-urayasu-kaikei-dx.md	ja	page	/posts/20260602-urayasu-kaikei-dx/	【浦安市】会計業務のDX化で年間300時間を削減　全国初のシステムを4月より導入		2026-06-02T07:00:00+09:00		お知らせ		false
content/posts/20260602-urayasu-string-instrument-workshop-2026.md	ja	page	/posts/urayasu-string-instrument-workshop-2026/	【浦安市】文化会館で弦楽器体験会2026開催	urayasu-string-instrument-workshop-2026	2026-06-02T07:00:00+09:00		イベント		false
content/posts/20260602-urayasu-traffic-accident.md	ja	page	/posts/20260602-urayasu-traffic-accident/	【浦安市】入船の交差点でトラックと自転車が衝突、30代女性が死亡		2026-06-02T07:00:00+09:00		ニュース		false
content/posts/20260602-yakatabune-jazz-nightcruise.md	ja	page	/posts/20260602-yakatabune-jazz-nightcruise/	【浦安市】屋形船でジャズ生演奏！乗合屋形船ジャズ・ナイトクルーズ6/13開催		2026-06-02T07:00:00+09:00		イベント	2026-06-13	false
content/posts/20260603-bambi-drops-kaigaku.md	ja	page	/posts/20260603-bambi-drops-kaigaku/	【浦安市】海楽にテイクアウトカフェ「バンビドロップス」が6/2オープン		2026-06-03T07:00:00+09:00		開店・閉店	2026-06-02	false
content/posts/20260603-briobecca-urayasu-ichikawa-emperors-cup-2026.md	ja	page	/posts/briobecca-urayasu-ichikawa-emperors-cup-2026/	【浦安市】ブリオベッカが天皇杯出場を報告	briobecca-urayasu-ichikawa-emperors-cup-2026	2026-06-03T07:00:00+09:00		スポーツ	2026-05-09	false
content/posts/20260603-steinway-piano-open-day-2026.md	ja	page	/posts/steinway-piano-open-day-2026/	【浦安市】文化会館でスタインウェイピアノ個人開放	steinway-piano-open-day-2026	2026-06-03T22:00:00+09:00	2026-08-19T22:00:00+09:00	イベント		false
content/posts/20260603-urayasu-bonodori-fireworks-2026.md	ja	page	/posts/urayasu-bonodori-fireworks-2026/	【浦安市】盆踊り大会・花火大会2026まとめ｜日程・会場・送迎バス・交通規制	urayasu-bonodori-fireworks-2026	2026-06-03T07:00:00+09:00	2026-08-08T12:00:00+09:00	イベント		false
content/posts/20260603-urayasu-pr-ambassador-sanmaido-tatsuya-2026.md	ja	page	/posts/urayasu-pr-ambassador-sanmaido-tatsuya-2026/	【浦安市】三枚堂達也さんがPR大使2期目へ	urayasu-pr-ambassador-sanmaido-tatsuya-2026	2026-06-03T07:00:00+09:00		お知らせ	2026-06-01	false
content/posts/20260603-urayasu-typhoon6-facility-closure.md	ja	page	/posts/urayasu-typhoon6-facility-closure/	【浦安市】台風6号で市内施設が休止へ	urayasu-typhoon6-facility-closure	2026-06-03T07:00:00+09:00		お知らせ	2026-06-03	false
content/posts/20260603-urayasu-venus-plaza-kids-bicycle-lottery.md	ja	page	/posts/urayasu-venus-plaza-kids-bicycle-lottery/	【浦安市】子ども用再生自転車を抽選販売	urayasu-venus-plaza-kids-bicycle-lottery	2026-06-03T07:00:00+09:00		お知らせ		false
content/posts/20260604-atre-shin-urayasu-sweets-tasting-2026.md	ja	page	/posts/atre-shin-urayasu-sweets-tasting-2026/	【浦安】アトレ新浦安でスイーツ試食会開催	atre-shin-urayasu-sweets-tasting-2026	2026-06-04T07:00:00+09:00		イベント		false
content/posts/20260604-maihama-hula-festival-2026.md	ja	page	/posts/maihama-hula-festival-2026/	【浦安市】舞浜フラフェスティバル2026開催	maihama-hula-festival-2026	2026-06-04T07:00:00+09:00		イベント		false
content/posts/20260604-newcoast-kyushu-umakaichi.md	ja	page	/posts/newcoast-kyushu-umakaichi/	【浦安市】ニューコースト新浦安で「九州うまか市」6月4日から開催、九州の銘菓・名産品が集合	newcoast-kyushu-umakaichi	2026-06-04T07:00:00+09:00		イベント		false
content/posts/20260604-newcoast-tomods-beauty-health.md	ja	page	/posts/newcoast-tomods-beauty-health/	【浦安市】ニューコースト新浦安でトモズの無料イベント「ビューティー＆ヘルス」6月7日開催	newcoast-tomods-beauty-health	2026-06-04T07:00:00+09:00		イベント	2026-06-07	false
content/posts/20260604-otomarshe-vol28-flute.md	ja	page	/posts/otomarshe-vol28-flute/	【浦安市】フルートとピアノで楽しむ「しんうらやす おとマルシェvol.28」が7月17日に開催	otomarshe-vol28-flute	2026-06-04T07:00:00+09:00		イベント	2026-07-17	false
content/posts/20260604-urayasu-nekozane-river-drainage.md	ja	page	/posts/urayasu-nekozane-river-drainage/	【浦安市】猫実川で排水作業を実施、台風6号の接近に備え国交省が協力	urayasu-nekozane-river-drainage	2026-06-04T07:00:00+09:00		ニュース		false
content/posts/20260604-urayasu-typhoon6-disaster-headquarters.md	ja	page	/posts/urayasu-typhoon6-disaster-headquarters/	【浦安市】台風6号接近で災害対策本部を設置、市内巡回や排水対応を実施	urayasu-typhoon6-disaster-headquarters	2026-06-04T07:00:00+09:00		ニュース		false
content/posts/20260606-urayasu-d-rocks-mayor-visit-2026.md	ja	page	/posts/urayasu-d-rocks-mayor-visit-2026/	【浦安】浦安D-Rocksが市長を訪問、D1残留を報告	urayasu-d-rocks-mayor-visit-2026	2026-06-06T07:00:00+09:00		スポーツ	2026-06-05	false
content/posts/20260608-atre-shinurayasu-korot-limited.md	ja	page	/posts/atre-shinurayasu-korot-limited/	【新浦安】アトレ新浦安にコロットが期間限定出店	atre-shinurayasu-korot-limited	2026-06-08T07:00:00+09:00		イベント		false
content/posts/20260608-atre-shinurayasu-wagashi-renewal.md	ja	page	/posts/atre-shinurayasu-wagashi-renewal/	【新浦安】アトレ新浦安の和菓子店が改装休業へ	atre-shinurayasu-wagashi-renewal	2026-06-08T07:00:00+09:00		開店・閉店		false
content/posts/20260608-bardral-urayasu-kitakyushu-20260606.md	ja	page	/posts/bardral-urayasu-kitakyushu-20260606/	【浦安市】バルドラール浦安が北九州に5-2で勝利	bardral-urayasu-kitakyushu-20260606	2026-06-08T07:00:00+09:00		スポーツ	2026-06-06|2026-06-13	false
content/posts/20260608-benten-fureai-mini-festa-rice-planting.md	ja	page	/posts/benten-fureai-mini-festa-rice-planting/	【浦安市】弁天で田植え体験とミニフェスタ開催	benten-fureai-mini-festa-rice-planting	2026-06-08T07:00:00+09:00		イベント		false
content/posts/20260608-juntendo-urayasu-heatstroke-seminar.md	ja	page	/posts/juntendo-urayasu-heatstroke-seminar/	【浦安市】順天堂浦安病院で熱中症講座開催	juntendo-urayasu-heatstroke-seminar	2026-06-08T07:00:00+09:00		お知らせ	2026-06-20	false
content/posts/20260608-socola-minami-gyotoku-workshop-umbrella-marker.md	ja	page	/posts/socola-minami-gyotoku-workshop-umbrella-marker/	【行徳】ソコラ南行徳で親子ワークショップ開催	socola-minami-gyotoku-workshop-umbrella-marker	2026-06-08T07:00:00+09:00		イベント		false
content/posts/20260608-urayasu-childcare-fee-2026-update.md	ja	page	/posts/urayasu-childcare-fee-2026-update/	【浦安市】令和8年度以降の保育料情報が更新	urayasu-childcare-fee-2026-update	2026-06-08T07:00:00+09:00		子育て・教育		false
content/posts/20260608-urayasu-library-summer-storytime.md	ja	page	/posts/urayasu-library-summer-storytime/	【浦安市】中央図書館で夏休みおはなし会開催	urayasu-library-summer-storytime	2026-06-08T07:00:00+09:00		子育て・教育		false
content/posts/20260608-urayasu-tax-certificate-convenience-store-suspension.md	ja	page	/posts/urayasu-tax-certificate-convenience-store-suspension/	【浦安市】6月7日～9日 課税証明書のコンビニ交付が一時停止	urayasu-tax-certificate-convenience-store-suspension	2026-06-08T07:00:00+09:00		お知らせ		false
content/posts/20260609-atre-shin-urayasu-food-renewal-202607.md	ja	page	/posts/atre-shin-urayasu-food-renewal-202607/	【新浦安】アトレ新浦安で食品店が7月リニューアルへ	atre-shin-urayasu-food-renewal-202607	2026-06-09T07:00:00+09:00		開店・閉店		false
content/posts/20260609-chiba-tv-urayasu-mizube-sanpo.md	ja	page	/posts/chiba-tv-urayasu-mizube-sanpo/	【浦安】チバテレで水辺さんぽが紹介されています	chiba-tv-urayasu-mizube-sanpo	2026-06-09T07:00:00+09:00		ニュース		false
content/posts/20260609-urayasu-d-rocks-team-award-2026.md	ja	page	/posts/urayasu-d-rocks-team-award-2026/	【浦安市】D-Rocksがチームアワード発表	urayasu-d-rocks-team-award-2026	2026-06-09T07:00:00+09:00		スポーツ		false
content/posts/20260609-urayasu-documentary-film-festival-2026.md	ja	page	/posts/urayasu-documentary-film-festival-2026/	【浦安市】うらやすドキュメンタリー映画祭が6月開催	urayasu-documentary-film-festival-2026	2026-06-09T07:00:00+09:00		イベント		false
content/posts/20260610-atre-heartdance-open-heart.md	ja	page	/posts/atre-heartdance-open-heart/	【新浦安】アトレ新浦安「ハートダンス」に新作オープンハートアクセサリーが入荷	atre-heartdance-open-heart	2026-06-10T07:00:00+09:00		ニュース		false
content/posts/20260610-briobecca-june-training.md	ja	page	/posts/briobecca-june-training/	【浦安市】ブリオベッカ浦安・市川が6月のトップチームスケジュールを公開、総合公園で公開練習も	briobecca-june-training	2026-06-10T07:00:00+09:00		スポーツ		false
content/posts/20260610-kagurazaka-gojuban-newcoast-shinurayasu.md	ja	page	/posts/kagurazaka-gojuban-newcoast-shinurayasu/	【新浦安】ニューコースト新浦安で「神楽坂五〇番販売会」6月12日から開催	kagurazaka-gojuban-newcoast-shinurayasu	2026-06-10T07:00:00+09:00		イベント		false
content/posts/20260610-newcoast-creators-factory.md	ja	page	/posts/newcoast-creators-factory/	【新浦安】ニューコースト新浦安で「クリエイターズファクトリー」6月13日から開催	newcoast-creators-factory	2026-06-10T07:00:00+09:00		イベント		false
content/posts/20260610-para-id-table-tennis-2026.md	ja	page	/posts/para-id-table-tennis-2026/	【舞浜】バルドラール浦安アリーナで「パラIDジャパン・チャンピオンシップ卓球大会2026」6月11日・12日開催	para-id-table-tennis-2026	2026-06-10T07:00:00+09:00		スポーツ		false
content/posts/20260610-seishonenkan-game-challenge.md	ja	page	/posts/seishonenkan-game-challenge/	【浦安市】青少年館で「ゲームにチャレンジ！」6月15日に開催、申込不要・参加無料	seishonenkan-game-challenge	2026-06-10T07:00:00+09:00		子育て・教育		false
content/posts/20260610-urayasu-official-car-bid.md	ja	page	/posts/urayasu-official-car-bid/	【浦安市】議長公用車を一般競争入札で売却、6月10日から参加者募集	urayasu-official-car-bid	2026-06-10T07:00:00+09:00		ニュース		false
content/posts/20260610-urayasu-sports-nutrition-counseling.md	ja	page	/posts/urayasu-sports-nutrition-counseling/	【舞浜】バルドラール浦安アリーナで公認スポーツ栄養士による栄養カウンセリングを実施	urayasu-sports-nutrition-counseling	2026-06-10T07:00:00+09:00		イベント		false
content/posts/20260611-briobecca-emperors-cup-schedule-2026.md	ja	page	/posts/briobecca-emperors-cup-schedule-2026/	【浦安市】ブリオベッカ、天皇杯1回戦は栃木SC戦	briobecca-emperors-cup-schedule-2026	2026-06-11T22:00:00+09:00	2026-08-02T22:00:00+09:00	スポーツ	2026-08-19	false
content/posts/20260611-urayasu-d-rocks-australia-training-2026.md	ja	page	/posts/urayasu-d-rocks-australia-training-2026/	【浦安市】D-Rocksの2選手が豪州留学へ	urayasu-d-rocks-australia-training-2026	2026-06-11T07:00:00+09:00		スポーツ		false
content/posts/20260611-urayasu-d-rocks-japan-squad-2026.md	ja	page	/posts/urayasu-d-rocks-japan-squad-2026/	【浦安市】D-Rocksから日本代表候補に選出	urayasu-d-rocks-japan-squad-2026	2026-06-11T07:00:00+09:00		スポーツ		false
content/posts/20260612-bardral-urayasu-hokkaido-laumelia-2026.md	ja	page	/posts/bardral-urayasu-hokkaido-laumelia-2026/	【浦安市】バルドラール浦安が北海道戦、グルメ出店も	bardral-urayasu-hokkaido-laumelia-2026	2026-06-12T07:00:00+09:00		スポーツ	2026-06-13	false
content/posts/20260612-gyotoku-nature-observation-june-2026.md	ja	page	/posts/gyotoku-nature-observation-june-2026/	【行徳】行徳自然ほごくらぶの観察会、6月も開催	gyotoku-nature-observation-june-2026	2026-06-12T07:00:00+09:00		イベント	2026-06-14	false
content/posts/20260612-ikspiari-limited-shops-june-2026.md	ja	page	/posts/ikspiari-limited-shops-june-2026/	【舞浜】イクスピアリに期間限定店が登場	ikspiari-limited-shops-june-2026	2026-06-12T07:00:00+09:00		グルメ・カフェ		false
content/posts/20260612-mona-shinurayasu-protein-tasting-2026.md	ja	page	/posts/mona-shinurayasu-protein-tasting-2026/	【新浦安】MONAでプロテイン試飲会開催	mona-shinurayasu-protein-tasting-2026	2026-06-12T07:00:00+09:00		イベント		false
content/posts/20260612-nekogo-matsuri-urayasu-2026.md	ja	page	/posts/nekogo-matsuri-urayasu-2026/	【浦安】猫実で猫五祭、6月14日開催	nekogo-matsuri-urayasu-2026	2026-06-12T07:00:00+09:00		イベント	2026-06-14	false
content/posts/20260612-urayasu-kamikami-bento-contest-2026.md	ja	page	/posts/urayasu-kamikami-bento-contest-2026/	【浦安市】料理コンクール参加者を募集	urayasu-kamikami-bento-contest-2026	2026-06-12T07:00:00+09:00		子育て・教育		false
content/posts/20260612-urayasu-suzumidokoro-recruitment-2026.md	ja	page	/posts/urayasu-suzumidokoro-recruitment-2026/	【浦安市】うらやす涼みどころ協力施設を募集	urayasu-suzumidokoro-recruitment-2026	2026-06-12T07:00:00+09:00		お知らせ		false
content/posts/20260613-bardral-urayasu-fleague-five-matches-2026.md	ja	page	/posts/bardral-urayasu-fleague-five-matches-2026/	【浦安市】バルアリで男女Fリーグ5試合開催	bardral-urayasu-fleague-five-matches-2026	2026-06-13T07:00:00+09:00		スポーツ		false
content/posts/20260613-gyotoku-horumon-shoryuen-open-2026.md	ja	page	/posts/gyotoku-horumon-shoryuen-open-2026/	【行徳】ホルモン将龍苑が出店予定か	gyotoku-horumon-shoryuen-open-2026	2026-06-13T07:00:00+09:00		開店・閉店		false
content/posts/20260613-newcoast-tanabata-event-2026.md	ja	page	/posts/newcoast-tanabata-event-2026/	【新浦安】ニューコーストで七夕イベント開催	newcoast-tanabata-event-2026	2026-06-13T07:00:00+09:00		イベント		false
content/posts/20260613-sanbanze-biotope-observation-202607.md	ja	page	/posts/sanbanze-biotope-observation-202607/	【浦安市】三番瀬でビオトープ観察会開催	sanbanze-biotope-observation-202607	2026-06-13T07:00:00+09:00		イベント	2026-07-05	false
content/posts/20260614-bardral-lasbonitas-saitama-20260613.md	ja	page	/posts/bardral-lasbonitas-saitama-20260613/	【浦安市】ラス・ボニータス、開幕戦11-0勝利	bardral-lasbonitas-saitama-20260613	2026-06-14T07:00:00+09:00		スポーツ	2026-06-13	false
content/posts/20260614-bardral-primero-hokkaido-20260613.md	ja	page	/posts/bardral-primero-hokkaido-20260613/	【浦安市】バルドラール浦安、北海道に6-2勝利	bardral-primero-hokkaido-20260613	2026-06-14T07:00:00+09:00		スポーツ	2026-06-13	false
content/posts/20260614-eyecarelabo-urayasu-open.md	ja	page	/posts/eyecarelabo-urayasu-open/	【浦安】アイケアLaBo浦安駅前店がオープン	eyecarelabo-urayasu-open	2026-06-14T07:00:00+09:00		開店・閉店	2026-06-08	false
content/posts/20260614-higashino-baby-salon-haihai-race-2026.md	ja	page	/posts/higashino-baby-salon-haihai-race-2026/	【浦安市】東野児童センターでハイハイレース	higashino-baby-salon-haihai-race-2026	2026-06-14T07:00:00+09:00		子育て・教育	2026-06-20	false
content/posts/20260614-ikspiari-sugary-open-2026.md	ja	page	/posts/ikspiari-sugary-open-2026/	【舞浜】イクスピアリにSUGARY出店予定	ikspiari-sugary-open-2026	2026-06-14T07:00:00+09:00		開店・閉店		false
content/posts/20260614-takasu-kenmin-no-hi-matsuri-2026.md	ja	page	/posts/takasu-kenmin-no-hi-matsuri-2026/	【浦安市】高洲児童センターで県民の日まつり	takasu-kenmin-no-hi-matsuri-2026	2026-06-14T07:00:00+09:00		イベント	2026-06-14	false
content/posts/20260614-urayasu-slackline-2026.md	ja	page	/posts/urayasu-slackline-2026/	【浦安市】運動公園でスラックライン体験開催	urayasu-slackline-2026	2026-06-14T07:00:00+09:00		スポーツ	2026-06-20	false
content/posts/20260615-atre-shinurayasu-true-tree-popup-2026.md	ja	page	/posts/atre-shinurayasu-true-tree-popup-2026/	【新浦安】アトレにtrue tree期間限定出店	atre-shinurayasu-true-tree-popup-2026	2026-06-15T07:00:00+09:00		イベント	2026-06-22	false
content/posts/20260615-brighton-cache-cache-mediterranean-buffet-2026.md	ja	page	/posts/brighton-cache-cache-mediterranean-buffet-2026/	【新浦安】ブライトンホテルで地中海ビュッフェ	brighton-cache-cache-mediterranean-buffet-2026	2026-06-15T07:00:00+09:00		グルメ・カフェ		false
content/posts/20260615-irodori-ichiba-mihama-2026.md	ja	page	/posts/irodori-ichiba-mihama-2026/	【浦安市】美浜で第2回いろどり市場開催	irodori-ichiba-mihama-2026	2026-06-15T07:00:00+09:00		イベント		false
content/posts/20260615-kaimaku-ten-million-urayasu-2026.md	ja	page	/posts/kaimaku-ten-million-urayasu-2026/	【新浦安】J:COM浦安音楽ホールで舞台公演	kaimaku-ten-million-urayasu-2026	2026-06-15T07:00:00+09:00		イベント		false
content/posts/20260615-urayasu-fire-brigade-souhou-2026.md	ja	page	/posts/urayasu-fire-brigade-souhou-2026/	【浦安市】消防団が東葛飾地区予選へ	urayasu-fire-brigade-souhou-2026	2026-06-15T07:00:00+09:00		お知らせ	2026-06-28	false
content/posts/20260616-urayasu-postpartum-care-tokyo-bay-2026.md	ja	page	/posts/urayasu-postpartum-care-tokyo-bay-2026/	【浦安市】宿泊型産後ケア情報を更新	urayasu-postpartum-care-tokyo-bay-2026	2026-06-16T07:00:00+09:00		子育て・教育		false
content/posts/20260616-urayasu-summer-pool-guide-2026.md	ja	page	/posts/urayasu-summer-pool-guide-2026/	【浦安市】夏季プール利用案内が公開	urayasu-summer-pool-guide-2026	2026-06-16T07:00:00+09:00		お知らせ		false
content/posts/20260617-atre-shinurayasu-kurikorean-renewal.md	ja	page	/posts/atre-shinurayasu-kurikorean-renewal/	【新浦安】アトレ新浦安の横浜くりこ庵が再開	atre-shinurayasu-kurikorean-renewal	2026-06-17T07:00:00+09:00		開店・閉店	2026-06-16	false
content/posts/20260617-gyotoku-turkish-restaurant-saray-open.md	ja	page	/posts/gyotoku-turkish-restaurant-saray-open/	【行徳】トルコ料理SARAYがオープンか	gyotoku-turkish-restaurant-saray-open	2026-06-17T07:00:00+09:00		開店・閉店		false
content/posts/20260617-togakuji-toubu-mutsumi-kodomo-matsuri-2026.md	ja	page	/posts/togakuji-toubu-mutsumi-kodomo-matsuri-2026/	【浦安】東学寺で東部睦会こどもまつり開催	togakuji-toubu-mutsumi-kodomo-matsuri-2026	2026-06-17T07:00:00+09:00		イベント	2026-06-20	false
content/posts/20260617-urayasu-junior-high-school-shelter-training.md	ja	page	/posts/urayasu-junior-high-school-shelter-training/	【浦安市】浦安中で避難所運営体験を実施	urayasu-junior-high-school-shelter-training	2026-06-17T07:00:00+09:00		ニュース		false
content/posts/20260617-urayasu-summer-kids-environment-class-2026.md	ja	page	/posts/urayasu-summer-kids-environment-class-2026/	【浦安市】夏休み子ども環境教室を開催	urayasu-summer-kids-environment-class-2026	2026-06-17T07:00:00+09:00		子育て・教育	2026-07-24	false
content/posts/20260618-aeon-shinurayasu-music-culture-festival-2026.md	ja	page	/posts/aeon-shinurayasu-music-culture-festival-2026/	【新浦安】イオン新浦安でしんうら音楽文化祭開催	aeon-shinurayasu-music-culture-festival-2026	2026-06-18T07:00:00+09:00		イベント	2026-06-21	false
content/posts/20260618-urayasu-d-rocks-season-end-party-2026.md	ja	page	/posts/urayasu-d-rocks-season-end-party-2026/	【浦安市】浦安D-Rocksがシーズンエンドパーティ開催	urayasu-d-rocks-season-end-party-2026	2026-06-18T07:00:00+09:00		スポーツ		false
content/posts/20260618-urayasu-tanabata-marche-2026.md	ja	page	/posts/urayasu-tanabata-marche-2026/	【浦安市】まちづくり活動プラザでたなばたマルシェ開催	urayasu-tanabata-marche-2026	2026-06-18T07:00:00+09:00		イベント	2026-07-05	false
content/posts/20260619-briobecca-jfl-opening-match-2026.md	ja	page	/posts/briobecca-jfl-opening-match-2026/	【浦安市】ブリオベッカ、JFL開幕カード決定	briobecca-jfl-opening-match-2026	2026-06-19T07:00:00+09:00		スポーツ	2026-08-29	false
content/posts/20260619-sakaigawa-amanogawa-2026.md	ja	page	/posts/sakaigawa-amanogawa-2026/	【浦安市】境川で天の川2026、7月開催へ	sakaigawa-amanogawa-2026	2026-06-19T07:00:00+09:00		イベント		false
content/posts/20260619-tds-duffy-standby-pass-202607.md	ja	page	/posts/tds-duffy-standby-pass-202607/	【舞浜】ダッフィー新グッズ販売、一部店舗でパス必要	tds-duffy-standby-pass-202607	2026-06-19T07:00:00+09:00		お知らせ	2026-07-07	false
content/posts/20260619-tokyo-disney-resort-summer-ticket-2026.md	ja	page	/posts/tokyo-disney-resort-summer-ticket-2026/	【舞浜】TDR夏イベントと夏チケットまとめ	tokyo-disney-resort-summer-ticket-2026	2026-06-19T07:00:00+09:00		イベント		false
content/posts/20260619-urayasu-park-trash-box-removal-2026.md	ja	page	/posts/urayasu-park-trash-box-removal-2026/	【浦安市】公園・緑道のごみ箱を順次撤去へ	urayasu-park-trash-box-removal-2026	2026-06-19T07:00:00+09:00		お知らせ	2026-06-22	false
content/posts/20260620-brighton-hotel-cache-cache-mediterranean-buffet.md	ja	page	/posts/brighton-hotel-cache-cache-mediterranean-buffet/	【新浦安】ブライトンホテルで地中海ビュッフェ（続報）	brighton-hotel-cache-cache-mediterranean-buffet	2026-06-20T07:00:00+09:00	2026-09-04	グルメ・カフェ		false
content/posts/20260620-grand-nikko-maihama-summer-afternoon-tea-2026.md	ja	page	/posts/grand-nikko-maihama-summer-afternoon-tea-2026/	【舞浜】グランドニッコーで夏アフタヌーンティー	grand-nikko-maihama-summer-afternoon-tea-2026	2026-06-20T07:00:00+09:00		グルメ・カフェ		false
content/posts/20260620-maruetsu-gyotoku-close-2026.md	ja	page	/posts/maruetsu-gyotoku-close-2026/	【行徳】マルエツ行徳店が7月19日閉店予定か	maruetsu-gyotoku-close-2026	2026-06-20T07:00:00+09:00		開店・閉店	2026-07-19	false
content/posts/20260620-mav-urayasu-west-open-2026.md	ja	page	/posts/mav-urayasu-west-open-2026/	【浦安】M’av浦安WESTが6月30日開業へ	mav-urayasu-west-open-2026	2026-06-20T07:00:00+09:00		開店・閉店	2026-06-30	false
content/posts/20260620-nhk-symphony-urayasu-pre-event-2026.md	ja	page	/posts/nhk-symphony-urayasu-pre-event-2026/	【浦安市】N響浦安特別公演プレイベント開催	nhk-symphony-urayasu-pre-event-2026	2026-06-20T07:00:00+09:00	2026-10-04	イベント	2026-09-13	false
content/posts/20260620-tds-25th-sparkling-dreams-shinkansen.md	ja	page	/posts/tds-25th-sparkling-dreams-shinkansen/	【舞浜】TDS25周年新幹線が運行開始	tds-25th-sparkling-dreams-shinkansen	2026-06-20T07:00:00+09:00		イベント	2026-06-19	false
content/posts/20260621-bardral-urayasu-defio-20260620-result.md	ja	page	/posts/bardral-urayasu-defio-20260620-result/	【浦安市】バルドラール浦安デフィオが3-1で勝利	bardral-urayasu-defio-20260620-result	2026-06-21T07:00:00+09:00		スポーツ	2026-06-20	false
content/posts/20260621-urayasu-tax-spoofing-email-alert-2026.md	ja	page	/posts/urayasu-tax-spoofing-email-alert-2026/	【浦安市】税務課をかたる不審メールに注意	urayasu-tax-spoofing-email-alert-2026	2026-06-21T07:00:00+09:00		ニュース		false
content/posts/20260622-bardral-lasbonitas-ryukei-20260621-result.md	ja	page	/posts/bardral-lasbonitas-ryukei-20260621-result/	【浦安市】ラス・ボニータスが16-0で大勝	bardral-lasbonitas-ryukei-20260621-result	2026-06-22T07:00:00+09:00		スポーツ	2026-06-21	false
content/posts/20260622-bardral-urayasu-oita-20260621-result.md	ja	page	/posts/bardral-urayasu-oita-20260621-result/	【浦安市】バルドラール浦安、大分に2-3で敗れる	bardral-urayasu-oita-20260621-result	2026-06-22T07:00:00+09:00		スポーツ	2026-06-21	false
content/posts/20260622-irifune-elementary-firefly-event-2026.md	ja	page	/posts/irifune-elementary-firefly-event-2026/	【浦安市】入船小でほたる鑑賞会を実施	irifune-elementary-firefly-event-2026	2026-06-22T07:00:00+09:00		子育て・教育		false
content/posts/20260622-sheraton-maihama-north-america-food-fair.md	ja	page	/posts/sheraton-maihama-north-america-food-fair/	【舞浜】シェラトンで北米フードフェア開催中	sheraton-maihama-north-america-food-fair	2026-06-22T07:00:00+09:00		グルメ・カフェ		false
content/posts/20260623-bambi-drops-kairaku-open.md	ja	page	/posts/bambi-drops-kairaku-open/	【浦安】海楽にBambi DROPSがオープン	bambi-drops-kairaku-open	2026-06-23T07:00:00+09:00		開店・閉店	2026-06-02	false
content/posts/20260623-nanohana-shokudo-gyotoku-close.md	ja	page	/posts/nanohana-shokudo-gyotoku-close/	【行徳】なのはな食堂が6月28日閉店へ	nanohana-shokudo-gyotoku-close	2026-06-23T07:00:00+09:00		開店・閉店	2026-06-28	false
content/posts/20260623-the-golf-base-shinurayasu-range-open.md	ja	page	/posts/the-golf-base-shinurayasu-range-open/	【浦安】海楽にTHE GOLF BASE新浦安レンジが夏開業予定	the-golf-base-shinurayasu-range-open	2026-06-23T07:00:00+09:00		開店・閉店		false
content/posts/20260623-urayasu-park-trash-box-removal.md	ja	page	/posts/urayasu-park-trash-box-removal/	【浦安市】公園・緑道のごみ箱を順次撤去	urayasu-park-trash-box-removal	2026-06-23T07:00:00+09:00		お知らせ	2026-06-22	false
content/posts/20260624-daiso-maruesu-gyotoku-close.md	ja	page	/posts/daiso-maruesu-gyotoku-close/	【行徳】ダイソーマルエツ行徳店が7月19日閉店へ	daiso-maruesu-gyotoku-close	2026-06-24T07:00:00+09:00		開店・閉店	2026-07-19	false
content/posts/20260624-malatang-tenpo-newcoast-shinurayasu-open.md	ja	page	/posts/malatang-tenpo-newcoast-shinurayasu-open/	【新浦安】ニューコースト3階に麻辣湯専門店「麻辣湯天宝」オープン	malatang-tenpo-newcoast-shinurayasu-open	2026-06-24T07:00:00+09:00	2026-09-04	開店・閉店		false
content/posts/20260625-duoscene-shin-urayasu-higashino.md	ja	page	/posts/duoscene-shin-urayasu-higashino/	【浦安】東野でデュオセーヌ新浦安が分譲開始	duoscene-shin-urayasu-higashino	2026-06-25T07:00:00+09:00		ニュース	2026-06-20	false
content/posts/20260625-newcoast-shikoku-aji-meguri-202607.md	ja	page	/posts/newcoast-shikoku-aji-meguri-202607/	【新浦安】ニューコーストで四国味めぐり開催	newcoast-shikoku-aji-meguri-202607	2026-06-25T07:00:00+09:00		イベント		false
content/posts/20260625-urayasu-tv-reception-700mhz-202608.md	ja	page	/posts/urayasu-tv-reception-700mhz-202608/	【浦安市】8月20日以降テレビ受信障害の可能性	urayasu-tv-reception-700mhz-202608	2026-06-25T07:00:00+09:00		お知らせ	2026-08-20	false
content/posts/20260626-d-rocks-summer-camp-2026.md	ja	page	/posts/d-rocks-summer-camp-2026/	【浦安】D-Rocks夏休みラグビーキャンプ開催	d-rocks-summer-camp-2026	2026-06-26T07:00:00+09:00		スポーツ		false
content/posts/20260626-kitchen-origin-minami-gyotoku-open.md	ja	page	/posts/kitchen-origin-minami-gyotoku-open/	【行徳】キッチンオリジン南行徳店が新規開店	kitchen-origin-minami-gyotoku-open	2026-06-26T07:00:00+09:00	2026-10-04	開店・閉店		false
content/posts/20260627-atre-shinurayasu-food-renewal-20260709.md	ja	page	/posts/atre-shinurayasu-food-renewal-20260709/	【新浦安】アトレ1階が7月9日リニューアル	atre-shinurayasu-food-renewal-20260709	2026-06-27T07:00:00+09:00		開店・閉店	2026-07-09	false
content/posts/20260627-familymart-shinurayasu-mare-open.md	ja	page	/posts/familymart-shinurayasu-mare-open/	【新浦安】マーレにファミリーマートが開店	familymart-shinurayasu-mare-open	2026-06-27T07:00:00+09:00		開店・閉店		false
content/posts/20260627-gyotoku-yakitori-takeout-open.md	ja	page	/posts/gyotoku-yakitori-takeout-open/	【行徳】駅近くに焼き鳥店が出店予定か	gyotoku-yakitori-takeout-open	2026-06-27T07:00:00+09:00		開店・閉店		false
content/posts/20260627-ikspiari-the-sale-2026-summer.md	ja	page	/posts/ikspiari-the-sale-2026-summer/	【舞浜】イクスピアリ夏セールが7月12日まで開催	ikspiari-the-sale-2026-summer	2026-06-27T07:00:00+09:00		イベント		false
content/posts/20260627-newcoast-havaianas-beach-sandals-202607.md	ja	page	/posts/newcoast-havaianas-beach-sandals-202607/	【新浦安】ニューコーストでビーチサンダル作り開催	newcoast-havaianas-beach-sandals-202607	2026-06-27T07:00:00+09:00		イベント		false
content/posts/20260627-urayasu-typhoon-facility-garbage-20260627.md	ja	page	/posts/urayasu-typhoon-facility-garbage-20260627/	【浦安市】6月27日の公共施設休止とごみ収集情報	urayasu-typhoon-facility-garbage-20260627	2026-06-27T07:00:00+09:00		お知らせ		false
content/posts/20260628-urayasu-typhoon-disaster-response-20260627.md	ja	page	/posts/urayasu-typhoon-disaster-response-20260627/	【浦安市】台風7号・8号で災害対策本部を設置	urayasu-typhoon-disaster-response-20260627	2026-06-28T07:00:00+09:00		ニュース		false
content/posts/20260629-bardral-las-bonitas-minerva-ube-20260627.md	ja	page	/posts/bardral-las-bonitas-minerva-ube-20260627/	【浦安】ラス・ボニータスが7-1で快勝	bardral-las-bonitas-minerva-ube-20260627	2026-06-29T07:00:00+09:00		スポーツ	2026-06-27	false
content/posts/20260629-bardral-urayasu-fuga-sumida-20260627.md	ja	page	/posts/bardral-urayasu-fuga-sumida-20260627/	【浦安】バルドラール浦安がホームで3-2勝利	bardral-urayasu-fuga-sumida-20260627	2026-06-29T07:00:00+09:00		スポーツ	2026-06-27	false
content/posts/20260701-gongcha-ikspiari-renewal.md	ja	page	/posts/gongcha-ikspiari-renewal/	【イクスピアリ】ゴンチャがリニューアルオープン｜場所は2F・20席	gongcha-ikspiari-renewal	2026-07-01T07:00:00+09:00	2026-09-04	開店・閉店	2026-06-30	false
content/posts/20260701-ikspiari-sugary-open-date-20260728.md	ja	page	/posts/ikspiari-sugary-open-date-20260728/	【舞浜】SUGARYの開店日が7月28日に決定	ikspiari-sugary-open-date-20260728	2026-07-01T07:00:00+09:00		開店・閉店	2026-07-28	false
content/posts/20260701-mav-urayasu-west-grand-open-stores.md	ja	page	/posts/mav-urayasu-west-grand-open-stores/	【浦安】M’av浦安WESTが開業 8店舗まとめ	mav-urayasu-west-grand-open-stores	2026-07-01T07:00:00+09:00		開店・閉店	2026-06-30	false
content/posts/20260701-undokoen-summer-kids-day-2026.md	ja	page	/posts/undokoen-summer-kids-day-2026/	【浦安市】運動公園で夏休みこどもDAY開催	undokoen-summer-kids-day-2026	2026-07-01T07:00:00+09:00		イベント	2026-07-25	false
content/posts/20260702-ikspiari-limited-shops-202607.md	ja	page	/posts/ikspiari-limited-shops-202607/	【舞浜】イクスピアリに期間限定3店舗が登場	ikspiari-limited-shops-202607	2026-07-02T07:00:00+09:00		開店・閉店	2026-07-01	false
content/posts/20260702-urayasu-d-rocks-2026-27-season-outline.md	ja	page	/posts/urayasu-d-rocks-2026-27-season-outline/	【浦安市】浦安D-Rocks新シーズン概要発表	urayasu-d-rocks-2026-27-season-outline	2026-07-02T07:00:00+09:00		スポーツ		false
content/posts/20260702-urayasu-kodomo-oukyuteate-2026.md	ja	page	/posts/urayasu-kodomo-oukyuteate-2026/	【浦安市】消防本部でこども応急手当講習会	urayasu-kodomo-oukyuteate-2026	2026-07-02T07:00:00+09:00		子育て・教育		false
content/posts/20260703-kodomo-hiroba-mizuasobi-20260708.md	ja	page	/posts/kodomo-hiroba-mizuasobi-20260708/	【浦安市】こどもの広場で水あそびイベント開催	kodomo-hiroba-mizuasobi-20260708	2026-07-03T07:00:00+09:00		子育て・教育	2026-07-08	false
content/posts/20260703-kodomo-hiroba-nagashi-somen-2026.md	ja	page	/posts/kodomo-hiroba-nagashi-somen-2026/	【浦安市】こどもの広場で流しそうめん体験	kodomo-hiroba-nagashi-somen-2026	2026-07-03T07:00:00+09:00		子育て・教育		false
content/posts/20260703-seishonenkan-kokosei-kigyo-koza-2026.md	ja	page	/posts/seishonenkan-kokosei-kigyo-koza-2026/	【浦安市】青少年館で高校生向け起業講座	seishonenkan-kokosei-kigyo-koza-2026	2026-07-03T07:00:00+09:00		子育て・教育	2026-07-29	false
content/posts/20260703-seishonenkan-shogakusei-kabushiki-2026.md	ja	page	/posts/seishonenkan-shogakusei-kabushiki-2026/	【浦安市】青少年館で小学生株式経済教室	seishonenkan-shogakusei-kabushiki-2026	2026-07-03T07:00:00+09:00		子育て・教育	2026-07-27	false
content/posts/20260703-takasu-sns-media-literacy-2026.md	ja	page	/posts/takasu-sns-media-literacy-2026/	【浦安市】高洲公民館で親子向けSNS講座	takasu-sns-media-literacy-2026	2026-07-03T07:00:00+09:00		子育て・教育	2026-08-05	false
content/posts/20260704-curves-aeon-shinurayasu-open.md	ja	page	/posts/curves-aeon-shinurayasu-open/	【浦安】イオン新浦安にカーブスが開店予定	curves-aeon-shinurayasu-open	2026-07-04T07:00:00+09:00		開店・閉店	2026-07-21	false
content/posts/20260704-hotel-okura-tokyo-bay-summer-kids-2026.md	ja	page	/posts/hotel-okura-tokyo-bay-summer-kids-2026/	【舞浜】ホテルオークラで夏休み体験教室	hotel-okura-tokyo-bay-summer-kids-2026	2026-07-04T07:00:00+09:00		イベント		false
content/posts/20260704-uralame-summer-homework-2026.md	ja	page	/posts/uralame-summer-homework-2026/	【浦安市】うら・らめーるで夏休み宿題大作戦	uralame-summer-homework-2026	2026-07-04T07:00:00+09:00		子育て・教育		false
content/posts/20260704-urayasu-bar-gai-2026.md	ja	page	/posts/urayasu-bar-gai-2026/	【浦安市】第13回浦安バル街が10月開催へ	urayasu-bar-gai-2026	2026-07-04T07:00:00+09:00		イベント		false
content/posts/20260705-bardral-urayasu-osaka-20260704.md	ja	page	/posts/bardral-urayasu-osaka-20260704/	【浦安市】バルドラール浦安が大阪と引き分け	bardral-urayasu-osaka-20260704	2026-07-05T07:00:00+09:00		スポーツ	2026-07-04	false
content/posts/20260705-newcoast-kiyoken-202607.md	ja	page	/posts/newcoast-kiyoken-202607/	【新浦安】ニューコーストで崎陽軒販売会	newcoast-kiyoken-202607	2026-07-05T07:00:00+09:00		イベント		false
content/posts/20260705-sagami-mona-shinurayasu-open.md	ja	page	/posts/sagami-mona-shinurayasu-open/	【浦安】MONA新浦安にさが美がオープン	sagami-mona-shinurayasu-open	2026-07-05T07:00:00+09:00		開店・閉店	2026-06-12	false
content/posts/20260706-aloha-urayasu-2026-performer-recruit.md	ja	page	/posts/aloha-urayasu-2026-performer-recruit/	【浦安市】Aloha！URAYASU出演者募集	aloha-urayasu-2026-performer-recruit	2026-07-06T07:00:00+09:00		イベント		false
content/posts/20260706-hotel-emion-summer-nazotoki-2026.md	ja	page	/posts/hotel-emion-summer-nazotoki-2026/	【新浦安】ホテルエミオンで夏休み謎解きプラン	hotel-emion-summer-nazotoki-2026	2026-07-06T07:00:00+09:00		イベント	2026-07-18	false
content/posts/20260706-las-bonitas-hokkaido-20260704.md	ja	page	/posts/las-bonitas-hokkaido-20260704/	【浦安市】ラス・ボニータスが北海道に9-0勝利	las-bonitas-hokkaido-20260704	2026-07-06T07:00:00+09:00		スポーツ	2026-07-04	false
content/posts/20260706-urayasu-string-experience-recital-2026.md	ja	page	/posts/urayasu-string-experience-recital-2026/	【浦安市】文化会館で弦楽器体験会の成果発表	urayasu-string-experience-recital-2026	2026-07-06T07:00:00+09:00		イベント	2026-08-02	false
content/posts/20260707-spalab-urayasu-kairaku-open.md	ja	page	/posts/spalab-urayasu-kairaku-open/	【浦安】海楽にトランクルーム「スペラボ」8月1日オープン予定	spalab-urayasu-kairaku-open	2026-07-07T07:00:00+09:00		開店・閉店	2026-08-01	false
content/posts/20260708-hilton-tokyo-bay-garden-pool-restaurant.md	ja	page	/posts/hilton-tokyo-bay-garden-pool-restaurant/	【舞浜】ヒルトン東京ベイに夏のプールレストラン	hilton-tokyo-bay-garden-pool-restaurant	2026-07-08T22:00:00+09:00	2026-09-08T18:38:00+09:00	グルメ・カフェ	2026-06-27/2026-09-30	false
content/posts/20260708-kaitori-daikichi-seiyu-urayasu.md	ja	page	/posts/kaitori-daikichi-seiyu-urayasu/	【浦安】西友浦安店に買取大吉が出店予定か	kaitori-daikichi-seiyu-urayasu	2026-07-08T07:00:00+09:00		開店・閉店		false
content/posts/20260708-newcoast-anime-soshizaiten-20260720.md	ja	page	/posts/newcoast-anime-soshizaiten-20260720/	【新浦安】ニューコーストで名作アニメ素材展開催	newcoast-anime-soshizaiten-20260720	2026-07-08T07:00:00+09:00		イベント	2026-07-20	false
content/posts/20260708-sheraton-aloha-2026.md	ja	page	/posts/sheraton-aloha-2026/	【舞浜】シェラトンで「ALOHA!」開催	sheraton-aloha-2026	2026-07-08T07:00:00+09:00	2026-07-23T07:00:00+09:00	イベント		false
content/posts/20260708-urayasu-drocks-hinode-junior-high-greeting.md	ja	page	/posts/urayasu-drocks-hinode-junior-high-greeting/	【浦安市】D-Rocks選手が日の出中であいさつ運動	urayasu-drocks-hinode-junior-high-greeting	2026-07-08T07:00:00+09:00		子育て・教育		false
content/posts/20260709-cinema-ikspiari-with-kids-toystory5.md	ja	page	/posts/cinema-ikspiari-with-kids-toystory5/	【舞浜】シネマイクスピアリで親子向け上映	cinema-ikspiari-with-kids-toystory5	2026-07-09T22:00:00+09:00	2026-08-17T22:00:00+09:00	イベント	2026-09-04	false
content/posts/20260709-mitsui-garden-prana-tokyo-bay-renewal-closure.md	ja	page	/posts/mitsui-garden-prana-tokyo-bay-renewal-closure/	【新浦安】三井ガーデンホテルプラナ東京ベイが休館中	mitsui-garden-prana-tokyo-bay-renewal-closure	2026-07-09T07:00:00+09:00	2026-09-19T17:48:00+09:00	お知らせ		false
content/posts/20260709-prague-cello-republic-urayasu-2026.md	ja	page	/posts/prague-cello-republic-urayasu-2026/	【浦安市】文化会館でプラハ・チェロ公演開催	prague-cello-republic-urayasu-2026	2026-07-09T07:00:00+09:00		イベント	2026-11-27	false
content/posts/20260709-urayasu-bunka-kids-backstage-tour-2026.md	ja	page	/posts/urayasu-bunka-kids-backstage-tour-2026/	【浦安市】文化会館でキッズ舞台裏ツアー開催	urayasu-bunka-kids-backstage-tour-2026	2026-07-09T07:00:00+09:00		子育て・教育		false
content/posts/20260709-urayasu-geidai-kuso-kingyo-workshop.md	ja	page	/posts/urayasu-geidai-kuso-kingyo-workshop/	【浦安市】浦安藝大「空想きんぎょ」ワークショップ開催	urayasu-geidai-kuso-kingyo-workshop	2026-07-09T07:00:00+09:00		子育て・教育		false
content/posts/20260709-urayasu-kodomo-bosai-kyoshitsu-20260730.md	ja	page	/posts/urayasu-kodomo-bosai-kyoshitsu-20260730/	【浦安市】消防本部で子ども防災教室開催	urayasu-kodomo-bosai-kyoshitsu-20260730	2026-07-09T07:00:00+09:00		子育て・教育	2026-07-30	false
content/posts/20260710-disney-resort-line-25th-anniversary.md	ja	page	/posts/disney-resort-line-25th-anniversary/	【舞浜】リゾートラインが開業25周年へ	disney-resort-line-25th-anniversary	2026-07-10T00:00:00+09:00	2026-09-06T21:54:00+09:00	お知らせ		false
content/posts/20260710-grand-nikko-world-gourmet-sweets-festa.md	ja	page	/posts/grand-nikko-world-gourmet-sweets-festa/	【舞浜】グランドニッコーで世界グルメブッフェ開催	grand-nikko-world-gourmet-sweets-festa	2026-07-10T07:00:00+09:00		グルメ・カフェ		false
content/posts/20260710-urayasu-chuo-kominkan-taiikukan-asobi.md	ja	page	/posts/urayasu-chuo-kominkan-taiikukan-asobi/	【浦安市】中央公民館で体育館あそび開催	urayasu-chuo-kominkan-taiikukan-asobi	2026-07-10T07:00:00+09:00		子育て・教育		false
content/posts/20260710-urayasu-manabi-umi-1st-anniversary.md	ja	page	/posts/urayasu-manabi-umi-1st-anniversary/	【浦安市】学びの多様化学校「UMI」開校1周年	urayasu-manabi-umi-1st-anniversary	2026-07-10T07:00:00+09:00		子育て・教育		false
content/posts/20260711-hinode-bosai-sports-facility-sounding.md	ja	page	/posts/hinode-bosai-sports-facility-sounding/	【浦安市】日の出地区で防災スポーツ施設整備へ	hinode-bosai-sports-facility-sounding	2026-07-11T07:00:00+09:00		ニュース		false
content/posts/20260711-hotel-okura-tokyo-bay-tohkalin-fair.md	ja	page	/posts/hotel-okura-tokyo-bay-tohkalin-fair/	【舞浜】ホテルオークラで桃花林フェア開催	hotel-okura-tokyo-bay-tohkalin-fair	2026-07-11T07:00:00+09:00	2026-09-11T20:03:00+09:00	グルメ・カフェ		false
content/posts/20260711-urayasu-drocks-2026-27-new-structure.md	ja	page	/posts/urayasu-drocks-2026-27-new-structure/	【浦安市】浦安D-Rocksが新体制を発表	urayasu-drocks-2026-27-new-structure	2026-07-11T07:00:00+09:00		スポーツ		false
content/posts/20260712-aeon-shinurayasu-shinura-yajo-2026.md	ja	page	/posts/aeon-shinurayasu-shinura-yajo-2026/	【新浦安】イオン新浦安で「新浦夜城」開催	aeon-shinurayasu-shinura-yajo-2026	2026-07-12T07:00:00+09:00		イベント		false
content/posts/20260712-bardral-urayasu-shonan-20260710-result.md	ja	page	/posts/bardral-urayasu-shonan-20260710-result/	【浦安市】バルドラール浦安、湘南と1-1で引き分け	bardral-urayasu-shonan-20260710-result	2026-07-12T07:00:00+09:00		スポーツ	2026-07-10	false
content/posts/20260712-chikahaku-40th-memorial-2026.md	ja	page	/posts/chikahaku-40th-memorial-2026/	【葛西】地下鉄博物館で開館40周年企画	chikahaku-40th-memorial-2026	2026-07-12T07:00:00+09:00		イベント		false
content/posts/20260712-newcoast-creators-factory-202607.md	ja	page	/posts/newcoast-creators-factory-202607/	【新浦安】ニューコーストで7月クラフトWS開催	newcoast-creators-factory-202607	2026-07-12T07:00:00+09:00		イベント	2026-07-26	false
content/posts/20260712-newcoast-dental-festa-2026.md	ja	page	/posts/newcoast-dental-festa-2026/	【新浦安】ニューコーストでデンタルフェスタ開催	newcoast-dental-festa-2026	2026-07-12T07:00:00+09:00		子育て・教育	2026-07-25	false
content/posts/20260712-newcoast-havaianas-workshop-202607.md	ja	page	/posts/newcoast-havaianas-workshop-202607/	【新浦安】ニューコーストでハワイアナスWS開催	newcoast-havaianas-workshop-202607	2026-07-12T07:00:00+09:00		イベント		false
content/posts/20260712-socola-minami-gyotoku-premium-ticket-202607.md	ja	page	/posts/socola-minami-gyotoku-premium-ticket-202607/	【南行徳】ソコラ南行徳で買物券抽選販売	socola-minami-gyotoku-premium-ticket-202607	2026-07-12T07:00:00+09:00		お知らせ	2026-07-18	false
content/posts/20260713-bardral-urayasu-segundo-tochigi-20260711-result.md	ja	page	/posts/bardral-urayasu-segundo-tochigi-20260711-result/	【浦安市】バルドラール浦安セグンドが4-0勝利	bardral-urayasu-segundo-tochigi-20260711-result	2026-07-13T07:00:00+09:00		スポーツ	2026-07-11	false
content/posts/20260713-urayasu-kodomo-hiroba-nagashi-somen-202607.md	ja	page	/posts/urayasu-kodomo-hiroba-nagashi-somen-202607/	【浦安市】こどもの広場で流しそうめん体験（続報）	urayasu-kodomo-hiroba-nagashi-somen-202607	2026-07-13T07:00:00+09:00	2026-09-04	子育て・教育		false
content/posts/20260713-urayasu-kyodo-tsukudani-workshop-20260731.md	ja	page	/posts/urayasu-kyodo-tsukudani-workshop-20260731/	【浦安市】郷土博物館で佃煮づくり体験教室	urayasu-kyodo-tsukudani-workshop-20260731	2026-07-13T07:00:00+09:00		子育て・教育	2026-07-31	false
content/posts/20260713-urayasu-seishonenkan-kokosei-kigyo-koza.md	ja	page	/posts/urayasu-seishonenkan-kokosei-kigyo-koza/	【浦安市】青少年館で高校生向け起業講座（続報）	urayasu-seishonenkan-kokosei-kigyo-koza	2026-07-13T07:00:00+09:00	2026-09-04	子育て・教育	2026-07-29	false
content/posts/20260714-ikspiari-club-cpla-open-20260717.md	ja	page	/posts/ikspiari-club-cpla-open-20260717/	【浦安】イクスピアリに「CLUB #C-pla」7月17日オープン	ikspiari-club-cpla-open-20260717	2026-07-14T07:00:00+09:00		開店・閉店	2026-07-17	false
content/posts/20260714-urayasu-drocks-rugby-experience-20260730.md	ja	page	/posts/urayasu-drocks-rugby-experience-20260730/	【浦安市】浦安Dパークで大人向け無料ラグビー体験会を7月30日開催	urayasu-drocks-rugby-experience-20260730	2026-07-14T07:00:00+09:00		イベント	2026-07-30	false
content/posts/20260714-urayasu-kominkan-summer-study-space-2026.md	ja	page	/posts/urayasu-kominkan-summer-study-space-2026/	【浦安市】市内7公民館で夏休みの学習スペース・保育室を開放	urayasu-kominkan-summer-study-space-2026	2026-07-14T07:00:00+09:00		子育て・教育	2026-07-21	false
content/posts/20260714-urayasu-marines-giants-farm-202608.md	ja	page	/posts/urayasu-marines-giants-farm-202608/	【浦安市】クラシモスタジアム浦安でロッテ対巨人3連戦を開催	urayasu-marines-giants-farm-202608	2026-07-14T07:00:00+09:00		スポーツ		false
content/posts/20260715-atre-shinurayasu-oimo-motch-open-202609.md	ja	page	/posts/atre-shinurayasu-oimo-motch-open-202609/	【浦安】アトレ新浦安に「OIMO&MOTCH」出店予定か　求人情報で判明	atre-shinurayasu-oimo-motch-open-202609	2026-07-15T07:00:00+09:00	2026-10-02T08:28:00+09:00	開店・閉店	2026-09-17	false
content/posts/20260715-trial-seiyu-urayasu-open.md	ja	page	/posts/trial-seiyu-urayasu-open/	【浦安】トライアル西友浦安店に注目　千葉県1号店を各メディアが報道	trial-seiyu-urayasu-open	2026-07-15T07:00:00+09:00	2026-10-04	開店・閉店	2026-07-10	false
content/posts/20260716-kumagai-governor-urayasu-visit-childhood-202607.md	ja	page	/posts/kumagai-governor-urayasu-visit-childhood-202607/	【浦安】熊谷千葉県知事が市内を視察　実は幼少期を浦安で過ごした「元浦安市民」	kumagai-governor-urayasu-visit-childhood-202607	2026-07-16T07:00:00+09:00		ニュース		false
content/posts/20260716-las-bonitas-matsumoto-naomi-nikkan-spa-202607.md	ja	page	/posts/las-bonitas-matsumoto-naomi-nikkan-spa-202607/	【浦安市】ラス・ボニータス松本直美選手が日刊SPA!に登場	las-bonitas-matsumoto-naomi-nikkan-spa-202607	2026-07-16T07:00:00+09:00		スポーツ		false
content/posts/20260716-latelier-de-nono-france-patisserie-week-2026.md	ja	page	/posts/latelier-de-nono-france-patisserie-week-2026/	【浦安】日の出「ラトリエ・ドゥ・ノノ」がフランス菓子の祭典に参加	latelier-de-nono-france-patisserie-week-2026	2026-07-16T07:00:00+09:00		グルメ・カフェ	2026-07-31	false
content/posts/20260716-urayasu-kindergarten-enrollment-policy-comment-2026.md	ja	page	/posts/urayasu-kindergarten-enrollment-policy-comment-2026/	【浦安市】市立幼稚園などの入園募集停止の考え方を検討　素案への意見募集	urayasu-kindergarten-enrollment-policy-comment-2026	2026-07-16T07:00:00+09:00		子育て・教育		false
content/posts/20260717-disney-resort-line-25th-anniversary-events.md	ja	page	/posts/disney-resort-line-25th-anniversary-events/	【舞浜】リゾートライン25周年企画始動　貸切乗車や限定きっぷ	disney-resort-line-25th-anniversary-events	2026-07-17T07:00:00+09:00		イベント		false
content/posts/20260718-benten-fureai-mini-festa-202607.md	ja	page	/posts/benten-fureai-mini-festa-202607/	【浦安市】弁天の公園でザリガニ釣りと水遊び　7月25・26日	benten-fureai-mini-festa-202607	2026-07-18T07:00:00+09:00		イベント		false
content/posts/20260718-oriental-hotel-haitoku-meat-fair-nhk-2026.md	ja	page	/posts/oriental-hotel-haitoku-meat-fair-nhk-2026/	【浦安】新浦安の「背徳のミートフェア」がNHKで紹介	oriental-hotel-haitoku-meat-fair-nhk-2026	2026-07-18T07:00:00+09:00		グルメ・カフェ		false
content/posts/20260718-takasu-jhs-aoi-ichihara-canoe-champion-2026.md	ja	page	/posts/takasu-jhs-aoi-ichihara-canoe-champion-2026/	【浦安市】高洲中2年の市原碧選手、全国カヌーで優勝	takasu-jhs-aoi-ichihara-canoe-champion-2026	2026-07-18T07:00:00+09:00		スポーツ		false
content/posts/20260718-urayasu-smile-fes-20260809.md	ja	page	/posts/urayasu-smile-fes-20260809/	【浦安市】入船で「スマイルーフェス2026」8月9日開催	urayasu-smile-fes-20260809	2026-07-18T07:00:00+09:00		イベント	2026-08-09	false
content/posts/20260719-hyatt-tokyo-bay-moomin-collaboration-2026.md	ja	page	/posts/hyatt-tokyo-bay-moomin-collaboration-2026/	【新浦安】ハイアットにムーミン客室　限定ランチや夜のカクテルも	hyatt-tokyo-bay-moomin-collaboration-2026	2026-07-19T07:00:00+09:00		イベント		false
content/posts/20260719-urayasu-museum-summer-exhibition-research-2026.md	ja	page	/posts/urayasu-museum-summer-exhibition-research-2026/	【浦安市】郷土博物館で夏休み企画展　自由研究の相談も	urayasu-museum-summer-exhibition-research-2026	2026-07-19T07:00:00+09:00		子育て・教育	2026-07-18	false
content/posts/20260720-bardral-las-chulas-higashikurume-20260718.md	ja	page	/posts/bardral-las-chulas-higashikurume-20260718/	【浦安】ラス・チュラス、東久留米に2-3　開幕2連敗	bardral-las-chulas-higashikurume-20260718	2026-07-20T07:00:00+09:00		スポーツ		false
content/posts/20260720-bardral-urayasu-tachikawa-draw-20260718.md	ja	page	/posts/bardral-urayasu-tachikawa-draw-20260718/	【浦安】バルドラール浦安、立川と2-2　3試合連続ドロー	bardral-urayasu-tachikawa-draw-20260718	2026-07-20T07:00:00+09:00		スポーツ		false
content/posts/20260720-hotel-emion-ennichi-2026.md	ja	page	/posts/hotel-emion-ennichi-2026/	【新浦安】ホテルエミオンで「エミオン縁日」　8月7日から10日間	hotel-emion-ennichi-2026	2026-07-20T07:00:00+09:00		イベント	2026-08-07	false
content/posts/20260720-shinurayasu-summer-concert-20260725.md	ja	page	/posts/shinurayasu-summer-concert-20260725/	【新浦安】サックス四重奏と金管五重奏の無料コンサート　7月25日	shinurayasu-summer-concert-20260725	2026-07-20T07:00:00+09:00		イベント	2026-07-25	false
content/posts/20260721-bardral-segundo-higashikurume-20260719.md	ja	page	/posts/bardral-segundo-higashikurume-20260719/	【浦安市】バルドラール浦安セグンドが東久留米に2-0勝利	bardral-segundo-higashikurume-20260719	2026-07-21T07:00:00+09:00		スポーツ	2026-07-19	false
content/posts/20260721-brighton-muskmelon-swan-parfait-2026.md	ja	page	/posts/brighton-muskmelon-swan-parfait-2026/	【浦安】ブライトンホテルでマスクメロンパフェ	brighton-muskmelon-swan-parfait-2026	2026-07-21T07:00:00+09:00		グルメ・カフェ		false
content/posts/20260721-las-bonitas-shonan-20260719.md	ja	page	/posts/las-bonitas-shonan-20260719/	【浦安市】ラス・ボニータスが湘南に5-1勝利	las-bonitas-shonan-20260719	2026-07-21T07:00:00+09:00		スポーツ	2026-07-19	false
content/posts/20260721-osouzai-bovi-horie-open.md	ja	page	/posts/osouzai-bovi-horie-open/	【浦安】堀江に「おそうざいボビ」がオープン	osouzai-bovi-horie-open	2026-07-21T07:00:00+09:00		開店・閉店	2026-07-16	false
content/posts/20260722-ikspiari-tokiiro-popup-2026.md	ja	page	/posts/ikspiari-tokiiro-popup-2026/	【舞浜】イクスピアリに「TokiiRo」が期間限定出店	ikspiari-tokiiro-popup-2026	2026-07-22T07:00:00+09:00		開店・閉店	2026-07-23	false
content/posts/20260722-mona-gourmet-ticket-cashback-2026.md	ja	page	/posts/mona-gourmet-ticket-cashback-2026/	【新浦安】MONAでグルメ券キャッシュバックを開催	mona-gourmet-ticket-cashback-2026	2026-07-22T07:00:00+09:00		イベント		false
content/posts/20260723-maihama-eurasia-train-festival-2026.md	ja	page	/posts/maihama-eurasia-train-festival-2026/	【浦安市】舞浜ユーラシアで電車まつり 8月22日開催	maihama-eurasia-train-festival-2026	2026-07-23T07:00:00+09:00		イベント	2026-08-22	false
content/posts/20260723-pooch-you-coffee-tomioka-open.md	ja	page	/posts/pooch-you-coffee-tomioka-open/	【浦安】富岡に「pooch＋you coffee」がオープン	pooch-you-coffee-tomioka-open	2026-07-23T07:00:00+09:00		開店・閉店	2026-07-19	false
content/posts/20260723-tadokoro-shoten-shinurayasu-planned.md	ja	page	/posts/tadokoro-shoten-shinurayasu-planned/	【浦安】鉄鋼通りに「麺場 田所商店 新浦安店」9月下旬オープン予定	tadokoro-shoten-shinurayasu-planned	2026-07-23T22:00:00+09:00	2026-09-28T19:02:00+09:00	開店・閉店	2026-09-28	false
content/posts/20260724-bardral-tercero-national-u18-first-match-2026.md	ja	page	/posts/bardral-tercero-national-u18-first-match-2026/	【浦安市】テルセーロが全国大会初戦で7-0勝利	bardral-tercero-national-u18-first-match-2026	2026-07-24T07:00:00+09:00		スポーツ	2026-07-23	false
content/posts/20260724-disney-halloween-2026.md	ja	page	/posts/disney-halloween-2026/	【舞浜】ディズニー・ハロウィーンは9月16日から	disney-halloween-2026	2026-07-24T07:00:00+09:00	2026-08-30	イベント	2026-09-16	false
content/posts/20260724-grand-nikko-summer-festival-2026.md	ja	page	/posts/grand-nikko-summer-festival-2026/	【舞浜】グランドニッコーで夏フェス 8月10日から	grand-nikko-summer-festival-2026	2026-07-24T07:00:00+09:00		イベント	2026-08-10	false
content/posts/20260724-maihama-view-hotel-summer-jazz-buffet-2026.md	ja	page	/posts/maihama-view-hotel-summer-jazz-buffet-2026/	【舞浜】舞浜ビューホテルで夏ビュッフェとジャズ生演奏	maihama-view-hotel-summer-jazz-buffet-2026	2026-07-24T07:00:00+09:00		グルメ・カフェ		false
content/posts/20260724-urayasu-accommodation-tax-plan-2026.md	ja	page	/posts/urayasu-accommodation-tax-plan-2026/	【浦安市】宿泊税案は1人1泊200円 意見募集は24日まで	urayasu-accommodation-tax-plan-2026	2026-07-24T07:00:00+09:00		お知らせ		false
content/posts/20260724-urayasu-station-bus-stop-e-relocation-plan.md	ja	page	/posts/urayasu-station-bus-stop-e-relocation-plan/	【浦安】浦安駅入口Eバス停をやなぎ通りへ移す計画案	urayasu-station-bus-stop-e-relocation-plan	2026-07-24T07:00:00+09:00	2026-09-30	ニュース		false
content/posts/20260725-bardral-tercero-group-stage-first-2026.md	ja	page	/posts/bardral-tercero-group-stage-first-2026/	【浦安市】テルセーロが3連勝で決勝トーナメント進出	bardral-tercero-group-stage-first-2026	2026-07-25T07:00:00+09:00		スポーツ	2026-07-24	false
content/posts/20260725-hotel-okura-summer-night-dinner-2026.md	ja	page	/posts/hotel-okura-summer-night-dinner-2026/	【舞浜】ホテルオークラで23時まで夏ディナー	hotel-okura-summer-night-dinner-2026	2026-07-25T07:00:00+09:00		グルメ・カフェ		false
content/posts/20260725-resort-line-magic-in-motion.md	ja	page	/posts/resort-line-magic-in-motion/	【舞浜】リゾートライン初の体験型映像がスタート	resort-line-magic-in-motion	2026-07-25T07:00:00+09:00		イベント	2026-07-24/2027-03-31	false
content/posts/20260726-ambassador-hotel-tropical-summer-festival-2026.md	ja	page	/posts/ambassador-hotel-tropical-summer-festival-2026/	【浦安】アンバサダーホテルで夏フェス開催中	ambassador-hotel-tropical-summer-festival-2026	2026-07-26T22:00:00+09:00		イベント	2026-07-01/2026-09-14	false
content/posts/20260726-bardral-las-bonitas-fukui-maruoka-20260725.md	ja	page	/posts/bardral-las-bonitas-fukui-maruoka-20260725/	【浦安市】ラス・ボニータスが福井丸岡に4-0勝利	bardral-las-bonitas-fukui-maruoka-20260725	2026-07-26T07:00:00+09:00		スポーツ	2026-07-25	false
content/posts/20260726-bardral-tercero-u18-runner-up-2026.md	ja	page	/posts/bardral-tercero-u18-runner-up-2026/	【浦安市】テルセーロが全日本U-18で準優勝	bardral-tercero-u18-runner-up-2026	2026-07-26T22:00:00+09:00		スポーツ		false
content/posts/20260726-bardral-urayasu-machida-draw-20260726.md	ja	page	/posts/bardral-urayasu-machida-draw-20260726/	【浦安】バルドラール浦安、町田と2-2で引き分け	bardral-urayasu-machida-draw-20260726	2026-07-26T22:00:00+09:00		スポーツ		false
content/posts/20260726-ikspiari-limited-shops-202608.md	ja	page	/posts/ikspiari-limited-shops-202608/	【浦安】イクスピアリに期間限定3店が8月1日登場	ikspiari-limited-shops-202608	2026-07-26T07:00:00+09:00		開店・閉店	2026-08-01	false
content/posts/20260726-ikspiari-splash-challenge-2026.md	ja	page	/posts/ikspiari-splash-challenge-2026/	【浦安】イクスピアリでスプラッシュ・チャレンジ開催	ikspiari-splash-challenge-2026	2026-07-26T07:00:00+09:00		イベント		false
content/posts/20260726-newcoast-shinurayasu-kodomo-ennichi-2026.md	ja	page	/posts/newcoast-shinurayasu-kodomo-ennichi-2026/	【浦安】ニューコースト新浦安で夏のこども縁日開催	newcoast-shinurayasu-kodomo-ennichi-2026	2026-07-26T07:00:00+09:00		イベント		false
content/posts/20260726-urayasu-hayashi-satokagura-workshop-20260823.md	ja	page	/posts/urayasu-hayashi-satokagura-workshop-20260823/	【浦安市】郷土博物館で祭りばやし＆里神楽体験	urayasu-hayashi-satokagura-workshop-20260823	2026-07-26T22:00:00+09:00		イベント	2026-08-23	false
content/posts/20260726-urayasu-medical-care-preparation-seminar-20260826.md	ja	page	/posts/urayasu-medical-care-preparation-seminar-20260826/	【浦安市】医療と介護のそなえ講座を8月26日開催	urayasu-medical-care-preparation-seminar-20260826	2026-07-26T22:00:00+09:00		イベント	2026-08-26	false
content/posts/20260727-brighton-hotel-obon-dinner-buffet-2026.md	ja	page	/posts/brighton-hotel-obon-dinner-buffet-2026/	【浦安】ブライトンホテルでお盆限定ディナー	brighton-hotel-obon-dinner-buffet-2026	2026-07-27T22:00:00+09:00		グルメ・カフェ	2026-08-08/2026-08-16	false
content/posts/20260727-cafe-kaila-new-pancakes-2026.md	ja	page	/posts/cafe-kaila-new-pancakes-2026/	【浦安】カフェ・カイラに新作パンケーキ10種	cafe-kaila-new-pancakes-2026	2026-07-27T22:00:00+09:00		グルメ・カフェ		false
content/posts/20260727-shinurayasu-station-south-exit-redevelopment-plan.md	ja	page	/posts/shinurayasu-station-south-exit-redevelopment-plan/	【浦安市】新浦安駅南口の再整備構想を検討へ	shinurayasu-station-south-exit-redevelopment-plan	2026-07-27T22:00:00+09:00		ニュース		false
content/posts/20260728-atre-shinurayasu-closed-20260817.md	ja	page	/posts/atre-shinurayasu-closed-20260817/	【新浦安】アトレ新浦安が8月17日に全館休業	atre-shinurayasu-closed-20260817	2026-07-28T22:00:00+09:00		お知らせ	2026-08-17	false
content/posts/20260728-chiba-cashless-campaign-202608.md	ja	page	/posts/chiba-cashless-campaign-202608/	【浦安市】最大10％還元のキャッシュレス企画が8月開始	chiba-cashless-campaign-202608	2026-07-28T22:00:00+09:00	2026-08-08T22:00:00+09:00	お知らせ	2026-08-07/2026-08-30	false
content/posts/20260728-ikspiari-miyakojima-sea-workshop-2026.md	ja	page	/posts/ikspiari-miyakojima-sea-workshop-2026/	【舞浜】イクスピアリで宮古島の海を学ぶ体験会	ikspiari-miyakojima-sea-workshop-2026	2026-07-28T22:00:00+09:00		イベント	2026-08-01/2026-08-14	false
content/posts/20260728-shinura-yorimichi-marche-202608.md	ja	page	/posts/shinura-yorimichi-marche-202608/	【新浦安】イオンで「よりみちマルシェ」初開催	shinura-yorimichi-marche-202608	2026-07-28T22:00:00+09:00		イベント	2026-08-01/2026-08-02	false
content/posts/20260729-kamio-hagiwara-duo-recital-urayasu-20261003.md	ja	page	/posts/kamio-hagiwara-duo-recital-urayasu-20261003/	【新浦安】神尾真由子＆萩原麻未デュオリサイタル	kamio-hagiwara-duo-recital-urayasu-20261003	2026-07-29T22:00:00+09:00		イベント	2026-10-03	false
content/posts/20260729-maihama-first-resort-autumn-sweets-buffet-2026.md	ja	page	/posts/maihama-first-resort-autumn-sweets-buffet-2026/	【舞浜】ファーストリゾートで秋スイーツビュッフェ	maihama-first-resort-autumn-sweets-buffet-2026	2026-07-29T22:00:00+09:00		グルメ・カフェ	2026-10-10/2026-10-12	false
content/posts/20260729-sushi-yamaguchi-gyotoku-opening-202608.md	ja	page	/posts/sushi-yamaguchi-gyotoku-opening-202608/	【行徳】鮨やまぐちが8月8日オープン、営業時間も判明	sushi-yamaguchi-gyotoku-opening-202608	2026-07-29T22:00:00+09:00	2026-08-12T19:14:00+09:00	開店・閉店	2026-08-08	false
content/posts/20260729-takumi-shinurayasu-seitai-planned-202610.md	ja	page	/posts/takumi-shinurayasu-seitai-planned-202610/	【新浦安】匠 新浦安駅前整体院が10月出店予定か	takumi-shinurayasu-seitai-planned-202610	2026-07-29T22:00:00+09:00		開店・閉店		false
content/posts/20260729-urayasu-drocks-d-link-20260807.md	ja	page	/posts/urayasu-drocks-d-link-20260807/	【浦安市】D-RocksのOB交流会「D-Link」開催	urayasu-drocks-d-link-20260807	2026-07-29T22:00:00+09:00		イベント	2026-08-07	false
content/posts/20260730-artgrace-alice-gothic-afternoon-tea-2026.md	ja	page	/posts/artgrace-alice-gothic-afternoon-tea-2026/	【新浦安】秋の「アリス」アフタヌーンティー開催	artgrace-alice-gothic-afternoon-tea-2026	2026-07-30T22:00:00+09:00		グルメ・カフェ		false
content/posts/20260730-artgrace-summer-family-buffet-2026.md	ja	page	/posts/artgrace-summer-family-buffet-2026/	【新浦安】親子パティシエ体験と夏ビュッフェ開催	artgrace-summer-family-buffet-2026	2026-07-30T22:00:00+09:00		イベント		false
content/posts/20260730-hakurei-match-maihama-events-2026.md	ja	page	/posts/hakurei-match-maihama-events-2026/	【舞浜】白玲戦第1局、前夜祭と大盤解説会を開催	hakurei-match-maihama-events-2026	2026-07-30T22:00:00+09:00		イベント		false
content/posts/20260730-urayasu-atomic-bomb-peace-exhibition-2026.md	ja	page	/posts/urayasu-atomic-bomb-peace-exhibition-2026/	【浦安市】市役所で「原爆・平和展」8月31日まで	urayasu-atomic-bomb-peace-exhibition-2026	2026-07-30T22:00:00+09:00		イベント		false
content/posts/20260731-takumi-myoden-seitai-planned-202609.md	ja	page	/posts/takumi-myoden-seitai-planned-202609/	【妙典】匠 妙典駅前整体院が9月出店予定か	takumi-myoden-seitai-planned-202609	2026-07-31T22:00:00+09:00		開店・閉店		false
content/posts/20260731-urayasu-home-haircut-service.md	ja	page	/posts/urayasu-home-haircut-service/	【浦安市】出張理髪は1回1000円、対象者と申請方法	urayasu-home-haircut-service	2026-07-31T22:00:00+09:00		お知らせ		false
content/posts/20260731-yokoyama-daisuke-doyo-concert-20260809.md	ja	page	/posts/yokoyama-daisuke-doyo-concert-20260809/	【浦安市】横山だいすけさんの童謡コンサート	yokoyama-daisuke-doyo-concert-20260809	2026-07-31T22:00:00+09:00		イベント	2026-08-09	false
content/posts/20260801-bardral-las-bonitas-sumida-20260801.md	ja	page	/posts/bardral-las-bonitas-sumida-20260801/	【浦安市】ラス・ボニータスが7-0、開幕7連勝	bardral-las-bonitas-sumida-20260801	2026-08-01T22:00:00+09:00		スポーツ		false
content/posts/20260801-caps-clinic-ichikawa-myoden-open.md	ja	page	/posts/caps-clinic-ichikawa-myoden-open/	【妙典】キャップスクリニック市川妙典が開院	caps-clinic-ichikawa-myoden-open	2026-08-01T22:00:00+09:00		開店・閉店		false
content/posts/20260801-miake-river-oyster-shell-impact.md	ja	page	/posts/miake-river-oyster-shell-impact/	【浦安市】見明川のカキ殻、航行・治水に影響	miake-river-oyster-shell-impact	2026-08-01T22:00:00+09:00		ニュース		false
content/posts/20260801-shinurayasu-station-festival-performers-2026.md	ja	page	/posts/shinurayasu-station-festival-performers-2026/	【浦安市】新浦安駅前まつりの出演者を募集	shinurayasu-station-festival-performers-2026	2026-08-01T22:00:00+09:00		イベント	2026-11-07/2026-11-08	false
content/posts/20260801-urayasu-dpark-summer-open-2026.md	ja	page	/posts/urayasu-dpark-summer-open-2026/	【浦安市】浦安Dパークを夏休みに7回開放	urayasu-dpark-summer-open-2026	2026-08-01T22:00:00+09:00		イベント		false
content/posts/20260801-urayasu-peace-gathering-2026.md	ja	page	/posts/urayasu-peace-gathering-2026/	【浦安市】中学生の長崎訪問報告と平和講話	urayasu-peace-gathering-2026	2026-08-01T22:00:00+09:00		イベント	2026-08-29	false
content/posts/20260802-826aska-urayasu-concert-20260808.md	ja	page	/posts/826aska-urayasu-concert-20260808/	【浦安市】エレクトーン奏者826askaが8月8日公演	826aska-urayasu-concert-20260808	2026-08-02T22:00:00+09:00		イベント	2026-08-08	false
content/posts/20260802-horn-onecoin-concert-20260808.md	ja	page	/posts/horn-onecoin-concert-20260808/	【新浦安】親子で楽しむ500円ホルンコンサート	horn-onecoin-concert-20260808	2026-08-02T22:00:00+09:00		イベント	2026-08-08	false
content/posts/20260802-revoist-urayasu-horie-open-202608.md	ja	page	/posts/revoist-urayasu-horie-open-202608/	【浦安】REVOIST浦安堀江店が堀江2丁目に出店	revoist-urayasu-horie-open-202608	2026-08-02T22:00:00+09:00		開店・閉店	2026-08-01	false
content/posts/20260802-the-golf-base-shinurayasu-open-20260813.md	ja	page	/posts/the-golf-base-shinurayasu-open-20260813/	【新浦安】THE GOLF BASEが海楽に8月13日開店	the-golf-base-shinurayasu-open-20260813	2026-08-02T22:00:00+09:00		開店・閉店	2026-08-13	false
content/posts/20260802-urayasu-cemetery-shuttle-bus-202608.md	ja	page	/posts/urayasu-cemetery-shuttle-bus-202608/	【浦安市】墓地公園へ無料バス、8月13～16日	urayasu-cemetery-shuttle-bus-202608	2026-08-02T22:00:00+09:00		お知らせ	2026-08-13/2026-08-16	false
content/posts/20260802-urayasu-first-aid-courses-202609.md	ja	page	/posts/urayasu-first-aid-courses-202609/	【浦安市】9月の救命講習、3コースを募集	urayasu-first-aid-courses-202609	2026-08-02T22:00:00+09:00		イベント	2026-09-01|2026-09-13|2026-09-26	false
content/posts/20260802-urayasu-neighborhood-summer-festivals-2026.md	ja	page	/posts/urayasu-neighborhood-summer-festivals-2026/	【浦安市】夏祭り・秋祭り2026まとめ｜自治会・神社・地域のお祭り	urayasu-neighborhood-summer-festivals-2026	2026-08-02T22:00:00+09:00	2026-10-03T18:04:00+09:00	イベント		false
content/posts/20260802-urayasu-steel-job-fair-20260822.md	ja	page	/posts/urayasu-steel-job-fair-20260822/	【新浦安】浦安鉄鋼団地の就職説明会、21社が参加	urayasu-steel-job-fair-20260822	2026-08-02T22:00:00+09:00		イベント	2026-08-22	false
content/posts/20260803-bardral-urayasu-shinagawa-20260803.md	ja	page	/posts/bardral-urayasu-shinagawa-20260803/	【浦安】バルドラール浦安、しながわシティに3-7で敗戦	bardral-urayasu-shinagawa-20260803	2026-08-03T22:00:00+09:00	2026-08-04T22:00:00+09:00	スポーツ	2026-08-03	false
content/posts/20260803-brighton-cache-cache-obon-buffet-2026.md	ja	page	/posts/brighton-cache-cache-obon-buffet-2026/	【新浦安】カシュカシュでお盆限定ビュッフェ、8月8日から	brighton-cache-cache-obon-buffet-2026	2026-08-03T22:00:00+09:00		グルメ・カフェ	2026-08-08/2026-08-16	false
content/posts/20260803-childcare-support-center-temporary-closure-2026.md	ja	page	/posts/childcare-support-center-temporary-closure-2026/	【浦安市】子育て支援センターが9月休館、10月から一時移転	childcare-support-center-temporary-closure-2026	2026-08-03T22:00:00+09:00		お知らせ	2026-09-14/2026-09-30	false
content/posts/20260803-takasu-yoga-pilates-bluva-open.md	ja	page	/posts/takasu-yoga-pilates-bluva-open/	【浦安】高洲で少人数制ヨガ・ピラティス「Bluva」が始動	takasu-yoga-pilates-bluva-open	2026-08-03T22:00:00+09:00		開店・閉店		false
content/posts/20260803-urakko-handheld-fireworks-2026.md	ja	page	/posts/urakko-handheld-fireworks-2026/	【浦安市】こどもの広場で手持ち花火大会、8月16日・22日開催	urakko-handheld-fireworks-2026	2026-08-03T22:00:00+09:00		イベント		false
content/posts/20260804-atre-shinurayasu-boulmich-temporary-closure.md	ja	page	/posts/atre-shinurayasu-boulmich-temporary-closure/	【新浦安】ブールミッシュ、9月1日から一時休業	atre-shinurayasu-boulmich-temporary-closure	2026-08-04T22:00:00+09:00		開店・閉店	2026-09-01	false
content/posts/20260804-urayasu-jichikai-study-space-2026.md	ja	page	/posts/urayasu-jichikai-study-space-2026/	【浦安市】市内9自治会集会所を中高生の自習室に開放	urayasu-jichikai-study-space-2026	2026-08-04T22:00:00+09:00		子育て・教育		false
content/posts/20260804-urayasu-koseki-furigana-registration.md	ja	page	/posts/urayasu-koseki-furigana-registration/	【浦安市】戸籍の氏名フリガナを順次記載	urayasu-koseki-furigana-registration	2026-08-04T22:00:00+09:00		お知らせ		false
content/posts/20260805-brighton-hotel-treasure-hunt-2026.md	ja	page	/posts/brighton-hotel-treasure-hunt-2026/	【新浦安】ブライトンホテルで館内宝探し、8月31日まで	brighton-hotel-treasure-hunt-2026	2026-08-05T22:00:00+09:00		イベント	2026-07-31/2026-08-31	false
content/posts/20260805-briobecca-emperors-cup-tochigi-2026.md	ja	page	/posts/briobecca-emperors-cup-tochigi-2026/	【浦安】ブリオベッカ、8月19日に天皇杯で栃木SC戦	briobecca-emperors-cup-tochigi-2026	2026-08-05T22:00:00+09:00		スポーツ	2026-08-19	false
content/posts/20260805-sakaigawa-kawamachi-marche-sunset-2026.md	ja	page	/posts/sakaigawa-kawamachi-marche-sunset-2026/	【浦安市】境川公園で夕暮れマルシェ、8月29日開催	sakaigawa-kawamachi-marche-sunset-2026	2026-08-05T22:00:00+09:00		イベント	2026-08-29	false
content/posts/20260805-seria-sundrug-gyotoku-open.md	ja	page	/posts/seria-sundrug-gyotoku-open/	【行徳】サンドラッグ行徳店2階にSeria出店予定	seria-sundrug-gyotoku-open	2026-08-05T22:00:00+09:00		開店・閉店		false
content/posts/20260805-urayasu-city-marathon-shop-recruitment-2027.md	ja	page	/posts/urayasu-city-marathon-shop-recruitment-2027/	【浦安市】浦安シティマラソンの売店出店者を募集	urayasu-city-marathon-shop-recruitment-2027	2026-08-05T22:00:00+09:00		お知らせ		false
content/posts/20260806-urayasu-city-map-field-survey.md	ja	page	/posts/urayasu-city-map-field-survey/	【浦安市】市内全域で地図更新の現地調査、8月中旬から	urayasu-city-map-field-survey	2026-08-06T22:00:00+09:00		お知らせ		false
content/posts/20260806-urayasu-emergency-fair-2026.md	ja	page	/posts/urayasu-emergency-fair-2026/	【浦安市】イオン新浦安で救急フェア、9月6日開催	urayasu-emergency-fair-2026	2026-08-06T22:00:00+09:00		イベント	2026-09-06	false
content/posts/20260807-hotel-okura-tokyo-bay-obon-lunch-2026.md	ja	page	/posts/hotel-okura-tokyo-bay-obon-lunch-2026/	【舞浜】ホテルオークラ東京ベイでお盆限定ランチ	hotel-okura-tokyo-bay-obon-lunch-2026	2026-08-07T22:00:00+09:00		グルメ・カフェ	2026-08-08/2026-08-16	false
content/posts/20260807-marines-giants-farm-urayasu-2026.md	ja	page	/posts/marines-giants-farm-urayasu-2026/	【浦安】ロッテ対巨人のファーム公式戦、8月9日まで	marines-giants-farm-urayasu-2026	2026-08-07T22:00:00+09:00		スポーツ	2026-08-07/2026-08-09	false
content/posts/20260807-oriental-hotel-family-chapel-concert-summer-2026.md	ja	page	/posts/oriental-hotel-family-chapel-concert-summer-2026/	【新浦安】無料チャペルコンサート、8月9日から7日間	oriental-hotel-family-chapel-concert-summer-2026	2026-08-07T22:00:00+09:00		イベント	2026-08-09/2026-08-15	false
content/posts/20260807-sheraton-hawaiian-friday-sweets-buffet-2026.md	ja	page	/posts/sheraton-hawaiian-friday-sweets-buffet-2026/	【舞浜】シェラトンで金曜限定ハワイアンスイーツブッフェ	sheraton-hawaiian-friday-sweets-buffet-2026	2026-08-07T22:00:00+09:00		グルメ・カフェ		false
content/posts/20260807-wamen-zen-horie-open.md	ja	page	/posts/wamen-zen-horie-open/	【浦安】堀江にラーメン店「和麺 善」がオープン	wamen-zen-horie-open	2026-08-07T22:00:00+09:00		開店・閉店	2026-08-07	false
content/posts/20260808-aeon-shinurayasu-snow-park-2026.md	ja	page	/posts/aeon-shinurayasu-snow-park-2026/	【新浦安】イオンで「溶けない雪」、8月15・16日開催	aeon-shinurayasu-snow-park-2026	2026-08-08T22:00:00+09:00		イベント	2026-08-15/2026-08-16	false
content/posts/20260808-all-japan-id-volleyball-urayasu-2026.md	ja	page	/posts/all-japan-id-volleyball-urayasu-2026/	【浦安】全日本IDバレー選手権、8月9・10日に開催	all-japan-id-volleyball-urayasu-2026	2026-08-08T22:00:00+09:00		スポーツ	2026-08-09/2026-08-10	false
content/posts/20260808-artgrace-ristorante-mare-blu-2026.md	ja	page	/posts/artgrace-ristorante-mare-blu-2026/	【新浦安】結婚式場に夏限定レストラン「Mare Blu」	artgrace-ristorante-mare-blu-2026	2026-08-08T22:00:00+09:00		グルメ・カフェ		false
content/posts/20260808-beams-japan-popup-tour-maihama-2026.md	ja	page	/posts/beams-japan-popup-tour-maihama-2026/	【舞浜】ビームスでBEAMS JAPAN企画、8月13日から	beams-japan-popup-tour-maihama-2026	2026-08-08T22:00:00+09:00		イベント	2026-08-13/2026-08-26	false
content/posts/20260808-urayasu-hanabi-taikai-2026.md	ja	page	/posts/urayasu-hanabi-taikai-2026/	浦安市花火大会2026｜10月17日18時開始・約3,600発｜観覧は招待席のみ	urayasu-hanabi-taikai-2026	2026-08-08T12:00:00+09:00	2026-10-02T18:00:00+09:00	イベント	2026-10-17	false
content/posts/20260808-urayasu-waste-oil-clothes-collection-20260809.md	ja	page	/posts/urayasu-waste-oil-clothes-collection-20260809/	【浦安市】廃食油・古着古布を8月9日に8カ所で回収	urayasu-waste-oil-clothes-collection-20260809	2026-08-08T22:00:00+09:00		お知らせ	2026-08-09	false
content/posts/20260809-maihama-eurasia-urayasu-spa-plus-free-202608.md	ja	page	/posts/maihama-eurasia-urayasu-spa-plus-free-202608/	【浦安】舞浜ユーラシアで市民限定SPA＋無料、8月18～20日	maihama-eurasia-urayasu-spa-plus-free-202608	2026-08-09T22:00:00+09:00		イベント	2026-08-18/2026-08-20	false
content/posts/20260809-nishidaba-minami-gyotoku-open.md	ja	page	/posts/nishidaba-minami-gyotoku-open/	【南行徳】駅前に「やきとり にしだ場」がオープン	nishidaba-minami-gyotoku-open	2026-08-09T22:00:00+09:00		開店・閉店	2026-08-03	false
content/posts/20260809-tokyo-disneysea-indiana-jones-reopen-20261130.en.md	en	page	/en/posts/tokyo-disneysea-indiana-jones-reopen-20261130/	Tokyo DisneySea's Indiana Jones Adventure Reopens November 30 with New Projection Effects	tokyo-disneysea-indiana-jones-reopen-20261130	2026-08-09T22:00:00+09:00			2026-11-30	false
content/posts/20260809-tokyo-disneysea-indiana-jones-reopen-20261130.md	ja	page	/posts/tokyo-disneysea-indiana-jones-reopen-20261130/	【舞浜】ディズニーシー「インディ・ジョーンズ」11月30日再開	tokyo-disneysea-indiana-jones-reopen-20261130	2026-08-09T22:00:00+09:00		ニュース	2026-11-30	false
content/posts/20260809-tokyo-disneysea-indiana-jones-reopen-20261130.zh-tw.md	zh-tw	page	/zh-tw/posts/tokyo-disneysea-indiana-jones-reopen-20261130/	東京迪士尼海洋「印第安納瓊斯冒險旅程」11月30日重新開放，新增光雕投影與全新音效	tokyo-disneysea-indiana-jones-reopen-20261130	2026-08-09T22:00:00+09:00			2026-11-30	false
content/posts/20260810-barrier-free-movie-screening-2026.md	ja	page	/posts/barrier-free-movie-screening-2026/	【浦安市】文化会館でバリアフリー映画上映会、9月26日開催	barrier-free-movie-screening-2026	2026-08-10T22:00:00+09:00		イベント	2026-09-26	false
content/posts/20260810-eboat-chiba-urayasu-2026.md	ja	page	/posts/eboat-chiba-urayasu-2026/	【浦安市】境川で「第13回Eボート千葉大会」10月18日開催	eboat-chiba-urayasu-2026	2026-08-10T22:00:00+09:00		イベント	2026-10-18	false
content/posts/20260810-las-chulas-first-win-2026.md	ja	page	/posts/las-chulas-first-win-2026/	【浦安】ラス・チュラスが逆転で今季初勝利、葛飾に2-1	las-chulas-first-win-2026	2026-08-10T22:00:00+09:00		スポーツ	2026-08-09	false
content/posts/20260811-1955-halloween-night-2026.md	ja	page	/posts/1955-halloween-night-2026/	【浦安】1955 東京ベイで宿泊者限定ハロウィーン企画を開催	1955-halloween-night-2026	2026-08-11T22:00:00+09:00	2026-08-30	イベント	2026-09-16/2026-10-31	false
content/posts/20260811-bardral-segundo-gunma-20260809.md	ja	page	/posts/bardral-segundo-gunma-20260809/	【浦安】バルドラール浦安セグンドが群馬に7-2で勝利	bardral-segundo-gunma-20260809	2026-08-11T22:00:00+09:00		スポーツ	2026-08-09	false
content/posts/20260811-gyotoku-ishiguro-sanfujinka-close-2026.md	ja	page	/posts/gyotoku-ishiguro-sanfujinka-close-2026/	【行徳】石黒産婦人科が7月31日閉院との情報	gyotoku-ishiguro-sanfujinka-close-2026	2026-08-11T22:00:00+09:00		開店・閉店	2026-07-31	false
content/posts/20260811-hilton-gothic-palace-2026.md	ja	page	/posts/hilton-gothic-palace-2026/	【浦安】ヒルトン東京ベイでハロウィーンスイーツビュッフェ開催	hilton-gothic-palace-2026	2026-08-11T22:00:00+09:00		グルメ・カフェ	2026-09-05/2026-11-03	false
content/posts/20260811-maihama-view-hotel-balloon-2026.md	ja	page	/posts/maihama-view-hotel-balloon-2026/	【浦安】舞浜ビューホテルで客室バルーン装飾の予約受付開始	maihama-view-hotel-balloon-2026	2026-08-11T22:00:00+09:00		お知らせ		false
content/posts/20260811-newcoast-tomica-plarail-2026.md	ja	page	/posts/newcoast-tomica-plarail-2026/	【浦安】ニューコースト新浦安で「トミカ・プラレールわくわくパーク」8/29開催	newcoast-tomica-plarail-2026	2026-08-11T22:00:00+09:00		イベント	2026-08-29	false
content/posts/20260812-gyotoku-machinocyuuka-kasumi-open-2026.md	ja	page	/posts/gyotoku-machinocyuuka-kasumi-open-2026/	【行徳】「町の中華 かすみ」が8月9日オープンとの情報	gyotoku-machinocyuuka-kasumi-open-2026	2026-08-12T22:00:00+09:00		開店・閉店	2026-08-09	false
content/posts/20260812-maihama-first-resort-halloween-2026.md	ja	page	/posts/maihama-first-resort-halloween-2026/	【浦安】ファーストリゾートでハロウィーン宿泊プラン開催	maihama-first-resort-halloween-2026	2026-08-12T22:00:00+09:00	2026-08-30	イベント	2026-09-15/2026-10-31	false
content/posts/20260812-urayasu-disaster-radio-digital-2027.md	ja	page	/posts/urayasu-disaster-radio-digital-2027/	【浦安市】防災行政無線、2027年1月以降にデジタル完全移行予定	urayasu-disaster-radio-digital-2027	2026-08-12T22:00:00+09:00		ニュース		false
content/posts/20260813-atre-shinurayasu-kasei-close-20260820.md	ja	page	/posts/atre-shinurayasu-kasei-close-20260820/	【新浦安】アトレ「点心・惣菜KASEI」が8月20日閉店	atre-shinurayasu-kasei-close-20260820	2026-08-13T22:00:00+09:00		開店・閉店	2026-08-20	false
content/posts/20260813-eyecity-ichikawa-myoden-open-202609.md	ja	page	/posts/eyecity-ichikawa-myoden-open-202609/	【妙典】アイシティ市川妙典店が9月出店予定、求人で判明	eyecity-ichikawa-myoden-open-202609	2026-08-13T22:00:00+09:00		開店・閉店		false
content/posts/20260813-newcoast-flower-summer-school-20260820.md	ja	page	/posts/newcoast-flower-summer-school-20260820/	【浦安】ニューコースト新浦安で「お花のサマースクール」開催	newcoast-flower-summer-school-20260820	2026-08-13T22:00:00+09:00		イベント	2026-08-20	false
content/posts/20260813-newcoast-kyoto-products-202608.md	ja	page	/posts/newcoast-kyoto-products-202608/	【浦安】ニューコースト新浦安で「京都物産展」8月21日から	newcoast-kyoto-products-202608	2026-08-13T22:00:00+09:00		イベント	2026-08-21/2026-08-27	false
content/posts/20260813-tdl-tomorrowland-renewal-2027.md	ja	page	/posts/tdl-tomorrowland-renewal-2027/	【浦安】TDLトゥモローランド刷新、新施設の名称を発表	tdl-tomorrowland-renewal-2027	2026-08-13T22:00:00+09:00		ニュース		false
content/posts/20260813-urayasu-olympic-athlete-award-2026.md	ja	page	/posts/urayasu-olympic-athlete-award-2026/	【浦安市】オリンピック等選手育成賞賜金、候補者を募集	urayasu-olympic-athlete-award-2026	2026-08-13T22:00:00+09:00		お知らせ		false
content/posts/20260814-hotel-okura-chiba-gourmet-fair-2026.md	ja	page	/posts/hotel-okura-chiba-gourmet-fair-2026/	【浦安】ホテルオークラ東京ベイで「千葉県グルメフェア」	hotel-okura-chiba-gourmet-fair-2026	2026-08-14T22:00:00+09:00		グルメ・カフェ	2026-08-30/2026-09-30	false
content/posts/20260814-ichikawa-road-flooding-20260814.md	ja	page	/posts/ichikawa-road-flooding-20260814/	【浦安】市川方面で道路冠水　車での移動は引き続き注意	ichikawa-road-flooding-20260814	2026-08-14T12:58:00+09:00		ニュース		false
content/posts/20260814-ikspiari-limited-shops-20260817.md	ja	page	/posts/ikspiari-limited-shops-20260817/	【浦安】イクスピアリに期間限定3店、8月17日から	ikspiari-limited-shops-20260817	2026-08-14T22:00:00+09:00		開店・閉店	2026-08-17/2026-08-31	false
content/posts/20260814-keiyo-line-heavy-rain-20260814.md	ja	page	/posts/keiyo-line-heavy-rain-20260814/	【浦安】京葉線で遅れ・一部運休　県内各線は大雨の影響続く	keiyo-line-heavy-rain-20260814	2026-08-14T12:58:00+09:00		お知らせ		false
content/posts/20260814-oriental-hotel-oktoberfest-2026.md	ja	page	/posts/oriental-hotel-oktoberfest-2026/	【浦安】オリエンタルホテル東京ベイで秋のブッフェ開催	oriental-hotel-oktoberfest-2026	2026-08-14T22:00:00+09:00		グルメ・カフェ	2026-09-01/2026-11-03	false
content/posts/20260814-urayasu-bonodori-canceled-20260814.md	ja	page	/posts/urayasu-bonodori-canceled-20260814/	【浦安市】納涼盆踊り、8月14日は中止　15日は開催予定	urayasu-bonodori-canceled-20260814	2026-08-14T13:04:00+09:00		イベント	2026-08-15	false
content/posts/20260814-urayasu-heavy-rain-20260814.md	ja	page	/posts/urayasu-heavy-rain-20260814/	【浦安市】13日に大雨危険警報　14日も冠水・急な雨に注意	urayasu-heavy-rain-20260814	2026-08-14T12:58:00+09:00		ニュース		false
content/posts/20260815-residential-road-speed-limit-30kmh-2026.md	ja	page	/posts/residential-road-speed-limit-30kmh-2026/	【浦安市】9月1日から生活道路の法定速度が30km/hに	residential-road-speed-limit-30kmh-2026	2026-08-15T22:00:00+09:00		お知らせ	2026-09-01	false
content/posts/20260815-urayasu-bonodori-report-20260815.md	ja	page	/posts/urayasu-bonodori-report-20260815/	【浦安市】納涼盆踊りが8月15日に開催　多くの来場者で盛況	urayasu-bonodori-report-20260815	2026-08-15T22:00:00+09:00		イベント	2026-08-15	false
content/posts/20260815-urayasu-cemetery-returned-graves-2026.md	ja	page	/posts/urayasu-cemetery-returned-graves-2026/	【浦安市】墓地公園の返還墓所約50区画を9月1日から先着募集	urayasu-cemetery-returned-graves-2026	2026-08-15T22:00:00+09:00		お知らせ	2026-09-01	false
content/posts/20260815-urayasu-high-school-baseball-autumn-2026.md	ja	page	/posts/urayasu-high-school-baseball-autumn-2026/	【浦安】秋季高校野球予選を8月16日から開催　東海大浦安も登場	urayasu-high-school-baseball-autumn-2026	2026-08-15T22:00:00+09:00		スポーツ	2026-08-16/2026-08-19	false
content/posts/20260815-urayasu-water-bill-discount-2026.md	ja	page	/posts/urayasu-water-bill-discount-2026/	【浦安市】7〜10月の水道料金を20％減免　追加2か月は登録が必要	urayasu-water-bill-discount-2026	2026-08-15T22:00:00+09:00		お知らせ		false
content/posts/20260816-bardral-las-chulas-win-20260815.md	ja	page	/posts/bardral-las-chulas-win-20260815/	【浦安】ラス・チュラスが3-0完封、2連勝で勝敗五分に	bardral-las-chulas-win-20260815	2026-08-16T22:00:00+09:00		スポーツ	2026-08-15	false
content/posts/20260816-juntendo-urayasu-ckd-seminar-20260905.md	ja	page	/posts/juntendo-urayasu-ckd-seminar-20260905/	【浦安】順天堂浦安病院で慢性腎臓病の無料公開講座	juntendo-urayasu-ckd-seminar-20260905	2026-08-16T22:00:00+09:00		お知らせ	2026-09-05	false
content/posts/20260816-n-clinic-maihama-insurance-2026.md	ja	page	/posts/n-clinic-maihama-insurance-2026/	【舞浜】Nクリニック東京ベイ舞浜、保険診療に対応	n-clinic-maihama-insurance-2026	2026-08-16T22:00:00+09:00		ニュース		false
content/posts/20260816-shunputei-koasa-urayasu-20261115.md	ja	page	/posts/shunputei-koasa-urayasu-20261115/	【浦安】春風亭小朝独演会、8月17日から一般発売	shunputei-koasa-urayasu-20261115	2026-08-16T22:00:00+09:00		イベント	2026-11-15	false
content/posts/20260817-cinema-ikspiari-disney-revival-2026.md	ja	page	/posts/cinema-ikspiari-disney-revival-2026/	【舞浜】シネマイクスピアリでディズニー3作品を特別上映	cinema-ikspiari-disney-revival-2026	2026-08-17T22:00:00+09:00		イベント		false
content/posts/20260817-disney-hotels-halloween-menu-2026.en.md	en	page	/en/posts/disney-hotels-halloween-menu-2026/	Disney Halloween 2026 Special Menus at 3 Disney Hotels in Maihama (Sept 15 – Oct 31)	disney-hotels-halloween-menu-2026	2026-08-17T22:00:00+09:00	2026-08-30		2026-09-15/2026-10-31	false
content/posts/20260817-disney-hotels-halloween-menu-2026.md	ja	page	/posts/disney-hotels-halloween-menu-2026/	【舞浜】ディズニーホテル3館でハロウィーン限定メニュー	disney-hotels-halloween-menu-2026	2026-08-17T22:00:00+09:00	2026-08-30T12:00:00+09:00	グルメ・カフェ	2026-09-15/2026-10-31	false
content/posts/20260817-disney-hotels-halloween-menu-2026.zh-tw.md	zh-tw	page	/zh-tw/posts/disney-hotels-halloween-menu-2026/	舞濱3間迪士尼飯店推出2026萬聖節限定菜單（9月15日～10月31日）	disney-hotels-halloween-menu-2026	2026-08-17T22:00:00+09:00	2026-08-30		2026-09-15/2026-10-31	false
content/posts/20260817-ichikawa-myoden-ogawa-clinic-open.md	ja	page	/posts/ichikawa-myoden-ogawa-clinic-open/	【妙典】市川妙典おがわ泌尿器科・内科が8月3日開院	ichikawa-myoden-ogawa-clinic-open	2026-08-17T22:00:00+09:00		開店・閉店	2026-08-03	false
content/posts/20260817-urayasu-seishonenkan-food-sample-2026.md	ja	page	/posts/urayasu-seishonenkan-food-sample-2026/	【浦安市】青少年館で食品サンプルづくり、9月23日開催	urayasu-seishonenkan-food-sample-2026	2026-08-17T22:00:00+09:00		子育て・教育	2026-09-23	false
content/posts/20260818-atre-shinurayasu-sweets-renewal-202609.md	ja	page	/posts/atre-shinurayasu-sweets-renewal-202609/	【新浦安】アトレ1Fスイーツ売場、9月17日刷新	atre-shinurayasu-sweets-renewal-202609	2026-08-18T22:00:00+09:00	2026-09-18T18:49:00+09:00	開店・閉店		false
content/posts/20260818-bardral-urayasu-nagoya-free-invitation-20260905.md	ja	page	/posts/bardral-urayasu-nagoya-free-invitation-20260905/	【浦安市】バルドラール浦安、名古屋戦に市民200人無料招待	bardral-urayasu-nagoya-free-invitation-20260905	2026-08-18T22:00:00+09:00		スポーツ	2026-09-05	false
content/posts/20260818-myoden-3chome-bonodori-ennichi-2026.md	ja	page	/posts/myoden-3chome-bonodori-ennichi-2026/	【妙典】春日神社で盆踊り・縁日、8月22・23日開催	myoden-3chome-bonodori-ennichi-2026	2026-08-18T22:00:00+09:00		イベント	2026-08-22/2026-08-23	false
content/posts/20260818-newcoast-soccer-ball-dome-202608.md	ja	page	/posts/newcoast-soccer-ball-dome-202608/	【新浦安】ニューコーストで無料サッカーボールドーム	newcoast-soccer-ball-dome-202608	2026-08-18T22:00:00+09:00		イベント	2026-08-22/2026-08-23	false
content/posts/20260818-urayasu-bicycle-enforcement-202609.md	ja	page	/posts/urayasu-bicycle-enforcement-202609/	【浦安市】美浜・猫実で自転車の公開取締り、9月実施	urayasu-bicycle-enforcement-202609	2026-08-18T22:00:00+09:00		ニュース		false
content/posts/20260819-grand-nikko-autumn-sweets-buffet-2026.md	ja	page	/posts/grand-nikko-autumn-sweets-buffet-2026/	【舞浜】グランドニッコーで秋スイーツブッフェ、3日間限定	grand-nikko-autumn-sweets-buffet-2026	2026-08-19T22:00:00+09:00		グルメ・カフェ	2026-09-20/2026-09-22	false
content/posts/20260819-perch-diner-hatchwine-collab-202608.md	ja	page	/posts/perch-diner-hatchwine-collab-202608/	【浦安】PERCH DINERでワインコラボ、8月21・22日開催予定	perch-diner-hatchwine-collab-202608	2026-08-19T22:00:00+09:00		イベント	2026-08-21/2026-08-22	false
content/posts/20260819-sheraton-autumn-fruit-fair-2026.md	ja	page	/posts/sheraton-autumn-fruit-fair-2026/	【舞浜】シェラトンで秋のフルーツフェア、9月開催	sheraton-autumn-fruit-fair-2026	2026-08-19T22:00:00+09:00		グルメ・カフェ	2026-09-01/2026-09-30	false
content/posts/20260819-urayasu-family-support-meeting-202609.md	ja	page	/posts/urayasu-family-support-meeting-202609/	【浦安市】ファミサポ説明会、9〜10月に4回開催	urayasu-family-support-meeting-202609	2026-08-19T22:00:00+09:00		子育て・教育		false
content/posts/20260820-brighton-cache-cache-harvest-buffet-2026.md	ja	page	/posts/brighton-cache-cache-harvest-buffet-2026/	【新浦安】ブライトン「カシュカシュ」で秋ビュッフェ	brighton-cache-cache-harvest-buffet-2026	2026-08-20T22:00:00+09:00		グルメ・カフェ	2026-09-01/2026-11-30	false
content/posts/20260820-briobecca-tochigi-emperors-cup-result-2026.md	ja	page	/posts/briobecca-tochigi-emperors-cup-result-2026/	【浦安】ブリオベッカ、天皇杯1回戦で栃木SCに0-2	briobecca-tochigi-emperors-cup-result-2026	2026-08-20T22:00:00+09:00		スポーツ	2026-08-19	false
content/posts/20260820-urayasu-dog-run-temporary-closure-20260901.md	ja	page	/posts/urayasu-dog-run-temporary-closure-20260901/	【浦安市】運動公園隣のドッグラン、9月1日15時まで閉鎖	urayasu-dog-run-temporary-closure-20260901	2026-08-20T22:00:00+09:00		お知らせ	2026-09-01	false
content/posts/20260821-urayasu-sanbanze-crab-fishing-202610.md	ja	page	/posts/urayasu-sanbanze-crab-fishing-202610/	【浦安市】三番瀬でカニ釣り体験、10月24日開催	urayasu-sanbanze-crab-fishing-202610	2026-08-21T22:00:00+09:00		子育て・教育	2026-10-24	false
content/posts/20260821-urayasu-zaitaku-neuro-clinic-open.md	ja	page	/posts/urayasu-zaitaku-neuro-clinic-open/	【新浦安】浦安在宅神経内科クリニック、9月1日開院	urayasu-zaitaku-neuro-clinic-open	2026-08-21T22:00:00+09:00		開店・閉店	2026-09-01	false
content/posts/20260822-bardral-urayasu-shonan-away-bus-tour-2026.md	ja	page	/posts/bardral-urayasu-shonan-away-bus-tour-2026/	【浦安】バルドラール湘南戦応援バスツアー、9月26日実施予定	bardral-urayasu-shonan-away-bus-tour-2026	2026-08-22T22:00:00+09:00		スポーツ	2026-09-26	false
content/posts/20260822-cinema-ikspiari-madoka-live-viewing-20260829.md	ja	page	/posts/cinema-ikspiari-madoka-live-viewing-20260829/	【浦安】シネマイクスピアリで「まどか☆マギカ」舞台挨拶中継	cinema-ikspiari-madoka-live-viewing-20260829	2026-08-22T22:00:00+09:00		イベント	2026-08-29	false
content/posts/20260822-disney-premier-access-price-change-202609.en.md	en	page	/en/posts/disney-premier-access-price-change-202609/	Tokyo Disney Resort Raises Disney Premier Access Prices for 4 Attractions from September 1	disney-premier-access-price-change-202609	2026-08-22T22:00:00+09:00			2026-09-01	false
content/posts/20260822-disney-premier-access-price-change-202609.md	ja	page	/posts/disney-premier-access-price-change-202609/	【浦安】ディズニーDPA、9月1日から4アトラクション値上げ	disney-premier-access-price-change-202609	2026-08-22T22:00:00+09:00		お知らせ	2026-09-01	false
content/posts/20260822-disney-premier-access-price-change-202609.zh-tw.md	zh-tw	page	/zh-tw/posts/disney-premier-access-price-change-202609/	東京迪士尼DPA漲價：9月1日起4項設施各調漲500日圓，付費快速通行對象同步擴大	disney-premier-access-price-change-202609	2026-08-22T22:00:00+09:00			2026-09-01	false
content/posts/20260822-maihama-view-hotel-halloween-2026.md	ja	page	/posts/maihama-view-hotel-halloween-2026/	【浦安】舞浜ビューホテルでハロウィーンスイーツ	maihama-view-hotel-halloween-2026	2026-08-22T22:00:00+09:00	2026-08-30	グルメ・カフェ	2026-09-01/2026-10-31	false
content/posts/20260822-socola-minamigyotoku-shizue-photo-20260830.md	ja	page	/posts/socola-minamigyotoku-shizue-photo-20260830/	【行徳】SOCOLA南行徳に「しずえさん」、8月30日撮影会	socola-minamigyotoku-shizue-photo-20260830	2026-08-22T22:00:00+09:00		イベント	2026-08-30	false
content/posts/20260823-chiba-water-bill-discount-urayasu.md	ja	page	/posts/chiba-water-bill-discount-urayasu/	【浦安市】県営水道料金20％減免、オンライン化で12月まで延長	chiba-water-bill-discount-urayasu	2026-08-23T22:00:00+09:00		お知らせ		false
content/posts/20260823-las-bonitas-tachikawa-win-20260823.md	ja	page	/posts/las-bonitas-tachikawa-win-20260823/	【浦安】ラス・ボニータスが立川に3-2勝利、開幕8連勝	las-bonitas-tachikawa-win-20260823	2026-08-23T22:00:00+09:00		スポーツ	2026-08-23	false
content/posts/20260823-little-mermaid-maihama-opening.md	ja	page	/posts/little-mermaid-maihama-opening/	【浦安】劇団四季「リトルマーメイド」8月26日舞浜で開幕	little-mermaid-maihama-opening	2026-08-23T22:00:00+09:00		イベント	2026-08-26	false
content/posts/20260823-sanbanze-crab-fishing-2026.md	ja	page	/posts/sanbanze-crab-fishing-2026/	【浦安市】三番瀬でカニ釣り体験、10月24日開催（続報）	sanbanze-crab-fishing-2026	2026-08-23T22:00:00+09:00	2026-09-04	子育て・教育	2026-10-24	false
content/posts/20260823-sheraton-thai-food-buffet-2026.en.md	en	page	/en/posts/sheraton-thai-food-buffet-2026/	Thai Food Buffet at Sheraton Grande Tokyo Bay's Grand Café, Sept 1 – Oct 31	sheraton-thai-food-buffet-2026	2026-08-23T22:00:00+09:00			2026-09-01/2026-10-31	false
content/posts/20260823-sheraton-thai-food-buffet-2026.md	ja	page	/posts/sheraton-thai-food-buffet-2026/	【浦安】シェラトン舞浜で「タイフードブッフェ」9月1日から	sheraton-thai-food-buffet-2026	2026-08-23T22:00:00+09:00	2026-10-04	グルメ・カフェ	2026-09-01/2026-10-31	false
content/posts/20260823-sheraton-thai-food-buffet-2026.zh-tw.md	zh-tw	page	/zh-tw/posts/sheraton-thai-food-buffet-2026/	舞濱喜來登「泰國美食自助餐」9月1日登場：曼谷名廚監修，THANN聯名甜點同步推出	sheraton-thai-food-buffet-2026	2026-08-23T22:00:00+09:00			2026-09-01/2026-10-31	false
content/posts/20260823-u-center-festival-2026.md	ja	page	/posts/u-center-festival-2026/	【浦安市】「Uセンター祭り2026」9月19日開催	u-center-festival-2026	2026-08-23T22:00:00+09:00		イベント	2026-09-19	false
content/posts/20260824-las-chulas-viento-20260823.md	ja	page	/posts/las-chulas-viento-20260823/	【浦安】ラス・チュラス、ヴィエントFCに1-2で惜敗	las-chulas-viento-20260823	2026-08-24T22:00:00+09:00		スポーツ	2026-08-23	false
content/posts/20260824-maihama-view-hotel-halloween-afternoon-tea-2026.md	ja	page	/posts/maihama-view-hotel-halloween-afternoon-tea-2026/	【浦安】舞浜ビューホテルでハロウィーンアフタヌーンティー	maihama-view-hotel-halloween-afternoon-tea-2026	2026-08-24T22:00:00+09:00	2026-08-30	グルメ・カフェ	2026-09-01/2026-10-31	false
content/posts/20260824-n-clinic-tokyo-bay-maihama-insurance.md	ja	page	/posts/n-clinic-tokyo-bay-maihama-insurance/	【浦安】舞浜「Nクリニック東京ベイ舞浜」が保険診療に対応	n-clinic-tokyo-bay-maihama-insurance	2026-08-24T22:00:00+09:00		お知らせ		false
content/posts/20260824-urayasu-brighton-autumn-sweets-2026.md	ja	page	/posts/urayasu-brighton-autumn-sweets-2026/	【浦安】ブライトンに秋限定スイーツ、9月1日から	urayasu-brighton-autumn-sweets-2026	2026-08-24T22:00:00+09:00	2026-08-30	グルメ・カフェ	2026-09-01/2026-11-30	false
content/posts/20260824-usagi-tea-garden-gohoubi-marche-2026.md	ja	page	/posts/usagi-tea-garden-gohoubi-marche-2026/	【浦安】堀江「うさぎティーガーデン」でご褒美マルシェ	usagi-tea-garden-gohoubi-marche-2026	2026-08-24T22:00:00+09:00	2026-10-04	イベント	2026-09-12	false
content/posts/20260825-duffy-friends-autumn-surprise-goods-2026.md	ja	page	/posts/duffy-friends-autumn-surprise-goods-2026/	【浦安】ダッフィー＆フレンズ秋グッズ8月25日販売開始	duffy-friends-autumn-surprise-goods-2026	2026-08-25T22:00:00+09:00		ニュース	2026-08-25	false
content/posts/20260825-hilton-tokyo-bay-autumn-afternoon-tea-2026.md	ja	page	/posts/hilton-tokyo-bay-autumn-afternoon-tea-2026/	【浦安】ヒルトン東京ベイで秋のアフタヌーンティー	hilton-tokyo-bay-autumn-afternoon-tea-2026	2026-08-25T22:00:00+09:00		グルメ・カフェ	2026-09-01/2026-11-04	false
content/posts/20260825-hilton-tokyo-bay-gothic-palace-2026.en.md	en	page	/en/posts/hilton-tokyo-bay-gothic-palace-2026/	Hilton Tokyo Bay 'Gothic Palace' Halloween Sweets Buffet — Weekends, Sept 5 to Nov 3	hilton-tokyo-bay-gothic-palace-2026	2026-08-25T22:00:00+09:00	2026-08-30		2026-09-05/2026-11-03	false
content/posts/20260825-hilton-tokyo-bay-gothic-palace-2026.md	ja	page	/posts/hilton-tokyo-bay-gothic-palace-2026/	【浦安】ヒルトン東京ベイでハロウィーンスイーツビュッフェ	hilton-tokyo-bay-gothic-palace-2026	2026-08-25T22:00:00+09:00	2026-08-30T12:00:00+09:00	グルメ・カフェ	2026-09-05/2026-11-03	false
content/posts/20260825-hilton-tokyo-bay-gothic-palace-2026.zh-tw.md	zh-tw	page	/zh-tw/posts/hilton-tokyo-bay-gothic-palace-2026/	希爾頓東京灣萬聖節甜點自助餐「Gothic Palace」：9月5日～11月3日週末假日限定	hilton-tokyo-bay-gothic-palace-2026	2026-08-25T22:00:00+09:00	2026-08-30		2026-09-05/2026-11-03	false
content/posts/20260826-comfort-suites-tokyo-bay-autumn-breakfast-2026.md	ja	page	/posts/comfort-suites-tokyo-bay-autumn-breakfast-2026/	【浦安】コンフォートスイーツ東京ベイに秋限定朝食17種	comfort-suites-tokyo-bay-autumn-breakfast-2026	2026-08-26T22:00:00+09:00		グルメ・カフェ	2026-09-01/2026-11-30	false
content/posts/20260826-fly-for-all-urayasu-2026.md	ja	page	/posts/fly-for-all-urayasu-2026/	【浦安】9月に上空へ巨大ニコちゃん、室屋義秀さんが飛行	fly-for-all-urayasu-2026	2026-08-26T22:00:00+09:00		イベント		false
content/posts/20260827-atre-shin-urayasu-handmade-gardens-2026.md	ja	page	/posts/atre-shin-urayasu-handmade-gardens-2026/	【浦安】アトレ新浦安に「ハンドメイドガーデンズ」期間限定出店	atre-shin-urayasu-handmade-gardens-2026	2026-08-27T22:00:00+09:00		開店・閉店	2026-09-02/2026-09-13	false
content/posts/20260827-chiba-heavy-rain-donation-2026.md	ja	page	/posts/chiba-heavy-rain-donation-2026/	【浦安市】千葉豪雨の義援金受付、11月30日まで	chiba-heavy-rain-donation-2026	2026-08-27T22:00:00+09:00		お知らせ		false
content/posts/20260827-d-nest-shin-urayasu-open.md	ja	page	/posts/d-nest-shin-urayasu-open/	【浦安】新浦安駅前に設計者専用「D-NEST」9月開業	d-nest-shin-urayasu-open	2026-08-27T22:00:00+09:00		開店・閉店	2026-09-01	false
content/posts/20260827-ikspiari-limited-shops-september-2026.md	ja	page	/posts/ikspiari-limited-shops-september-2026/	【浦安】イクスピアリに期間限定5店、9月1日から	ikspiari-limited-shops-september-2026	2026-08-27T22:00:00+09:00		開店・閉店		false
content/posts/20260827-newcoast-urayasu-d-rocks-rugby-event-2026.md	ja	page	/posts/newcoast-urayasu-d-rocks-rugby-event-2026/	【浦安】ニューコーストでD-Rocks選手とラグビー体験	newcoast-urayasu-d-rocks-rugby-event-2026	2026-08-27T22:00:00+09:00		イベント	2026-09-19	false
content/posts/20260827-urayasu-inflation-voucher-deadline-2026.md	ja	page	/posts/urayasu-inflation-voucher-deadline-2026/	【浦安市】5000円商品券、使用期限は8月31日	urayasu-inflation-voucher-deadline-2026	2026-08-27T22:00:00+09:00		お知らせ		false
content/posts/20260827-urayasu-voting-hours-early-voting-takasu.md	ja	page	/posts/urayasu-voting-hours-early-voting-takasu/	【浦安市】2027年4月から投票時間短縮、高洲に期日前投票所	urayasu-voting-hours-early-voting-takasu	2026-08-27T22:00:00+09:00		お知らせ		false
content/posts/20260828-hotel-okura-tokyo-bay-halloween-plan-2026.md	ja	page	/posts/hotel-okura-tokyo-bay-halloween-plan-2026/	【浦安】ホテルオークラ舞浜にハロウィーン限定宿泊プラン	hotel-okura-tokyo-bay-halloween-plan-2026	2026-08-28T22:00:00+09:00	2026-08-30	お知らせ	2026-09-16/2026-10-31	false
content/posts/20260828-oriental-hotel-tokyo-bay-hokkaido-buffet-2026.en.md	en	page	/en/posts/oriental-hotel-tokyo-bay-hokkaido-buffet-2026/	Hokkaido Buffet with Two Kinds of Crab at Oriental Hotel Tokyo Bay, Sept 1 – Nov 3	oriental-hotel-tokyo-bay-hokkaido-buffet-2026	2026-08-28T22:00:00+09:00			2026-09-01/2026-11-03	false
content/posts/20260828-oriental-hotel-tokyo-bay-hokkaido-buffet-2026.md	ja	page	/posts/oriental-hotel-tokyo-bay-hokkaido-buffet-2026/	【浦安】オリエンタルホテルで北海道ブッフェ、カニ食べ比べも	oriental-hotel-tokyo-bay-hokkaido-buffet-2026	2026-08-28T22:00:00+09:00	2026-08-30T12:00:00+09:00	グルメ・カフェ	2026-09-01/2026-11-03	false
content/posts/20260828-oriental-hotel-tokyo-bay-hokkaido-buffet-2026.zh-tw.md	zh-tw	page	/zh-tw/posts/oriental-hotel-tokyo-bay-hokkaido-buffet-2026/	東京灣東方飯店「北海道味覺紀行」自助餐：兩種雪蟹吃比較，新浦安站直結（9/1～11/3）	oriental-hotel-tokyo-bay-hokkaido-buffet-2026	2026-08-28T22:00:00+09:00			2026-09-01/2026-11-03	false
content/posts/20260828-papabubble-maihama-new-store-2026.md	ja	page	/posts/papabubble-maihama-new-store-2026/	【浦安】舞浜に「PAPABUBBLE」出店予定か、求人で判明	papabubble-maihama-new-store-2026	2026-08-28T22:00:00+09:00	2026-10-02T23:00:00+09:00	開店・閉店	2026-11-21	false
content/posts/20260828-u-style-urayasu-ongakumura-2026.md	ja	page	/posts/u-style-urayasu-ongakumura-2026/	【浦安】Wave101で「うらやす音楽村」人気3組ライブ	u-style-urayasu-ongakumura-2026	2026-08-28T22:00:00+09:00		イベント	2026-09-17	false
content/posts/20260828-urakko-dagashiya-open-2026.md	ja	page	/posts/urakko-dagashiya-open-2026/	【浦安市】うらっこ広場に子ども企画の駄菓子屋、9月3日オープン	urakko-dagashiya-open-2026	2026-08-28T22:00:00+09:00		子育て・教育	2026-09-03	false
content/posts/20260828-urayasu-d-rocks-japan-national-team-camp-2026.md	ja	page	/posts/urayasu-d-rocks-japan-national-team-camp-2026/	【浦安】D-Rocksから3選手、日本代表合宿メンバーに	urayasu-d-rocks-japan-national-team-camp-2026	2026-08-28T22:00:00+09:00		スポーツ		false
content/posts/20260829-bardral-urayasu-fleague-cup-tachikawa-20260828.md	ja	page	/posts/bardral-urayasu-fleague-cup-tachikawa-20260828/	【浦安】バルドラール浦安、Fリーグカップ初戦でPK敗退	bardral-urayasu-fleague-cup-tachikawa-20260828	2026-08-29T22:00:00+09:00		スポーツ	2026-08-28	false
content/posts/20260829-cinema-ikspiari-suidou-unite2026-live-viewing.md	ja	page	/posts/cinema-ikspiari-suidou-unite2026-live-viewing/	【浦安】イクスピアリで「水曜どうでしょう祭」生中継	cinema-ikspiari-suidou-unite2026-live-viewing	2026-08-29T22:00:00+09:00		イベント	2026-09-06	false
content/posts/20260829-hotel-okura-tokyo-bay-chiba-gourmet-fair-2026.md	ja	page	/posts/hotel-okura-tokyo-bay-chiba-gourmet-fair-2026/	【浦安】ホテルオークラ舞浜で「千葉県グルメフェア」開催	hotel-okura-tokyo-bay-chiba-gourmet-fair-2026	2026-08-29T22:00:00+09:00		グルメ・カフェ	2026-08-30/2026-09-30	false
content/posts/20260829-ibis-styles-tokyo-bay-seafood-breakfast-2026.md	ja	page	/posts/ibis-styles-tokyo-bay-seafood-breakfast-2026/	【浦安】日の出イビスで海鮮朝食フェア、10月1日から	ibis-styles-tokyo-bay-seafood-breakfast-2026	2026-08-29T22:00:00+09:00		グルメ・カフェ	2026-10-01/2026-12-23	false
content/posts/20260829-taimu-urayasu-closed.md	ja	page	/posts/taimu-urayasu-closed/	【浦安】西友浦安1階のたい焼き店「たい夢」が閉店	taimu-urayasu-closed	2026-08-29T22:00:00+09:00		開店・閉店		false
content/posts/20260829-the-golf-base-shinurayasu-open.md	ja	page	/posts/the-golf-base-shinurayasu-open/	【浦安】海楽に「THE GOLF BASE 新浦安レンジ」オープン	the-golf-base-shinurayasu-open	2026-08-29T22:00:00+09:00		開店・閉店	2026-08-13	false
content/posts/20260830-briobecca-jfl-minebea-20260829.md	ja	page	/posts/briobecca-jfl-minebea-20260829/	【浦安】ブリオベッカ、JFL開幕戦は1-2で黒星	briobecca-jfl-minebea-20260829	2026-08-30T22:00:00+09:00		スポーツ	2026-08-29	false
content/posts/20260830-maihama-halloween-guide-2026-published.md	ja	page	/posts/maihama-halloween-guide-2026-published/	【浦安】「浦安・舞浜ハロウィーンガイド2026」を公開	maihama-halloween-guide-2026-published	2026-08-30T15:00:00+09:00		お知らせ		false
content/posts/20260830-tds25-smiles-stamp-rally-2026.md	ja	page	/posts/tds25-smiles-stamp-rally-2026/	【舞浜】TDS25周年、9月4日から寄付企画＆スタンプラリー	tds25-smiles-stamp-rally-2026	2026-08-30T22:00:00+09:00		イベント	2026-09-04/2026-10-31	false
content/posts/20260830-urayasu-ballpark-night-yoga-2026.md	ja	page	/posts/urayasu-ballpark-night-yoga-2026/	【浦安市】運動公園の野球場でナイトヨガ、9月6日開催	urayasu-ballpark-night-yoga-2026	2026-08-30T22:00:00+09:00		イベント	2026-09-06	false
content/posts/20260830-urayasu-junior-fire-club-national-2026.md	ja	page	/posts/urayasu-junior-fire-club-national-2026/	【浦安市】少年消防団が全国大会へ、昨年2位から再挑戦	urayasu-junior-fire-club-national-2026	2026-08-30T22:00:00+09:00		ニュース	2026-09-19/2026-09-20	false
content/posts/20260831-bardral-urayasu-segundo-machida-20260829-result.md	ja	page	/posts/bardral-urayasu-segundo-machida-20260829-result/	【浦安市】セグンドが町田に6-3勝利、本長選手が3得点	bardral-urayasu-segundo-machida-20260829-result	2026-08-31T22:00:00+09:00		スポーツ	2026-08-29	false
content/posts/20260831-brighton-himorogi-autumn-special-202609.md	ja	page	/posts/brighton-himorogi-autumn-special-202609/	【新浦安】ブライトン「燔」で秋企画、肉1.5倍・米沢牛変更半額	brighton-himorogi-autumn-special-202609	2026-08-31T22:00:00+09:00		グルメ・カフェ	2026-09-01/2026-09-18	false
content/posts/20260831-urayasu-bunka-club-2026-autumn-recruitment.md	ja	page	/posts/urayasu-bunka-club-2026-autumn-recruitment/	【浦安市】URAYASU文化クラブ4クラブ新設、9月7日まで募集	urayasu-bunka-club-2026-autumn-recruitment	2026-08-31T22:00:00+09:00		子育て・教育		false
content/posts/20260831-urayasu-community-center-reservation-change-20260925.md	ja	page	/posts/urayasu-community-center-reservation-change-20260925/	【浦安市】公民館予約が9月25日変更、開始時間など見直し	urayasu-community-center-reservation-change-20260925	2026-08-31T22:00:00+09:00	2026-09-09T22:44:00+09:00	お知らせ	2026-09-25	false
content/posts/20260901-maihama-eurasia-20th-anniversary-2026.md	ja	page	/posts/maihama-eurasia-20th-anniversary-2026/	【浦安】舞浜ユーラシアが開業20周年、9月に記念イベント	maihama-eurasia-20th-anniversary-2026	2026-09-01T20:51:00+09:00		イベント	2026-09-01/2026-09-30	false
content/posts/20260901-urayasu-d-rocks-fanclub-owv-2026.md	ja	page	/posts/urayasu-d-rocks-fanclub-owv-2026/	【浦安】D-Rocksファンクラブ刷新、OWVも続投	urayasu-d-rocks-fanclub-owv-2026	2026-09-01T20:51:00+09:00		スポーツ		false
content/posts/20260901-urayasu-local-road-speed-limit-30.md	ja	page	/posts/urayasu-local-road-speed-limit-30/	【浦安市】生活道路の法定速度が30km/hに変更	urayasu-local-road-speed-limit-30	2026-09-01T20:51:00+09:00		お知らせ		false
content/posts/20260902-atre-shinurayasu-autumn-sweets-popup-2026.md	ja	page	/posts/atre-shinurayasu-autumn-sweets-popup-2026/	【新浦安】アトレに秋スイーツ3店が期間限定出店	atre-shinurayasu-autumn-sweets-popup-2026	2026-09-02T20:45:00+09:00		イベント		false
content/posts/20260902-sheraton-tokyo-bay-autumn-fruits-2026.md	ja	page	/posts/sheraton-tokyo-bay-autumn-fruits-2026/	【舞浜】シェラトンで「秋のフルーツフェア」開催	sheraton-tokyo-bay-autumn-fruits-2026	2026-09-02T20:45:00+09:00		グルメ・カフェ	2026-09-01/2026-09-30	false
content/posts/20260902-urayasu-d-rocks-wakuwaku-happy-partnership-2026.md	ja	page	/posts/urayasu-d-rocks-wakuwaku-happy-partnership-2026/	【浦安】D-Rocksと「わくわくはっぴー本棚」が連携協定	urayasu-d-rocks-wakuwaku-happy-partnership-2026	2026-09-02T20:45:00+09:00		スポーツ		false
content/posts/20260902-urayasu-stay-ranking-chiba-2026.md	ja	page	/posts/urayasu-stay-ranking-chiba-2026/	【浦安市】「住み続けたい街」千葉県2位に	urayasu-stay-ranking-chiba-2026	2026-09-02T20:45:00+09:00		ニュース		false
content/posts/20260903-ikspiari-salon-de-sweets-halloween-2026.md	ja	page	/posts/ikspiari-salon-de-sweets-halloween-2026/	【浦安】イクスピアリでハロウィーンスイーツビュッフェ	ikspiari-salon-de-sweets-halloween-2026	2026-09-03T18:51:00+09:00		イベント	2026-09-15/2026-10-31	false
content/posts/20260903-ikspiari-tsukemen-tetsu-open-2026.md	ja	page	/posts/ikspiari-tsukemen-tetsu-open-2026/	【浦安】イクスピアリに「つけめんTETSU」9月17日オープン	ikspiari-tsukemen-tetsu-open-2026	2026-09-03T18:51:00+09:00	2026-09-04T18:07:00+09:00	開店・閉店	2026-09-17	false
content/posts/20260903-juntendo-urayasu-ckd-public-lecture-2026.md	ja	page	/posts/juntendo-urayasu-ckd-public-lecture-2026/	【浦安市】順天堂浦安病院でCKD市民公開講座 9月5日開催	juntendo-urayasu-ckd-public-lecture-2026	2026-09-03T18:51:00+09:00		イベント	2026-09-05	false
content/posts/20260903-mona-shinurayasu-axolotl-event-2026.md	ja	page	/posts/mona-shinurayasu-axolotl-event-2026/	【浦安】MONA新浦安で「ウーパールーパーまみれ」9月5・6日開催	mona-shinurayasu-axolotl-event-2026	2026-09-03T18:51:00+09:00		イベント	2026-09-05/2026-09-06	false
content/posts/20260903-urayasu-mangekyo-disaster-sports-survey-2026.md	ja	page	/posts/urayasu-mangekyo-disaster-sports-survey-2026/	【浦安】万華郷跡地の防災スポーツ施設、12事業者が市場調査に参加	urayasu-mangekyo-disaster-sports-survey-2026	2026-09-03T19:33:00+09:00	2026-09-29T20:16:00+09:00	ニュース		false
content/posts/20260904-ikspiari-nanas-green-tea-reopen-2026.md	ja	page	/posts/ikspiari-nanas-green-tea-reopen-2026/	【浦安】ナナズグリーンティーが9月18日営業再開	ikspiari-nanas-green-tea-reopen-2026	2026-09-04T18:07:00+09:00		開店・閉店	2026-09-18	false
content/posts/20260904-oriental-hotel-tokyo-bay-oktoberfest-2026.md	ja	page	/posts/oriental-hotel-tokyo-bay-oktoberfest-2026/	【新浦安】グランサンクで秋のオクトーバーフェスト	oriental-hotel-tokyo-bay-oktoberfest-2026	2026-09-04T18:07:00+09:00		グルメ・カフェ	2026-09-01/2026-11-03	false
content/posts/20260904-urayasu-boccia-open-2026.md	ja	page	/posts/urayasu-boccia-open-2026/	【浦安市】市民ボッチャ大会、11月14日開催	urayasu-boccia-open-2026	2026-09-04T18:07:00+09:00		スポーツ	2026-11-14	false
content/posts/20260904-urayasu-daiso-shops.md	ja	page	/posts/urayasu-daiso-shops/	【イクスピアリ】ダイソーは閉店していません｜3階で営業中｜浦安市内のダイソー一覧	urayasu-daiso-shops	2026-09-04T10:50:00+09:00		開店・閉店		false
content/posts/20260904-urayasu-new-bayshore-road-panel-2026.md	ja	page	/posts/urayasu-new-bayshore-road-panel-2026/	【浦安市】新湾岸道路のパネル展、市内3会場で開催	urayasu-new-bayshore-road-panel-2026	2026-09-04T18:07:00+09:00		ニュース		false
content/posts/20260905-aeon-shinurayasu-emergency-fair-2026.md	ja	page	/posts/aeon-shinurayasu-emergency-fair-2026/	【浦安市】イオン新浦安で「救急フェア」9月6日開催	aeon-shinurayasu-emergency-fair-2026	2026-09-05T19:00:00+09:00		イベント	2026-09-06	false
content/posts/20260905-newcoast-shinurayasu-creators-factory-september-2026.md	ja	page	/posts/newcoast-shinurayasu-creators-factory-september-2026/	【浦安】ニューコーストで手作りワークショップ 9月20・21日も開催	newcoast-shinurayasu-creators-factory-september-2026	2026-09-05T19:02:00+09:00		イベント		false
content/posts/20260905-socola-minami-gyotoku-tombo-workshop-2026.md	ja	page	/posts/socola-minami-gyotoku-tombo-workshop-2026/	【行徳】SOCOLA南行徳で竹とんぼ作り 9月6日まで	socola-minami-gyotoku-tombo-workshop-2026	2026-09-05T19:04:00+09:00		イベント	2026-09-05/2026-09-06	false
content/posts/20260905-urayasu-d-rocks-rugby-fan-event-2026.md	ja	page	/posts/urayasu-d-rocks-rugby-fan-event-2026/	【浦安】D-Rocks選手とラグビー体験 9月19日開催	urayasu-d-rocks-rugby-fan-event-2026	2026-09-05T19:01:00+09:00		スポーツ	2026-09-19	false
content/posts/20260905-urayasu-recycled-bicycle-lottery-september-2026.md	ja	page	/posts/urayasu-recycled-bicycle-lottery-september-2026/	【浦安市】再生自転車を5,500円から抽選販売	urayasu-recycled-bicycle-lottery-september-2026	2026-09-05T19:05:00+09:00		お知らせ		false
content/posts/20260905-urayasu-u-center-festival-2026.md	ja	page	/posts/urayasu-u-center-festival-2026/	【浦安市】Uセンター祭り2026、9月19日開催	urayasu-u-center-festival-2026	2026-09-05T19:03:00+09:00	2026-10-04	イベント	2026-09-19	false
content/posts/20260906-bardral-urayasu-nagoya-win-20260905.md	ja	page	/posts/bardral-urayasu-nagoya-win-20260905/	【浦安市】バルドラール浦安、首位名古屋に6-3勝利	bardral-urayasu-nagoya-win-20260905	2026-09-06T20:15:00+09:00		スポーツ	2026-09-05	false
content/posts/20260906-grand-nikko-christmas-cake-2026.md	ja	page	/posts/grand-nikko-christmas-cake-2026/	【舞浜】グランドニッコー、クリスマスケーキ予約は10月1日から	grand-nikko-christmas-cake-2026	2026-09-06T20:15:00+09:00		グルメ・カフェ		false
content/posts/20260906-sakura-mate-web-membership-2026.md	ja	page	/posts/sakura-mate-web-membership-2026/	【浦安市】「さくらメイト」がWeb入会に対応	sakura-mate-web-membership-2026	2026-09-06T20:15:00+09:00		お知らせ		false
content/posts/20260906-yuzuru-hanyu-pooh-exhibition-maihama-2026.md	ja	page	/posts/yuzuru-hanyu-pooh-exhibition-maihama-2026/	【舞浜】丸善で羽生結弦さん衣装のプーさん展示	yuzuru-hanyu-pooh-exhibition-maihama-2026	2026-09-06T20:15:00+09:00		イベント	2026-09-04/2026-10-20	false
content/posts/20260907-bardral-segundo-cafuringa-20260905.md	ja	page	/posts/bardral-segundo-cafuringa-20260905/	【浦安】セグンド、東久留米と2-2　無敗で首位維持	bardral-segundo-cafuringa-20260905	2026-09-07T18:35:00+09:00		スポーツ	2026-09-05	false
content/posts/20260907-briobecca-numazu-20260906.md	ja	page	/posts/briobecca-numazu-20260906/	【浦安】ブリオベッカ、沼津に1-2で敗れ開幕2連敗	briobecca-numazu-20260906	2026-09-07T18:35:00+09:00		スポーツ	2026-09-06	false
content/posts/20260907-las-bonitas-arco-kobe-20260905.md	ja	page	/posts/las-bonitas-arco-kobe-20260905/	【浦安】ラス・ボニータス、神戸に4-2勝利で開幕9連勝	las-bonitas-arco-kobe-20260905	2026-09-07T18:35:00+09:00		スポーツ	2026-09-05	false
content/posts/20260907-las-chulas-hachioji-20260905.md	ja	page	/posts/las-chulas-hachioji-20260905/	【浦安】ラス・チュラス、八王子に4-1勝利　4位浮上	las-chulas-hachioji-20260905	2026-09-07T18:35:00+09:00		スポーツ	2026-09-05	false
content/posts/20260907-urayasu-d-rocks-preseason-2026.md	ja	page	/posts/urayasu-d-rocks-preseason-2026/	【浦安】D-Rocks、浦安Dパークでプレシーズン戦を有観客開催	urayasu-d-rocks-preseason-2026	2026-09-07T18:35:00+09:00	2026-09-18T18:49:00+09:00	スポーツ		false
content/posts/20260908-bardral-urayasu-keiyo-team6-10th-anniversary-20260913.md	ja	page	/posts/bardral-urayasu-keiyo-team6-10th-anniversary-20260913/	【浦安市】バルドラール大阪戦でKEIYO TEAM6+10周年企画	bardral-urayasu-keiyo-team6-10th-anniversary-20260913	2026-09-08T18:39:00+09:00		スポーツ	2026-09-13	false
content/posts/20260908-sakaigawa-cleanup-music-market-2026.md	ja	page	/posts/sakaigawa-cleanup-music-market-2026/	【浦安市】9月13日は境川で清掃・音楽・マルシェ開催	sakaigawa-cleanup-music-market-2026	2026-09-08T18:40:00+09:00		イベント	2026-09-13	false
content/posts/20260909-disney-christmas-2026.md	ja	page	/posts/disney-christmas-2026/	【浦安】ディズニー・クリスマス、11月11日から開催	disney-christmas-2026	2026-09-09T22:48:00+09:00		イベント	2026-11-11/2026-12-25	false
content/posts/20260909-maihama-first-resort-steak-buffet-202611.md	ja	page	/posts/maihama-first-resort-steak-buffet-202611/	【浦安】舞浜ホテルでサーロインステーキ食べ放題	maihama-first-resort-steak-buffet-202611	2026-09-09T22:47:00+09:00		グルメ・カフェ	2026-11-21/2026-11-23	false
content/posts/20260909-minamigyotoku-shoku-toiro-open.md	ja	page	/posts/minamigyotoku-shoku-toiro-open/	【行徳】南行徳に定食＆BAR「食TOIRO」がオープン	minamigyotoku-shoku-toiro-open	2026-09-09T22:45:00+09:00		開店・閉店	2026-09-04	false
content/posts/20260909-urayasu-d-rocks-national-stadium-2027.md	ja	page	/posts/urayasu-d-rocks-national-stadium-2027/	【浦安】D-Rocks、国立競技場でリーグ戦2試合開催	urayasu-d-rocks-national-stadium-2027	2026-09-09T22:46:00+09:00		スポーツ		false
content/posts/20260910-assari-kun-chara-derby-2026.md	ja	page	/posts/assari-kun-chara-derby-2026/	【浦安市】あっさり君、ご当地キャラダービーで1位	assari-kun-chara-derby-2026	2026-09-10T21:29:00+09:00		ニュース		false
content/posts/20260910-grand-nikko-halloween-sweets-buffet-2026.md	ja	page	/posts/grand-nikko-halloween-sweets-buffet-2026/	【舞浜】グランドニッコーでハロウィーンスイーツブッフェ開催	grand-nikko-halloween-sweets-buffet-2026	2026-09-10T21:27:00+09:00		グルメ・カフェ	2026-10-10/2026-10-12	false
content/posts/20260910-maihama-view-hotel-christmas-cake-2026.md	ja	page	/posts/maihama-view-hotel-christmas-cake-2026/	【舞浜】舞浜ビューホテル、クリスマスケーキ予約開始	maihama-view-hotel-christmas-cake-2026	2026-09-10T21:28:00+09:00		グルメ・カフェ		false
content/posts/20260910-oriental-hotel-pumpkin-gate-2026.md	ja	page	/posts/oriental-hotel-pumpkin-gate-2026/	【新浦安】オリエンタルホテルに巨大「パンプキンゲート」	oriental-hotel-pumpkin-gate-2026	2026-09-10T21:26:00+09:00		イベント	2026-09-11/2026-11-03	false
content/posts/20260911-grand-nikko-maihama-halloween-event-2026.md	ja	page	/posts/grand-nikko-maihama-halloween-event-2026/	【舞浜】グランドニッコーでハロウィーン企画、9月16日から	grand-nikko-maihama-halloween-event-2026	2026-09-11T20:03:00+09:00		イベント	2026-09-16/2026-10-31	false
content/posts/20260911-neoxia-urayasu-open-20260901.md	ja	page	/posts/neoxia-urayasu-open-20260901/	【浦安】まつげ・ネイルサロン「NEOXIA」がオープン	neoxia-urayasu-open-20260901	2026-09-11T20:03:00+09:00		開店・閉店	2026-09-01	false
content/posts/20260912-myoden-nail-eyelash-momo-open-202609.md	ja	page	/posts/myoden-nail-eyelash-momo-open-202609/	【妙典】Nail&eyelash Momoが9月1日オープン	myoden-nail-eyelash-momo-open-202609	2026-09-12T19:03:00+09:00		開店・閉店	2026-09-01	false
content/posts/20260912-urayasu-cultural-facility-reservation-2026.md	ja	page	/posts/urayasu-cultural-facility-reservation-2026/	【浦安市】文化施設の随時予約、10月から8時45分開始	urayasu-cultural-facility-reservation-2026	2026-09-12T19:02:00+09:00		お知らせ	2026-10-01	false
content/posts/20260912-urayasu-d-rocks-teammates-2026.md	ja	page	/posts/urayasu-d-rocks-teammates-2026/	【浦安】D-Rocksが長期療養中の子どもを募集｜TEAMMATES	urayasu-d-rocks-teammates-2026	2026-09-12T19:00:00+09:00		スポーツ		false
content/posts/20260912-urayasu-school-choice-2027.md	ja	page	/posts/urayasu-school-choice-2027/	【浦安市】2027年度の小規模学校選択制度を発表	urayasu-school-choice-2027	2026-09-12T19:01:00+09:00		子育て・教育		false
content/posts/20260913-urayasu-vs-akabane-talk5050.md	ja	page	/posts/urayasu-vs-akabane-talk5050/	【浦安市】日テレ「トーク50:50」で浦安VS赤羽、9月13日放送	urayasu-vs-akabane-talk5050	2026-09-13T18:15:00+09:00		ニュース		false
content/posts/20260914-296-fukurosoba-gyotoku-open.md	ja	page	/posts/296-fukurosoba-gyotoku-open/	【行徳】十割そば「296Fukurosoba」が9月10日オープン	296-fukurosoba-gyotoku-open	2026-09-14T19:44:00+09:00		開店・閉店	2026-09-10	false
content/posts/20260914-bardral-urayasu-osaka-20260913.md	ja	page	/posts/bardral-urayasu-osaka-20260913/	【浦安】バルドラール浦安、大阪に5-4で勝利	bardral-urayasu-osaka-20260913	2026-09-14T19:46:00+09:00		スポーツ	2026-09-13	false
content/posts/20260914-briobecca-verspah-oita-20260913.md	ja	page	/posts/briobecca-verspah-oita-20260913/	【浦安】ブリオベッカ、大分と0-0で今季初勝点	briobecca-verspah-oita-20260913	2026-09-14T19:47:00+09:00		スポーツ	2026-09-13	false
content/posts/20260914-jizake-wonderland-muyu-gyotoku-open.md	ja	page	/posts/jizake-wonderland-muyu-gyotoku-open/	【行徳】「地酒のワンダーランド 夢遊」がオープン	jizake-wonderland-muyu-gyotoku-open	2026-09-14T19:45:00+09:00		開店・閉店	2026-09-04	false
content/posts/20260914-sundrug-gyotoku-new-store.md	ja	page	/posts/sundrug-gyotoku-new-store/	【行徳】旧マルエツ跡にサンドラッグ、11月下旬オープン予定	sundrug-gyotoku-new-store	2026-09-14T19:43:00+09:00		開店・閉店		false
content/posts/20260914-toyouke-jinja-aki-matsuri-2026.md	ja	page	/posts/toyouke-jinja-aki-matsuri-2026/	【浦安】豊受神社「秋まつり」10月11日開催	toyouke-jinja-aki-matsuri-2026	2026-09-14T19:50:00+09:00		イベント	2026-10-11	false
content/posts/20260915-d-rockers-dialogue-meetup-2026.md	ja	page	/posts/d-rockers-dialogue-meetup-2026/	【浦安】D-Rockers対話会・交流会を9月25日開催	d-rockers-dialogue-meetup-2026	2026-09-15T20:47:00+09:00		スポーツ	2026-09-25	false
content/posts/20260915-spogomi-seishonenkan-2026.md	ja	page	/posts/spogomi-seishonenkan-2026/	【浦安市】青少年館で「スポGOMI」10月18日開催	spogomi-seishonenkan-2026	2026-09-15T20:47:00+09:00		子育て・教育	2026-10-18	false
content/posts/20260915-urayasu-criterium-2026-entry.md	ja	page	/posts/urayasu-criterium-2026-entry/	【浦安市】第3回浦安クリテリウム、11月28日開催へ	urayasu-criterium-2026-entry	2026-09-15T20:47:00+09:00	2026-09-30T19:21:00+09:00	スポーツ	2026-11-28	false
content/posts/20260915-urayasu-kindergarten-2027-entry.md	ja	page	/posts/urayasu-kindergarten-2027-entry/	【浦安市】2027年度の市立幼稚園・認定こども園募集	urayasu-kindergarten-2027-entry	2026-09-15T20:47:00+09:00		子育て・教育		false
content/posts/20260916-artgrace-urayasu-fireworks-buffet-2026.md	ja	page	/posts/artgrace-urayasu-fireworks-buffet-2026/	【浦安市】花火大会をチャペルから鑑賞｜アートグレイスで限定ブッフェ	artgrace-urayasu-fireworks-buffet-2026	2026-09-16T18:59:00+09:00		イベント	2026-10-17	false
content/posts/20260916-maihama-first-resort-christmas-dinner-buffet-2026.md	ja	page	/posts/maihama-first-resort-christmas-dinner-buffet-2026/	【浦安】ファーストリゾートでクリスマスディナービュッフェ｜12月開催	maihama-first-resort-christmas-dinner-buffet-2026	2026-09-16T18:57:00+09:00		グルメ・カフェ		false
content/posts/20260916-tozai-line-myoden-overhead-wire-20260915.md	ja	page	/posts/tozai-line-myoden-overhead-wire-20260915/	【浦安】東西線の長時間運転見合わせ、妙典付近の架線断線が原因か	tozai-line-myoden-overhead-wire-20260915	2026-09-16T18:55:00+09:00		ニュース		false
content/posts/20260916-urayasu-conditioning-lab-open.md	ja	page	/posts/urayasu-conditioning-lab-open/	【浦安】猫実に「浦安コンディショニングラボ」がオープン｜整体×ピラティス	urayasu-conditioning-lab-open	2026-09-16T18:56:00+09:00		開店・閉店	2026-07-02	false
content/posts/20260917-fly-for-all-chiba-urayasu-2026.md	ja	page	/posts/fly-for-all-chiba-urayasu-2026/	【浦安市】空にニコちゃん　スマイルフライト再候補日発表	fly-for-all-chiba-urayasu-2026	2026-09-17T19:53:00+09:00	2026-09-26T20:48:00+09:00	イベント		false
content/posts/20260917-hotel-okura-tokyo-bay-christmas-room-2026.md	ja	page	/posts/hotel-okura-tokyo-bay-christmas-room-2026/	【浦安】ホテルオークラ東京ベイ、クリスマス特別客室を販売	hotel-okura-tokyo-bay-christmas-room-2026	2026-09-17T19:53:00+09:00		お知らせ	2026-11-06/2026-12-25	false
content/posts/20260917-shinurayasu-airport-limousine-bus-stop-change-2026.md	ja	page	/posts/shinurayasu-airport-limousine-bus-stop-change-2026/	【新浦安】空港リムジンバス乗り場、10月1日から北口Jへ	shinurayasu-airport-limousine-bus-stop-change-2026	2026-09-17T19:00:00+09:00		お知らせ	2026-10-01	false
content/posts/20260917-ucenter-festival-2026.md	ja	page	/posts/ucenter-festival-2026/	【浦安市】Uセンター祭り2026が9月19日開催	ucenter-festival-2026	2026-09-17T19:53:00+09:00		イベント	2026-09-19	false
content/posts/20260918-grand-monday-autumn-festival-2026.md	ja	page	/posts/grand-monday-autumn-festival-2026/	【浦安】GRAND MONdayで秋イベント、10月31日まで	grand-monday-autumn-festival-2026	2026-09-18T18:49:00+09:00		イベント	2026-09-17/2026-10-31	false
content/posts/20260918-shinurayasu-hinode-marche-20261003.md	ja	page	/posts/shinurayasu-hinode-marche-20261003/	【浦安】新浦安日の出マルシェ、10月3日開催	shinurayasu-hinode-marche-20261003	2026-09-18T18:49:00+09:00		イベント	2026-10-03	false
content/posts/20260919-minamigyotoku-koppepan-close-2026.md	ja	page	/posts/minamigyotoku-koppepan-close-2026/	【行徳】南行徳駅「焼きたてコッペ製パン」が9月27日閉店	minamigyotoku-koppepan-close-2026	2026-09-19T17:52:00+09:00		開店・閉店	2026-09-27	false
content/posts/20260919-myoden-magical-bake-opening.md	ja	page	/posts/myoden-magical-bake-opening/	【妙典】「Magical Bake」が10月上旬出店予定か　求人で判明	myoden-magical-bake-opening	2026-09-19T17:53:00+09:00		開店・閉店		false
content/posts/20260919-urayasu-autumn-traffic-safety-2026.md	ja	page	/posts/urayasu-autumn-traffic-safety-2026/	【浦安市】秋の全国交通安全運動、9月21日から30日まで	urayasu-autumn-traffic-safety-2026	2026-09-19T17:51:00+09:00		お知らせ	2026-09-21/2026-09-30	false
content/posts/20260919-urayasu-d-rocks-preseason-free-invitation.md	ja	page	/posts/urayasu-d-rocks-preseason-free-invitation/	【浦安】D-Rocks、Dパーク5試合を抽選で無料招待	urayasu-d-rocks-preseason-free-invitation	2026-09-19T17:50:00+09:00		スポーツ		false
content/posts/20260920-cultural-facility-reservation-0845.md	ja	page	/posts/cultural-facility-reservation-0845/	【浦安市】文化施設の随時予約、10月から午前8時45分開始	cultural-facility-reservation-0845	2026-09-20T17:58:00+09:00		お知らせ		false
content/posts/20260920-seishonenkan-climbing-2026.md	ja	page	/posts/seishonenkan-climbing-2026/	【浦安市】青少年館でクライミング体験、10月12日開催	seishonenkan-climbing-2026	2026-09-20T17:58:00+09:00		子育て・教育	2026-10-12	false
content/posts/20260920-sekachoco-gyotoku-open.md	ja	page	/posts/sekachoco-gyotoku-open/	【行徳】「世界一小さいチョコレート工場」出店予定か	sekachoco-gyotoku-open	2026-09-20T17:58:00+09:00		開店・閉店		false
content/posts/20260920-urakko-matsuri-2026.md	ja	page	/posts/urakko-matsuri-2026/	【浦安市】第11回うらっこまつり、10月24・25日開催	urakko-matsuri-2026	2026-09-20T17:58:00+09:00		イベント	2026-10-24/2026-10-25	false
content/posts/20260921-akemi-no-oka-matsuri-2026.md	ja	page	/posts/akemi-no-oka-matsuri-2026/	【浦安市】「明海の丘まつり」10月10日開催、今年で20周年	akemi-no-oka-matsuri-2026	2026-09-21T21:31:00+09:00		イベント	2026-10-10	false
content/posts/20260921-briobecca-yscc-20260920.md	ja	page	/posts/briobecca-yscc-20260920/	【浦安市】ブリオベッカ浦安・市川、YS横浜に2－5で敗戦	briobecca-yscc-20260920	2026-09-21T21:35:00+09:00		スポーツ	2026-09-20	false
content/posts/20260921-gyotoku-weir-open-20260921.md	ja	page	/posts/gyotoku-weir-open-20260921/	【行徳】大雨で行徳可動堰を9月21日に開放、市川市が注意呼びかけ	gyotoku-weir-open-20260921	2026-09-21T21:33:00+09:00		ニュース		false
content/posts/20260921-las-bonitas-regular-season-first-202609.md	ja	page	/posts/las-bonitas-regular-season-first-202609/	【浦安市】ラス・ボニータスが無敗でレギュラーシーズン1位	las-bonitas-regular-season-first-202609	2026-09-21T21:34:00+09:00		スポーツ	2026-09-20	false
content/posts/20260921-otakaraya-urayasu-open-202609.md	ja	page	/posts/otakaraya-urayasu-open-202609/	【浦安】当代島に「おたからや浦安店」9月21日オープン	otakaraya-urayasu-open-202609	2026-09-21T21:30:00+09:00		開店・閉店		false
content/posts/20260921-urayasu-typhoon25-facilities-keiro-20260921.md	ja	page	/posts/urayasu-typhoon25-facilities-keiro-20260921/	【浦安市】台風25号で敬老会延期、公共施設9施設も休止	urayasu-typhoon25-facilities-keiro-20260921	2026-09-21T21:32:00+09:00		お知らせ		false
content/posts/20260922-ikspiari-poeme-popup-2026.md	ja	page	/posts/ikspiari-poeme-popup-2026/	【浦安】イクスピアリに「母恵夢」期間限定出店	ikspiari-poeme-popup-2026	2026-09-22T16:57:00+09:00		開店・閉店	2026-09-28/2026-10-15	false
content/posts/20260922-newcoast-kids-events-september-2026.md	ja	page	/posts/newcoast-kids-events-september-2026/	【浦安】ニューコーストで子ども向け2イベント	newcoast-kids-events-september-2026	2026-09-22T16:57:00+09:00		イベント		false
content/posts/20260922-socola-minami-gyotoku-pan-dorobou-2026.md	ja	page	/posts/socola-minami-gyotoku-pan-dorobou-2026/	【行徳】SOCOLA南行徳に「パンどろぼう」10/11登場	socola-minami-gyotoku-pan-dorobou-2026	2026-09-22T16:57:00+09:00		イベント	2026-10-11	false
content/posts/20260923-prismnext-mihama-1st-anniversary.md	ja	page	/posts/prismnext-mihama-1st-anniversary/	【浦安】プリズムネクスト美浜3丁目が開業1周年	prismnext-mihama-1st-anniversary	2026-09-23T18:50:00+09:00		ニュース		false
content/posts/20260923-tds-bring-the-rhythm-2027.md	ja	page	/posts/tds-bring-the-rhythm-2027/	【浦安】「ブリング・ザ・リズム！」2027年秋スタート	tds-bring-the-rhythm-2027	2026-09-23T18:50:00+09:00	2026-10-04	ニュース		false
content/posts/20260923-wave101-senior-exercise-special-2026.md	ja	page	/posts/wave101-senior-exercise-special-2026/	【浦安市】Wave101でシニアエクササイズ、9月30日開催	wave101-senior-exercise-special-2026	2026-09-23T18:50:00+09:00		イベント	2026-09-30	false
content/posts/20260924-bardral-urayasu-segundo-opa-20260923.md	ja	page	/posts/bardral-urayasu-segundo-opa-20260923/	【浦安市】バルドラール浦安セグンド、オーパと1-1	bardral-urayasu-segundo-opa-20260923	2026-09-24T22:03:00+09:00		スポーツ	2026-09-23	false
content/posts/20260924-baycity-urayasu-autumn-festival-2026.md	ja	page	/posts/baycity-urayasu-autumn-festival-2026/	【浦安市】ベイシティ浦安秋祭り、9月26日開催	baycity-urayasu-autumn-festival-2026	2026-09-24T22:03:00+09:00		イベント	2026-09-26	false
content/posts/20260924-gnome-de-taber-nekozane-relocation.md	ja	page	/posts/gnome-de-taber-nekozane-relocation/	【浦安】GNOME de TABER・肉じるや5が猫実へ移転	gnome-de-taber-nekozane-relocation	2026-09-24T22:03:00+09:00		開店・閉店	2026-10-01	false
content/posts/20260924-hokushinzushi-minamigyotoku-open.md	ja	page	/posts/hokushinzushi-minamigyotoku-open/	【行徳】北辰鮨 南行徳店が9月30日オープン予定	hokushinzushi-minamigyotoku-open	2026-09-24T22:03:00+09:00		開店・閉店	2026-09-30	false
content/posts/20260924-urayasu-convenience-certificate-suspension-202610.md	ja	page	/posts/urayasu-convenience-certificate-suspension-202610/	【浦安市】コンビニ証明書交付、10月23日夕方から一時停止	urayasu-convenience-certificate-suspension-202610	2026-09-24T22:03:00+09:00		お知らせ	2026-10-23/2026-10-25	false
content/posts/20260925-urayasu-horie-bridge-plan-2026.md	ja	page	/posts/urayasu-horie-bridge-plan-2026/	【浦安】旧江戸川「堀江橋」計画、現在地を確認	urayasu-horie-bridge-plan-2026	2026-09-25T18:22:00+09:00		ニュース		false
content/posts/20260925-urayasu-junior-fire-corps-national-third-2026.md	ja	page	/posts/urayasu-junior-fire-corps-national-third-2026/	【浦安市】少年消防団が全国大会で3位	urayasu-junior-fire-corps-national-third-2026	2026-09-25T18:21:00+09:00		ニュース		false
content/posts/20260925-urayasu-kominkan-reservation-rules-20260925.md	ja	page	/posts/urayasu-kominkan-reservation-rules-20260925/	【浦安市】公民館予約、9月25日からルール変更	urayasu-kominkan-reservation-rules-20260925	2026-09-25T18:20:00+09:00		お知らせ		false
content/posts/20260925-well-pilates-urayasu-open-202611.md	ja	page	/posts/well-pilates-urayasu-open-202611/	【浦安】WELL PILATESが11月出店予定か	well-pilates-urayasu-open-202611	2026-09-25T18:18:00+09:00		開店・閉店		false
content/posts/20260925-yamazaki-shop-shimamura-close-202609.md	ja	page	/posts/yamazaki-shop-shimamura-close-202609/	【浦安】創業100年超の「ヤマザキショップ島村」が9月末閉店へ	yamazaki-shop-shimamura-close-202609	2026-09-25T22:44:00+09:00		開店・閉店		false
content/posts/20260926-aloha-urayasu-2026.md	ja	page	/posts/aloha-urayasu-2026/	【浦安市】Aloha! URAYASU 2026、新浦安で9月26・27日開催	aloha-urayasu-2026	2026-09-26T20:45:00+09:00	2026-10-04	イベント	2026-09-26/2026-09-27	false
content/posts/20260926-boku-ga-ikiteru-futatsu-no-sekai-urayasu.md	ja	page	/posts/boku-ga-ikiteru-futatsu-no-sekai-urayasu/	【浦安市】映画「ぼくが生きてる、ふたつの世界」バリアフリー上映会	boku-ga-ikiteru-futatsu-no-sekai-urayasu	2026-09-26T20:47:00+09:00		イベント	2026-09-26	false
content/posts/20260926-briobecca-jlease-20260926.md	ja	page	/posts/briobecca-jlease-20260926/	【浦安】ブリオベッカ、ジェイリースFCに0-2で敗戦	briobecca-jlease-20260926	2026-09-26T20:50:00+09:00		スポーツ	2026-09-26	false
content/posts/20260926-resort-walk-canceled-2026.md	ja	page	/posts/resort-walk-canceled-2026/	【浦安市】9月26日の「海と夕日を望むリゾートウオーク」中止	resort-walk-canceled-2026	2026-09-26T20:46:00+09:00		イベント	2026-09-26	false
content/posts/20260926-tomioka-autumn-festival-2026.md	ja	page	/posts/tomioka-autumn-festival-2026/	【浦安】富岡秋祭り、9月26日に中央公園で開催	tomioka-autumn-festival-2026	2026-09-26T20:49:00+09:00		イベント	2026-09-26	false
content/posts/20260926-urayasu-school-club-regional-transition-leifras.md	ja	page	/posts/urayasu-school-club-regional-transition-leifras/	【浦安市】中学校の部活動地域展開、リーフラスが事業受託	urayasu-school-club-regional-transition-leifras	2026-09-26T20:44:00+09:00		子育て・教育		false
content/posts/20260927-bardral-urayasu-shonan-win-20260926.md	ja	page	/posts/bardral-urayasu-shonan-win-20260926/	【浦安】バルドラール浦安が湘南に3-2勝利、リーグ3連勝	bardral-urayasu-shonan-win-20260926	2026-09-27T19:46:00+09:00		スポーツ	2026-09-26	false
content/posts/20260927-furusato-urayasu-works-2026.md	ja	page	/posts/furusato-urayasu-works-2026/	【浦安市】「ふるさと浦安作品展」11月7日まで開催	furusato-urayasu-works-2026	2026-09-27T19:46:00+09:00		子育て・教育		false
content/posts/20260927-marine-festival-2026.md	ja	page	/posts/marine-festival-2026/	【浦安】「マリンフェスティバル2026」10月11日開催	marine-festival-2026	2026-09-27T19:46:00+09:00		イベント	2026-10-11	false
content/posts/20260927-water-bill-discount-extension-2026.md	ja	page	/posts/water-bill-discount-extension-2026/	【浦安市】水道料金20％減額、延長手続きは9月30日まで	water-bill-discount-extension-2026	2026-09-27T19:46:00+09:00		お知らせ		false
content/posts/20260927-yamada-jhs-urayasu-market-2026.md	ja	page	/posts/yamada-jhs-urayasu-market-2026/	【浦安】山田中学校が9月30日に「浦安マーケット」開催予定	yamada-jhs-urayasu-market-2026	2026-09-27T19:46:00+09:00		イベント	2026-09-30	false
content/posts/20260928-tatsumi-yuto-concert-urayasu-20261009.md	ja	page	/posts/tatsumi-yuto-concert-urayasu-20261009/	【浦安市】辰巳ゆうとコンサート、10月9日文化会館で開催	tatsumi-yuto-concert-urayasu-20261009	2026-09-28T19:02:00+09:00		イベント	2026-10-09	false
content/posts/20260928-yakushima-izakaya-temporary-closure.md	ja	page	/posts/yakushima-izakaya-temporary-closure/	【浦安】北栄の「居酒屋 屋久島」が臨時休業　再開は改めて案内	yakushima-izakaya-temporary-closure	2026-09-28T20:43:00+09:00		開店・閉店		false
content/posts/20260928-zen-place-pilates-urayasu-open-20261001.md	ja	page	/posts/zen-place-pilates-urayasu-open-20261001/	【浦安】zen place pilatesが10月1日オープン	zen-place-pilates-urayasu-open-20261001	2026-09-28T19:02:00+09:00		開店・閉店	2026-10-01	false
content/posts/20260929-atre-shinurayasu-yanaka-fukumaru-202610.md	ja	page	/posts/atre-shinurayasu-yanaka-fukumaru-202610/	【浦安】アトレ新浦安に谷中福丸饅頭、10月1日から限定出店	atre-shinurayasu-yanaka-fukumaru-202610	2026-09-29T20:16:00+09:00		開店・閉店	2026-10-01/2026-10-07	false
content/posts/20260929-ikspiari-fint-open-20261022.md	ja	page	/posts/ikspiari-fint-open-20261022/	【浦安】イクスピアリに「フィント」10月22日オープン	ikspiari-fint-open-20261022	2026-09-29T20:16:00+09:00		開店・閉店	2026-10-22	false
content/posts/20260929-ikspiari-saisai-maratan-open-20261019.md	ja	page	/posts/ikspiari-saisai-maratan-open-20261019/	【浦安】イクスピアリに菜菜麻辣湯、10月19日オープン	ikspiari-saisai-maratan-open-20261019	2026-09-29T20:16:00+09:00		開店・閉店	2026-10-19	false
content/posts/20260929-urayasu-d-park-bosai-fes-20261018.md	ja	page	/posts/urayasu-d-park-bosai-fes-20261018/	【浦安市】Dパークで親子向け防災フェス、10月18日開催	urayasu-d-park-bosai-fes-20261018	2026-09-29T20:16:00+09:00		イベント	2026-10-18	false
content/posts/20260929-urayasu-d-park-fireworks-viewing-20261017.md	ja	page	/posts/urayasu-d-park-fireworks-viewing-20261017/	【浦安】Dパークで10月17日に花火観覧企画、入場条件も	urayasu-d-park-fireworks-viewing-20261017	2026-09-29T20:16:00+09:00		イベント	2026-10-17	false
content/posts/20260930-briobecca-public-viewing-aeon-shinurayasu-2026.md	ja	page	/posts/briobecca-public-viewing-aeon-shinurayasu-2026/	【新浦安】ブリオベッカPV、10月4日・11月8日開催	briobecca-public-viewing-aeon-shinurayasu-2026	2026-09-30T19:21:00+09:00		スポーツ		false
content/posts/20260930-myoden-cpla-opening-2026.md	ja	page	/posts/myoden-cpla-opening-2026/	【妙典】「#C-pla」10月下旬出店予定か　求人で判明	myoden-cpla-opening-2026	2026-09-30T19:21:00+09:00		開店・閉店		false
content/posts/20260930-urayasu-geidai-balloon-dome-2026.md	ja	page	/posts/urayasu-geidai-balloon-dome-2026/	【浦安市】巨大バルーンドーム制作、11月7日開催	urayasu-geidai-balloon-dome-2026	2026-09-30T19:21:00+09:00		イベント	2026-11-07	false
content/posts/20260930-urayasu-mori-trip-2026.md	ja	page	/posts/urayasu-mori-trip-2026/	【浦安市】1泊2日「森とりっぷ」11月14・15日開催	urayasu-mori-trip-2026	2026-09-30T19:21:00+09:00		イベント	2026-11-14/2026-11-15	false
content/posts/20260930-urayasu-second-book-2026.md	ja	page	/posts/urayasu-second-book-2026/	【浦安市】3歳児へ絵本「セカンドブック」10月14日開始	urayasu-second-book-2026	2026-09-30T19:21:00+09:00		子育て・教育	2026-10-14	false
content/posts/20260930-urayasu-typhoon26-20260930.md	ja	page	/posts/urayasu-typhoon26-20260930/	【浦安市】台風26号接近へ　10月1日明け方に注意	urayasu-typhoon26-20260930	2026-09-30T19:21:00+09:00		お知らせ		false
content/posts/20261001-ikspiari-halloween-piari-gacha-2026.md	ja	page	/posts/ikspiari-halloween-piari-gacha-2026/	【浦安】イクスピアリで巨大ガチャ＆ハロウィーン企画、10月23日から	ikspiari-halloween-piari-gacha-2026	2026-10-01T18:37:00+09:00		イベント	2026-10-23/2026-10-31	false
content/posts/20261001-ikspiari-sweets-limited-shops-october-2026.md	ja	page	/posts/ikspiari-sweets-limited-shops-october-2026/	【浦安】イクスピアリに限定スイーツ4店、10月1日から出店	ikspiari-sweets-limited-shops-october-2026	2026-10-01T19:00:00+09:00		開店・閉店		false
content/posts/20261001-urayasu-childcare-support-center-relocation-2026.md	ja	page	/posts/urayasu-childcare-support-center-relocation-2026/	【浦安市】子育て支援センター、10月1日から健康センターへ一時移転	urayasu-childcare-support-center-relocation-2026	2026-10-01T18:39:00+09:00		子育て・教育		false
content/posts/20261001-urayasu-geidai-silent-voices-workshop-2026.md	ja	page	/posts/urayasu-geidai-silent-voices-workshop-2026/	【浦安市】浦安藝大の音のワークショップ、11月1日に開催	urayasu-geidai-silent-voices-workshop-2026	2026-10-01T18:41:00+09:00		イベント	2026-11-01	false
content/posts/20261001-urayasu-school-entrance-grant-2027.md	ja	page	/posts/urayasu-school-entrance-grant-2027/	【浦安市】入学準備金の申請は10月23日まで、新小・中学1年生が対象	urayasu-school-entrance-grant-2027	2026-10-01T18:38:00+09:00		子育て・教育		false
content/posts/20261001-urayasu-sports-fair-2026.md	ja	page	/posts/urayasu-sports-fair-2026/	【浦安市】浦安スポーツフェア2026、10月11日に運動公園で開催	urayasu-sports-fair-2026	2026-10-01T18:40:00+09:00		イベント	2026-10-11	false
content/posts/20261002-kissa-sakura-urayasu-renewal-2026.md	ja	page	/posts/kissa-sakura-urayasu-renewal-2026/	【浦安】北栄の「喫茶さくら」が一時休業　年内リニューアル予定	kissa-sakura-urayasu-renewal-2026	2026-10-02T23:01:00+09:00		開店・閉店		false
content/posts/20261002-shinura-music-festival-autumn-2026.md	ja	page	/posts/shinura-music-festival-autumn-2026/	【浦安市】しんうら音楽文化祭、10月10日にイオン新浦安で開催	shinura-music-festival-autumn-2026	2026-10-02T18:01:00+09:00		イベント	2026-10-10	false
content/posts/20261002-shinurayasu-illumination-2026.md	ja	page	/posts/shinurayasu-illumination-2026/	【浦安市】新浦安駅前で3万球のイルミネーション、11月6日から点灯	shinurayasu-illumination-2026	2026-10-02T18:02:00+09:00		イベント	2026-11-06/2027-02-27	false
content/posts/20261002-urayasu-d-rocks-national-stadium-invitation.md	ja	page	/posts/urayasu-d-rocks-national-stadium-invitation/	【浦安】D-Rocks、国立競技場の2試合に3万人を抽選で無料招待	urayasu-d-rocks-national-stadium-invitation	2026-10-02T18:05:00+09:00		スポーツ		false
content/posts/20261002-urayasu-indonesia-day-2026.md	ja	page	/posts/urayasu-indonesia-day-2026/	【浦安市】インドネシアDay、11月8日に新浦安で開催	urayasu-indonesia-day-2026	2026-10-02T18:04:00+09:00		イベント	2026-11-08	false
content/posts/20261002-urayasu-javascript-game-workshop.md	ja	page	/posts/urayasu-javascript-game-workshop/	【浦安市】小中学生向けゲーム制作講座、11月15日に青少年館で開催	urayasu-javascript-game-workshop	2026-10-02T18:03:00+09:00		子育て・教育	2026-11-15	false
content/posts/20261003-bardral-urayasu-tachikawa-result-20261002.md	ja	page	/posts/bardral-urayasu-tachikawa-result-20261002/	【浦安】バルドラール浦安、立川戦は1-1の引き分け	bardral-urayasu-tachikawa-result-20261002	2026-10-03T18:05:00+09:00		スポーツ		false
content/posts/20261003-gyotoku-machibar-october-2026.md	ja	page	/posts/gyotoku-machibar-october-2026/	【行徳】31店舗が参加！行徳街バルが10月8・9日に開催	gyotoku-machibar-october-2026	2026-10-03T18:03:00+09:00	2026-10-04	イベント	2026-10-08/2026-10-09	false
content/posts/20261003-urayasu-early-infertility-test-subsidy-2026.md	ja	page	/posts/urayasu-early-infertility-test-subsidy-2026/	【浦安市】不妊検査費を最大5万円助成、10月から新制度	urayasu-early-infertility-test-subsidy-2026	2026-10-03T18:00:00+09:00		子育て・教育		false
content/posts/20261003-urayasu-todaijima-community-center-closure-2026.md	ja	page	/posts/urayasu-todaijima-community-center-closure-2026/	【浦安市】当代島公民館が長期休館、図書館分館と避難所にも影響	urayasu-todaijima-community-center-closure-2026	2026-10-03T18:02:00+09:00		お知らせ		false
content/posts/20261003-urayasu-tv-interference-november-2026.md	ja	page	/posts/urayasu-tv-interference-november-2026/	【浦安市】11月19日からテレビ受信障害の可能性、市内のほぼ全域が対象	urayasu-tv-interference-november-2026	2026-10-03T18:01:00+09:00		お知らせ	2026-11-19	false
content/posts/5-5（火・祝）あつまれ！うんどう公園-gwスペシャルday.md	ja	page	/posts/5-5火祝あつまれうんどう公園-gwスペシャルday/	5/5（火・祝）あつまれ！うんどう公園 GWスペシャルDAY！プール無料開放・キッチンカーも【浦安市運動公園】		2026-04-29T22:00:00+09:00		イベント	2026-05-05	
content/posts/_index.en.md	en	section	/en/posts/	Maihama & Urayasu Topics						
content/posts/_index.md	ja	section	/posts/	記事一覧						
content/posts/_index.zh-tw.md	zh-tw	section	/zh-tw/posts/	舞濱·浦安 最新情報						
content/posts/d-rocks-d1-survival-2026.md	ja	page	/posts/d-rocks-d1-survival-2026/	【浦安市】浦安D-Rocks、入替戦2連勝でD1残留確定！石井魁が4トライの活躍	d-rocks-d1-survival-2026	2026-05-31T07:00:00+09:00		スポーツ	2026-05-30	false
content/posts/gigoイオン新浦安に限定プライズ　全国同日スター.md	ja	page	/posts/gigoイオン新浦安に限定プライズ-全国同日スター/	GiGOイオン新浦安に限定プライズ　全国同日スタート		2025-06-28T06:35:29+09:00		お知らせ		
content/posts/jfl第12節でブリオベッカ浦安・市川がレイラック滋.md	ja	page	/posts/jfl第12節でブリオベッカ浦安市川がレイラック滋/	JFL第12節でブリオベッカ浦安・市川がレイラック滋賀と1-1で引き分け		2025-06-21T17:02:49+09:00		スポーツ		
content/posts/jr新浦安駅前で自転車盗難防止キャンペーン　学生.md	ja	page	/posts/jr新浦安駅前で自転車盗難防止キャンペーン-学生/	JR新浦安駅前で自転車盗難防止キャンペーン　学生らが呼びかけ		2025-06-11T22:36:59+09:00		お知らせ		
content/posts/keiyo-gas-classimo-stadium-urayasu.md	ja	page	/posts/keiyo-gas-classimo-stadium-urayasu/	【浦安市】運動公園野球場の新愛称は「京葉ガス クラシモスタジアム浦安」6月1日から	keiyo-gas-classimo-stadium-urayasu	2026-05-27T07:00:00+09:00		お知らせ	2026-06-01	false
content/posts/keiyogas-classimo-stadium-urayasu.md	ja	page	/posts/keiyogas-classimo-stadium-urayasu/	【浦安市】運動公園野球場が「京葉ガス クラシモスタジアム浦安」に——5月27日に命名式	keiyogas-classimo-stadium-urayasu	2026-05-31T07:00:00+09:00		ニュース		false
content/posts/kodomo-janken-taikai-2026.md	ja	page	/posts/kodomo-janken-taikai-2026/	6月6日・7日、浦安駅前でこどもじゃんけん大会が開催！テーマパークチケットが当たるかも	kodomo-janken-taikai-2026	2026-05-26T07:00:00+09:00		イベント		false
content/posts/maihama-view-hotel-kids-park.md	ja	page	/posts/maihama-view-hotel-kids-park/	【浦安市舞浜】舞浜ビューホテル by HULICに夏季限定キッズパーク「ウミエール」8月1日オープン	maihama-view-hotel-kids-park	2026-05-27T07:00:00+09:00		お知らせ	2026-08-01	false
content/posts/mona新浦安で夏セール「mona-hot-bargain」開始　最大70％off.md	ja	page	/posts/mona新浦安で夏セールmona-hot-bargain開始-最大70off/	MONA新浦安で夏セール「MONA Hot Bargain」開始　最大70％OFF		2025-06-21T16:54:19+09:00		イベント		
content/posts/rocks-fes-2025が浦安dパークで開催.md	ja	page	/posts/rocks-fes-2025が浦安dパークで開催/	Rocks Fes 2025が浦安Dパークで開催		2025-06-02T22:40:04+09:00		イベント		
content/posts/salon-de-sweets（イクスピアリ内）で「ストロベリーフェア.md	ja	page	/posts/salon-de-sweetsイクスピアリ内でストロベリーフェア/	Salon de Sweets（イクスピアリ内）で「ストロベリーフェア」開催中		2025-06-06T12:53:00+09:00		グルメ・カフェ		
content/posts/tokyo-bay-maihama-hotel-hokkaido-buffet-2026.md	ja	page	/posts/tokyo-bay-maihama-hotel-hokkaido-buffet-2026/	開業40周年記念！東京ベイ舞浜ホテル ファーストリゾートで「北海道ディナービュッフェ」開催【浦安・舞浜】	tokyo-bay-maihama-hotel-hokkaido-buffet-2026	2026-05-23T07:00:00+09:00		グルメ・カフェ	2026-07-17	false
content/posts/tsutaya浦安さくら通り店が7月6日で閉店、6月14日から閉.md	ja	page	/posts/tsutaya浦安さくら通り店が7月6日で閉店6月14日から閉/	TSUTAYA浦安さくら通り店が7月6日で閉店、6月14日から閉店セール		2025-06-11T22:48:00+09:00		開店・閉店		
content/posts/urayasu-100en-shoten-gai-11.md	ja	page	/posts/urayasu-100en-shoten-gai-11/	第11回 浦安百縁商店街が6/6（土）・7（日）開催、浦安駅周辺が歩行者天国に	urayasu-100en-shoten-gai-11	2026-05-20T07:00:00+09:00		イベント		false
content/posts/urayasu-omocha-yuenchi-2026.md	ja	page	/posts/urayasu-omocha-yuenchi-2026/	ドローンにボードゲームも！「浦安おもちゃゆうえんち2026」5月23日（土）開催【浦安】	urayasu-omocha-yuenchi-2026	2026-05-23T07:00:00+09:00		イベント	2026-05-23	false
content/posts/urayasu-station-new-open-2026.md	ja	page	/posts/urayasu-station-new-open-2026/	【浦安市】浦安駅周辺で続々ニューオープン予定！2026年6〜7月に注目の新店まとめ	urayasu-station-new-open-2026	2026-05-29T07:00:00+09:00		開店・閉店		false
content/posts/wanpaku-sumo-urayasu-2026.md	ja	page	/posts/wanpaku-sumo-urayasu-2026/	第38回わんぱく相撲浦安場所が5月9日に開催されました【バルドラール浦安アリーナ】	wanpaku-sumo-urayasu-2026	2026-05-12T07:00:00+09:00		スポーツ		false
content/posts/wheelchair-basketball-3x3-court-open.md	ja	page	/posts/wheelchair-basketball-3x3-court-open/	浦安市に車いすバスケットボール3×3コートがオープン！誰でも無料で利用できます	wheelchair-basketball-3x3-court-open	2026-05-26T07:00:00+09:00		スポーツ	2026-05-01	false
content/posts/「イオン新浦安ショッピングセンター」にサン.md	ja	page	/posts/イオン新浦安ショッピングセンターにサン/	 「イオン新浦安ショッピングセンター」にサンリオカフェワゴンがオープン		2025-07-05T07:00:00+09:00		開店・閉店		
content/posts/「イクスピアリサマー」今年も開催　水しぶきイ.md	ja	page	/posts/イクスピアリサマー今年も開催-水しぶきイ/	「イクスピアリサマー」今年も開催　水しぶきイベントを発表		2025-07-11T23:00:00+09:00		お知らせ		
content/posts/「バーバーショップスタイルvagabonds」ライブ開催.md	ja	page	/posts/バーバーショップスタイルvagabondsライブ開催/	「バーバーショップスタイルVagabonds」ライブ開催		2025-06-10T00:44:52+09:00		イベント		
content/posts/「中華料理-泰興」浦安駅高架下再開発で3月上旬に.md	ja	page	/posts/中華料理-泰興浦安駅高架下再開発で3月上旬に/	「中華料理 泰興」浦安駅高架下再開発で3月上旬に移転予定		2026-02-27T00:05:54+09:00		開店・閉店		
content/posts/「事故にあいませんように」浦安市の保育園児ら.md	ja	page	/posts/事故にあいませんように浦安市の保育園児ら/	「事故にあいませんように」浦安市の保育園児らが七夕飾りを地元警察署に寄贈		2025-07-04T07:00:00+09:00		ニュース		
content/posts/「子どもの邪魔をしない教育と、次の社会のため.md	ja	page	/posts/子どもの邪魔をしない教育と次の社会のため/	「子どもの邪魔をしない教育と、次の社会のためのヒント集」講演会開催		2025-06-10T00:41:32+09:00		子育て・教育		
content/posts/「浦安乗合屋形船」6月8日開催、夜景と旬の味覚を.md	ja	page	/posts/浦安乗合屋形船6月8日開催夜景と旬の味覚を/	「浦安乗合屋形船」6月8日開催、夜景と旬の味覚を楽しむ		2025-06-10T00:34:56+09:00		イベント		
content/posts/【新浦安】アトレ新浦安1f食料品ゾーンが7月リニ.md	ja	page	/posts/新浦安アトレ新浦安1f食料品ゾーンが7月リニ/	【新浦安】アトレ新浦安1F食料品ゾーンが7月リニューアル｜クイーンズ伊勢丹など3店舗が新規オープン		2026-05-13T09:04:02+09:00		開店・閉店		
content/posts/【浦安d-rocks】4-24（金）秩父宮でfri-d-night開催！浦安市民優.md	ja	page	/posts/浦安d-rocks4-24金秩父宮でfri-d-night開催浦安市民優/	【浦安D-Rocks】4/24（金）秩父宮でFRI D-NIGHT開催！浦安市民優待あり		2026-04-23T06:12:35+09:00		スポーツ	2026-04-24	
content/posts/【浦安d-rocks】d1-d2入替戦への出場が決定　第2戦は5-30夢の.md	ja	page	/posts/浦安d-rocksd1-d2入替戦への出場が決定-第2戦は5-30夢の/	【浦安D-Rocks】D1/D2入替戦への出場が決定　第2戦は5/30夢の島競技場でホスト開催		2026-04-30T22:00:00+09:00		スポーツ	2026-05-30	
content/posts/【浦安d-rocks】第15節-横浜キヤノンイーグルス戦-15-33で敗.md	ja	page	/posts/浦安d-rocks第15節-横浜キヤノンイーグルス戦-15-33で敗/	【浦安D-Rocks】第15節 横浜キヤノンイーグルス戦 15-33で敗戦｜2025-26リーグワン		2026-04-21T00:48:52+09:00		スポーツ		
content/posts/【浦安d-rocks】第16節-静岡ブルーレヴズ戦26−49で敗れ12連.md	ja	page	/posts/浦安d-rocks第16節-静岡ブルーレヴズ戦2649で敗れ12連/	【浦安D-Rocks】第16節 静岡ブルーレヴズ戦26−49で敗れ12連敗　次は5/1 埼玉WK戦		2026-04-27T05:56:35+09:00		スポーツ		
content/posts/【浦安】d-rocks、最終節も勝利で入替戦へ｜対戦相手.md	ja	page	/posts/浦安d-rocks最終節も勝利で入替戦へ対戦相手/	【浦安】D-Rocks、最終節も勝利で入替戦へ｜対戦相手は清水建設江東ブルーシャークス		2026-05-11T07:00:00+09:00		スポーツ		
content/posts/【浦安】「grand-monday-resort-東京ベイ舞浜」7月18日グランドオ.md	ja	page	/posts/浦安grand-monday-resort-東京ベイ舞浜7月18日グランドオ/	【浦安】「GRAND MONday Resort 東京ベイ舞浜」7月18日グランドオープン｜全室オーシャンフロント		2026-05-10T07:00:00+09:00		開店・閉店		
content/posts/【浦安】あつまれ！うんどう公園-gwスペシャルday｜5.md	ja	page	/posts/浦安あつまれうんどう公園-gwスペシャルday5/	【浦安】あつまれ！うんどう公園 GWスペシャルDAY｜5月5日(こどもの日)開催		2026-04-27T06:22:50+09:00		イベント	2026-05-05	
content/posts/【浦安】アトレ新浦安と浦安d-rocksが包括連携協定を.md	ja	page	/posts/浦安アトレ新浦安と浦安d-rocksが包括連携協定を/	【浦安】アトレ新浦安と浦安D-Rocksが包括連携協定を締結		2026-04-19T10:58:41+09:00		お知らせ		
content/posts/【浦安】オムライス専門店「yellow-浦安」が2026年6月〜7.md	ja	page	/posts/浦安オムライス専門店yellow-浦安が2026年6月7/	【浦安】オムライス専門店「Yellow 浦安」が2026年6月〜7月オープン予定｜当代島		2026-04-29T03:22:43+09:00		開店・閉店		
content/posts/【浦安】ファミリーマート浦安富士見三丁目店が.md	ja	page	/posts/浦安ファミリーマート浦安富士見三丁目店が/	【浦安】ファミリーマート浦安富士見三丁目店が本日4/30（木）をもって閉店		2026-04-30T07:00:00+09:00		開店・閉店	2026-04-30	
content/posts/【浦安】マクドナルド新浦安明海店が明海5丁目に.md	ja	page	/posts/浦安マクドナルド新浦安明海店が明海5丁目に/	【浦安】マクドナルド新浦安明海店が明海5丁目にオープン予定		2026-04-19T05:16:50+09:00	2026-05-31T00:00:00+09:00	開店・閉店		
content/posts/【浦安】マーヴ浦安に「ら～めん-きんとうん」が6.md	ja	page	/posts/浦安マーヴ浦安にらめん-きんとうんが6/	【浦安】マーヴ浦安に「ら～めん きんとうん」が6月末オープン予定か		2026-05-12T07:00:00+09:00		開店・閉店		
content/posts/【浦安】リンツ-ショコラ-ブティックが北栄エリア.md	ja	page	/posts/浦安リンツ-ショコラ-ブティックが北栄エリア/	【浦安】リンツ ショコラ ブティックが北栄エリアに6月オープン予定か		2026-04-30T07:00:00+09:00		開店・閉店		
content/posts/【浦安】ローソンストア100浦安当代島店が本日4-30（.md	ja	page	/posts/浦安ローソンストア100浦安当代島店が本日4-30/	【浦安】ローソンストア100浦安当代島店が本日4/30（木）をもって閉店		2026-04-30T07:00:00+09:00		開店・閉店	2026-04-30	
content/posts/【浦安】地元愛から生まれたクラフトビール「ウ.md	ja	page	/posts/浦安地元愛から生まれたクラフトビールウ/	【浦安】地元愛から生まれたクラフトビール「ウラヤスシエスタ」誕生		2026-05-06T07:00:00+09:00		グルメ・カフェ		
content/posts/【浦安】堀江の久助稲荷神社で大祭、5月23日・24日.md	ja	page	/posts/浦安堀江の久助稲荷神社で大祭5月23日24日/	【浦安】堀江の久助稲荷神社で大祭、5月23日・24日開催予定		2026-05-02T07:00:00+09:00		イベント		
content/posts/【浦安】境川にこいのぼり300匹が泳ぐ！5月5日まで.md	ja	page	/posts/浦安境川にこいのぼり300匹が泳ぐ5月5日まで/	【浦安】境川にこいのぼり300匹が泳ぐ！5月5日まで見頃です		2026-04-23T06:05:18+09:00		イベント	2026-05-05	
content/posts/【浦安】東野1丁目のクボタ研修施設跡地にシニア.md	ja	page	/posts/浦安東野1丁目のクボタ研修施設跡地にシニア/	【浦安】東野1丁目のクボタ研修施設跡地にシニア分譲マンション「デュオセーヌ新浦安」建設中		2026-04-29T03:22:07+09:00		ニュース		
content/posts/【浦安】浦マリ-マルシェ-4月29日水・祝開催｜千鳥-2.md	ja	page	/posts/浦安浦マリ-マルシェ-4月29日水祝開催千鳥-2/	【浦安】浦マリ マルシェ 4月29日(水・祝)開催｜千鳥・浦安マリーナ		2026-04-27T06:22:14+09:00		イベント	2026-04-29	
content/posts/【浦安】浦安d-rocks-official-brew-pubが祭醸造とコラボ開設.md	ja	page	/posts/浦安浦安d-rocks-official-brew-pubが祭醸造とコラボ開設/	【浦安】浦安D-Rocks Official Brew Pubが祭醸造とコラボ開設		2026-04-19T11:03:13+09:00		スポーツ		
content/posts/【浦安】西友浦安店が5月31日に一時閉店、夏に「.md	ja	page	/posts/浦安西友浦安店が5月31日に一時閉店夏に/	【浦安】西友浦安店が5月31日に一時閉店、夏に「トライアル西友」へリニューアル		2026-05-02T07:00:00+09:00		開店・閉店	2026-05-31	
content/posts/【浦安市】5-4・5（祝）「ふれあいフェスタ-みどり.md	ja	page	/posts/浦安市5-45祝ふれあいフェスタ-みどり/	【浦安市】5/4・5（祝）「ふれあいフェスタ みどりを楽しもう！」弁天ふれあいの森公園で開催		2026-05-02T07:00:00+09:00		イベント		
content/posts/【浦安市】gw初日に浦安マリーナが一般開放！4-29祝.md	ja	page	/posts/浦安市gw初日に浦安マリーナが一般開放4-29祝/	【浦安市】GW初日に浦安マリーナが一般開放！4/29(祝)「浦マリ☆マルシェ」開催		2026-04-20T07:19:43+09:00		イベント	2026-04-29	
content/posts/【浦安市】mona新浦安2fにdenbaラウンジ4月25日オープン｜.md	ja	page	/posts/浦安市mona新浦安2fにdenbaラウンジ4月25日オープン/	【浦安市】MONA新浦安2FにDENBAラウンジ4月25日オープン｜リラクゼーション体験スペース		2026-04-24T07:16:17+09:00		開店・閉店	2026-04-25	
content/posts/【浦安市】「うらやすの仲間たち」第2回アンサン.md	ja	page	/posts/浦安市うらやすの仲間たち第2回アンサン/	【浦安市】「うらやすの仲間たち」第2回アンサンブルコンサート、6月27日にJ:COM浦安音楽ホールで開催		2026-05-08T07:00:00+09:00		イベント	2026-06-27	
content/posts/【浦安市】「浦安乗合屋形船」2026年前期運航中｜2.md	ja	page	/posts/浦安市浦安乗合屋形船2026年前期運航中2/	【浦安市】「浦安乗合屋形船」2026年前期運航中｜2名から乗れる、お台場・葛西沖の2コース		2026-05-09T07:00:00+09:00		イベント		
content/posts/【浦安市】イオン新浦安-ペデストリアンデッキで.md	ja	page	/posts/浦安市イオン新浦安-ペデストリアンデッキで/	【浦安市】イオン新浦安 ペデストリアンデッキでフリーマーケット 4/25・26開催		2026-04-21T00:47:34+09:00		イベント		
content/posts/【浦安市】ブリオベッカ浦安のパブリックビュー.md	ja	page	/posts/浦安市ブリオベッカ浦安のパブリックビュー/	【浦安市】ブリオベッカ浦安のパブリックビューイング、5月17日（日）にイオン新浦安で開催		2026-05-11T07:00:00+09:00		スポーツ	2026-05-17	
content/posts/【浦安市】ブリオベッカ浦安・市川-5月2日土ホー.md	ja	page	/posts/浦安市ブリオベッカ浦安市川-5月2日土ホー/	【浦安市】ブリオベッカ浦安・市川 5月2日(土)ホームゲーム開催、無料チケットプレゼントあり		2026-04-24T23:54:25+09:00		スポーツ	2026-05-02	
content/posts/【浦安市】ブリオベッカ浦安・市川がホームで2-1.md	ja	page	/posts/浦安市ブリオベッカ浦安市川がホームで2-1/	【浦安市】ブリオベッカ浦安・市川がPK戦制しホームで勝利｜2026JFLカップ第6節		2026-05-08T07:00:00+09:00		スポーツ	2026-05-02	
content/posts/【浦安市】ブリオベッカ浦安・市川が天皇杯出場.md	ja	page	/posts/浦安市ブリオベッカ浦安市川が天皇杯出場/	【浦安市】ブリオベッカ浦安・市川が天皇杯出場決定！決勝でFC GRASION東葛に4-1快勝		2026-05-10T07:00:00+09:00		スポーツ	2026-05-10	
content/posts/【浦安市】ブリオベッカ浦安・市川が天皇杯千葉.md	ja	page	/posts/浦安市ブリオベッカ浦安市川が天皇杯千葉/	【浦安市】ブリオベッカ浦安・市川が天皇杯千葉県代表決定戦決勝へ！5月9日フクアリで開催		2026-05-08T07:00:00+09:00		スポーツ	2026-05-09	
content/posts/【浦安市】北栄にハンバーガー店「perch-diner」が4月21日.md	ja	page	/posts/浦安市北栄にハンバーガー店perch-dinerが4月21日/	【浦安市】北栄にハンバーガー店「PERCH DINER」が4月21日オープン		2026-04-22T07:20:24+09:00		開店・閉店	2026-04-21	
content/posts/【浦安市】境川に300旒以上のこいのぼりが今年も.md	ja	page	/posts/浦安市境川に300旒以上のこいのぼりが今年も/	【浦安市】境川に300旒以上のこいのぼりが今年も！5/5は若潮公園でこどもの日イベントも		2026-04-30T07:00:00+09:00		イベント	2026-05-05	
content/posts/【浦安市】境川みんなのかわまち春-2026｜べか舟・.md	ja	page	/posts/浦安市境川みんなのかわまち春-2026べか舟/	【浦安市】境川みんなのかわまち春 2026｜べか舟・カヌー体験など4月25日・26日開催		2026-04-24T07:15:46+09:00		イベント		
content/posts/【浦安市】子育て中の保護者向け「家庭教育学級.md	ja	page	/posts/浦安市子育て中の保護者向け家庭教育学級/	【浦安市】子育て中の保護者向け「家庭教育学級（子育てミーティング）」参加受付中！締め切りは4/30(木)		2026-04-20T07:20:07+09:00		子育て・教育		
content/posts/【浦安市】東学浦安、春季千葉県大会で創部初の.md	ja	page	/posts/浦安市東学浦安春季千葉県大会で創部初の/	【浦安市】東学浦安、春季千葉県大会で創部初の準優勝！関東大会出場へ		2026-05-06T07:00:00+09:00		スポーツ	2026-05-03	
content/posts/【浦安市】浦安シティオーケストラ第65回定期演奏.md	ja	page	/posts/浦安市浦安シティオーケストラ第65回定期演奏/	【浦安市】浦安シティオーケストラ第65回定期演奏会、5月24日に文化会館で開催		2026-05-07T07:00:00+09:00		イベント	2026-05-24	
content/posts/【浦安市】浦安子どもミュージカル第20回公演「ピ.md	ja	page	/posts/浦安市浦安子どもミュージカル第20回公演ピ/	【浦安市】浦安子どもミュージカル第20回公演「ピエロ人形の詩」5月31日開催		2026-05-06T07:00:00+09:00		イベント	2026-05-31	
content/posts/【浦安市】浦安駅前に「焼肉きんぐ」が2026年6月下.md	ja	page	/posts/浦安市浦安駅前に焼肉きんぐが2026年6月下/	【浦安市】浦安駅前に「焼肉きんぐ」が2026年6月下旬オープン予定		2026-04-24T23:53:08+09:00		開店・閉店		
content/posts/【浦安市】第28回浦安市民まつり-4月25日・26日開催！.md	ja	page	/posts/浦安市第28回浦安市民まつり-4月25日26日開催/	【浦安市】第28回浦安市民まつり 4月25日・26日開催！見どころまとめ		2026-04-21T00:46:36+09:00		イベント		
content/posts/【浦安市】第28回浦安市民まつりが4-25土・26日開催.md	ja	page	/posts/浦安市第28回浦安市民まつりが4-25土26日開催/	【浦安市】第28回浦安市民まつりが4/25(土)・26(日)開催！出店・ステージ・子ども体験イベントも		2026-04-20T07:18:48+09:00		イベント		
content/posts/【浦安市】第28回浦安市民まつりが4月25日・26日に開.md	ja	page	/posts/浦安市第28回浦安市民まつりが4月25日26日に開/	【浦安市】第28回浦安市民まつりが4月25日・26日に開催！見どころまとめ		2026-04-22T07:21:01+09:00		イベント		
content/posts/【浦安市】第6回「清瀧神社こどもまつり」5月31日.md	ja	page	/posts/浦安市第6回清瀧神社こどもまつり5月31日/	【浦安市】第6回「清瀧神社こどもまつり」5月31日（日）開催｜子ども神輿や出店も		2026-05-09T07:00:00+09:00		イベント	2026-05-31	
content/posts/【浦安市】舞浜の住宅街で民泊トラブル増加、市.md	ja	page	/posts/浦安市舞浜の住宅街で民泊トラブル増加市/	【浦安市】舞浜の住宅街で民泊トラブル増加、市の対応に注目		2026-05-06T07:00:00+09:00		ニュース		
content/posts/【舞浜・イクスピアリ】月島もんじゃ「モヘジ」.md	ja	page	/posts/舞浜イクスピアリ月島もんじゃモヘジ/	【舞浜・イクスピアリ】月島もんじゃ「モヘジ」が4/28オープン！全国初のカタカナ表記店舗		2026-04-30T22:00:00+09:00		開店・閉店	2026-04-28	
content/posts/【行徳】行徳街バル2026が4-23・24開催！35店舗でチケッ.md	ja	page	/posts/行徳行徳街バル2026が4-2324開催35店舗でチケッ/	【行徳】行徳街バル2026が4/23・24開催！35店舗でチケットレス食べ歩き		2026-04-23T06:10:51+09:00		イベント		
content/posts/いちご飴専門店「strawberry-fetish」がイクスピアリに8月オー.md	ja	page	/posts/いちご飴専門店strawberry-fetishがイクスピアリに8月オー/	いちご飴専門店「Strawberry Fetish」がイクスピアリに8月オープン予定		2025-06-24T22:27:56+09:00		開店・閉店		
content/posts/おとなの習い事-ものづくり会-in-ur望海の街.md	ja	page	/posts/おとなの習い事-ものづくり会-in-ur望海の街/	おとなの習い事 ものづくり会 in UR望海の街		2025-06-03T22:44:16+09:00		イベント		
content/posts/さくら水産イオン新浦安店生本まぐろ解体ショー.md	ja	page	/posts/さくら水産イオン新浦安店生本まぐろ解体ショー/	さくら水産イオン新浦安店生本まぐろ解体ショー開催予告（6月28日）		2025-06-27T23:05:18+09:00		グルメ・カフェ		
content/posts/しなこちゃんwego第2弾販売記念来店イベント開催.md	ja	page	/posts/しなこちゃんwego第2弾販売記念来店イベント開催/	しなこちゃんWEGO第2弾販売記念来店イベント開催		2025-06-17T22:50:38+09:00		イベント		
content/posts/わくわく！でんしゃまつり-in-舞浜ユーラシア.md	ja	page	/posts/わくわくでんしゃまつり-in-舞浜ユーラシア/	わくわく！でんしゃまつり in 舞浜ユーラシア		2025-06-08T07:26:16+09:00		イベント		
content/posts/アトレ新浦安「pop！prism-summer」　6月27日からスタート.md	ja	page	/posts/アトレ新浦安popprism-summer-6月27日からスタート/	アトレ新浦安「POP！Prism Summer」　6月27日からスタート		2025-06-27T23:03:51+09:00		お知らせ		
content/posts/アトレ新浦安「pop！prism-summer」海テーマの夏プロモーシ.md	ja	page	/posts/アトレ新浦安popprism-summer海テーマの夏プロモーシ/	アトレ新浦安「POP！Prism Summer」海テーマの夏プロモーション開幕		2025-06-28T06:28:59+09:00		イベント		
content/posts/アトレ新浦安「pop！prism-summer」第二弾は、音楽、アート.md	ja	page	/posts/アトレ新浦安popprism-summer第二弾は音楽アート/	アトレ新浦安「POP！Prism Summer」第二弾は、音楽、アート、氷の彫刻など五感で楽しむ週末イベントが目白押し！		2025-07-09T07:00:00+09:00		イベント		
content/posts/アトレ新浦安でlaq無料体験イベント開催.md	ja	page	/posts/アトレ新浦安でlaq無料体験イベント開催/	アトレ新浦安でLaQ無料体験イベント開催		2025-06-02T22:43:12+09:00		イベント		
content/posts/アトレ新浦安で「第11回-adoption-park」保護犬猫譲渡会開.md	ja	page	/posts/アトレ新浦安で第11回-adoption-park保護犬猫譲渡会開/	 アトレ新浦安で「第11回 ADOPTION PARK」保護犬猫譲渡会開催中		2025-06-12T23:03:55+09:00		イベント		
content/posts/アトレ新浦安で小学生向け職業体験イベント「お.md	ja	page	/posts/アトレ新浦安で小学生向け職業体験イベントお/	アトレ新浦安で小学生向け職業体験イベント「おしごとキッズラボ」8月開催		2025-07-04T07:00:00+09:00		お知らせ		
content/posts/イオン新浦安で怪談イベント開催予告.md	ja	page	/posts/イオン新浦安で怪談イベント開催予告/	イオン新浦安で怪談イベント開催予告		2025-07-10T23:00:00+09:00		イベント		
content/posts/イギリスの雰囲気を味わうランチ会開催.md	ja	page	/posts/イギリスの雰囲気を味わうランチ会開催/	イギリスの雰囲気を味わうランチ会開催		2025-06-29T07:00:00+09:00		グルメ・カフェ		
content/posts/イクスピアリ25周年リニューアル-ディズニースト.md	ja	page	/posts/イクスピアリ25周年リニューアル-ディズニースト/	イクスピアリ25周年リニューアル ディズニーストア7月6日新装開店		2025-06-30T07:00:00+09:00		開店・閉店		
content/posts/イクスピアリ「ディズニーストア東京ディズニー.md	ja	page	/posts/イクスピアリディズニーストア東京ディズニー/	イクスピアリ「ディズニーストア東京ディズニーリゾート店」25周年記念リニューアルオープン		2025-07-07T07:00:00+09:00		ニュース		
content/posts/イクスピアリで「イクスピアリ・ザ・セール」開.md	ja	page	/posts/イクスピアリでイクスピアリザセール開/	イクスピアリで「イクスピアリ・ザ・セール」開始予告		2025-06-24T01:07:38+09:00		お知らせ		
content/posts/イクスピアリにアサイー専門店「sugary」が2026年夏オー.md	ja	page	/posts/イクスピアリにアサイー専門店sugaryが2026年夏オー/	イクスピアリにアサイー専門店「SUGARY」が2026年夏オープン予定【浦安・舞浜】		2026-04-29T07:00:00+09:00		開店・閉店		
content/posts/イクスピアリに韓国料理「ベジゴー」が登場！108.md	ja	page	/posts/イクスピアリに韓国料理ベジゴーが登場108/	イクスピアリに韓国料理「ベジゴー」が登場！108席の大型店・4月28日オープン		2026-04-19T07:00:00+09:00		グルメ・カフェ	2026-04-28	
content/posts/イクスピアリ夏の大バーゲン「イクスピアリ・ザ.md	ja	page	/posts/イクスピアリ夏の大バーゲンイクスピアリザ/	イクスピアリ夏の大バーゲン「イクスピアリ・ザ・セール」スタート		2025-06-28T06:27:13+09:00		イベント		
content/posts/サイゼリヤ-アトレ新浦安店が営業時間延長　朝10.md	ja	page	/posts/サイゼリヤ-アトレ新浦安店が営業時間延長-朝10/	サイゼリヤ アトレ新浦安店が営業時間延長　朝10時30分から深夜1時まで		2025-07-01T12:00:00+09:00		グルメ・カフェ		
content/posts/ザ-ロイヤルパークホテル舞浜リゾート東京ベイ2026.md	ja	page	/posts/ザ-ロイヤルパークホテル舞浜リゾート東京ベイ2026/	ザ ロイヤルパークホテル舞浜リゾート東京ベイ2026年2月13日開業決定・予約受付開始		2025-07-04T07:00:00+09:00		ニュース		
content/posts/スポチャレ-わくわく運動会の申込受付開始.md	ja	page	/posts/スポチャレ-わくわく運動会の申込受付開始/	スポチャレ わくわく運動会の申込受付開始		2025-06-19T01:37:40+09:00		スポーツ		
content/posts/スマホの広場（シニア向けスマホ相談会）.md	ja	page	/posts/スマホの広場シニア向けスマホ相談会/	スマホの広場（シニア向けスマホ相談会）		2025-06-03T22:50:15+09:00		お知らせ		
content/posts/タカスポウラヤスチアリーダーズが市長を表敬訪.md	ja	page	/posts/タカスポウラヤスチアリーダーズが市長を表敬訪/	タカスポウラヤスチアリーダーズが市長を表敬訪問		2025-06-11T00:26:29+09:00		スポーツ		
content/posts/ドラッグストア「スギ薬局-浦安さくら通り店」が5.md	ja	page	/posts/ドラッグストアスギ薬局-浦安さくら通り店が5/	【浦安市】ドラッグストア「スギ薬局 浦安さくら通り店」が5月21日オープン予定【堀江】		2026-04-28T07:00:00+09:00		開店・閉店	2026-05-21	
content/posts/ドン・キホーテ西友行徳店がオープン　行徳エリ.md	ja	page	/posts/ドンキホーテ西友行徳店がオープン-行徳エリ/	ドン・キホーテ西友行徳店がオープン　行徳エリア2店舗目		2025-07-01T23:00:00+09:00		開店・閉店		
content/posts/ニューコースト新浦安で七夕飾りイベント開始　.md	ja	page	/posts/ニューコースト新浦安で七夕飾りイベント開始/	ニューコースト新浦安で七夕飾りイベント開始　短冊は豊受神社に奉納		2025-06-21T16:56:15+09:00		イベント		
content/posts/ニューコースト新浦安に精肉専門店「肉匠かみむ.md	ja	page	/posts/ニューコースト新浦安に精肉専門店肉匠かみむ/	ニューコースト新浦安に精肉専門店「肉匠かみむら新浦安店」7月10日オープン		2025-07-04T07:00:00+09:00		開店・閉店		
content/posts/ニューコースト新浦安海側エントランス一時閉鎖.md	ja	page	/posts/ニューコースト新浦安海側エントランス一時閉鎖/	ニューコースト新浦安海側エントランス一時閉鎖工事開始		2025-06-27T22:59:07+09:00		お知らせ		
content/posts/パラアスリートの木名瀬大介選手がジャパンパラ.md	ja	page	/posts/パラアスリートの木名瀬大介選手がジャパンパラ/	パラアスリートの木名瀬大介選手がジャパンパラ陸上競技大会金メダル獲得を市長に報告		2025-07-04T07:00:00+09:00		スポーツ		
content/posts/ビーナスショップ夏の特別販売.md	ja	page	/posts/ビーナスショップ夏の特別販売/	ビーナスショップ夏の特別販売		2025-07-03T07:00:00+09:00		イベント		
content/posts/フェリシモのワンピースショップがイクスピアリ.md	ja	page	/posts/フェリシモのワンピースショップがイクスピアリ/	フェリシモのワンピースショップがイクスピアリに7月1日オープン予定を発表		2025-06-24T22:24:46+09:00		開店・閉店		
content/posts/マッスルゲート東京ベイ大会開催.md	ja	page	/posts/マッスルゲート東京ベイ大会開催/	マッスルゲート東京ベイ大会開催		2025-06-29T07:00:00+09:00		スポーツ		
content/posts/ラーメン店「舎鈴」で夏季限定メニュー販売開始.md	ja	page	/posts/ラーメン店舎鈴で夏季限定メニュー販売開始/	ラーメン店「舎鈴」で夏季限定メニュー販売開始		2025-07-10T07:00:00+09:00		グルメ・カフェ		
content/posts/ワイズマート＊ディスカ浦安弁天店が6月23日より.md	ja	page	/posts/ワイズマートディスカ浦安弁天店が6月23日より/	ワイズマート＊ディスカ浦安弁天店が6月23日より長期休業		2025-06-11T22:50:30+09:00		開店・閉店		
content/posts/一風堂イクスピアリ店-6月27日リニューアルオープ.md	ja	page	/posts/一風堂イクスピアリ店-6月27日リニューアルオープ/	一風堂イクスピアリ店 6月27日リニューアルオープン 店内改装完了		2025-06-30T07:00:00+09:00		開店・閉店		
content/posts/中央武道館がスポーツ事業イベント情報を更新.md	ja	page	/posts/中央武道館がスポーツ事業イベント情報を更新/	中央武道館がスポーツ事業イベント情報を更新		2025-06-12T23:01:44+09:00		イベント		
content/posts/千葉・浦安の市立小にメディアセンター整備で情.md	ja	page	/posts/千葉浦安の市立小にメディアセンター整備で情/	千葉・浦安の市立小にメディアセンター整備で情報活用能力を育む		2025-07-13T23:00:00+09:00		子育て・教育		
content/posts/千葉県議会一般質問で浦安市選出議員が質疑.md	ja	page	/posts/千葉県議会一般質問で浦安市選出議員が質疑/	千葉県議会一般質問で浦安市選出議員が質疑		2025-06-12T22:57:39+09:00		ニュース		
content/posts/境川かわまちづくり2025「境川で天の川」七夕イベ.md	ja	page	/posts/境川かわまちづくり2025境川で天の川七夕イベ/	境川かわまちづくり2025「境川で天の川」七夕イベント開催		2025-07-08T07:00:00+09:00		イベント		
content/posts/境川で天の川-七夕イベント開催間近-7月6日・7日実.md	ja	page	/posts/境川で天の川-七夕イベント開催間近-7月6日7日実/	境川で天の川 七夕イベント開催間近 7月6日・7日実施予定		2025-06-30T07:00:00+09:00		イベント		
content/posts/境川乗船体験.md	ja	page	/posts/境川乗船体験/	境川乗船体験		2025-06-08T07:27:00+09:00		イベント		
content/posts/夏休みボランティア体験の募集情報を公開.md	ja	page	/posts/夏休みボランティア体験の募集情報を公開/	夏休みボランティア体験の募集情報を公開		2025-06-19T01:39:34+09:00		お知らせ		
content/posts/夏季ジュニア硬式テニススクール開催-浦安市で小.md	ja	page	/posts/夏季ジュニア硬式テニススクール開催-浦安市で小/	夏季ジュニア硬式テニススクール開催 浦安市で小学生向けスポーツ教室		2025-06-30T07:00:00+09:00		スポーツ		
content/posts/夏季プール「grand-bleu」が運営開始.md	ja	page	/posts/夏季プールgrand-bleuが運営開始/	夏季プール「Grand Bleu」が運営開始		2025-07-02T08:16:00+09:00		イベント		
content/posts/小学生と市長・教育長のランチミーティング実施.md	ja	page	/posts/小学生と市長教育長のランチミーティング実施/	小学生と市長・教育長のランチミーティング実施　南小学校で開催		2025-06-20T01:22:44+09:00		子育て・教育		
content/posts/市立保育園-夏期臨時保育サポーター募集.md	ja	page	/posts/市立保育園-夏期臨時保育サポーター募集/	市立保育園 夏期臨時保育サポーター募集		2025-07-03T07:00:00+09:00		お知らせ		
content/posts/廃食油・古着古布の回収、7月9日実施へ.md	ja	page	/posts/廃食油古着古布の回収7月9日実施へ/	廃食油・古着古布の回収、7月9日実施へ		2025-06-11T00:34:53+09:00		お知らせ		
content/posts/新浦安の「旧護岸」が未来のまちづくり拠点に.md	ja	page	/posts/新浦安の旧護岸が未来のまちづくり拠点に/	新浦安の「旧護岸」が未来のまちづくり拠点に		2025-06-04T21:23:09+09:00		ニュース		
content/posts/新浦安・日の出マルシェ「aperitif-marche（アペリティフ・.md	ja	page	/posts/新浦安日の出マルシェaperitif-marcheアペリティフ/	新浦安・日の出マルシェ「Aperitif Marché（アペリティフ・マルシェ）」開催		2025-06-29T06:58:59+09:00		イベント		
content/posts/新浦安・高洲・猫実地域包括支援センター運営業.md	ja	page	/posts/新浦安高洲猫実地域包括支援センター運営業/	新浦安・高洲・猫実地域包括支援センター運営業務委託公募開始		2025-06-11T00:31:28+09:00		お知らせ		
content/posts/明海つどいの広場でどろんこ農園活動日.md	ja	page	/posts/明海つどいの広場でどろんこ農園活動日/	明海つどいの広場でどろんこ農園活動日		2025-06-20T01:19:22+09:00		子育て・教育		
content/posts/明海大学不動産学部が「まちづくり活動プラザ」.md	ja	page	/posts/明海大学不動産学部がまちづくり活動プラザ/	明海大学不動産学部が「まちづくり活動プラザ」で現地調査実施		2025-06-25T22:36:24+09:00		ニュース		
content/posts/星野リゾート1955東京ベイが1周年記念イベント発表.md	ja	page	/posts/星野リゾート1955東京ベイが1周年記念イベント発表/	星野リゾート1955東京ベイが1周年記念イベント発表		2025-06-24T01:05:28+09:00		イベント		
content/posts/東京ディズニーシー-音楽フェス付き1デーパスポー.md	ja	page	/posts/東京ディズニーシー-音楽フェス付き1デーパスポー/	東京ディズニーシー 音楽フェス付き1デーパスポート		2025-06-08T07:27:31+09:00		イベント		
content/posts/東京ディズニーシーで音楽フェス＆特別パスポー.md	ja	page	/posts/東京ディズニーシーで音楽フェス特別パスポー/	東京ディズニーシーで音楽フェス＆特別パスポート		2025-06-10T00:48:17+09:00		イベント		
content/posts/東京ディズニーリゾート、チケット価格見直しを.md	ja	page	/posts/東京ディズニーリゾートチケット価格見直しを/	東京ディズニーリゾート、チケット価格見直しを検討		2025-06-08T07:22:04+09:00		ニュース		
content/posts/東京ディズニーリゾートでサマー・クールオフイ.md	ja	page	/posts/東京ディズニーリゾートでサマークールオフイ/	東京ディズニーリゾートでサマー・クールオフイベントのプレビュー公演実施		2025-06-21T16:58:21+09:00		イベント		
content/posts/浦安d-rocks、首位・埼玉wkを逆転撃破！第17節で連敗12で.md	ja	page	/posts/浦安d-rocks首位埼玉wkを逆転撃破第17節で連敗12で/	浦安D-Rocks、首位・埼玉WKを逆転撃破！第17節で連敗12でストップ		2026-05-02T22:00:00+09:00		スポーツ	2026-05-01	
content/posts/浦安d-rocksがベイカレントとパートナーシップ契約締.md	ja	page	/posts/浦安d-rocksがベイカレントとパートナーシップ契約締/	浦安D-Rocksがベイカレントとパートナーシップ契約締結		2025-06-13T15:24:17+09:00		スポーツ		
content/posts/浦安の木名瀬大介選手がジャパンパラ陸上で金メ.md	ja	page	/posts/浦安の木名瀬大介選手がジャパンパラ陸上で金メ/	浦安の木名瀬大介選手がジャパンパラ陸上で金メダル！「生涯現役で頑張りたい」と市長に報告		2025-07-12T23:00:00+09:00		スポーツ		
content/posts/浦安ブライトンホテル-東京ベイ「スワンパフェ～.md	ja	page	/posts/浦安ブライトンホテル-東京ベイスワンパフェ/	浦安ブライトンホテル 東京ベイ「スワンパフェ～マスクメロン～」最終日		2025-06-04T22:46:44+09:00		グルメ・カフェ		
content/posts/浦安ブライトンホテル東京ベイで松丸亮吾プロデ.md	ja	page	/posts/浦安ブライトンホテル東京ベイで松丸亮吾プロデ/	浦安ブライトンホテル東京ベイで松丸亮吾プロデュース謎解きイベント新作スタート		2025-07-04T07:00:00+09:00		イベント		
content/posts/浦安マーケット開催　愛知県南知多町の中学生が.md	ja	page	/posts/浦安マーケット開催-愛知県南知多町の中学生が/	浦安マーケット開催　愛知県南知多町の中学生が特産品販売とPR活動		2025-06-20T01:17:08+09:00		イベント		
content/posts/浦安ユースオーケストラがイオン新浦安でのハッ.md	ja	page	/posts/浦安ユースオーケストラがイオン新浦安でのハッ/	浦安ユースオーケストラがイオン新浦安でのハッピーフェスタ出演を報告		2025-06-24T22:31:13+09:00		お知らせ		
content/posts/浦安市が2025年度職員採用試験合格者を発表.md	ja	page	/posts/浦安市が2025年度職員採用試験合格者を発表/	浦安市が2025年度職員採用試験合格者を発表		2025-07-01T23:00:00+09:00		お知らせ		
content/posts/浦安市中央公民館で各種講座の募集開始.md	ja	page	/posts/浦安市中央公民館で各種講座の募集開始/	浦安市中央公民館で各種講座の募集開始		2025-06-25T22:39:02+09:00		お知らせ		
content/posts/浦安市内のスーパーで米を盗んだ29歳男が逮捕.md	ja	page	/posts/浦安市内のスーパーで米を盗んだ29歳男が逮捕/	浦安市内のスーパーで米を盗んだ29歳男が逮捕		2025-06-19T01:23:06+09:00		ニュース		
content/posts/浦安市内スーパーでコメ窃盗事件の男を逮捕.md	ja	page	/posts/浦安市内スーパーでコメ窃盗事件の男を逮捕/	浦安市内スーパーでコメ窃盗事件の男を逮捕		2025-06-24T01:11:21+09:00		ニュース		
content/posts/浦安市創業者支援情報を更新　チャレンジショッ.md	ja	page	/posts/浦安市創業者支援情報を更新-チャレンジショッ/	浦安市創業者支援情報を更新　チャレンジショップや融資制度を紹介		2025-06-19T01:41:02+09:00		お知らせ		
content/posts/浦安市営東野プール2025年夏季営業開始　9月7日まで.md	ja	page	/posts/浦安市営東野プール2025年夏季営業開始-9月7日まで/	浦安市営東野プール2025年夏季営業開始　9月7日まで		2025-07-06T07:00:00+09:00		お知らせ		
content/posts/浦安市小学校・中学校入学手続き情報更新.md	ja	page	/posts/浦安市小学校中学校入学手続き情報更新/	浦安市小学校・中学校入学手続き情報更新		2025-07-11T11:00:00+09:00		子育て・教育		
content/posts/浦安市市民活動センター　大型プリンター復旧.md	ja	page	/posts/浦安市市民活動センター-大型プリンター復旧/	浦安市市民活動センター　大型プリンター復旧		2025-06-11T22:38:53+09:00		お知らせ		
content/posts/浦安市市民活動センターが各種イベント情報を公.md	ja	page	/posts/浦安市市民活動センターが各種イベント情報を公/	浦安市市民活動センターが各種イベント情報を公開		2025-06-12T22:59:25+09:00		お知らせ		
content/posts/浦安市文化会館で夏休みファミリーコンサート「.md	ja	page	/posts/浦安市文化会館で夏休みファミリーコンサート/	浦安市文化会館で夏休みファミリーコンサート「おはなしの森」開催決定		2025-07-10T23:00:00+09:00		イベント		
content/posts/浦安市民限定！千葉ロッテマリーンズ戦に無料招.md	ja	page	/posts/浦安市民限定千葉ロッテマリーンズ戦に無料招/	浦安市民限定！千葉ロッテマリーンズ戦に無料招待　7月11日埼玉西武戦		2025-07-12T23:00:00+09:00		スポーツ		
content/posts/浦安市物価高騰対策給付金申請期限迫る　6月30日.md	ja	page	/posts/浦安市物価高騰対策給付金申請期限迫る-6月30日/	浦安市物価高騰対策給付金申請期限迫る　6月30日まで		2025-06-20T01:20:46+09:00		お知らせ		
content/posts/浦安市職員が住居侵入未遂で逮捕、『スリル味わ.md	ja	page	/posts/浦安市職員が住居侵入未遂で逮捕スリル味わ/	浦安市職員が住居侵入未遂で逮捕、『スリル味わいたかった』と供述		2025-06-11T00:22:31+09:00		ニュース		
content/posts/浦安市職員が耐震性貯水槽および仮設給水栓取り.md	ja	page	/posts/浦安市職員が耐震性貯水槽および仮設給水栓取り/	浦安市職員が耐震性貯水槽および仮設給水栓取り扱い訓練を実施		2025-07-09T07:00:00+09:00		お知らせ		
content/posts/浦安市青少年館で「クライミングアドバンス」開.md	ja	page	/posts/浦安市青少年館でクライミングアドバンス開/	浦安市青少年館で「クライミングアドバンス」開催		2025-06-13T15:30:05+09:00		イベント		
content/posts/浦安混声合唱団第13回演奏会が浦安音楽ホールで開.md	ja	page	/posts/浦安混声合唱団第13回演奏会が浦安音楽ホールで開/	浦安混声合唱団第13回演奏会が浦安音楽ホールで開催		2025-07-12T23:00:00+09:00		イベント		
content/posts/浦安駅前に子どもと若者の居場所「こども・青少.md	ja	page	/posts/浦安駅前に子どもと若者の居場所こども青少/	浦安駅前に子どもと若者の居場所「こども・青少年プラザ」がオープン！未就学児〜22歳が対象		2026-04-19T07:00:00+09:00		お知らせ		
content/posts/清瀧神社で第5回「こどもまつり」開催.md	ja	page	/posts/清瀧神社で第5回こどもまつり開催/	清瀧神社で第5回「こどもまつり」開催		2025-06-02T22:42:01+09:00		イベント		
content/posts/男子セブンズ・デベロップメント・スコッド浦安.md	ja	page	/posts/男子セブンズデベロップメントスコッド浦安/	男子セブンズ・デベロップメント・スコッド浦安合宿で最終調整		2025-07-13T23:00:00+09:00		スポーツ		
content/posts/県民の日わくわくこども映画上映会「ハリーポッ.md	ja	page	/posts/県民の日わくわくこども映画上映会ハリーポッ/	県民の日わくわくこども映画上映会「ハリーポッターと賢者の石」		2025-06-17T22:52:10+09:00		イベント		
content/posts/稲庭うどんx丼めし「金子半之助」がイクスピア.md	ja	page	/posts/稲庭うどんx丼めし金子半之助がイクスピア/	稲庭うどん×丼めし「金子半之助」がイクスピアリに！千葉県初出店・4月21日グランドオープン		2026-04-19T07:00:00+09:00		グルメ・カフェ	2026-04-21	
content/posts/第16回夏休み親子初めてハゼ釣り教室が開催.md	ja	page	/posts/第16回夏休み親子初めてハゼ釣り教室が開催/	第16回夏休み親子初めてハゼ釣り教室が開催		2025-07-13T23:00:00+09:00		イベント		
content/posts/第2回-しずか荘マルシェ開催.md	ja	page	/posts/第2回-しずか荘マルシェ開催/	第2回 しずか荘マルシェ開催		2025-06-01T14:30:40+09:00		イベント		
content/posts/第43回よみうり旗争奪戦-浦安市少年野球連盟で決.md	ja	page	/posts/第43回よみうり旗争奪戦-浦安市少年野球連盟で決/	第43回よみうり旗争奪戦 浦安市少年野球連盟で決勝戦開催		2025-07-14T23:00:00+09:00		スポーツ		
content/posts/第9回「ハッピーフェスタ-in-新浦安」地域コンサー.md	ja	page	/posts/第9回ハッピーフェスタ-in-新浦安地域コンサー/	第9回「ハッピーフェスタ in 新浦安」地域コンサートイベントが開催		2025-06-24T00:58:59+09:00		イベント		
content/posts/第十区自治会夏まつり開催.md	ja	page	/posts/第十区自治会夏まつり開催/	第十区自治会夏まつり開催		2025-06-29T07:00:30+09:00		イベント		
content/posts/肉処-大久保（ニューコースト新浦安）閉店.md	ja	page	/posts/肉処-大久保ニューコースト新浦安閉店/	肉処 大久保（ニューコースト新浦安）閉店		2025-06-08T07:29:36+09:00		開店・閉店		
content/posts/舞浜フラフェスティバル2025開催　イクスピアリが3.md	ja	page	/posts/舞浜フラフェスティバル2025開催-イクスピアリが3/	舞浜フラフェスティバル2025開催　イクスピアリが3日間ハワイ一色に		2025-06-21T16:52:06+09:00		イベント		
content/posts/舞浜出張所建設が入札不調で遅れ　ディズニー周.md	ja	page	/posts/舞浜出張所建設が入札不調で遅れ-ディズニー周/	舞浜出張所建設が入札不調で遅れ　ディズニー周辺の救急体制強化に課題		2025-07-12T23:00:00+09:00		ニュース		
content/posts/若者のための夏休みボランティア2025、参加者募集.md	ja	page	/posts/若者のための夏休みボランティア2025参加者募集/	若者のための夏休みボランティア2025、参加者募集		2025-06-11T00:33:13+09:00		お知らせ		
content/posts/葛南地区青少年のつどい大会（モルック大会）が.md	ja	page	/posts/葛南地区青少年のつどい大会モルック大会が/	葛南地区青少年のつどい大会（モルック大会）が開催		2025-06-24T01:01:08+09:00		イベント		
content/posts/葛南教育事務所所長が堀江中学校を訪問　学校運.md	ja	page	/posts/葛南教育事務所所長が堀江中学校を訪問-学校運/	葛南教育事務所所長が堀江中学校を訪問　学校運営を高評価		2025-06-20T01:36:57+09:00		子育て・教育		
content/posts/藤城心選手が2025年アジア柔道選手権大会52キログラ.md	ja	page	/posts/藤城心選手が2025年アジア柔道選手権大会52キログラ/	藤城心選手が2025年アジア柔道選手権大会52キログラム級優勝報告のため市長を訪問します		2025-07-09T07:00:00+09:00		スポーツ		
content/posts/藤城心選手がアジア柔道選手権大会優勝報告市長.md	ja	page	/posts/藤城心選手がアジア柔道選手権大会優勝報告市長/	藤城心選手がアジア柔道選手権大会優勝報告市長訪問		2025-07-15T23:00:00+09:00		スポーツ		
content/posts/西安餃子＠mona新浦安での夏季限定メニュー情報発.md	ja	page	/posts/西安餃子mona新浦安での夏季限定メニュー情報発/	西安餃子＠MONA新浦安での夏季限定メニュー情報発信		2025-06-24T01:03:19+09:00		グルメ・カフェ		
content/posts/見明川小学校で火おこし体験授業実施-郷土博物館.md	ja	page	/posts/見明川小学校で火おこし体験授業実施-郷土博物館/	見明川小学校で火おこし体験授業実施 郷土博物館が出前講座		2025-06-30T07:00:00+09:00		子育て・教育		
content/posts/迷子の認知症女性を保護した浦安市の20代夫婦に県.md	ja	page	/posts/迷子の認知症女性を保護した浦安市の20代夫婦に県/	迷子の認知症女性を保護した浦安市の20代夫婦に県警から感謝状		2025-06-21T17:00:21+09:00		ニュース		
content/posts/順天堂大学医学部附属浦安病院-市民公開講座開催.md	ja	page	/posts/順天堂大学医学部附属浦安病院-市民公開講座開催/	順天堂大学医学部附属浦安病院 市民公開講座開催		2025-06-01T14:42:29+09:00		お知らせ		
content/posts/高洲中で避難所運営体験　中学生が仮設トイレ設.md	ja	page	/posts/高洲中で避難所運営体験-中学生が仮設トイレ設/	高洲中で避難所運営体験　中学生が仮設トイレ設営に挑戦		2025-06-28T06:33:44+09:00		子育て・教育		
content/posts/高齢者の交通費助成制度、icカード利用負担額の更.md	ja	page	/posts/高齢者の交通費助成制度icカード利用負担額の更/	高齢者の交通費助成制度、ICカード利用負担額の更新		2025-06-11T00:28:57+09:00		お知らせ		
content/privacy.md	ja	page	/privacy/	プライバシーポリシー	privacy	2026-06-01T00:00:00+09:00	2026-06-29T00:00:00+09:00			false
content/search.en.md	en	page	/en/search/	Search						
content/search.ko.md	ko	page	/ko/search/	사이트 검색						
content/search.md	ja	page	/search/	サイト内検索						
content/search.zh-tw.md	zh-tw	page	/zh-tw/search/	站內搜尋						
content/search.zh.md	zh	page	/zh/search/	站内搜索						
content/tags/_index.md	ja	taxonomy	/tags/	タグ一覧						
content/tags/グルメ/_index.md	ja	term	/tags/グルメ/	グルメ						
content/tags/スポーツ/_index.md	ja	term	/tags/スポーツ/	スポーツ						
content/tags/ディズニー/_index.md	ja	term	/tags/ディズニー/	ディズニー						
content/tags/バルドラール浦安/_index.md	ja	term	/tags/バルドラール浦安/	バルドラール浦安						
content/tags/ブリオベッカ浦安・市川/_index.md	ja	term	/tags/ブリオベッカ浦安市川/	ブリオベッカ浦安・市川						
content/tags/ホテル/_index.md	ja	term	/tags/ホテル/	ホテル						
content/tags/子育て/_index.md	ja	term	/tags/子育て/	子育て						
content/tags/新浦安/_index.md	ja	term	/tags/新浦安/	新浦安						
content/tags/浦安d-rocks/_index.md	ja	term	/tags/浦安d-rocks/	浦安D-Rocks						
content/tags/浦安市/_index.md	ja	term	/tags/浦安市/	浦安市						
content/tags/舞浜/_index.md	ja	term	/tags/舞浜/	舞浜						
content/tags/行徳/_index.md	ja	term	/tags/行徳/	行徳・妙典						
content/thanks.md	ja	page	/thanks/	お問い合わせを受け付けました		2024-01-01T00:00:00+09:00				
content/travel-guide/_index.en.md	en	section	/en/travel-guide/	Tokyo Disney Resort Area Travel Guide | Hotels, Access & Sightseeing in Urayasu & Maihama						
content/travel-guide/_index.ko.md	ko	section	/ko/travel-guide/	도쿄 디즈니 리조트 주변 여행 가이드 | 우라야스·마이하마의 호텔·교통·관광						
content/travel-guide/_index.md	ja	section	/travel-guide/	浦安・舞浜 旅行ガイド｜ホテル・観光・アクセス情報まとめ【地元発】						
content/travel-guide/_index.zh-tw.md	zh-tw	section	/zh-tw/travel-guide/	東京迪士尼度假區周邊旅遊指南 | 浦安·舞濱的飯店·交通·觀光						
content/travel-guide/_index.zh.md	zh	section	/zh/travel-guide/	东京迪士尼度假区周边旅行指南 | 浦安·舞滨的酒店·交通·观光						
content/travel-guide/access-guide.en.md	en	page	/en/travel-guide/urayasu-maihama-access-guide/	How to Get to Tokyo Disney Resort & Urayasu | Routes from Airports & Tokyo Station	urayasu-maihama-access-guide	2026-06-18T10:00:00+09:00	2026-10-01			
content/travel-guide/access-guide.ko.md	ko	page	/ko/travel-guide/urayasu-maihama-access-guide/	도쿄 디즈니·우라야스 가는 길 | 공항·도쿄역에서 가는 경로	urayasu-maihama-access-guide	2026-06-30T10:00:00+09:00	2026-10-01			
content/travel-guide/access-guide.md	ja	page	/travel-guide/urayasu-maihama-access-guide/	浦安・舞浜への行き方ガイド （目的地別移動ルート）	urayasu-maihama-access-guide	2026-06-18T10:00:00+09:00	2026-10-01			
content/travel-guide/access-guide.zh-tw.md	zh-tw	page	/zh-tw/travel-guide/urayasu-maihama-access-guide/	東京迪士尼·浦安交通指南 | 從機場·東京站出發的路線	urayasu-maihama-access-guide	2026-06-30T10:00:00+09:00	2026-10-01			
content/travel-guide/access-guide.zh.md	zh	page	/zh/travel-guide/urayasu-maihama-access-guide/	东京迪士尼·浦安交通指南 | 从机场·东京站出发的路线	urayasu-maihama-access-guide	2026-06-30T10:00:00+09:00	2026-10-01			
content/travel-guide/disney-tickets.en.md	en	page	/en/travel-guide/disney-tickets/	How to Buy Tokyo Disneyland & DisneySea Tickets | Prices, Sold-Out Days & Where to Buy	disney-tickets	2026-07-06T10:00:00+09:00	2026-09-13			
content/travel-guide/disney-tickets.ko.md	ko	page	/ko/travel-guide/disney-tickets/	도쿄 디즈니 티켓 구매 완전 가이드 | 가격·매진일·어디서 사야 하나(현지 시선)	disney-tickets	2026-07-06T10:00:00+09:00	2026-09-13			
content/travel-guide/disney-tickets.md	ja	page	/travel-guide/disney-tickets/	東京ディズニーランド・シーのチケット購入ガイド｜料金・売り切れ・買える場所を地元が解説	disney-tickets	2026-07-06T10:00:00+09:00	2026-10-03			
content/travel-guide/disney-tickets.zh-tw.md	zh-tw	page	/zh-tw/travel-guide/disney-tickets/	東京迪士尼門票購買全攻略｜價格·售罄日·在哪買最穩妥（在地視角）	disney-tickets	2026-07-06T10:00:00+09:00	2026-09-13			
content/travel-guide/disney-tickets.zh.md	zh	page	/zh/travel-guide/disney-tickets/	东京迪士尼门票购买全攻略｜价格·售罄日·在哪买最稳妥（本地视角）	disney-tickets	2026-07-06T10:00:00+09:00	2026-09-13			
content/travel-guide/family-packing.en.md	en	page	/en/travel-guide/family-packing/	Tokyo Disney with Kids | Packing Checklist & What You Can Buy Locally	family-packing	2026-08-17T20:00:00+09:00	2026-08-24			
content/travel-guide/family-packing.ko.md	ko	page	/ko/travel-guide/family-packing/	아이와 함께 도쿄 디즈니｜출발 전 준비물 체크리스트와 현지 조달 요령	family-packing	2026-08-17T20:00:00+09:00	2026-08-24			
content/travel-guide/family-packing.md	ja	page	/travel-guide/family-packing/	子連れディズニー旅行の準備ガイド｜持ち物チェックリストと現地調達のコツ	family-packing	2026-08-17T20:00:00+09:00	2026-09-06			
content/travel-guide/family-packing.zh-tw.md	zh-tw	page	/zh-tw/travel-guide/family-packing/	帶小孩去東京迪士尼｜行前準備清單與當地採買攻略	family-packing	2026-08-17T20:00:00+09:00	2026-08-24			
content/travel-guide/family-packing.zh.md	zh	page	/zh/travel-guide/family-packing/	带孩子去东京迪士尼｜行前准备清单与当地采购攻略	family-packing	2026-08-17T20:00:00+09:00	2026-08-24			
content/travel-guide/gourmet-guide.en.md	en	page	/en/travel-guide/urayasu-gourmet-souvenir-guide/	Where to Eat near Tokyo Disney Resort | Food & Souvenirs in Urayasu, Shin-Urayasu & Maihama	urayasu-gourmet-souvenir-guide	2026-06-18T00:00:00+09:00	2026-08-16			
content/travel-guide/gourmet-guide.ko.md	ko	page	/ko/travel-guide/urayasu-gourmet-souvenir-guide/	도쿄 디즈니 주변 맛집·기념품 가이드 | 우라야스·신우라야스·마이하마	urayasu-gourmet-souvenir-guide	2026-06-30T00:00:00+09:00	2026-10-01			
content/travel-guide/gourmet-guide.md	ja	page	/travel-guide/urayasu-gourmet-souvenir-guide/	浦安・新浦安・舞浜のグルメ＆お土産ガイド｜ランチ・カフェ・手土産スポットまとめ	urayasu-gourmet-souvenir-guide	2026-06-18T00:00:00+09:00	2026-08-16			
content/travel-guide/gourmet-guide.zh-tw.md	zh-tw	page	/zh-tw/travel-guide/urayasu-gourmet-souvenir-guide/	東京迪士尼周邊美食·紀念品指南 | 浦安·新浦安·舞濱的午餐·咖啡·禮品	urayasu-gourmet-souvenir-guide	2026-06-30T00:00:00+09:00	2026-09-13			
content/travel-guide/gourmet-guide.zh.md	zh	page	/zh/travel-guide/urayasu-gourmet-souvenir-guide/	东京迪士尼周边美食·纪念品指南 | 浦安·新浦安·舞滨的午餐·咖啡·礼品	urayasu-gourmet-souvenir-guide	2026-06-30T00:00:00+09:00	2026-08-16			
content/travel-guide/hotels/_index.en.md	en	section	/en/travel-guide/hotels/	Hotels in Urayasu & Maihama: All 48 near Tokyo Disney Resort | Local Guide		2026-06-30	2026-07-22			
content/travel-guide/hotels/_index.ko.md	ko	section	/ko/travel-guide/hotels/	도쿄 디즈니랜드·디즈니씨 인근 호텔 48곳 전면 비교｜현지 시선 호텔 가이드(우라야스·마이하마)						
content/travel-guide/hotels/_index.md	ja	section	/travel-guide/hotels/	浦安・舞浜エリアのホテルガイド｜全48軒を地元目線で徹底比較						
content/travel-guide/hotels/_index.zh-tw.md	zh-tw	section	/zh-tw/travel-guide/hotels/	浦安住宿·舞濱飯店全48家比較｜東京迪士尼樂園·海洋附近的在地視角飯店指南			2026-09-13			
content/travel-guide/hotels/_index.zh.md	zh	section	/zh/travel-guide/hotels/	东京迪士尼乐园·海洋附近48家酒店全比较｜本地视角酒店指南（浦安·舞滨）						
content/travel-guide/hotels/access.en.md	en	page	/en/travel-guide/hotels/access/	Tokyo Disney Hotels Compared by Access | Parks, Stations & Airports (Local Guide)		2026-06-16T10:00:00+09:00	2026-10-01			
content/travel-guide/hotels/access.ko.md	ko	page	/ko/travel-guide/hotels/access/	도쿄 디즈니 호텔 교통 비교 | 파크·역·공항·도쿄 도심(현지 시선)		2026-06-30T10:00:00+09:00	2026-10-01			
content/travel-guide/hotels/access.md	ja	page	/travel-guide/hotels/access/	浦安・舞浜エリア ホテルのアクセス完全比較｜パーク・駅・空港への行きやすさ【地元発】		2026-06-16T10:00:00+09:00	2026-10-01			
content/travel-guide/hotels/access.zh-tw.md	zh-tw	page	/zh-tw/travel-guide/hotels/access/	東京迪士尼飯店交通比較 | 樂園·車站·機場·東京市中心（在地視角）		2026-06-30T10:00:00+09:00	2026-10-01			
content/travel-guide/hotels/access.zh.md	zh	page	/zh/travel-guide/hotels/access/	东京迪士尼酒店交通比较 | 乐园·车站·机场·东京市中心（本地视角）		2026-06-30T10:00:00+09:00	2026-10-01			
content/travel-guide/hotels/ambassador-hotel.en.md	en	page	/en/travel-guide/hotels/ambassador-hotel/	Disney Ambassador Hotel | Chef Mickey Character Dining, Close to Ikspiari — A Hollywood-Themed Disney Hotel		2026-06-17T10:00:00+09:00	2026-09-30			
content/travel-guide/hotels/ambassador-hotel.ko.md	ko	page	/ko/travel-guide/hotels/ambassador-hotel/	디즈니 앰버서더 호텔 | '셰프 미키' 캐릭터 다이닝·익스피아리 인접 할리우드 테마 디즈니 호텔		2026-06-17T10:00:00+09:00	2026-10-01			
content/travel-guide/hotels/ambassador-hotel.md	ja	page	/travel-guide/hotels/ambassador-hotel/	ディズニーアンバサダーホテル｜シェフ・ミッキーとイクスピアリ直結・1930年代ハリウッドテーマのディズニーホテル【地元レビュー】		2026-06-17T10:00:00+09:00	2026-09-30			
content/travel-guide/hotels/ambassador-hotel.zh-tw.md	zh-tw	page	/zh-tw/travel-guide/hotels/ambassador-hotel/	迪士尼大使大飯店 | 「米奇廚房」角色餐廳·緊鄰伊克斯皮兒莉的好萊塢主題迪士尼飯店		2026-06-17T10:00:00+09:00	2026-09-30			
content/travel-guide/hotels/ambassador-hotel.zh.md	zh	page	/zh/travel-guide/hotels/ambassador-hotel/	迪士尼大使大饭店 | 「米奇厨房」角色餐厅·紧邻伊克斯皮儿莉的好莱坞主题迪士尼饭店		2026-06-17T10:00:00+09:00	2026-09-30			
content/travel-guide/hotels/bayhotel-urayasu.en.md	en	page	/en/travel-guide/hotels/bayhotel-urayasu/	BAYHOTEL Urayasu Ekimae | Apartment-Style Hotel with Full Kitchen and Washing Machine, 24-Hour Supermarket Across the Street		2026-06-17T10:00:00+09:00	2026-10-02			
content/travel-guide/hotels/bayhotel-urayasu.ko.md	ko	page	/ko/travel-guide/hotels/bayhotel-urayasu/	우라야스역앞 베이 호텔 | 전 객실 30㎡ 아파트형·객실 내 세탁기·바로 맞은편 24시간 슈퍼(트라이얼 세이유 우라야스)		2026-06-17T10:00:00+09:00	2026-10-02			
content/travel-guide/hotels/bayhotel-urayasu.md	ja	page	/travel-guide/hotels/bayhotel-urayasu/	BAYHOTEL浦安駅前｜全室キッチン・洗濯機付き・目の前24時間スーパー・浦安駅徒歩1分のアパートメントホテル【地元レビュー】		2026-06-17T10:00:00+09:00	2026-08-24			
content/travel-guide/hotels/bayhotel-urayasu.zh-tw.md	zh-tw	page	/zh-tw/travel-guide/hotels/bayhotel-urayasu/	浦安站前 BAY HOTEL | 全室30㎡公寓式·室內洗衣機·正對面24小時超市（Trial西友浦安）		2026-06-17T10:00:00+09:00	2026-10-04			
content/travel-guide/hotels/bayhotel-urayasu.zh.md	zh	page	/zh/travel-guide/hotels/bayhotel-urayasu/	浦安站前 BAY HOTEL | 全室30㎡公寓式·室内洗衣机·正对面24小时超市（Trial西友浦安）		2026-06-17T10:00:00+09:00	2026-10-04			
content/travel-guide/hotels/brighton-tokyo-bay.en.md	en	page	/en/travel-guide/hotels/brighton-tokyo-bay/	Urayasu Brighton Hotel Tokyo Bay | Bell Desk Luggage Storage Before Check-in, 1 Min from Shin-Urayasu Station		2026-06-17T10:00:00+09:00	2026-10-01			
content/travel-guide/hotels/brighton-tokyo-bay.ko.md	ko	page	/ko/travel-guide/hotels/brighton-tokyo-bay/	우라야스 브라이튼 호텔 도쿄 베이 | 지붕 있는 통로로 신우라야스역 직결(약 1분)·하루 최대 34편 무료 셔틀		2026-06-17T10:00:00+09:00	2026-10-01			
content/travel-guide/hotels/brighton-tokyo-bay.md	ja	page	/travel-guide/hotels/brighton-tokyo-bay/	浦安ブライトンホテル東京ベイ｜新浦安駅直結1分・1日34便シャトルで動ける拠点型ホテル【地元レビュー】		2026-06-17T10:00:00+09:00	2026-10-01			
content/travel-guide/hotels/brighton-tokyo-bay.zh-tw.md	zh-tw	page	/zh-tw/travel-guide/hotels/brighton-tokyo-bay/	浦安布萊頓飯店 東京灣 | 有頂走廊直通新浦安站（約1分鐘）‧每日最多34班免費接駁車		2026-06-17T10:00:00+09:00	2026-10-04			
content/travel-guide/hotels/brighton-tokyo-bay.zh.md	zh	page	/zh/travel-guide/hotels/brighton-tokyo-bay/	浦安布莱顿酒店 东京湾 | 有顶走廊直通新浦安站（约1分钟）·每日最多34班免费班车		2026-06-17T10:00:00+09:00	2026-10-04			
content/travel-guide/hotels/budget.en.md	en	page	/en/travel-guide/hotels/budget/	Cheap Hotels in Urayasu & Maihama near Tokyo Disneyland | From Around ¥10,000 for Two (Local Guide)		2026-06-16T10:00:00+09:00	2026-09-09			
content/travel-guide/hotels/budget.ko.md	ko	page	/ko/travel-guide/hotels/budget/	도쿄 디즈니 인근 가성비 호텔 비교 | 지역별 가격·숨은 비용·현지 경고		2026-06-30T10:00:00+09:00	2026-10-01			
content/travel-guide/hotels/budget.md	ja	page	/travel-guide/hotels/budget/	浦安・舞浜エリアの格安ホテル徹底比較｜2名1万円台から泊まれる宿【地元発】		2026-06-16T10:00:00+09:00	2026-09-09			
content/travel-guide/hotels/budget.zh-tw.md	zh-tw	page	/zh-tw/travel-guide/hotels/budget/	東京迪士尼附近實惠飯店比較 | 各地區價格·隱藏費用·在地警示		2026-06-30T10:00:00+09:00	2026-10-04			
content/travel-guide/hotels/budget.zh.md	zh	page	/zh/travel-guide/hotels/budget/	东京迪士尼附近实惠酒店比较 | 各地区价格·隐藏费用·本地警示		2026-06-30T10:00:00+09:00	2026-10-04			
content/travel-guide/hotels/celebration-discover.en.md	en	page	/en/travel-guide/hotels/celebration-discover/	Tokyo DisneySea Celebration Hotel: Discover | Budget Disney Hotel with Beds for 4, Adventure & Discovery Theme		2026-06-17T10:00:00+09:00	2026-10-04			
content/travel-guide/hotels/celebration-discover.ko.md	ko	page	/ko/travel-guide/hotels/celebration-discover/	도쿄디즈니 셀러브레이션 호텔: 디스커버 | 4인 투숙 가능한 가성비 디즈니 호텔·모험과 탐험 테마		2026-06-17T10:00:00+09:00	2026-10-04			
content/travel-guide/hotels/celebration-discover.md	ja	page	/travel-guide/hotels/celebration-discover/	東京ディズニーセレブレーションホテル：ディスカバー｜ディズニーホテル最安値クラス・4名対応の客室でコスパよくTDRを楽しむ【地元レビュー】		2026-06-17T10:00:00+09:00	2026-10-04			
content/travel-guide/hotels/celebration-discover.zh-tw.md	zh-tw	page	/zh-tw/travel-guide/hotels/celebration-discover/	東京迪士尼樂祥飯店：探索 | 可住4人的實惠迪士尼飯店·冒險與探索主題		2026-06-17T10:00:00+09:00	2026-10-04			
content/travel-guide/hotels/celebration-discover.zh.md	zh	page	/zh/travel-guide/hotels/celebration-discover/	东京迪士尼欢庆饭店：探索 | 可住4人的实惠迪士尼饭店·冒险与探索主题		2026-06-17T10:00:00+09:00	2026-10-04			
content/travel-guide/hotels/celebration-wish.en.md	en	page	/en/travel-guide/hotels/celebration-wish/	Tokyo Disneyland Celebration Hotel: Wish | Budget Disney Hotel with Beds for 4, Dreams & Fantasy Theme		2026-06-17T10:00:00+09:00	2026-10-04			
content/travel-guide/hotels/celebration-wish.ko.md	ko	page	/ko/travel-guide/hotels/celebration-wish/	도쿄디즈니 셀러브레이션 호텔: 위시 | 4인 투숙 가능한 가성비 디즈니 호텔·꿈과 환상 테마		2026-06-17T10:00:00+09:00	2026-10-04			
content/travel-guide/hotels/celebration-wish.md	ja	page	/travel-guide/hotels/celebration-wish/	東京ディズニーセレブレーションホテル：ウィッシュ｜ディズニーホテル最安値クラス・4名対応の客室でコスパよくTDRを楽しむ【地元レビュー】		2026-06-17T10:00:00+09:00	2026-10-04			
content/travel-guide/hotels/celebration-wish.zh-tw.md	zh-tw	page	/zh-tw/travel-guide/hotels/celebration-wish/	東京迪士尼樂祥飯店：願望 | 可住4人的實惠迪士尼飯店·夢想與幻想主題		2026-06-17T10:00:00+09:00	2026-10-04			
content/travel-guide/hotels/celebration-wish.zh.md	zh	page	/zh/travel-guide/hotels/celebration-wish/	东京迪士尼欢庆饭店：愿望 | 可住4人的实惠迪士尼饭店·梦想与幻想主题		2026-06-17T10:00:00+09:00	2026-10-04			
content/travel-guide/hotels/comfort-suites-tokyo-bay.en.md	en	page	/en/travel-guide/hotels/comfort-suites-tokyo-bay/	Comfort Suites Tokyo Bay | Shuttle Runs Until 30 Min After Park Closing, Free Self-Cloakroom, Children Sleep Free		2026-06-17T10:00:00+09:00	2026-09-01			
content/travel-guide/hotels/comfort-suites-tokyo-bay.ko.md	ko	page	/ko/travel-guide/hotels/comfort-suites-tokyo-bay/	컴포트 스위트 도쿄 베이 | 셔틀이 파크 폐장 30분 후까지 운행·초등학생 이하 무료·무료 짐 보관(체크인 전 가능)		2026-06-17T10:00:00+09:00	2026-10-01			
content/travel-guide/hotels/comfort-suites-tokyo-bay.md	ja	page	/travel-guide/hotels/comfort-suites-tokyo-bay/	コンフォートスイーツ東京ベイ｜パーク閉園後30分以内シャトル運行・全館無料Wi-Fi・小学6年生まで添い寝無料のビジネスホテル【地元レビュー】		2026-06-17T10:00:00+09:00	2026-06-17			
content/travel-guide/hotels/comfort-suites-tokyo-bay.zh-tw.md	zh-tw	page	/zh-tw/travel-guide/hotels/comfort-suites-tokyo-bay/	東京灣凱富套房飯店 | 接駁車運行至樂園閉園後30分鐘‧國小生以下免費入住‧免費行李寄放（入住前可用）		2026-06-17T10:00:00+09:00	2026-10-04			
content/travel-guide/hotels/comfort-suites-tokyo-bay.zh.md	zh	page	/zh/travel-guide/hotels/comfort-suites-tokyo-bay/	东京湾凯富套房酒店 | 班车运行至乐园闭园后30分钟·小学生以下免费入住·免费行李寄存（入住前可用）		2026-06-17T10:00:00+09:00	2026-10-04			
content/travel-guide/hotels/compare.en.md	en	page	/en/travel-guide/hotels/compare/	Tokyo Disney Area Hotel Map | Compare 48 Hotels by Area, Facilities & Price						
content/travel-guide/hotels/compare.ko.md	ko	page	/ko/travel-guide/hotels/compare/	도쿄 디즈니 주변 호텔 비교 지도 | 지역·시설·가격으로 48곳 검색						
content/travel-guide/hotels/compare.md	ja	page	/travel-guide/hotels/compare/	ホテル比較マップ｜エリア・設備・価格で絞り込んで比較【浦安・舞浜】						
content/travel-guide/hotels/compare.zh-tw.md	zh-tw	page	/zh-tw/travel-guide/hotels/compare/	東京迪士尼周邊飯店比較地圖 | 依地區·設施·價格篩選48家飯店						
content/travel-guide/hotels/compare.zh.md	zh	page	/zh/travel-guide/hotels/compare/	东京迪士尼周边酒店对比地图 | 按地区·设施·价格筛选48家酒店						
content/travel-guide/hotels/cvs-bay-hotel.en.md	en	page	/en/travel-guide/hotels/cvs-bay-hotel/	CVS BAY HOTEL | Next to Ichikawa-Shiohama Station, 2 Stops (6 Min) to Maihama, Women's Capsules		2026-06-27T10:00:00+09:00	2026-07-22			
content/travel-guide/hotels/cvs-bay-hotel.ko.md	ko	page	/ko/travel-guide/hotels/cvs-bay-hotel/	CVS·BAY HOTEL | 이치카와시오하마역 인접·2정거장(약 6분)으로 마이하마·여성 전용 캡슐룸		2026-06-27T10:00:00+09:00	2026-06-27			
content/travel-guide/hotels/cvs-bay-hotel.md	ja	page	/travel-guide/hotels/cvs-bay-hotel/	CVS・BAY HOTEL｜市川塩浜駅隣接・舞浜まで2駅6分、女性カプセルもある大型ベイホテル【地元レビュー】		2026-06-27T10:00:00+09:00	2026-06-28			
content/travel-guide/hotels/cvs-bay-hotel.zh-tw.md	zh-tw	page	/zh-tw/travel-guide/hotels/cvs-bay-hotel/	CVS·BAY HOTEL | 緊鄰市川鹽濱站·2站（約6分鐘）到舞濱·女性專屬膠囊房		2026-06-27T10:00:00+09:00	2026-10-04			
content/travel-guide/hotels/cvs-bay-hotel.zh.md	zh	page	/zh/travel-guide/hotels/cvs-bay-hotel/	CVS·BAY HOTEL | 紧邻市川盐浜站·2站（约6分钟）到舞滨·女性专属胶囊房		2026-06-27T10:00:00+09:00	2026-10-04			
content/travel-guide/hotels/dreamgate-maihama.en.md	en	page	/en/travel-guide/hotels/dreamgate-maihama/	Dreamgate Maihama | Directly Connected to JR Maihama Station, NewDays Inside, Children 6 and Under Sleep Free		2026-06-17T10:00:00+09:00	2026-10-02			
content/travel-guide/hotels/dreamgate-maihama.ko.md	ko	page	/ko/travel-guide/hotels/dreamgate-maihama/	호텔 드림게이트 마이하마 | 본관과 별관이 JR 마이하마역 개찰구 직결·관내 NewDays·6세 이하 어린이 무료		2026-06-17T10:00:00+09:00	2026-10-02			
content/travel-guide/hotels/dreamgate-maihama.md	ja	page	/travel-guide/hotels/dreamgate-maihama/	ホテルドリームゲート舞浜｜JR舞浜駅改札直結・NewDays館内直結【地元レビュー】		2026-06-17T10:00:00+09:00	2026-06-28			
content/travel-guide/hotels/dreamgate-maihama.zh-tw.md	zh-tw	page	/zh-tw/travel-guide/hotels/dreamgate-maihama/	舞濱夢想之門飯店 | 主樓與別館直通JR舞濱站剪票口·館內NewDays·6歲以下兒童免費入住		2026-06-17T10:00:00+09:00	2026-10-04			
content/travel-guide/hotels/dreamgate-maihama.zh.md	zh	page	/zh/travel-guide/hotels/dreamgate-maihama/	舞滨梦想之门酒店 | 主楼与别馆直通JR舞滨站检票口·馆内NewDays·6岁以下儿童免费入住		2026-06-17T10:00:00+09:00	2026-10-04			
content/travel-guide/hotels/emion-tokyo-bay.en.md	en	page	/en/travel-guide/hotels/emion-tokyo-bay/	Hotel Emion Tokyo Bay | The Only Natural Hot Spring Among TDR Partner Hotels, Welcome Baby Certified, Rooms for Up to 6		2026-06-17T10:00:00+09:00	2026-10-02			
content/travel-guide/hotels/emion-tokyo-bay.ko.md	ko	page	/ko/travel-guide/hotels/emion-tokyo-bay/	호텔 에미온 도쿄 베이 | TDR 파트너 호텔 중 유일한 천연 온천·웰컴 베이비 인증·패밀리룸 최대 6인·무료 자전거		2026-06-17T10:00:00+09:00	2026-10-02			
content/travel-guide/hotels/emion-tokyo-bay.md	ja	page	/travel-guide/hotels/emion-tokyo-bay/	ホテルエミオン東京ベイ｜パートナーホテル唯一の天然温泉が魅力【地元レビュー】		2026-06-17T10:00:00+09:00	2026-10-01			
content/travel-guide/hotels/emion-tokyo-bay.zh-tw.md	zh-tw	page	/zh-tw/travel-guide/hotels/emion-tokyo-bay/	東京灣艾米恩飯店 | TDR官方飯店唯一天然溫泉‧歡迎寶寶認證‧家庭房最多6人‧免費租借腳踏車		2026-06-17T10:00:00+09:00	2026-10-04			
content/travel-guide/hotels/emion-tokyo-bay.zh.md	zh	page	/zh/travel-guide/hotels/emion-tokyo-bay/	东京湾艾米恩酒店 | TDR合作酒店唯一天然温泉·欢迎宝宝认证·家庭房最多6人·免费自行车		2026-06-17T10:00:00+09:00	2026-10-04			
content/travel-guide/hotels/eurasia-annex.en.md	en	page	/en/travel-guide/hotels/eurasia-annex/	Maihama Eurasia Annex | Southern France Theme, Discounted Hot Spring Access at Main Building, Shuttle from Maihama 15 Min		2026-06-17T10:00:00+09:00	2026-10-02			
content/travel-guide/hotels/eurasia-annex.ko.md	ko	page	/ko/travel-guide/hotels/eurasia-annex/	호텔 유라시아 마이하마 ANNEX | 남프랑스 니스 테마·본관 천연 온천 할인 이용·마이하마역 셔틀 약 15분		2026-06-17T10:00:00+09:00	2026-10-02			
content/travel-guide/hotels/eurasia-annex.md	ja	page	/travel-guide/hotels/eurasia-annex/	HOTELユーラシア舞浜ANNEX｜本館天然温泉を割引利用できる別館・無料シャトルで舞浜駅15分のリーズナブルホテル【地元レビュー】		2026-06-17T10:00:00+09:00	2026-06-17			
content/travel-guide/hotels/eurasia-annex.zh-tw.md	zh-tw	page	/zh-tw/travel-guide/hotels/eurasia-annex/	HOTEL 歐亞舞濱 ANNEX | 南法尼斯主題·可折扣使用本館天然溫泉·舞濱站接駁車約15分鐘		2026-06-17T10:00:00+09:00	2026-10-04			
content/travel-guide/hotels/eurasia-annex.zh.md	zh	page	/zh/travel-guide/hotels/eurasia-annex/	HOTEL 欧亚舞滨 ANNEX | 南法尼斯主题·可折扣使用本馆天然温泉·舞滨站班车约15分钟		2026-06-17T10:00:00+09:00	2026-10-04			
content/travel-guide/hotels/facilities.en.md	en	page	/en/travel-guide/hotels/facilities/	Tokyo Disney Resort Hotels by Facility | Big Baths, Pools, Station Access, Shops, Laundry & Airport Bus		2026-08-16T08:00:00+09:00				
content/travel-guide/hotels/facilities.md	ja	page	/travel-guide/hotels/facilities/	設備・こだわりで選ぶディズニー周辺ホテル｜大浴場・プール・駅近・売店・ランドリー・リムジンバス		2026-08-16T08:00:00+09:00				
content/travel-guide/hotels/fantasy-springs-hotel.en.md	en	page	/en/travel-guide/hotels/fantasy-springs-hotel/	Fantasy Springs Hotel | Newest Disney Hotel (2024), Grand Chateau Direct Fantasy Springs Access + 8 Attraction Tickets		2026-06-17T10:00:00+09:00	2026-10-04			
content/travel-guide/hotels/fantasy-springs-hotel.ko.md	ko	page	/ko/travel-guide/hotels/fantasy-springs-hotel/	도쿄디즈니씨 판타지 스프링스 호텔 | 최신 디즈니 호텔(2024)·그랜드 샤토 판타지 스프링스 직결+시설 이용권 8장		2026-06-17T10:00:00+09:00	2026-10-04			
content/travel-guide/hotels/fantasy-springs-hotel.md	ja	page	/travel-guide/hotels/fantasy-springs-hotel/	東京ディズニーシー・ファンタジースプリングスホテル｜TDS新エリア直結・「グランドシャトー」と「ファンタジーシャトー」2タイプの最新ディズニーホテル【地元レビュー】		2026-06-17T10:00:00+09:00	2026-10-04			
content/travel-guide/hotels/fantasy-springs-hotel.zh-tw.md	zh-tw	page	/zh-tw/travel-guide/hotels/fantasy-springs-hotel/	東京迪士尼海洋夢幻泉鄉大飯店 | 最新迪士尼飯店（2024）·豪華城堡直通夢幻泉鄉＋8張設施券		2026-06-17T10:00:00+09:00	2026-10-04			
content/travel-guide/hotels/fantasy-springs-hotel.zh.md	zh	page	/zh/travel-guide/hotels/fantasy-springs-hotel/	东京迪士尼海洋梦幻泉乡大饭店 | 最新迪士尼饭店（2024）·豪华城堡直通梦幻泉乡＋8张设施券		2026-06-17T10:00:00+09:00	2026-10-04			
content/travel-guide/hotels/flexstay-shin-urayasu.en.md	en	page	/en/travel-guide/hotels/flexstay-shin-urayasu/	Flexstay Inn Shin-Urayasu | Extended-Stay Hotel with In-Room Mini Kitchen, 14:00 Check-in		2026-06-17T10:00:00+09:00	2026-10-01			
content/travel-guide/hotels/flexstay-shin-urayasu.ko.md	ko	page	/ko/travel-guide/hotels/flexstay-shin-urayasu/	플렉스테이 인 신우라야스 | 전 객실 미니 주방·14:00 가장 이른 체크인·편의점 도보 2분·예약제 주차 1,630엔/박		2026-06-17T10:00:00+09:00	2026-10-01			
content/travel-guide/hotels/flexstay-shin-urayasu.md	ja	page	/travel-guide/hotels/flexstay-shin-urayasu/	フレックステイイン新浦安｜全室ミニキッチン付き・チェックイン14時・コンビニ徒歩2分の長期滞在型ホテル【地元レビュー】		2026-06-17T10:00:00+09:00	2026-10-01			
content/travel-guide/hotels/flexstay-shin-urayasu.zh-tw.md	zh-tw	page	/zh-tw/travel-guide/hotels/flexstay-shin-urayasu/	新浦安Flexstay Inn | 全室配迷你廚房·14:00最早入住·便利商店步行2分鐘·預約制停車1,630日圓/晚		2026-06-17T10:00:00+09:00	2026-10-04			
content/travel-guide/hotels/flexstay-shin-urayasu.zh.md	zh	page	/zh/travel-guide/hotels/flexstay-shin-urayasu/	新浦安Flexstay Inn | 全室配迷你厨房·14:00最早入住·便利店步行2分钟·预约制停车1,630日元/晚		2026-06-17T10:00:00+09:00	2026-10-04			
content/travel-guide/hotels/four-stories-hotel.en.md	en	page	/en/travel-guide/hotels/four-stories-hotel/	Four Stories Hotel | Area's Most Affordable, Last Shuttle 23:00, Parking ¥1,500/Night — Small Hotel with Unique Floor Themes		2026-06-17T10:00:00+09:00	2026-10-02			
content/travel-guide/hotels/four-stories-hotel.ko.md	ko	page	/ko/travel-guide/hotels/four-stories-hotel/	포 스토리즈 호텔 마이하마 도쿄 베이 | TDR 주변 최저가·4층 4테마·막차 23:00 주의·26객실 부티크 호텔		2026-06-17T10:00:00+09:00	2026-10-02			
content/travel-guide/hotels/four-stories-hotel.md	ja	page	/travel-guide/hotels/four-stories-hotel/	フォーストーリーズホテル舞浜 東京ベイ｜4フロア異なる物語テーマ・TDRエリア最安値クラスの小規模ホテル【地元レビュー】		2026-06-17T10:00:00+09:00	2026-06-17			
content/travel-guide/hotels/four-stories-hotel.zh-tw.md	zh-tw	page	/zh-tw/travel-guide/hotels/four-stories-hotel/	舞濱四物語飯店 東京灣 | TDR周邊最實惠·4層4主題·末班車23:00須知·26間客房精品飯店		2026-06-17T10:00:00+09:00	2026-10-04			
content/travel-guide/hotels/four-stories-hotel.zh.md	zh	page	/zh/travel-guide/hotels/four-stories-hotel/	舞滨四物语酒店 东京湾 | TDR周边最实惠·4层4主题·末班车23:00须知·26间客房精品酒店		2026-06-17T10:00:00+09:00	2026-10-04			
content/travel-guide/hotels/grand-monday-resort-maihama.en.md	en	page	/en/travel-guide/hotels/grand-monday-resort-maihama/	GRAND MONday Resort Tokyo Bay Maihama | Opens July 18, 2026 — All-Oceanfront Rooms & Year-Round Lagoon Pool		2026-07-06T21:00:00+09:00	2026-07-22			
content/travel-guide/hotels/grand-monday-resort-maihama.ko.md	ko	page	/ko/travel-guide/hotels/grand-monday-resort-maihama/	GRAND MONday Resort 도쿄 베이 마이하마 | 2026년 7월 18일 개업·전 객실 오션프런트·연중 라군 수영장		2026-07-06T21:00:00+09:00	2026-07-06			
content/travel-guide/hotels/grand-monday-resort-maihama.md	ja	page	/travel-guide/hotels/grand-monday-resort-maihama/	GRAND MONday Resort 東京ベイ舞浜｜2026年7月18日開業・全室オーシャンフロント×通年ラグーンプールのアーバンリゾート【地元レビュー】		2026-07-06T21:00:00+09:00	2026-07-07			
content/travel-guide/hotels/grand-monday-resort-maihama.zh-tw.md	zh-tw	page	/zh-tw/travel-guide/hotels/grand-monday-resort-maihama/	GRAND MONday Resort 東京灣舞濱 | 2026年7月18日開幕·全客房面海·全年開放潟湖泳池		2026-07-06T21:00:00+09:00	2026-10-04			
content/travel-guide/hotels/grand-monday-resort-maihama.zh.md	zh	page	/zh/travel-guide/hotels/grand-monday-resort-maihama/	GRAND MONday Resort 东京湾舞滨 | 2026年7月18日开业·全客房面海·全年开放泻湖泳池		2026-07-06T21:00:00+09:00	2026-10-04			
content/travel-guide/hotels/grand-nikko-tokyo-bay.en.md	en	page	/en/travel-guide/hotels/grand-nikko-tokyo-bay/	Tokyo DisneySea Hotel MiraCosta — No, Tokyo Bay Grand Nikko | Japan's Largest Hotel Atrium, Pink European Exterior, Official Hotel		2026-06-17T10:00:00+09:00	2026-07-22			
content/travel-guide/hotels/grand-nikko-tokyo-bay.ko.md	ko	page	/ko/travel-guide/hotels/grand-nikko-tokyo-bay/	그랜드 니코 도쿄 베이 마이하마 | 일본 최대 아트리움(37m·4300㎡)·남유럽풍 핑크 외관·TDR 공식 호텔		2026-06-17T10:00:00+09:00	2026-10-01			
content/travel-guide/hotels/grand-nikko-tokyo-bay.md	ja	page	/travel-guide/hotels/grand-nikko-tokyo-bay/	グランドニッコー東京ベイ舞浜｜国内最大級アトリウムと南欧テーマの大型オフィシャルホテル【地元レビュー】		2026-06-17T10:00:00+09:00	2026-06-17			
content/travel-guide/hotels/grand-nikko-tokyo-bay.zh-tw.md	zh-tw	page	/zh-tw/travel-guide/hotels/grand-nikko-tokyo-bay/	東京灣舞濱格蘭日航飯店 | 日本最大中庭（37m·4300㎡）·南歐粉色外觀·TDR官方飯店		2026-06-17T10:00:00+09:00	2026-10-04			
content/travel-guide/hotels/grand-nikko-tokyo-bay.zh.md	zh	page	/zh/travel-guide/hotels/grand-nikko-tokyo-bay/	东京湾舞滨格兰日航酒店 | 日本最大中庭（37m·4300㎡）·南欧粉色外观·TDR官方酒店		2026-06-17T10:00:00+09:00	2026-10-04			
content/travel-guide/hotels/happy-entry.en.md	en	page	/en/travel-guide/hotels/happy-entry/	Happy Entry at Tokyo Disney Resort Explained | How Early Entry Works & Which Hotels Get It		2026-07-06T10:00:00+09:00	2026-10-04			
content/travel-guide/hotels/happy-entry.ko.md	ko	page	/ko/travel-guide/hotels/happy-entry/	도쿄 디즈니 해피 엔트리(조기 입장) 완전 해설 | 어느 호텔이 대상인가		2026-07-06T10:00:00+09:00	2026-10-04			
content/travel-guide/hotels/happy-entry.md	ja	page	/travel-guide/hotels/happy-entry/	東京ディズニーリゾートのハッピーエントリーとは｜早入園の仕組みと対象ホテルを地元が解説		2026-07-06T10:00:00+09:00	2026-10-04			
content/travel-guide/hotels/happy-entry.zh-tw.md	zh-tw	page	/zh-tw/travel-guide/hotels/happy-entry/	東京迪士尼Happy Entry提早入園全解說｜只有這6家迪士尼飯店有資格·提早幾分鐘·值不值得		2026-07-06T10:00:00+09:00	2026-10-04			
content/travel-guide/hotels/happy-entry.zh.md	zh	page	/zh/travel-guide/hotels/happy-entry/	东京迪士尼Happy Entry（提前入园）全解说 | 哪些酒店有资格		2026-07-06T10:00:00+09:00	2026-10-04			
content/travel-guide/hotels/henna-hotel-maihama.en.md	en	page	/en/travel-guide/hotels/henna-hotel-maihama/	Henn na Hotel Maihama Tokyo Bay | World's First Robot Hotel (Guinness Record), Dinosaur Check-In, Deep Bathtub in All Rooms		2026-06-17T10:00:00+09:00	2026-10-02			
content/travel-guide/hotels/henna-hotel-maihama.ko.md	ko	page	/ko/travel-guide/hotels/henna-hotel-maihama/	헨나 호텔 마이하마 도쿄 베이 | 기네스 세계기록 로봇 호텔·공룡 프런트·전 객실 독립 욕조(깊은 욕조)		2026-06-17T10:00:00+09:00	2026-10-02			
content/travel-guide/hotels/henna-hotel-maihama.md	ja	page	/travel-guide/hotels/henna-hotel-maihama/	変なホテル舞浜 東京ベイ｜恐竜ロボット・ロボホン全室設置のギネス認定ロボットホテル【地元レビュー】		2026-06-17T10:00:00+09:00	2026-06-28			
content/travel-guide/hotels/henna-hotel-maihama.zh-tw.md	zh-tw	page	/zh-tw/travel-guide/hotels/henna-hotel-maihama/	海茵娜飯店 舞濱東京灣 | 金氏世界紀錄機器人飯店·恐龍櫃檯·全室獨立浴缸（深泡浴缸）		2026-06-17T10:00:00+09:00	2026-10-04			
content/travel-guide/hotels/henna-hotel-maihama.zh.md	zh	page	/zh/travel-guide/hotels/henna-hotel-maihama/	海茵娜酒店 舞滨东京湾 | 吉尼斯世界纪录机器人酒店·恐龙前台·全室独立浴缸（深泡浴缸）		2026-06-17T10:00:00+09:00	2026-10-04			
content/travel-guide/hotels/hilton-tokyo-bay.en.md	en	page	/en/travel-guide/hotels/hilton-tokyo-bay/	Hilton Tokyo Bay | 24-Hour Convenience Store & Coin Laundry In-House (Official Hotel)		2026-06-16T10:00:00+09:00	2026-09-04			
content/travel-guide/hotels/hilton-tokyo-bay.ko.md	ko	page	/ko/travel-guide/hotels/hilton-tokyo-bay/	힐튼 도쿄 베이 | 관내 24시간 편의점·패밀리룸 최대 6인·B1 종일 코인 세탁·대형 TDR 공식 호텔		2026-06-17T10:00:00+09:00	2026-10-01			
content/travel-guide/hotels/hilton-tokyo-bay.md	ja	page	/travel-guide/hotels/hilton-tokyo-bay/	ヒルトン東京ベイ｜館内に24時間コンビニ、パーク至近の大型オフィシャルホテル【地元レビュー】		2026-06-16T10:00:00+09:00	2026-06-16			
content/travel-guide/hotels/hilton-tokyo-bay.zh-tw.md	zh-tw	page	/zh-tw/travel-guide/hotels/hilton-tokyo-bay/	東京灣希爾頓飯店 | 館內24小時便利商店·家庭房最多6人·B1全天自助洗衣·大型TDR官方飯店		2026-06-17T10:00:00+09:00	2026-10-04			
content/travel-guide/hotels/hilton-tokyo-bay.zh.md	zh	page	/zh/travel-guide/hotels/hilton-tokyo-bay/	东京湾希尔顿酒店 | 馆内24小时便利店·家庭房最多6人·B1全天自助洗衣·大型TDR官方酒店		2026-06-17T10:00:00+09:00	2026-10-04			
content/travel-guide/hotels/hiyori-hotel-maihama.en.md	en	page	/en/travel-guide/hotels/hiyori-hotel-maihama/	Hiyori Hotel Maihama | Foot Massager + Shoe Dryer in All Rooms, 30-Item Buffet Breakfast, Shuttle from Maihama South Exit C3		2026-06-17T10:00:00+09:00	2026-10-02			
content/travel-guide/hotels/hiyori-hotel-maihama.ko.md	ko	page	/ko/travel-guide/hotels/hiyori-hotel-maihama/	히요리 호텔 마이하마 | 전 객실 발 마사지기와 신발 건조기·30가지 이상 뷔페 조식·주차 1,000엔/박		2026-06-17T10:00:00+09:00	2026-10-02			
content/travel-guide/hotels/hiyori-hotel-maihama.md	ja	page	/travel-guide/hotels/hiyori-hotel-maihama/	日和ホテル舞浜｜全室靴乾燥機・フットマッサージ器・和洋ビュッフェ朝食・40台駐車場の東野エリアビジネスホテル【地元レビュー】		2026-06-17T10:00:00+09:00	2026-10-01			
content/travel-guide/hotels/hiyori-hotel-maihama.zh-tw.md	zh-tw	page	/zh-tw/travel-guide/hotels/hiyori-hotel-maihama/	舞濱日和飯店 | 每間客房備足部按摩機與烘鞋機·30道菜以上自助早餐·停車1,000日圓/晚		2026-06-17T10:00:00+09:00	2026-10-04			
content/travel-guide/hotels/hiyori-hotel-maihama.zh.md	zh	page	/zh/travel-guide/hotels/hiyori-hotel-maihama/	舞滨日和酒店 | 每间客房备足部按摩机与烘鞋机·30道菜以上自助早餐·停车1,000日元/晚		2026-06-17T10:00:00+09:00	2026-10-04			
content/travel-guide/hotels/hoshinoresorts-1955-tokyo-bay.en.md	en	page	/en/travel-guide/hotels/hoshinoresorts-1955-tokyo-bay/	Hoshino Resorts BEB5 Tokyo Bay | Opened June 2024, 1955 America Vintage Theme, In-House Lawson, 339 Parking ¥500/12hrs		2026-06-17T10:00:00+09:00	2026-10-02			
content/travel-guide/hotels/hoshinoresorts-1955-tokyo-bay.ko.md	ko	page	/ko/travel-guide/hotels/hoshinoresorts-1955-tokyo-bay/	호시노 리조트 1955 도쿄 베이 | 2024년 6월 개업·주차 500엔/12시간(지역 최저)·관내 패밀리마트·638객실		2026-06-17T10:00:00+09:00	2026-10-02			
content/travel-guide/hotels/hoshinoresorts-1955-tokyo-bay.md	ja	page	/travel-guide/hotels/hoshinoresorts-1955-tokyo-bay/	星野リゾート 1955 東京ベイ｜2024年開業・館内ローソン・339台駐車場・1955年アメリカがコンセプトのリゾートホテル【地元レビュー】		2026-06-17T10:00:00+09:00	2026-10-01			
content/travel-guide/hotels/hoshinoresorts-1955-tokyo-bay.zh-tw.md	zh-tw	page	/zh-tw/travel-guide/hotels/hoshinoresorts-1955-tokyo-bay/	星野集團 1955 東京灣 | 2024年6月開幕‧停車500日圓/12小時（區域最低）‧館內全家便利商店‧638間客房		2026-06-17T10:00:00+09:00	2026-10-04			
content/travel-guide/hotels/hoshinoresorts-1955-tokyo-bay.zh.md	zh	page	/zh/travel-guide/hotels/hoshinoresorts-1955-tokyo-bay/	星野集团 1955 东京湾 | 2024年6月开业·停车500日元/12小时（区域最低）·馆内全家得便利店·638间客房		2026-06-17T10:00:00+09:00	2026-10-04			
content/travel-guide/hotels/hotel-daigo-urayasu.en.md	en	page	/en/travel-guide/hotels/hotel-daigo-urayasu/	Hotel Daigo Urayasu | Year-Round Flat Rate (No Peak Pricing), Japanese-Style Rooms, Cash Only — 3 Min from Urayasu Station		2026-06-17T10:00:00+09:00	2026-10-02			
content/travel-guide/hotels/hotel-daigo-urayasu.ko.md	ko	page	/ko/travel-guide/hotels/hotel-daigo-urayasu/	호텔 다이고 | 연중 균일 요금(성수기 인상 없음)·일본식 객실 선택 가능·현금 결제·우라야스역에서 도보 3분		2026-06-17T10:00:00+09:00	2026-10-02			
content/travel-guide/hotels/hotel-daigo-urayasu.md	ja	page	/travel-guide/hotels/hotel-daigo-urayasu/	ホテル醍醐｜繁忙期も値上げしない年中均一料金・無料駐車場8台・和室あり・浦安駅徒歩3分【地元レビュー】		2026-06-17T10:00:00+09:00	2026-08-24			
content/travel-guide/hotels/hotel-daigo-urayasu.zh-tw.md	zh-tw	page	/zh-tw/travel-guide/hotels/hotel-daigo-urayasu/	醍醐飯店 | 全年固定房價（旺季不漲價）·和室可選·現金支付·距浦安站步行3分鐘		2026-06-17T10:00:00+09:00	2026-10-04			
content/travel-guide/hotels/hotel-daigo-urayasu.zh.md	zh	page	/zh/travel-guide/hotels/hotel-daigo-urayasu/	醍醐酒店 | 全年固定房价（旺季不涨价）·和室可选·现金支付·距浦安站步行3分钟		2026-06-17T10:00:00+09:00	2026-10-04			
content/travel-guide/hotels/hotel-ilfiore-kasai-annex.en.md	en	page	/en/travel-guide/hotels/hotel-ilfiore-kasai-annex/	Hotel Il Fiore Kasai ANNEX | 3-Min Walk from Kasai Station, Deluxe Rooms for Up to 6, ~20 Min to TDR		2026-06-27T10:00:00+09:00	2026-06-28			
content/travel-guide/hotels/hotel-ilfiore-kasai-annex.ko.md	ko	page	/ko/travel-guide/hotels/hotel-ilfiore-kasai-annex/	호텔 일 피오레 가사이 ANNEX | 가사이역에서 도보 3분·디럭스룸 최대 6인·1F 코인 세탁·5,500엔부터		2026-06-27T10:00:00+09:00	2026-10-01			
content/travel-guide/hotels/hotel-ilfiore-kasai-annex.md	ja	page	/travel-guide/hotels/hotel-ilfiore-kasai-annex/	ホテルイルフィオーレ葛西 ANNEX｜葛西駅徒歩3分・最大6名のデラックスルーム、TDRまで約20分の別館【地元レビュー】		2026-06-27T10:00:00+09:00	2026-06-28			
content/travel-guide/hotels/hotel-ilfiore-kasai-annex.zh-tw.md	zh-tw	page	/zh-tw/travel-guide/hotels/hotel-ilfiore-kasai-annex/	葛西菲奧雷飯店 ANNEX | 距葛西站步行3分鐘·豪華房最多6人·1F自助洗衣·5,500日圓起		2026-06-27T10:00:00+09:00	2026-10-04			
content/travel-guide/hotels/hotel-ilfiore-kasai-annex.zh.md	zh	page	/zh/travel-guide/hotels/hotel-ilfiore-kasai-annex/	葛西菲奥雷酒店 ANNEX | 距葛西站步行3分钟·豪华房最多6人·1F自助洗衣·5,500日元起		2026-06-27T10:00:00+09:00	2026-10-04			
content/travel-guide/hotels/hotel-ilfiore-kasai.en.md	en	page	/en/travel-guide/hotels/hotel-ilfiore-kasai/	Hotel Il Fiore Kasai | 3-Min Walk from Kasai Station, Family Rooms for Up to 4, ~25 Min to TDR		2026-06-27T10:00:00+09:00	2026-06-28			
content/travel-guide/hotels/hotel-ilfiore-kasai.ko.md	ko	page	/ko/travel-guide/hotels/hotel-ilfiore-kasai/	호텔 일 피오레 가사이 | 가사이역에서 도보 3분·패밀리룸 최대 4인·초등학생 이하 어린이 무료·15:00–20:00 무료 음료		2026-06-27T10:00:00+09:00	2026-10-01			
content/travel-guide/hotels/hotel-ilfiore-kasai.md	ja	page	/travel-guide/hotels/hotel-ilfiore-kasai/	ホテルイルフィオーレ葛西｜葛西駅徒歩3分・最大4名のファミリールーム、TDRまで約25分のデザイナーズ系ホテル【地元レビュー】		2026-06-27T10:00:00+09:00	2026-06-28			
content/travel-guide/hotels/hotel-ilfiore-kasai.zh-tw.md	zh-tw	page	/zh-tw/travel-guide/hotels/hotel-ilfiore-kasai/	葛西菲奧雷飯店 | 距葛西站步行3分鐘·家庭房最多4人·國小以下兒童免費·15:00–20:00免費飲料		2026-06-27T10:00:00+09:00	2026-10-04			
content/travel-guide/hotels/hotel-ilfiore-kasai.zh.md	zh	page	/zh/travel-guide/hotels/hotel-ilfiore-kasai/	葛西菲奥雷酒店 | 距葛西站步行3分钟·家庭房最多4人·小学生以下儿童免费·15:00–20:00免费饮料		2026-06-27T10:00:00+09:00	2026-10-04			
content/travel-guide/hotels/hotel-lumiere-kasai.en.md	en	page	/en/travel-guide/hotels/hotel-lumiere-kasai/	Hotel Lumiere Kasai | 2-Min Walk from Kasai Station, Free Breakfast, Rooms with Mini Kitchen		2026-06-27T10:00:00+09:00	2026-07-22			
content/travel-guide/hotels/hotel-lumiere-kasai.ko.md	ko	page	/ko/travel-guide/hotels/hotel-lumiere-kasai/	호텔 뤼미에르 가사이 | 가사이역에서 도보 2분·무료 조식(6:30–10:00)·미니 주방 트윈룸·여러 층 코인 세탁		2026-06-27T10:00:00+09:00	2026-10-01			
content/travel-guide/hotels/hotel-lumiere-kasai.md	ja	page	/travel-guide/hotels/hotel-lumiere-kasai/	ホテル ルミエール葛西｜葛西駅徒歩2分・無料朝食付き、ミニキッチン付き客室もあるビジネスホテル【地元レビュー】		2026-06-27T10:00:00+09:00	2026-06-28			
content/travel-guide/hotels/hotel-lumiere-kasai.zh-tw.md	zh-tw	page	/zh-tw/travel-guide/hotels/hotel-lumiere-kasai/	葛西盧米埃爾飯店 | 距葛西站步行2分鐘·免費早餐（6:30–10:00）·含迷你廚房雙床房·多樓層自助洗衣		2026-06-27T10:00:00+09:00	2026-10-04			
content/travel-guide/hotels/hotel-lumiere-kasai.zh.md	zh	page	/zh/travel-guide/hotels/hotel-lumiere-kasai/	葛西卢米埃尔酒店 | 距葛西站步行2分钟·免费早餐（6:30–10:00）·含迷你厨房双床房·多层楼自助洗衣		2026-06-27T10:00:00+09:00	2026-10-04			
content/travel-guide/hotels/hotel-okura-tokyo-bay.en.md	en	page	/en/travel-guide/hotels/hotel-okura-tokyo-bay/	Hotel Okura Tokyo Bay | Breakfast from 6:00am (Earliest Among Official Hotels), All Rooms 44 m²+, Marble Bathroom		2026-06-17T10:00:00+09:00	2026-07-22			
content/travel-guide/hotels/hotel-okura-tokyo-bay.ko.md	ko	page	/ko/travel-guide/hotels/hotel-okura-tokyo-bay/	호텔 오쿠라 도쿄 베이 | 조식 6:00 시작(공식 호텔 중 가장 이름)·전 객실 44㎡ 이상·대리석 욕실		2026-06-17T10:00:00+09:00	2026-10-01			
content/travel-guide/hotels/hotel-okura-tokyo-bay.md	ja	page	/travel-guide/hotels/hotel-okura-tokyo-bay/	ホテルオークラ東京ベイ｜全室44㎡以上・総大理石バスルームと朝6時開始の朝食が揃うアニバーサリーホテル【地元レビュー】		2026-06-17T10:00:00+09:00	2026-06-17			
content/travel-guide/hotels/hotel-okura-tokyo-bay.zh-tw.md	zh-tw	page	/zh-tw/travel-guide/hotels/hotel-okura-tokyo-bay/	東京灣大倉飯店 | 早餐6:00開始（官方飯店最早）·全室44㎡以上·大理石浴室		2026-06-17T10:00:00+09:00	2026-10-04			
content/travel-guide/hotels/hotel-okura-tokyo-bay.zh.md	zh	page	/zh/travel-guide/hotels/hotel-okura-tokyo-bay/	东京湾大仓酒店 | 早餐6:00开始（官方酒店最早）·全室44㎡以上·大理石浴室		2026-06-17T10:00:00+09:00	2026-10-04			
content/travel-guide/hotels/hotel-seaside-edogawa.en.md	en	page	/en/travel-guide/hotels/hotel-seaside-edogawa/	Hotel Seaside Edogawa | Inside Kasai Rinkai Park, 3-Min Walk from Station, Japanese-Style Rooms by the Bay		2026-06-27T10:00:00+09:00	2026-06-28			
content/travel-guide/hotels/hotel-seaside-edogawa.ko.md	ko	page	/ko/travel-guide/hotels/hotel-seaside-edogawa/	호텔 시사이드 에도가와 | 가사이 임해공원 내·다다미 객실 14실(베이 지역 드묾)·남녀 분리 대욕장·역에서 도보 3분		2026-06-27T10:00:00+09:00	2026-06-27			
content/travel-guide/hotels/hotel-seaside-edogawa.md	ja	page	/travel-guide/hotels/hotel-seaside-edogawa/	ホテルシーサイド江戸川｜葛西臨海公園内・駅徒歩3分、和室もあるベイサイドのアーバンリゾート【地元レビュー】		2026-06-27T10:00:00+09:00	2026-06-28			
content/travel-guide/hotels/hotel-seaside-edogawa.zh-tw.md	zh-tw	page	/zh-tw/travel-guide/hotels/hotel-seaside-edogawa/	江戶川海濱飯店 | 葛西臨海公園內·14間和室（灣區罕見）·男女分設大浴場·距車站步行3分鐘		2026-06-27T10:00:00+09:00	2026-10-04			
content/travel-guide/hotels/hotel-seaside-edogawa.zh.md	zh	page	/zh/travel-guide/hotels/hotel-seaside-edogawa/	江户川海滨酒店 | 葛西临海公园内·14间和室（湾区罕见）·男女分设大浴场·距车站步行3分钟		2026-06-27T10:00:00+09:00	2026-10-04			
content/travel-guide/hotels/hyatt-regency-tokyo-bay.en.md	en	page	/en/travel-guide/hotels/hyatt-regency-tokyo-bay/	Hyatt Regency Tokyo Bay | Dedicated Limousine Stop Added Dec 2024, Club Lounge, Chromecast in All Rooms		2026-06-17T10:00:00+09:00	2026-10-02			
content/travel-guide/hotels/hyatt-regency-tokyo-bay.ko.md	ko	page	/ko/travel-guide/hotels/hyatt-regency-tokyo-bay/	하얏트 리젠시 도쿄 베이 | 2024년 12월 신설 리무진 전용 정류장·이그제큐티브 라운지·전 객실 세면대와 욕실 분리·크롬캐스트		2026-06-17T10:00:00+09:00	2026-10-02			
content/travel-guide/hotels/hyatt-regency-tokyo-bay.md	ja	page	/travel-guide/hotels/hyatt-regency-tokyo-bay/	ハイアット リージェンシー 東京ベイ｜2024年末に羽田・成田リムジン専用停留所が新設された新浦安エリアの大型リゾートホテル【地元レビュー】		2026-06-17T10:00:00+09:00	2026-06-17			
content/travel-guide/hotels/hyatt-regency-tokyo-bay.zh-tw.md	zh-tw	page	/zh-tw/travel-guide/hotels/hyatt-regency-tokyo-bay/	東京灣凱悅飯店 | 2024年12月新設利木津專用站‧行政酒廊‧全室洗手台與浴室分離‧Chromecast		2026-06-17T10:00:00+09:00	2026-10-04			
content/travel-guide/hotels/hyatt-regency-tokyo-bay.zh.md	zh	page	/zh/travel-guide/hotels/hyatt-regency-tokyo-bay/	东京湾凯悦酒店 | 2024年12月新设利木津专用站·行政酒廊·全室洗面台与浴室独立·Chromecast		2026-06-17T10:00:00+09:00	2026-10-04			
content/travel-guide/hotels/ibis-styles-tokyo-bay.en.md	en	page	/en/travel-guide/hotels/ibis-styles-tokyo-bay/	ibis Styles Tokyo Bay | Accor Design Hotel, 14:00 Check-In (1 Hour Earlier), Coin Laundry, Children 11 and Under Sleep Free		2026-06-17T10:00:00+09:00	2026-10-02			
content/travel-guide/hotels/ibis-styles-tokyo-bay.ko.md	ko	page	/ko/travel-guide/hotels/ibis-styles-tokyo-bay/	이비스 스타일스 도쿄 베이 | 아코르 디자인 호텔·14:00 가장 이른 체크인·11세 이하 어린이 무료·짐 무료 보관(전후 모두)		2026-06-17T10:00:00+09:00	2026-10-02			
content/travel-guide/hotels/ibis-styles-tokyo-bay.md	ja	page	/travel-guide/hotels/ibis-styles-tokyo-bay/	イビス スタイルズ 東京ベイ｜アコーホテルズ系列・和洋食ビュッフェ朝食込み・チェックイン14時から可能なデザインホテル【地元レビュー】		2026-06-17T10:00:00+09:00	2026-10-01			
content/travel-guide/hotels/ibis-styles-tokyo-bay.zh-tw.md	zh-tw	page	/zh-tw/travel-guide/hotels/ibis-styles-tokyo-bay/	東京灣宜必思尚品飯店 | 雅高設計飯店‧14:00最早入住‧11歲以下兒童免費‧行李免費寄放（前後皆可）		2026-06-17T10:00:00+09:00	2026-10-04			
content/travel-guide/hotels/ibis-styles-tokyo-bay.zh.md	zh	page	/zh/travel-guide/hotels/ibis-styles-tokyo-bay/	东京湾宜必思尚品酒店 | 雅高设计酒店·14:00最早入住·11岁以下儿童免费·行李免费寄存（前后均可）		2026-06-17T10:00:00+09:00	2026-10-04			
content/travel-guide/hotels/kids.en.md	en	page	/en/travel-guide/hotels/kids/	Best Family Hotels near Tokyo Disneyland & DisneySea | Kid-Friendly Picks by Locals		2026-06-16T10:00:00+09:00	2026-10-01			
content/travel-guide/hotels/kids.ko.md	ko	page	/ko/travel-guide/hotels/kids/	도쿄 디즈니 가족 호텔 추천 | 대욕장·넓은 객실·편의점·파크 근접(현지 시선)		2026-06-30T10:00:00+09:00	2026-10-01			
content/travel-guide/hotels/kids.md	ja	page	/travel-guide/hotels/kids/	子連れディズニーのホテル選び完全ガイド｜浦安・舞浜エリア徹底比較【地元発】		2026-06-16T10:00:00+09:00	2026-10-01			
content/travel-guide/hotels/kids.zh-tw.md	zh-tw	page	/zh-tw/travel-guide/hotels/kids/	東京迪士尼親子飯店推薦 | 大浴場·寬敞客房·便利商店·距樂園近（在地視角）		2026-06-30T10:00:00+09:00	2026-10-04			
content/travel-guide/hotels/kids.zh.md	zh	page	/zh/travel-guide/hotels/kids/	东京迪士尼亲子酒店推荐 | 大浴场·宽敞客房·便利店·距乐园近（本地视角）		2026-06-30T10:00:00+09:00	2026-10-04			
content/travel-guide/hotels/lagent-tokyo-bay.en.md	en	page	/en/travel-guide/hotels/lagent-tokyo-bay/	LAGENT HOTEL Tokyo Bay | 2024 Rakuten Silver Award, Adjacent Convenience Store Open 24 Hours, 190 Parking Spaces		2026-06-17T10:00:00+09:00	2026-10-02			
content/travel-guide/hotels/lagent-tokyo-bay.ko.md	ko	page	/ko/travel-guide/hotels/lagent-tokyo-bay/	라젠트 호텔 도쿄 베이 | 2024년 라쿠텐 트래블 실버상·190대 주차·인접 24시간 편의점·6인 투숙 가능		2026-06-17T10:00:00+09:00	2026-10-02			
content/travel-guide/hotels/lagent-tokyo-bay.md	ja	page	/travel-guide/hotels/lagent-tokyo-bay/	ラ・ジェント・ホテル東京ベイ｜隣接24時間コンビニ・最大6名対応・190台駐車場・2024楽天シルバーアワード受賞のバリューホテル【地元レビュー】		2026-06-17T10:00:00+09:00	2026-06-17			
content/travel-guide/hotels/lagent-tokyo-bay.zh-tw.md	zh-tw	page	/zh-tw/travel-guide/hotels/lagent-tokyo-bay/	東京灣拉珍特飯店 | 2024年樂天旅遊銀獎‧190個停車位‧相鄰24小時便利商店‧可住6人		2026-06-17T10:00:00+09:00	2026-10-04			
content/travel-guide/hotels/lagent-tokyo-bay.zh.md	zh	page	/zh/travel-guide/hotels/lagent-tokyo-bay/	东京湾拉珍特酒店 | 2024年乐天旅行银奖·190个停车位·相邻24小时便利店·可住6人		2026-06-17T10:00:00+09:00	2026-10-04			
content/travel-guide/hotels/livemax-kasai-ekimae.en.md	en	page	/en/travel-guide/hotels/livemax-kasai-ekimae/	HOTEL LiVEMAX Kasai-Ekimae | 3-Min Walk from Kasai Station, 57 Rooms, Coin Laundry with Café		2026-06-27T10:00:00+09:00	2026-06-28			
content/travel-guide/hotels/livemax-kasai-ekimae.ko.md	ko	page	/ko/travel-guide/hotels/livemax-kasai-ekimae/	호텔 리브맥스 가사이역앞 | 가사이역에서 도보 3분·카페 딸린 코인 세탁 'MAX WASH & CAFE'·5,000엔부터		2026-06-27T10:00:00+09:00	2026-10-01			
content/travel-guide/hotels/livemax-kasai-ekimae.md	ja	page	/travel-guide/hotels/livemax-kasai-ekimae/	ホテルリブマックス葛西駅前｜葛西駅徒歩3分・全57室、コインランドリー併設カフェのあるチェーン系ビジネスホテル【地元レビュー】		2026-06-27T10:00:00+09:00	2026-06-28			
content/travel-guide/hotels/livemax-kasai-ekimae.zh-tw.md	zh-tw	page	/zh-tw/travel-guide/hotels/livemax-kasai-ekimae/	LiVEMAX葛西站前飯店 | 距葛西站步行3分鐘·帶咖啡廳的自助洗衣「MAX WASH & CAFE」·5,000日圓起		2026-06-27T10:00:00+09:00	2026-10-04			
content/travel-guide/hotels/livemax-kasai-ekimae.zh.md	zh	page	/zh/travel-guide/hotels/livemax-kasai-ekimae/	LiVEMAX葛西站前酒店 | 距葛西站步行3分钟·带咖啡厅的自助洗衣「MAX WASH & CAFE」·5,000日元起		2026-06-27T10:00:00+09:00	2026-10-04			
content/travel-guide/hotels/maihama-eurasia.en.md	en	page	/en/travel-guide/hotels/maihama-eurasia/	Maihama Eurasia | The Only Natural Hot Spring in the Maihama Resort Area, Shuttles from 3 Stations, Day-Trip Spa Available		2026-06-17T10:00:00+09:00	2026-10-03			
content/travel-guide/hotels/maihama-eurasia.ko.md	ko	page	/ko/travel-guide/hotels/maihama-eurasia/	스파&호텔 마이하마 유라시아 | 마이하마 리조트 내 유일하게 외부 개방 천연 온천·3개 역 셔틀·당일 온천도 가능		2026-06-17T10:00:00+09:00	2026-10-03			
content/travel-guide/hotels/maihama-eurasia.md	ja	page	/travel-guide/hotels/maihama-eurasia/	スパ＆ホテル 舞浜ユーラシア｜舞浜エリア唯一の天然温泉・3駅から無料シャトルで行けるスパリゾート【地元レビュー】		2026-06-17T10:00:00+09:00	2026-10-03			
content/travel-guide/hotels/maihama-eurasia.zh-tw.md	zh-tw	page	/zh-tw/travel-guide/hotels/maihama-eurasia/	SPA&HOTEL 舞濱歐亞 | 舞濱度假區內唯一可公開使用的天然溫泉·三站接駁車·單純泡湯也可		2026-06-17T10:00:00+09:00	2026-10-04			
content/travel-guide/hotels/maihama-eurasia.zh.md	zh	page	/zh/travel-guide/hotels/maihama-eurasia/	SPA&HOTEL 舞滨欧亚 | 舞滨度假区内唯一可公开使用的天然温泉·三站接驳班车·日归温泉也可		2026-06-17T10:00:00+09:00	2026-10-04			
content/travel-guide/hotels/maihama-hotel-first-resort.en.md	en	page	/en/travel-guide/hotels/maihama-hotel-first-resort/	Maihama Hotel First Resort | The First TDR Official Hotel (Historic), Themed Rooms, Limousine Reservation-Only by Phone		2026-06-17T10:00:00+09:00	2026-10-02			
content/travel-guide/hotels/maihama-hotel-first-resort.ko.md	ko	page	/ko/travel-guide/hotels/maihama-hotel-first-resort/	도쿄 베이 마이하마 호텔 퍼스트 리조트 | TDR 최초의 공식 호텔(1983)·테마 객실·나리타 리무진 전화 예약 필요		2026-06-17T10:00:00+09:00	2026-10-02			
content/travel-guide/hotels/maihama-hotel-first-resort.md	ja	page	/travel-guide/hotels/maihama-hotel-first-resort/	東京ベイ舞浜ホテル ファーストリゾート｜TDRオフィシャルホテル第一号・豊富なコンセプトルームと予約制リムジンが特徴【地元レビュー】		2026-06-17T10:00:00+09:00	2026-06-17			
content/travel-guide/hotels/maihama-hotel-first-resort.zh-tw.md	zh-tw	page	/zh-tw/travel-guide/hotels/maihama-hotel-first-resort/	東京灣舞濱飯店 第一度假村 | TDR最初的官方飯店（1983）·主題客房·成田利木津需電話預約		2026-06-17T10:00:00+09:00	2026-10-04			
content/travel-guide/hotels/maihama-hotel-first-resort.zh.md	zh	page	/zh/travel-guide/hotels/maihama-hotel-first-resort/	东京湾舞滨酒店 第一度假村 | TDR最初的官方酒店（1983）·主题客房·成田利木津需电话预约		2026-06-17T10:00:00+09:00	2026-10-04			
content/travel-guide/hotels/maihama-view-hotel.en.md	en	page	/en/travel-guide/hotels/maihama-view-hotel/	Maihama View Hotel | TDR Official Hotel Rebranded 2025, Large Bath 'Spa Rose', Free Shuttle to Maihama and Ikspiari		2026-06-17T10:00:00+09:00	2026-10-02			
content/travel-guide/hotels/maihama-view-hotel.ko.md	ko	page	/ko/travel-guide/hotels/maihama-view-hotel/	마이하마 뷰 호텔 by HULIC | 2025년 명칭 변경·대욕장 'Spa Rose'·5분 셔틀로 마이하마역과 익스피아리 직행		2026-06-17T10:00:00+09:00	2026-10-02			
content/travel-guide/hotels/maihama-view-hotel.md	ja	page	/travel-guide/hotels/maihama-view-hotel/	舞浜ビューホテル by HULIC｜スパ・ローズ（大浴場）とホテル発無料シャトルで舞浜駅へ5分のオフィシャルホテル【地元レビュー】		2026-06-17T10:00:00+09:00	2026-10-01			
content/travel-guide/hotels/maihama-view-hotel.zh-tw.md	zh-tw	page	/zh-tw/travel-guide/hotels/maihama-view-hotel/	舞濱觀景飯店 by HULIC | 2025年更名·大浴場「Spa Rose」·5分鐘接駁車直達舞濱站與Ikspiari		2026-06-17T10:00:00+09:00	2026-10-04			
content/travel-guide/hotels/maihama-view-hotel.zh.md	zh	page	/zh/travel-guide/hotels/maihama-view-hotel/	舞滨观景酒店 by HULIC | 2025年更名·大浴场「Spa Rose」·5分钟班车直达舞滨站与伊克斯皮儿莉		2026-06-17T10:00:00+09:00	2026-10-04			
content/travel-guide/hotels/miracosta.en.md	en	page	/en/travel-guide/hotels/miracosta/	Tokyo DisneySea Hotel MiraCosta | The Only Hotel Located Inside TDS		2026-06-17T10:00:00+09:00	2026-10-04			
content/travel-guide/hotels/miracosta.ko.md	ko	page	/ko/travel-guide/hotels/miracosta/	도쿄디즈니씨 호텔 미라코스타 | 디즈니씨 파크 안에 위치한 유일한 호텔		2026-06-17T10:00:00+09:00	2026-10-04			
content/travel-guide/hotels/miracosta.md	ja	page	/travel-guide/hotels/miracosta/	東京ディズニーシー・ホテルミラコスタ｜TDS「パーク内」に泊まれる唯一のホテル【地元レビュー】		2026-06-17T10:00:00+09:00	2026-10-04			
content/travel-guide/hotels/miracosta.zh-tw.md	zh-tw	page	/zh-tw/travel-guide/hotels/miracosta/	東京迪士尼海洋觀海景大飯店 米拉柯斯達 | 唯一坐落於迪士尼海洋園區內的飯店		2026-06-17T10:00:00+09:00	2026-10-04			
content/travel-guide/hotels/miracosta.zh.md	zh	page	/zh/travel-guide/hotels/miracosta/	东京迪士尼海洋观海景大饭店 米拉柯斯达 | 唯一坐落于迪士尼海洋园区内的酒店		2026-06-17T10:00:00+09:00	2026-10-04			
content/travel-guide/hotels/mitsui-garden-prana.en.md	en	page	/en/travel-guide/hotels/mitsui-garden-prana/	Mitsui Garden Hotel Prana Tokyo Bay | Rooftop Sea-View Large Bath Free for Guests, 24-Hour Convenience Store In-House, Airport Limousine at the Door		2026-06-17T10:00:00+09:00	2026-10-02			
content/travel-guide/hotels/mitsui-garden-prana.ko.md	ko	page	/ko/travel-guide/hotels/mitsui-garden-prana/	미쓰이 가든 호텔 프라나 도쿄 베이 | 옥상 오션뷰 대욕장(무료)·관내 24시간 편의점·호텔 전용 리무진 버스 정류장		2026-06-17T10:00:00+09:00	2026-10-02			
content/travel-guide/hotels/mitsui-garden-prana.md	ja	page	/travel-guide/hotels/mitsui-garden-prana/	三井ガーデンホテルプラナ東京ベイ｜展望大浴場と館内コンビニが魅力のパートナーホテル【地元レビュー】		2026-06-16T10:00:00+09:00	2026-10-03			
content/travel-guide/hotels/mitsui-garden-prana.zh-tw.md	zh-tw	page	/zh-tw/travel-guide/hotels/mitsui-garden-prana/	三井花園飯店 普拉納東京灣 | 頂樓海景大浴場（免費）‧館內24小時便利商店‧飯店專用利木津巴士站		2026-06-17T10:00:00+09:00	2026-10-04			
content/travel-guide/hotels/mitsui-garden-prana.zh.md	zh	page	/zh/travel-guide/hotels/mitsui-garden-prana/	三井花园酒店 普拉纳东京湾 | 屋顶海景大浴场（免费）·馆内24小时便利店·酒店专用利木津巴士站		2026-06-17T10:00:00+09:00	2026-10-04			
content/travel-guide/hotels/mystays-maihama.en.md	en	page	/en/travel-guide/hotels/mystays-maihama/	MyStays Maihama | 6-Minute Walk to TDS (Closest in Area B), Foot Massager in All Rooms, Fresh-Baked Bread Breakfast		2026-06-17T10:00:00+09:00	2026-10-02			
content/travel-guide/hotels/mystays-maihama.ko.md	ko	page	/ko/travel-guide/hotels/mystays-maihama/	호텔 마이스테이즈 마이하마 | 비(非)디즈니 호텔 중 TDS 도보 최단(약 6분)·전 객실 발 마사지기·갓 구운 빵 조식		2026-06-17T10:00:00+09:00	2026-10-02			
content/travel-guide/hotels/mystays-maihama.md	ja	page	/travel-guide/hotels/mystays-maihama/	ホテルマイステイズ舞浜｜TDS徒歩6分・全室フットマッサージ・焼き立てパン朝食が人気のビジネスホテル【地元レビュー】		2026-06-17T10:00:00+09:00	2026-06-17			
content/travel-guide/hotels/mystays-maihama.zh-tw.md	zh-tw	page	/zh-tw/travel-guide/hotels/mystays-maihama/	舞濱MyStays飯店 | 非迪士尼飯店中步行至TDS最近（約6分鐘）·全室足部按摩機·現烤麵包早餐		2026-06-17T10:00:00+09:00	2026-10-04			
content/travel-guide/hotels/mystays-maihama.zh.md	zh	page	/zh/travel-guide/hotels/mystays-maihama/	舞滨MyStays酒店 | 非迪士尼酒店中步行至TDS最近（约6分钟）·全室足部按摩机·现烤面包早餐		2026-06-17T10:00:00+09:00	2026-10-04			
content/travel-guide/hotels/mystays-shin-urayasu.en.md	en	page	/en/travel-guide/hotels/mystays-shin-urayasu/	MyStays Hotel Shin-Urayasu Conference Center | 24-Hour Coin Laundry ¥200, Conference Center, Budget Price in Shin-Urayasu		2026-06-17T10:00:00+09:00	2026-10-02			
content/travel-guide/hotels/mystays-shin-urayasu.ko.md	ko	page	/ko/travel-guide/hotels/mystays-shin-urayasu/	마이스테이즈 신우라야스 컨퍼런스 센터 | 24시간 코인 세탁 200엔/회(지역 최저)·컨퍼런스 센터·7,500엔부터		2026-06-17T10:00:00+09:00	2026-10-02			
content/travel-guide/hotels/mystays-shin-urayasu.md	ja	page	/travel-guide/hotels/mystays-shin-urayasu/	マイステイズ新浦安コンファレンスセンター｜コスパ最優先・朝食和洋ビュッフェ・コインランドリー24時間のビジネスホテル【地元レビュー】		2026-06-17T10:00:00+09:00	2026-10-01			
content/travel-guide/hotels/mystays-shin-urayasu.zh-tw.md	zh-tw	page	/zh-tw/travel-guide/hotels/mystays-shin-urayasu/	新浦安MyStays會議中心飯店 | 24小時自助洗衣200日圓/次（區域最低）·會議中心·7,500日圓起		2026-06-17T10:00:00+09:00	2026-10-04			
content/travel-guide/hotels/mystays-shin-urayasu.zh.md	zh	page	/zh/travel-guide/hotels/mystays-shin-urayasu/	新浦安MyStays会议中心酒店 | 24小时自助洗衣200日元/次（区域最低）·会议中心·7,500日元起		2026-06-17T10:00:00+09:00	2026-10-04			
content/travel-guide/hotels/near-disneysea.zh-tw.md	zh-tw	page	/zh-tw/travel-guide/hotels/near-disneysea/	東京迪士尼海洋附近飯店怎麼選｜園內·直通·步行·單軌一站·接駁車，依距離分5級（在地版）		2026-09-13T09:30:00+09:00	2026-10-04			
content/travel-guide/hotels/oriental-tokyo-bay.en.md	en	page	/en/travel-guide/hotels/oriental-tokyo-bay/	Hotel Oriental Tokyo Bay | 1-Minute from Shin-Urayasu Station, 69 Shuttles/Day, 24-Hour In-House Convenience Store, Cinderella Rooms		2026-06-17T10:00:00+09:00	2026-10-02			
content/travel-guide/hotels/oriental-tokyo-bay.ko.md	ko	page	/ko/travel-guide/hotels/oriental-tokyo-bay/	오리엔탈 호텔 도쿄 베이 | 하루 69편 무료 셔틀(파트너 호텔 최다)·관내 24시간 편의점·신데렐라 테마룸		2026-06-17T10:00:00+09:00	2026-10-02			
content/travel-guide/hotels/oriental-tokyo-bay.md	ja	page	/travel-guide/hotels/oriental-tokyo-bay/	オリエンタルホテル東京ベイ｜新浦安駅デッキ直結・シャトル1日69便でTDRへ直行するパートナーホテル【地元レビュー】		2026-06-17T10:00:00+09:00	2026-10-01			
content/travel-guide/hotels/oriental-tokyo-bay.zh-tw.md	zh-tw	page	/zh-tw/travel-guide/hotels/oriental-tokyo-bay/	東京灣東方飯店 | 每日69班免費接駁車（官方飯店最多）‧館內24小時便利商店‧灰姑娘主題房		2026-06-17T10:00:00+09:00	2026-10-04			
content/travel-guide/hotels/oriental-tokyo-bay.zh.md	zh	page	/zh/travel-guide/hotels/oriental-tokyo-bay/	东京湾东方酒店 | 每日69班免费班车（合作酒店最多）·馆内24小时便利店·灰姑娘主题房		2026-06-17T10:00:00+09:00	2026-10-04			
content/travel-guide/hotels/premium-monday-maihama-view-1.en.md	en	page	/en/travel-guide/hotels/premium-monday-maihama-view-1/	Premium hotel MONday Maihama View I | Opened Dec 2025, Spacious Rooms + Sauna Bath, Free Shuttle to TDR		2026-06-27T10:00:00+09:00	2026-07-22			
content/travel-guide/hotels/premium-monday-maihama-view-1.ko.md	ko	page	/ko/travel-guide/hotels/premium-monday-maihama-view-1/	Premium hotel MONday 마이하마 뷰Ⅰ | 2025년 12월 개업·전 객실 넓음(최대 약 56㎡)·대욕장 사우나·무료 TDR 셔틀		2026-06-27T10:00:00+09:00	2026-10-01			
content/travel-guide/hotels/premium-monday-maihama-view-1.md	ja	page	/travel-guide/hotels/premium-monday-maihama-view-1/	Premium hotel MONday 舞浜ビューⅠ｜2025年12月開業・全室広め＋サウナ付大浴場、TDRへ無料シャトルのアパートメントホテル【地元レビュー】		2026-06-27T10:00:00+09:00	2026-06-28			
content/travel-guide/hotels/premium-monday-maihama-view-1.zh-tw.md	zh-tw	page	/zh-tw/travel-guide/hotels/premium-monday-maihama-view-1/	Premium hotel MONday 舞濱景觀Ⅰ | 2025年12月開幕·全室寬敞（最大約56㎡）·大浴場三溫暖·免費TDR接駁車		2026-06-27T10:00:00+09:00	2026-10-04			
content/travel-guide/hotels/premium-monday-maihama-view-1.zh.md	zh	page	/zh/travel-guide/hotels/premium-monday-maihama-view-1/	Premium hotel MONday 舞滨景观Ⅰ | 2025年12月开业·全室宽敞（最大约56㎡）·大浴场桑拿·免费TDR班车		2026-06-27T10:00:00+09:00	2026-10-04			
content/travel-guide/hotels/royal-park-maihama.en.md	en	page	/en/travel-guide/hotels/royal-park-maihama/	Royal Park Hotel The Maihama | Opened February 2026, 750 Rooms, In-House Lawson 24hr, 10 Coin Laundry Machines		2026-06-17T10:00:00+09:00	2026-10-02			
content/travel-guide/hotels/royal-park-maihama.ko.md	ko	page	/ko/travel-guide/hotels/royal-park-maihama/	더 로열 파크 호텔 마이하마 리조트 도쿄 베이 | 2026년 2월 개업·750객실·24시간 로손·코인 세탁기 10대		2026-06-17T10:00:00+09:00	2026-10-02			
content/travel-guide/hotels/royal-park-maihama.md	ja	page	/travel-guide/hotels/royal-park-maihama/	ザ ロイヤルパークホテル 舞浜リゾート 東京ベイ｜2026年2月開業750室・専用シャトルとローソン館内直結の大型リゾートホテル【地元レビュー】		2026-06-17T10:00:00+09:00	2026-06-27			
content/travel-guide/hotels/royal-park-maihama.zh-tw.md	zh-tw	page	/zh-tw/travel-guide/hotels/royal-park-maihama/	舞濱皇家花園飯店 東京灣 | 2026年2月開幕·750間客房·24小時羅森·10台自助洗衣機		2026-06-17T10:00:00+09:00	2026-10-04			
content/travel-guide/hotels/royal-park-maihama.zh.md	zh	page	/zh/travel-guide/hotels/royal-park-maihama/	舞滨皇家花园酒店 东京湾 | 2026年2月开业·750间客房·24小时罗森·10台自助洗衣机		2026-06-17T10:00:00+09:00	2026-10-04			
content/travel-guide/hotels/sheraton-grande-tokyo-bay.en.md	en	page	/en/travel-guide/hotels/sheraton-grande-tokyo-bay/	Sheraton Grande Tokyo Bay Hotel | Large Bath 'Maiyu' with Sauna, Year-Round Indoor Pool, OASIS Recreation Facility, Official Hotel		2026-06-17T10:00:00+09:00	2026-07-22			
content/travel-guide/hotels/sheraton-grande-tokyo-bay.ko.md	ko	page	/ko/travel-guide/hotels/sheraton-grande-tokyo-bay/	쉐라톤 그란데 도쿄 베이 호텔 | 대욕장 '마이유'·실내외 수영장·OASIS 오락 시설·베이사이드 스테이션 도보 1분		2026-06-17T10:00:00+09:00	2026-10-01			
content/travel-guide/hotels/sheraton-grande-tokyo-bay.md	ja	page	/travel-guide/hotels/sheraton-grande-tokyo-bay/	シェラトン・グランデ・トーキョーベイ・ホテル｜大浴場「舞湯」・室内温水プール・OASIS施設が揃うオフィシャルホテル【地元レビュー】		2026-06-17T10:00:00+09:00	2026-10-03			
content/travel-guide/hotels/sheraton-grande-tokyo-bay.zh-tw.md	zh-tw	page	/zh-tw/travel-guide/hotels/sheraton-grande-tokyo-bay/	東京灣喜來登大飯店 | 大浴場「舞融」·室內外泳池·OASIS娛樂設施·距海灣站步行1分鐘		2026-06-17T10:00:00+09:00	2026-10-04			
content/travel-guide/hotels/sheraton-grande-tokyo-bay.zh.md	zh	page	/zh/travel-guide/hotels/sheraton-grande-tokyo-bay/	东京湾喜来登大酒店 | 大浴场「舞融」·室内外泳池·OASIS娱乐设施·距海湾站步行1分钟		2026-06-17T10:00:00+09:00	2026-10-04			
content/travel-guide/hotels/shuttle.en.md	en	page	/en/travel-guide/hotels/shuttle/	Urayasu Hotels with Free Shuttle Buses to Tokyo Disney Resort | How Park Shuttles Really Work		2026-07-06T10:00:00+09:00	2026-09-09			
content/travel-guide/hotels/shuttle.ko.md	ko	page	/ko/travel-guide/hotels/shuttle/	도쿄 디즈니 무료 셔틀버스 호텔 총정리 | 파크 셔틀의 4가지 유형과 예약 전 체크포인트		2026-07-06T10:00:00+09:00	2026-09-09			
content/travel-guide/hotels/shuttle.md	ja	page	/travel-guide/hotels/shuttle/	無料シャトルバスのある東京ディズニーリゾート周辺ホテル｜パークシャトルの実態を解説		2026-07-06T10:00:00+09:00	2026-09-08			
content/travel-guide/hotels/shuttle.zh-tw.md	zh-tw	page	/zh-tw/travel-guide/hotels/shuttle/	東京迪士尼免費接駁車飯店全指南 | 樂園接駁車的4種類型與訂房前必查事項		2026-07-06T10:00:00+09:00	2026-09-09			
content/travel-guide/hotels/shuttle.zh.md	zh	page	/zh/travel-guide/hotels/shuttle/	东京迪士尼免费班车酒店全指南 | 乐园班车的4种类型与预订前必查事项		2026-07-06T10:00:00+09:00	2026-09-09			
content/travel-guide/hotels/superhotel-myoden.en.md	en	page	/en/travel-guide/hotels/superhotel-myoden/	Super Hotel Tozai Line Ichikawa-Myoden | 2-Min Walk from Myoden Station, Free Healthy Breakfast		2026-06-27T10:00:00+09:00	2026-07-22			
content/travel-guide/hotels/superhotel-myoden.ko.md	ko	page	/ko/travel-guide/hotels/superhotel-myoden/	슈퍼호텔 도자이선·이치카와·묘덴역앞 | 묘덴역에서 도보 2분·무료 유기농 채소 조식·갓 구운 빵·주차 50대		2026-06-27T10:00:00+09:00	2026-10-01			
content/travel-guide/hotels/superhotel-myoden.md	ja	page	/travel-guide/hotels/superhotel-myoden/	スーパーホテル東西線・市川・妙典駅前｜妙典駅徒歩2分・無料健康朝食、東西線で浦安へ出やすいビジネスホテル【地元レビュー】		2026-06-27T10:00:00+09:00	2026-06-28			
content/travel-guide/hotels/superhotel-myoden.zh-tw.md	zh-tw	page	/zh-tw/travel-guide/hotels/superhotel-myoden/	超級飯店 東西線·市川·妙典站前 | 距妙典站步行2分鐘·免費有機蔬菜早餐·現烤麵包·50個停車位		2026-06-27T10:00:00+09:00	2026-10-04			
content/travel-guide/hotels/superhotel-myoden.zh.md	zh	page	/zh/travel-guide/hotels/superhotel-myoden/	超级酒店 东西线·市川·妙典站前 | 距妙典站步行2分钟·免费有机蔬菜早餐·现烤面包·50个停车位		2026-06-27T10:00:00+09:00	2026-10-04			
content/travel-guide/hotels/tdl-hotel.en.md	en	page	/en/travel-guide/hotels/tdl-hotel/	Tokyo Disneyland Hotel | 1-Minute Covered Walkway to TDL, Happy Entry 15 Min, Breakfast from 6:30am — The Prestige TDL Hotel		2026-06-17T10:00:00+09:00	2026-10-02			
content/travel-guide/hotels/tdl-hotel.ko.md	ko	page	/ko/travel-guide/hotels/tdl-hotel/	도쿄디즈니랜드 호텔 | 지붕 있는 통로로 1분 직결·해피 엔트리 15분 일찍·조식 6:30 시작하는 최상급 디즈니 호텔		2026-06-17T10:00:00+09:00	2026-10-02			
content/travel-guide/hotels/tdl-hotel.md	ja	page	/travel-guide/hotels/tdl-hotel/	東京ディズニーランドホテル｜TDLゲート徒歩1分・15分早入園の最上級ディズニーホテル【地元レビュー】		2026-06-17T10:00:00+09:00	2026-09-30			
content/travel-guide/hotels/tdl-hotel.zh-tw.md	zh-tw	page	/zh-tw/travel-guide/hotels/tdl-hotel/	東京迪士尼樂園大飯店 | 附頂棚通道1分鐘直達樂園·Happy Entry提前15分鐘·早餐6:30開始的頂級迪士尼飯店		2026-06-17T10:00:00+09:00	2026-10-02			
content/travel-guide/hotels/tdl-hotel.zh.md	zh	page	/zh/travel-guide/hotels/tdl-hotel/	东京迪士尼乐园大饭店 | 带顶棚通道1分钟直达乐园·Happy Entry提前15分钟·早餐6:30开始的顶级迪士尼饭店		2026-06-17T10:00:00+09:00	2026-10-02			
content/travel-guide/hotels/toy-story-hotel.en.md	en	page	/en/travel-guide/hotels/toy-story-hotel/	Toy Story Hotel | Andy's Room Theme Disney Hotel, Close to Bayside Station, Fantasy Springs Entrance from 10:00		2026-06-17T10:00:00+09:00	2026-10-02			
content/travel-guide/hotels/toy-story-hotel.ko.md	ko	page	/ko/travel-guide/hotels/toy-story-hotel/	토이 스토리 호텔 | '앤디의 방' 테마 디즈니 호텔·베이사이드 스테이션 인접·판타지 스프링스 입구 10:00 개방		2026-06-17T10:00:00+09:00	2026-10-02			
content/travel-guide/hotels/toy-story-hotel.md	ja	page	/travel-guide/hotels/toy-story-hotel/	東京ディズニーリゾート・トイ・ストーリーホテル｜ベイサイドエリア最新・TDS新エリア入口に近いミドルクラスのディズニーホテル【地元レビュー】		2026-06-17T10:00:00+09:00	2026-09-30			
content/travel-guide/hotels/toy-story-hotel.zh-tw.md	zh-tw	page	/zh-tw/travel-guide/hotels/toy-story-hotel/	東京迪士尼度假區玩具總動員飯店 | 「安迪的房間」主題迪士尼飯店·緊鄰海灣站·夢幻泉鄉入口10:00開放		2026-06-17T10:00:00+09:00	2026-10-02			
content/travel-guide/hotels/toy-story-hotel.zh.md	zh	page	/zh/travel-guide/hotels/toy-story-hotel/	玩具总动员饭店 | 「安迪的房间」主题迪士尼饭店·紧邻海湾站·梦幻泉乡入口10:00开放		2026-06-17T10:00:00+09:00	2026-10-02			
content/travel-guide/hotels/types.en.md	en	page	/en/travel-guide/hotels/types/	Tokyo Disney Resort Hotel Categories Explained | Disney, Official, Partner & Good Neighbor Hotels		2026-06-30T10:00:00+09:00	2026-09-09			
content/travel-guide/hotels/types.ko.md	ko	page	/ko/travel-guide/hotels/types/	도쿄 디즈니 리조트 호텔 4대 분류 해설 | 디즈니·공식·파트너·굿네이버 호텔의 차이		2026-06-30T10:00:00+09:00	2026-10-01			
content/travel-guide/hotels/types.md	ja	page	/travel-guide/hotels/types/	ディズニーホテル・オフィシャル・パートナー・グッドネイバーの違い｜TDR提携ホテル4区分を地元が解説		2026-06-30T10:00:00+09:00	2026-09-09			
content/travel-guide/hotels/types.zh-tw.md	zh-tw	page	/zh-tw/travel-guide/hotels/types/	東京迪士尼度假區飯店4大分類解說 | 迪士尼飯店·官方飯店·合作飯店·周邊優良飯店的差別		2026-06-30T10:00:00+09:00	2026-10-04			
content/travel-guide/hotels/types.zh.md	zh	page	/zh/travel-guide/hotels/types/	东京迪士尼度假区酒店4大类解说 | 迪士尼酒店·指定酒店·合作酒店·周边优良酒店的区别		2026-06-30T10:00:00+09:00	2026-10-04			
content/travel-guide/hotels/urayasu-sun-hotel.en.md	en	page	/en/travel-guide/hotels/urayasu-sun-hotel/	Urayasu Sun Hotel | 3-Min Walk from Urayasu Station, Free Continental Breakfast from 6:00, 24-Hour Front Desk		2026-06-17T10:00:00+09:00	2026-10-02			
content/travel-guide/hotels/urayasu-sun-hotel.ko.md	ko	page	/ko/travel-guide/hotels/urayasu-sun-hotel/	우라야스 선 호텔 | 우라야스역에서 도보 3분·조식 6:00 가장 이른 시작·24시간 프런트(최대 0:30 체크인)		2026-06-17T10:00:00+09:00	2026-10-02			
content/travel-guide/hotels/urayasu-sun-hotel.md	ja	page	/travel-guide/hotels/urayasu-sun-hotel/	浦安サンホテル｜無料朝食・24時間フロント・コインランドリー・デイユース対応の浦安駅徒歩3分ビジネスホテル【地元レビュー】		2026-06-17T10:00:00+09:00	2026-06-17			
content/travel-guide/hotels/urayasu-sun-hotel.zh-tw.md	zh-tw	page	/zh-tw/travel-guide/hotels/urayasu-sun-hotel/	浦安陽光飯店 | 距浦安站步行3分鐘·早餐6:00最早開始·24小時櫃檯（最晚0:30入住）		2026-06-17T10:00:00+09:00	2026-10-04			
content/travel-guide/hotels/urayasu-sun-hotel.zh.md	zh	page	/zh/travel-guide/hotels/urayasu-sun-hotel/	浦安阳光酒店 | 距浦安站步行3分钟·早餐6:00最早开始·24小时前台（最晚0:30入住）		2026-06-17T10:00:00+09:00	2026-10-04			
content/travel-guide/hotels/viewfort-urayasu.en.md	en	page	/en/travel-guide/hotels/viewfort-urayasu/	Urayasu Viewfort Hotel | 1-Minute Walk from Urayasu Station, Buffet Breakfast with Fresh-Baked Croissants		2026-06-17T10:00:00+09:00	2026-09-30			
content/travel-guide/hotels/viewfort-urayasu.ko.md	ko	page	/ko/travel-guide/hotels/viewfort-urayasu/	우라야스 뷰포트 호텔 | 우라야스역에서 도보 1분·크루아상 뷔페 조식·주차 1,100엔/박(높이 제한 1.55m)		2026-06-17T10:00:00+09:00	2026-10-01			
content/travel-guide/hotels/viewfort-urayasu.md	ja	page	/travel-guide/hotels/viewfort-urayasu/	浦安ビューフォートホテル｜浦安駅徒歩1分・ビュッフェ朝食（クロワッサン名物）・ホテル裏コンビニのビジネスホテル【地元レビュー】		2026-06-17T10:00:00+09:00	2026-06-17			
content/travel-guide/hotels/viewfort-urayasu.zh-tw.md	zh-tw	page	/zh-tw/travel-guide/hotels/viewfort-urayasu/	浦安景堡飯店 | 距浦安站步行1分鐘·可頌早餐自助·停車1,100日圓/晚（限高1.55m）		2026-06-17T10:00:00+09:00	2026-10-04			
content/travel-guide/hotels/viewfort-urayasu.zh.md	zh	page	/zh/travel-guide/hotels/viewfort-urayasu/	浦安景堡酒店 | 距浦安站步行1分钟·可颂早餐自助·停车1,100日元/晚（限高1.55m）		2026-06-17T10:00:00+09:00	2026-10-04			
content/travel-guide/hotels/where-to-stay.en.md	en	page	/en/travel-guide/hotels/where-to-stay/	Urayasu or Central Tokyo: Where to Stay for Tokyo Disney Resort? | A Local's Honest Comparison		2026-08-16T08:00:00+09:00	2026-09-09			
content/travel-guide/hotels/where-to-stay.ko.md	ko	page	/ko/travel-guide/hotels/where-to-stay/	도쿄 디즈니 여행, 우라야스에 묵을까 도쿄 시내에 묵을까 | 현지인의 솔직 비교		2026-08-16T08:00:00+09:00	2026-09-09			
content/travel-guide/hotels/where-to-stay.md	ja	page	/travel-guide/hotels/where-to-stay/	ディズニー旅行は浦安泊か、都心泊か｜拠点の選び方を地元が比較		2026-08-16T08:00:00+09:00	2026-09-09			
content/travel-guide/hotels/where-to-stay.zh-tw.md	zh-tw	page	/zh-tw/travel-guide/hotels/where-to-stay/	去東京迪士尼要住哪裡？浦安·舞濱 vs 東京市區｜在地人的誠實比較		2026-08-16T08:00:00+09:00	2026-09-13			
content/travel-guide/hotels/where-to-stay.zh.md	zh	page	/zh/travel-guide/hotels/where-to-stay/	去东京迪士尼住哪里？浦安·舞滨 vs 东京市区｜本地人的诚实比较		2026-08-16T08:00:00+09:00				
content/travel-guide/ic-card-payment.en.md	en	page	/en/travel-guide/ic-card-payment/	Suica & IC Cards for Your Tokyo Disney Trip | Buying, Charging & Where They Work	ic-card-payment	2026-08-17T20:00:00+09:00	2026-08-24			
content/travel-guide/ic-card-payment.ko.md	ko	page	/ko/travel-guide/ic-card-payment/	도쿄 디즈니 교통 IC카드 가이드｜스이카(Suica) 구입·충전과 사용 범위	ic-card-payment	2026-08-17T20:00:00+09:00	2026-08-24			
content/travel-guide/ic-card-payment.md	ja	page	/travel-guide/ic-card-payment/	ディズニー旅行の交通ICカード・支払いガイド｜Suica・PASMOの買い方と使える場所	ic-card-payment	2026-08-17T20:00:00+09:00	2026-09-06			
content/travel-guide/ic-card-payment.zh-tw.md	zh-tw	page	/zh-tw/travel-guide/ic-card-payment/	東京迪士尼交通IC卡攻略｜Suica（西瓜卡）購買·加值與可用範圍	ic-card-payment	2026-08-17T20:00:00+09:00	2026-08-24			
content/travel-guide/ic-card-payment.zh.md	zh	page	/zh/travel-guide/ic-card-payment/	东京迪士尼交通IC卡攻略｜Suica（西瓜卡）购买·充值与可用范围	ic-card-payment	2026-08-17T20:00:00+09:00	2026-08-24			
content/travel-guide/kasai-rinkai-park.en.md	en	page	/en/travel-guide/kasai-rinkai-park/	Kasai Rinkai Park & Aquarium: The Other Giant Park One Stop from Disney	kasai-rinkai-park	2026-07-07	2026-08-16			false
content/travel-guide/kasai-rinkai-park.ko.md	ko	page	/ko/travel-guide/kasai-rinkai-park/	가사이 임해공원과 수족원: 디즈니에서 한 정거장, 또 하나의 거대 공원	kasai-rinkai-park	2026-07-07	2026-08-24			false
content/travel-guide/kasai-rinkai-park.md	ja	page	/travel-guide/kasai-rinkai-park/	葛西臨海公園：ディズニーの隣駅、マグロと大観覧車の巨大公園	kasai-rinkai-park	2026-07-07	2026-08-24			false
content/travel-guide/kasai-rinkai-park.zh-tw.md	zh-tw	page	/zh-tw/travel-guide/kasai-rinkai-park/	葛西臨海公園與水族園：離迪士尼一站的另一座巨型公園	kasai-rinkai-park	2026-07-07	2026-08-24			false
content/travel-guide/kasai-rinkai-park.zh.md	zh	page	/zh/travel-guide/kasai-rinkai-park/	葛西临海公园与水族园：离迪士尼一站的另一座巨型公园	kasai-rinkai-park	2026-07-07	2026-08-24			false
content/travel-guide/kids-emergency.en.md	en	page	/en/travel-guide/kids-emergency/	If Your Child Gets Sick near Tokyo Disney Resort | Emergency Numbers, Night Clinics & What Locals Do	kids-emergency	2026-07-06T10:00:00+09:00	2026-09-09			
content/travel-guide/kids-emergency.ko.md	ko	page	/ko/travel-guide/kids-emergency/	도쿄 디즈니 여행 중 아이가 아플 때 | 긴급 전화·야간 진료·현지인의 대처법	kids-emergency	2026-07-06T10:00:00+09:00	2026-09-09			
content/travel-guide/kids-emergency.md	ja	page	/travel-guide/kids-emergency/	東京ディズニーリゾート周辺で子どもが急病になったら｜緊急連絡先・夜間診療・地元の対処法	kids-emergency	2026-07-06T10:00:00+09:00	2026-09-09			
content/travel-guide/kids-emergency.zh-tw.md	zh-tw	page	/zh-tw/travel-guide/kids-emergency/	孩子在東京迪士尼旅行中突然生病怎麼辦｜急救電話·夜間診所·在地人的應對法	kids-emergency	2026-07-06T10:00:00+09:00	2026-09-09			
content/travel-guide/kids-emergency.zh.md	zh	page	/zh/travel-guide/kids-emergency/	孩子在东京迪士尼旅行中突然生病怎么办｜急救电话·夜间诊所·本地人的应对法	kids-emergency	2026-07-06T10:00:00+09:00	2026-09-09			
content/travel-guide/luggage-airport.en.md	en	page	/en/travel-guide/luggage-airport/	Sending Luggage from Haneda or Narita to Your Maihama / Urayasu Hotel | Cut-off Times, Prices & Eligible Hotels		2026-08-16T08:00:00+09:00	2026-09-09			
content/travel-guide/luggage-airport.ko.md	ko	page	/ko/travel-guide/luggage-airport/	하네다·나리타 공항에서 마이하마·우라야스 호텔로 짐 보내는 법 | 당일 배송 마감 시각·요금·대상 호텔		2026-08-16T08:00:00+09:00	2026-10-01			
content/travel-guide/luggage-airport.md	ja	page	/travel-guide/luggage-airport/	羽田・成田空港から舞浜・浦安のホテルへ荷物を送る方法｜当日配送の締切・料金・対象ホテル		2026-08-16T08:00:00+09:00	2026-10-04			
content/travel-guide/luggage-airport.zh-tw.md	zh-tw	page	/zh-tw/travel-guide/luggage-airport/	從羽田·成田機場把行李寄到舞濱·浦安飯店的方法 | 當日配送截止時間·費用·適用飯店		2026-08-16T08:00:00+09:00	2026-10-01			
content/travel-guide/luggage-airport.zh.md	zh	page	/zh/travel-guide/luggage-airport/	从羽田·成田机场把行李寄到舞滨·浦安酒店的方法 | 当日配送截止时间·费用·适用酒店		2026-08-16T08:00:00+09:00	2026-10-01			
content/travel-guide/luggage-howto.en.md	en	page	/en/travel-guide/luggage-howto/	How to Send Your Luggage from Maihama Station to Your Hotel | Welcome Center & Bon Voyage, Step by Step		2026-07-22T10:00:00+09:00				
content/travel-guide/luggage-howto.ko.md	ko	page	/ko/travel-guide/luggage-howto/	마이하마역에서 호텔로 짐을 보내는 방법｜웰컴 센터＆Bon Voyage 이용 순서【절차·요금·접수 시간】		2026-07-22T10:00:00+09:00				
content/travel-guide/luggage-howto.md	ja	page	/travel-guide/luggage-howto/	舞浜駅からホテルへ荷物を送る方法｜ウェルカムセンター＆ボン・ヴォヤージュの使い方【手順・料金・受付時間】		2026-07-22T10:00:00+09:00				
content/travel-guide/luggage-howto.zh-tw.md	zh-tw	page	/zh-tw/travel-guide/luggage-howto/	如何把行李從舞濱站送到飯店｜歡迎中心＆Bon Voyage使用步驟【流程·費用·受理時間】		2026-07-22T10:00:00+09:00				
content/travel-guide/luggage-howto.zh.md	zh	page	/zh/travel-guide/luggage-howto/	如何把行李从舞滨站送到饭店｜欢迎中心＆Bon Voyage使用步骤【流程·费用·受理时间】		2026-07-22T10:00:00+09:00				
content/travel-guide/luggage.en.md	en	page	/en/travel-guide/luggage/	Luggage Storage & Baggage Delivery near Tokyo Disney Resort | Maihama & Urayasu Hotels		2026-07-21T10:00:00+09:00	2026-10-04			
content/travel-guide/luggage.ko.md	ko	page	/ko/travel-guide/luggage/	도쿄 디즈니 주변 호텔 수하물 보관·배송 가이드｜체크인 전 맡기기·역 배송		2026-07-21T10:00:00+09:00	2026-10-04			
content/travel-guide/luggage.md	ja	page	/travel-guide/luggage/	舞浜・浦安ホテルの荷物預かり＆バゲッジデリバリー完全ガイド｜チェックイン前に預けるには		2026-07-21T10:00:00+09:00	2026-10-04			
content/travel-guide/luggage.zh-tw.md	zh-tw	page	/zh-tw/travel-guide/luggage/	東京迪士尼周邊飯店行李寄存與配送指南｜入住前寄存·車站配送		2026-07-21T10:00:00+09:00	2026-10-04			
content/travel-guide/luggage.zh.md	zh	page	/zh/travel-guide/luggage/	东京迪士尼周边饭店行李寄存与配送指南｜入住前寄存·车站配送		2026-07-21T10:00:00+09:00	2026-10-04			
content/travel-guide/maihama-eurasia-spa.en.md	en	page	/en/travel-guide/maihama-eurasia-spa/	The Natural Hot Spring at Maihama Eurasia: A Real Onsen 5 Minutes from the Disney Parks	maihama-eurasia-spa	2026-07-07	2026-10-03			false
content/travel-guide/maihama-eurasia-spa.ko.md	ko	page	/ko/travel-guide/maihama-eurasia-spa/	마이하마 유라시아 천연 온천: 파크 다녀오는 길에 담그는, 마이하마 유일의 당일 온천	maihama-eurasia-spa	2026-07-07	2026-10-03			false
content/travel-guide/maihama-eurasia-spa.md	ja	page	/travel-guide/maihama-eurasia-spa/	舞浜ユーラシアの天然温泉：パーク帰りに浸かれる、舞浜唯一の日帰り湯	maihama-eurasia-spa	2026-07-07	2026-10-03			false
content/travel-guide/maihama-eurasia-spa.zh-tw.md	zh-tw	page	/zh-tw/travel-guide/maihama-eurasia-spa/	舞濱歐亞天然溫泉：逛完樂園就能泡的舞濱唯一當日溫泉	maihama-eurasia-spa	2026-07-07	2026-10-03			false
content/travel-guide/maihama-eurasia-spa.zh.md	zh	page	/zh/travel-guide/maihama-eurasia-spa/	舞滨欧亚天然温泉：逛完乐园就能泡的舞滨唯一当日温泉	maihama-eurasia-spa	2026-07-07	2026-10-03			false
content/travel-guide/maihama-halloween.en.md	en	page	/en/travel-guide/maihama-halloween/	Halloween in Urayasu & Maihama 2026 | Costume Rules, Where to Change, Hotel Events & Sweets	maihama-halloween	2026-08-30T06:00:00+09:00	2026-09-27			false
content/travel-guide/maihama-halloween.md	ja	page	/travel-guide/maihama-halloween/	浦安・舞浜ハロウィーンガイド2026｜仮装の着替え場所・ホテル企画・限定スイーツまとめ	maihama-halloween	2026-08-30T06:00:00+09:00	2026-09-27			false
content/travel-guide/maihama-halloween.zh-tw.md	zh-tw	page	/zh-tw/travel-guide/maihama-halloween/	2026浦安·舞濱萬聖節攻略｜變裝期間·換裝地點·飯店企劃與限定甜點	maihama-halloween	2026-08-30T06:00:00+09:00	2026-09-27			false
content/travel-guide/maihama-station-bus-stops.en.md	en	page	/en/travel-guide/maihama-station-bus-stops/	Maihama Station Bus Stops | Stops 01–04 & Hotel Shuttle C-3 by Destination	maihama-station-bus-stops					
content/travel-guide/maihama-station-bus-stops.ko.md	ko	page	/ko/travel-guide/maihama-station-bus-stops/	마이하마역 버스 승차장 가이드 | 01–04번 승차장·호텔 셔틀 C-3 목적지별 정리	maihama-station-bus-stops					
content/travel-guide/maihama-station-bus-stops.zh-tw.md	zh-tw	page	/zh-tw/travel-guide/maihama-station-bus-stops/	舞濱站公車乘車處指南 | 南口01〜04號·飯店接駁車C-3 依目的地查詢一覽	maihama-station-bus-stops					
content/travel-guide/maihama-station-bus-stops.zh.md	zh	page	/zh/travel-guide/maihama-station-bus-stops/	舞滨站公交乘车处指南 | 南口01〜04号·酒店班车C-3 按目的地一览	maihama-station-bus-stops					
content/travel-guide/pre-trip-checklist.en.md	en	page	/en/travel-guide/pre-trip-checklist/	Tokyo Disney Trip Prep Checklist: What to Do 2 Months, 1 Month and 1 Week Before	pre-trip-checklist	2026-07-07				false
content/travel-guide/pre-trip-checklist.ko.md	ko	page	/ko/travel-guide/pre-trip-checklist/	도쿄 디즈니 여행 준비 체크리스트: 출발 2개월·1개월·1주 전에 할 일	pre-trip-checklist	2026-07-07				false
content/travel-guide/pre-trip-checklist.md	ja	page	/travel-guide/pre-trip-checklist/	東京ディズニー旅行の準備チェックリスト：2か月前・1か月前・1週間前にやること	pre-trip-checklist	2026-07-07				true
content/travel-guide/pre-trip-checklist.zh-tw.md	zh-tw	page	/zh-tw/travel-guide/pre-trip-checklist/	東京迪士尼旅行準備清單：出發前2個月·1個月·1週該做的事	pre-trip-checklist	2026-07-07				false
content/travel-guide/pre-trip-checklist.zh.md	zh	page	/zh/travel-guide/pre-trip-checklist/	东京迪士尼旅行准备清单：出发前2个月·1个月·1周该做的事	pre-trip-checklist	2026-07-07				false
content/travel-guide/rainy-day.en.md	en	page	/en/travel-guide/rainy-day/	Tokyo Disney Resort on a Rainy Day | Park Tips & Indoor Spots in Maihama	rainy-day	2026-08-17T20:00:00+09:00	2026-08-17			
content/travel-guide/rainy-day.ko.md	ko	page	/ko/travel-guide/rainy-day/	도쿄 디즈니 비 오는 날 가이드｜우천 시 파크 공략과 마이하마 실내 명소	rainy-day	2026-08-17T20:00:00+09:00	2026-08-17			
content/travel-guide/rainy-day.md	ja	page	/travel-guide/rainy-day/	東京ディズニー雨の日ガイド｜パークの雨対策と舞浜の屋内スポット	rainy-day	2026-08-17T20:00:00+09:00	2026-09-06			
content/travel-guide/rainy-day.zh-tw.md	zh-tw	page	/zh-tw/travel-guide/rainy-day/	東京迪士尼下雨天攻略｜雨天遊園對策與舞濱室內景點	rainy-day	2026-08-17T20:00:00+09:00	2026-08-17			
content/travel-guide/rainy-day.zh.md	zh	page	/zh/travel-guide/rainy-day/	东京迪士尼下雨天攻略｜雨天游园对策与舞滨室内景点	rainy-day	2026-08-17T20:00:00+09:00	2026-08-17			
content/travel-guide/shin-urayasu-gourmet.zh-tw.md	zh-tw	page	/zh-tw/travel-guide/shin-urayasu-gourmet/	新浦安美食指南｜車站直結Atre的餐廳·甜點、麻辣湯、飯店自助餐，在地人的吃法（2026年9月更新）		2026-09-13T09:31:00+09:00	2026-09-13			
content/travel-guide/shin-urayasu-station-bus-stops.en.md	en	page	/en/travel-guide/shin-urayasu-station-bus-stops/	Shin-Urayasu Station Bus Stops | South Exit A–H, North Exit & Airport Bus Stop J by Destination	shin-urayasu-station-bus-stops					
content/travel-guide/shin-urayasu-station-bus-stops.ko.md	ko	page	/ko/travel-guide/shin-urayasu-station-bus-stops/	신우라야스역 버스 승차장 가이드 | 남쪽 출구 A–H·북쪽 출구·공항버스 J 목적지별 정리	shin-urayasu-station-bus-stops					
content/travel-guide/shin-urayasu-station-bus-stops.zh-tw.md	zh-tw	page	/zh-tw/travel-guide/shin-urayasu-station-bus-stops/	新浦安站公車乘車處指南 | 南口A〜H·北口·機場利木津巴士J 依目的地查詢一覽	shin-urayasu-station-bus-stops					
content/travel-guide/shin-urayasu-station-bus-stops.zh.md	zh	page	/zh/travel-guide/shin-urayasu-station-bus-stops/	新浦安站公交乘车处指南 | 南口A〜H·北口·机场大巴J 按目的地一览	shin-urayasu-station-bus-stops					
content/travel-guide/station-bus-stops.en.md	en	page	/en/travel-guide/station-bus-stops/	Bus Stops at Urayasu, Shin-Urayasu & Maihama Stations | Station-by-Station Guide	station-bus-stops					
content/travel-guide/station-bus-stops.ko.md	ko	page	/ko/travel-guide/station-bus-stops/	우라야스·신우라야스·마이하마역 버스 승차장 가이드 | 역별 승차장과 역 간 이동 한눈에	station-bus-stops					
content/travel-guide/station-bus-stops.zh-tw.md	zh-tw	page	/zh-tw/travel-guide/station-bus-stops/	浦安·新浦安·舞濱站公車乘車處指南 | 3站乘車處一覽與車站間移動速查表	station-bus-stops					
content/travel-guide/station-bus-stops.zh.md	zh	page	/zh/travel-guide/station-bus-stops/	浦安·新浦安·舞滨站公交乘车处指南 | 三站乘车处一览与站间移动速查	station-bus-stops					
content/travel-guide/taxi-guide.en.md	en	page	/en/travel-guide/urayasu-taxi-airport-flat-rate-guide/	Taxi Guide for Tokyo Disney Resort Area | Stands & Flat-Rate Airport Taxis (Urayasu & Maihama)	urayasu-taxi-airport-flat-rate-guide	2026-06-19T00:00:00+09:00	2026-09-30			
content/travel-guide/taxi-guide.ko.md	ko	page	/ko/travel-guide/urayasu-taxi-airport-flat-rate-guide/	도쿄 디즈니 주변 택시 가이드 | 승차장·공항 정액(우라야스·마이하마·신우라야스)	urayasu-taxi-airport-flat-rate-guide	2026-06-30T00:00:00+09:00	2026-10-04			
content/travel-guide/taxi-guide.md	ja	page	/travel-guide/urayasu-taxi-airport-flat-rate-guide/	浦安市内のタクシー乗り場・空港定額タクシーガイド｜舞浜・新浦安・浦安から空港・ホテルへ	urayasu-taxi-airport-flat-rate-guide	2026-06-19T00:00:00+09:00	2026-09-03			
content/travel-guide/taxi-guide.zh-tw.md	zh-tw	page	/zh-tw/travel-guide/urayasu-taxi-airport-flat-rate-guide/	東京迪士尼周邊計程車指南 | 搭乘處·機場定額（浦安·舞濱·新浦安）	urayasu-taxi-airport-flat-rate-guide	2026-06-30T00:00:00+09:00	2026-10-04			
content/travel-guide/taxi-guide.zh.md	zh	page	/zh/travel-guide/urayasu-taxi-airport-flat-rate-guide/	东京迪士尼周边出租车指南 | 乘车点·机场定额（浦安·舞滨·新浦安）	urayasu-taxi-airport-flat-rate-guide	2026-06-30T00:00:00+09:00	2026-10-04			
content/travel-guide/teamlab-planets.en.md	en	page	/en/travel-guide/teamlab-planets/	teamLab Planets (Toyosu): Barefoot Digital Art 30 Minutes from Disney	teamlab-planets	2026-07-07	2026-10-03			false
content/travel-guide/teamlab-planets.ko.md	ko	page	/ko/travel-guide/teamlab-planets/	teamLab Planets(도요스): 디즈니에서 30분, 맨발로 물속을 걷는 아트	teamlab-planets	2026-07-07	2026-10-03			false
content/travel-guide/teamlab-planets.md	ja	page	/travel-guide/teamlab-planets/	チームラボプラネッツ（豊洲）：ディズニーから30分、裸足で水の中を歩くアート	teamlab-planets	2026-07-07	2026-10-03			false
content/travel-guide/teamlab-planets.zh-tw.md	zh-tw	page	/zh-tw/travel-guide/teamlab-planets/	teamLab Planets（豐洲）：離迪士尼30分鐘，赤腳走進水中的藝術	teamlab-planets	2026-07-07	2026-10-03			false
content/travel-guide/teamlab-planets.zh.md	zh	page	/zh/travel-guide/teamlab-planets/	teamLab Planets（丰洲）：离迪士尼30分钟，赤脚走进水中的艺术	teamlab-planets	2026-07-07	2026-10-03			false
content/travel-guide/tokyo-sightseeing-access.en.md	en	page	/en/travel-guide/tokyo-sightseeing-access/	Day Trips into Tokyo from Your Disney Hotel: Routes & Fares for Asakusa, Shibuya, Skytree & More	tokyo-sightseeing-access	2026-07-07	2026-09-10			false
content/travel-guide/tokyo-sightseeing-access.ko.md	ko	page	/ko/travel-guide/tokyo-sightseeing-access/	마이하마·우라야스에서 도쿄 관광: 아사쿠사·시부야·스카이트리 등 7대 명소 경로와 요금 총정리	tokyo-sightseeing-access	2026-07-07	2026-10-04			false
content/travel-guide/tokyo-sightseeing-access.md	ja	page	/travel-guide/tokyo-sightseeing-access/	舞浜・浦安から東京観光へ：浅草・渋谷・スカイツリーほか7大スポット行き方＆運賃早見表	tokyo-sightseeing-access	2026-07-07	2026-10-03			false
content/travel-guide/tokyo-sightseeing-access.zh-tw.md	zh-tw	page	/zh-tw/travel-guide/tokyo-sightseeing-access/	舞濱去東京鐵塔·淺草·晴空塔·澀谷怎麼走｜從舞濱·浦安出發的7大景點路線與車資一覽（在地版）	tokyo-sightseeing-access	2026-07-07	2026-10-04			false
content/travel-guide/tokyo-sightseeing-access.zh.md	zh	page	/zh/travel-guide/tokyo-sightseeing-access/	从舞滨·浦安去东京观光：浅草·涩谷·晴空塔等7大景点路线与车费一览	tokyo-sightseeing-access	2026-07-07	2026-10-04			false
content/travel-guide/urayasu-maihama-shinurayasu-tourism.en.md	en	page	/en/travel-guide/urayasu-maihama-shinurayasu-tourism/	Things to Do near Tokyo Disney Resort | Maihama, Urayasu & Shin-Urayasu Sightseeing Guide	urayasu-maihama-shinurayasu-tourism	2026-06-18T00:00:00+09:00	2026-09-12			false
content/travel-guide/urayasu-maihama-shinurayasu-tourism.ko.md	ko	page	/ko/travel-guide/urayasu-maihama-shinurayasu-tourism/	도쿄 디즈니 주변 볼거리 가이드 | 마이하마·우라야스·신우라야스 관광	urayasu-maihama-shinurayasu-tourism	2026-06-30T00:00:00+09:00	2026-10-01			false
content/travel-guide/urayasu-maihama-shinurayasu-tourism.md	ja	page	/travel-guide/urayasu-maihama-shinurayasu-tourism/	舞浜・浦安・新浦安観光ガイド｜ディズニー周辺の過ごし方・観光スポットまとめ	urayasu-maihama-shinurayasu-tourism	2026-06-18T00:00:00+09:00	2026-09-12			false
content/travel-guide/urayasu-maihama-shinurayasu-tourism.zh-tw.md	zh-tw	page	/zh-tw/travel-guide/urayasu-maihama-shinurayasu-tourism/	東京迪士尼周邊遊覽指南 | 舞濱·浦安·新浦安的觀光景點	urayasu-maihama-shinurayasu-tourism	2026-06-30T00:00:00+09:00	2026-09-13			false
content/travel-guide/urayasu-maihama-shinurayasu-tourism.zh.md	zh	page	/zh/travel-guide/urayasu-maihama-shinurayasu-tourism/	东京迪士尼周边游览指南 | 舞滨·浦安·新浦安的观光景点	urayasu-maihama-shinurayasu-tourism	2026-06-30T00:00:00+09:00	2026-09-12			false
content/travel-guide/urayasu-map.en.md	en	page	/en/travel-guide/urayasu-map/	Urayasu Shopping & Essentials Map | Convenience, Pharmacy, ATM, Laundry by Need		2026-07-09T10:00:00+09:00	2026-08-16			
content/travel-guide/urayasu-map.ko.md	ko	page	/ko/travel-guide/urayasu-map/	우라야스 생활·쇼핑 지도｜편의점·드러그스토어·ATM·코인세탁 니즈별 검색		2026-07-09T10:00:00+09:00	2026-08-16			
content/travel-guide/urayasu-map.md	ja	page	/travel-guide/urayasu-map/	浦安 生活・買い物マップ｜コンビニ・薬局・ATM・ランドリーをニーズ別に探す		2026-07-09T10:00:00+09:00	2026-08-16			
content/travel-guide/urayasu-map.zh-tw.md	zh-tw	page	/zh-tw/travel-guide/urayasu-map/	浦安 生活購物地圖｜依需求查找便利商店・藥妝店・ATM・自助洗衣		2026-07-09T10:00:00+09:00	2026-08-16			
content/travel-guide/urayasu-map.zh.md	zh	page	/zh/travel-guide/urayasu-map/	浦安 生活购物地图｜按需查找便利店・药妆店・ATM・自助洗衣		2026-07-09T10:00:00+09:00	2026-08-16			
content/travel-guide/urayasu-station-bus-stops.en.md	en	page	/en/travel-guide/urayasu-station-bus-stops/	Urayasu Station Bus Stops | Where Stops A, B, D & E Are and Which to Use by Destination	urayasu-station-bus-stops					
content/travel-guide/urayasu-station-bus-stops.ko.md	ko	page	/ko/travel-guide/urayasu-station-bus-stops/	우라야스역 버스 승차장 가이드 | '우라야스역 입구' A·B·D·E 위치와 목적지별 승차장	urayasu-station-bus-stops					
content/travel-guide/urayasu-station-bus-stops.zh-tw.md	zh-tw	page	/zh-tw/travel-guide/urayasu-station-bus-stops/	浦安站公車乘車處指南 | A·B·D·E乘車處位置與依目的地查詢一覽	urayasu-station-bus-stops					
content/travel-guide/urayasu-station-bus-stops.zh.md	zh	page	/zh/travel-guide/urayasu-station-bus-stops/	浦安站公交乘车处指南 | 浦安站入口A·B·D·E的位置与按目的地查询	urayasu-station-bus-stops					
content/travel-guide/urayasu-traffic-park.en.md	en	page	/en/travel-guide/urayasu-traffic-park/	Urayasu Traffic Park: A Free Kids' Paradise One Stop from Tokyo Disney Resort		2026-07-07	2026-08-16	travel-guide		false
content/travel-guide/urayasu-traffic-park.ko.md	ko	page	/ko/travel-guide/urayasu-traffic-park/	우라야스시 교통공원: 디즈니에서 한 정거장, 무료로 노는 아이들의 천국	urayasu-traffic-park	2026-07-07	2026-10-01			false
content/travel-guide/urayasu-traffic-park.md	ja	page	/travel-guide/urayasu-traffic-park/	浦安市交通公園：ディズニーから1駅、無料で遊べる子どもの楽園	urayasu-traffic-park	2026-07-07	2026-08-16			false
content/travel-guide/urayasu-traffic-park.zh-tw.md	zh-tw	page	/zh-tw/travel-guide/urayasu-traffic-park/	浦安市交通公園：離迪士尼一站，免費暢玩的兒童樂園	urayasu-traffic-park	2026-07-07	2026-08-16			false
content/travel-guide/urayasu-traffic-park.zh.md	zh	page	/zh/travel-guide/urayasu-traffic-park/	浦安市交通公园：离迪士尼一站，免费畅玩的儿童乐园	urayasu-traffic-park	2026-07-07	2026-08-16			false
