Page,Query,Clicks,Impressions,CTR,Position
https://urayasu-portal.com/posts/urayasu-bonodori-fireworks-2026/,浦安 盆踊り 2026,460,"3,994",11.5%,2.8
https://urayasu-portal.com/posts/urayasu-bonodori-fireworks-2026/,浦安盆踊り2026,162,"1,941",8.3%,2.8
https://urayasu-portal.com/posts/urayasu-bonodori-fireworks-2026/,浦安市 盆踊り 2026,144,"1,308",11.0%,2.8
https://urayasu-portal.com/posts/urayasu-bonodori-fireworks-2026/,浦安 お祭り 2026,85,425,20.0%,4.6
https://urayasu-portal.com/posts/urayasu-bonodori-fireworks-2026/,浦安市花火大会 2026,76,"3,686",2.1%,6.5
https://urayasu-portal.com/posts/urayasu-bonodori-fireworks-2026/,浦安 祭り 2026,76,362,21.0%,3.9
https://urayasu-portal.com/posts/urayasu-bonodori-fireworks-2026/,浦安市盆踊り2026,75,889,8.4%,2.7
https://urayasu-portal.com/posts/urayasu-bonodori-fireworks-2026/,浦安花火大会 2026,66,"5,375",1.2%,7.7
https://urayasu-portal.com/posts/urayasu-bonodori-fireworks-2026/,浦安 花火大会 2026,59,"2,974",2.0%,7.3
https://urayasu-portal.com/posts/urayasu-bonodori-fireworks-2026/,浦安 夏祭り 2026,56,536,10.4%,3.8
https://urayasu-portal.com/posts/nekogo-matsuri-urayasu-2026/,猫五祭,52,171,30.4%,3.3
https://urayasu-portal.com/posts/urayasu-neighborhood-summer-festivals-2026/,浦安 祭り 2026,47,321,14.6%,3.7
https://urayasu-portal.com/posts/urayasu-neighborhood-summer-festivals-2026/,浦安 夏祭り 2026,43,273,15.8%,3.5
https://urayasu-portal.com/posts/urayasu-bonodori-fireworks-2026/,浦安祭り2026,38,215,17.7%,3.5
https://urayasu-portal.com/posts/urayasu-bonodori-fireworks-2026/,浦安市 花火大会 2026,32,"1,178",2.7%,6.5
https://urayasu-portal.com/posts/all-japan-id-volleyball-urayasu-2026/,全日本idバレーボール選手権大会,28,137,20.4%,4.6
https://urayasu-portal.com/posts/urayasu-neighborhood-summer-festivals-2026/,浦安 お祭り 2026,27,181,14.9%,3.8
https://urayasu-portal.com/posts/urayasu-neighborhood-summer-festivals-2026/,浦安祭り2026,25,175,14.3%,4.1
https://urayasu-portal.com/posts/tadokoro-shoten-shinurayasu-planned/,田所商店 浦安,23,214,10.7%,5.8
https://urayasu-portal.com/posts/urayasu-neighborhood-summer-festivals-2026/,浦安 祭り,22,128,17.2%,3.0
https://urayasu-portal.com/posts/urayasu-neighborhood-summer-festivals-2026/,サンコーポ 浦安 夏 祭り 2026,22,127,17.3%,3.1
https://urayasu-portal.com/posts/myoden-3chome-bonodori-ennichi-2026/,妙典 盆踊り,22,46,47.8%,1.7
https://urayasu-portal.com/posts/daiso-maruesu-gyotoku-close/,マルエツ 行徳 店 閉店,21,296,7.1%,7.3
https://urayasu-portal.com/posts/urayasu-neighborhood-summer-festivals-2026/,浦安 夏祭り,19,179,10.6%,3.4
https://urayasu-portal.com/posts/urayasu-bonodori-fireworks-2026/,浦安お祭り 2026,19,119,16.0%,4.5
https://urayasu-portal.com/posts/wamen-zen-horie-open/,和麺 善,18,440,4.1%,8.3
https://urayasu-portal.com/posts/urayasu-bonodori-fireworks-2026/,浦安盆踊り 2026,18,161,11.2%,2.9
https://urayasu-portal.com/posts/urayasu-neighborhood-summer-festivals-2026/,浦安市 夏祭り,18,67,26.9%,3.3
https://urayasu-portal.com/posts/nekogo-matsuri-urayasu-2026/,猫五祭り,18,58,31.0%,3.2
https://urayasu-portal.com/posts/urayasu-bonodori-fireworks-2026/,浦安市 祭り 2026,17,128,13.3%,4.6
https://urayasu-portal.com/posts/urayasu-neighborhood-summer-festivals-2026/,浦安市 祭り 2026,17,75,22.7%,4.6
https://urayasu-portal.com/posts/urayasu-neighborhood-summer-festivals-2026/,浦安お祭り 2026,14,97,14.4%,3.6
https://urayasu-portal.com/categories/%E9%96%8B%E5%BA%97%E9%96%89%E5%BA%97/,浦安 閉店,14,41,34.1%,3.4
https://urayasu-portal.com/posts/daiso-maruesu-gyotoku-close/,行徳 マルエツ 閉店,13,262,5.0%,7.0
https://urayasu-portal.com/tags/%E7%8C%AB%E4%BA%94%E7%A5%AD/,猫五祭,13,135,9.6%,8.7
https://urayasu-portal.com/posts/daiso-maruesu-gyotoku-close/,行徳マルエツ閉店,12,141,8.5%,6.3
https://urayasu-portal.com/posts/daiso-maruesu-gyotoku-close/,ダイソー 行徳,11,271,4.1%,8.3
https://urayasu-portal.com/categories/%E9%96%8B%E5%BA%97%E9%96%89%E5%BA%97/,浦安 開店閉店,10,93,10.8%,4.9
https://urayasu-portal.com/posts/urayasu-bonodori-fireworks-2026/,浦安市 お祭り 2026,10,73,13.7%,4.1
https://urayasu-portal.com/posts/urayasu-neighborhood-summer-festivals-2026/,浦安 お祭り,10,64,15.6%,2.5
https://urayasu-portal.com/posts/gyotoku-machinocyuuka-kasumi-open-2026/,町の中華かすみ,10,49,20.4%,5.7
https://urayasu-portal.com/posts/chiba-cashless-campaign-202608/,浦安市 キャッシュレス キャンペーン,10,25,40.0%,1.9
https://urayasu-portal.com/,浦安 開店閉店,9,140,6.4%,5.2
https://urayasu-portal.com/posts/daiso-maruesu-gyotoku-close/,マルエツ行徳店閉店,9,107,8.4%,6.9
https://urayasu-portal.com/posts/sushi-yamaguchi-gyotoku-opening-202608/,鮨やまぐち 行徳,9,104,8.7%,5.7
https://urayasu-portal.com/posts/urayasu-bonodori-fireworks-2026/,浦安市 夏祭り 2026,9,66,13.6%,4.7
https://urayasu-portal.com/posts/urayasu-neighborhood-summer-festivals-2026/,浦安市 お祭り 2026,9,49,18.4%,4.6
https://urayasu-portal.com/posts/nekogo-matsuri-urayasu-2026/,猫実5丁目 祭り,9,35,25.7%,2.9
https://urayasu-portal.com/posts/urayasu-neighborhood-summer-festivals-2026/,サンコーポ浦安 夏祭り 2026,9,23,39.1%,2.9
https://urayasu-portal.com/posts/urayasu-neighborhood-summer-festivals-2026/,浦安 自治会祭り,9,16,56.3%,1.8
https://urayasu-portal.com/posts/myoden-3chome-bonodori-ennichi-2026/,春日神社 市川 お祭り,9,14,64.3%,2.0
https://urayasu-portal.com/posts/daiso-maruesu-gyotoku-close/,行徳 ダイソー,8,385,2.1%,8.4
https://urayasu-portal.com/posts/daiso-maruesu-gyotoku-close/,マルエツ 行徳 閉店,8,198,4.0%,7.4
https://urayasu-portal.com/posts/daiso-maruesu-gyotoku-close/,マルエツ行徳店 閉店,8,166,4.8%,7.4
https://urayasu-portal.com/open-close/,浦安 開店閉店,8,94,8.5%,4.7
https://urayasu-portal.com/posts/myoden-3chome-bonodori-ennichi-2026/,妙典 春日神社 お祭り,8,13,61.5%,2.0
https://urayasu-portal.com/posts/malatang-tenpo-newcoast-shinurayasu-open/,新浦安 麻辣湯,7,233,3.0%,9.9
https://urayasu-portal.com/posts/sushi-yamaguchi-gyotoku-opening-202608/,鮨山口 行徳,7,106,6.6%,5.1
https://urayasu-portal.com/posts/gyotoku-machinocyuuka-kasumi-open-2026/,町の中華 かすみ,7,93,7.5%,5.6
https://urayasu-portal.com/posts/urayasu-bonodori-fireworks-2026/,浦安 盆踊り,7,76,9.2%,11.3
https://urayasu-portal.com/posts/urayasu-bonodori-fireworks-2026/,新浦安 お祭り 2026,7,61,11.5%,5.8
https://urayasu-portal.com/posts/urayasu-neighborhood-summer-festivals-2026/,新浦安 お祭り 2026,7,38,18.4%,4.9
https://urayasu-portal.com/posts/eyecity-ichikawa-myoden-open-202609/,アイシティ 妙典,7,29,24.1%,5.2
https://urayasu-portal.com/posts/myoden-3chome-bonodori-ennichi-2026/,妙典 祭り 2026,7,15,46.7%,3.1
https://urayasu-portal.com/posts/gongcha-ikspiari-renewal/,イクスピアリ ゴンチャ,6,999,0.6%,8.2
https://urayasu-portal.com/posts/shinurayasu-station-festival-performers-2026/,新浦安駅前まつり,6,92,6.5%,5.9
https://urayasu-portal.com/posts/urayasu-bonodori-fireworks-2026/,浦安市盆踊り 2026,6,56,10.7%,3.0
https://urayasu-portal.com/posts/tadokoro-shoten-shinurayasu-planned/,浦安 田所 商店,6,48,12.5%,5.9
https://urayasu-portal.com/posts/daiso-maruesu-gyotoku-close/,マルエツ 行徳店 閉店,6,47,12.8%,7.0
https://urayasu-portal.com/posts/urayasu-bonodori-fireworks-2026/,浦安市祭り 2026,6,44,13.6%,4.1
https://urayasu-portal.com/posts/urayasu-neighborhood-summer-festivals-2026/,夏祭り 浦安,6,39,15.4%,4.9
https://urayasu-portal.com/posts/urayasu-neighborhood-summer-festivals-2026/,浦安市 自治会 イベント,6,13,46.2%,4.0
https://urayasu-portal.com/posts/urayasu-bonodori-fireworks-2026/#sec-2,浦安 盆踊り 2026,5,"3,695",0.1%,2.9
https://urayasu-portal.com/posts/malatang-tenpo-newcoast-shinurayasu-open/,ニューコースト 麻辣湯,5,305,1.6%,9.0
https://urayasu-portal.com/posts/malatang-tenpo-newcoast-shinurayasu-open/,ニューコースト新浦安 麻辣湯,5,264,1.9%,8.7
https://urayasu-portal.com/posts/ikspiari-club-cpla-open-20260717/,イクスピアリ ガチャガチャ,5,212,2.4%,10.7
https://urayasu-portal.com/posts/urayasu-hanabi-taikai-2026/,浦安 花火大会 2026,5,180,2.8%,6.8
https://urayasu-portal.com/posts/maruetsu-gyotoku-close-2026/,マルエツ 閉店予定,5,164,3.0%,7.6
https://urayasu-portal.com/posts/briobecca-emperors-cup-tochigi-2026/,観戦 場所 栃木sc 対 ブリオベッカ浦安・市川,5,162,3.1%,8.5
https://urayasu-portal.com/posts/urayasu-bonodori-fireworks-2026/,浦安小学校盆踊り 2026,5,146,3.4%,6.1
https://urayasu-portal.com/posts/daiso-maruesu-gyotoku-close/,ダイソー 行徳駅前,5,126,4.0%,4.7
https://urayasu-portal.com/posts/urayasu-bonodori-fireworks-2026/,浦安 夏 祭り 2026,5,86,5.8%,2.8
https://urayasu-portal.com/posts/urayasu-cemetery-shuttle-bus-202608/,浦安 墓地公園無料 バス,5,79,6.3%,4.6
https://urayasu-portal.com/posts/sushi-yamaguchi-gyotoku-opening-202608/,鮨やまぐち,5,73,6.8%,7.0
https://urayasu-portal.com/posts/ikspiari-club-cpla-open-20260717/,イクスピアリ シープラ オープン,5,62,8.1%,5.6
https://urayasu-portal.com/posts/urayasu-neighborhood-summer-festivals-2026/,浦安夏祭り2026,5,50,10.0%,3.4
https://urayasu-portal.com/open-close/,浦安 閉店,5,47,10.6%,4.3
https://urayasu-portal.com/posts/urayasu-neighborhood-summer-festivals-2026/,浦安夏祭り,5,46,10.9%,3.3
https://urayasu-portal.com/posts/urayasu-bonodori-fireworks-2026/,浦安市花火大会2026,4,191,2.1%,6.1
https://urayasu-portal.com/posts/malatang-tenpo-newcoast-shinurayasu-open/,ニューコースト マーラータン,4,102,3.9%,7.3
https://urayasu-portal.com/posts/tadokoro-shoten-shinurayasu-planned/,田所商店 新浦安,4,93,4.3%,6.8
https://urayasu-portal.com/posts/daiso-maruesu-gyotoku-close/,行徳 マルエツ 跡地,4,87,4.6%,7.7
https://urayasu-portal.com/posts/urayasu-city-marathon-shop-recruitment-2027/,浦安 マラソン 2027,4,77,5.2%,3.9
https://urayasu-portal.com/tags/%E7%8C%AB%E4%BA%94%E7%A5%AD/,猫五祭り,4,54,7.4%,7.9
https://urayasu-portal.com/posts/urayasu-city-marathon-shop-recruitment-2027/,浦安マラソン 2027,4,51,7.8%,3.2
https://urayasu-portal.com/posts/urayasu-neighborhood-summer-festivals-2026/,浦安祭り 2026,4,46,8.7%,3.0
https://urayasu-portal.com/posts/urayasu-neighborhood-summer-festivals-2026/,浦安市 お祭り,4,45,8.9%,4.6
https://urayasu-portal.com/posts/sushi-yamaguchi-gyotoku-opening-202608/,行徳 鮨やまぐち,4,41,9.8%,6.9
https://urayasu-portal.com/posts/shinura-yorimichi-marche-202608/,しんうらよりみちマルシェ,4,15,26.7%,2.2
https://urayasu-portal.com/posts/eyecity-ichikawa-myoden-open-202609/,妙典 アイシティ,4,14,28.6%,4.1
https://urayasu-portal.com/posts/urayasu-bonodori-fireworks-2026/#sec-2,浦安盆踊り2026,3,"1,763",0.2%,2.9
https://urayasu-portal.com/posts/urayasu-bonodori-fireworks-2026/#sec-2,浦安市盆踊り2026,3,873,0.3%,2.8
https://urayasu-portal.com/posts/gongcha-ikspiari-renewal/,ゴンチャ イクスピアリ,3,640,0.5%,8.3
https://urayasu-portal.com/posts/urayasu-hanabi-taikai-2026/,浦安花火大会 2026,3,249,1.2%,6.7
https://urayasu-portal.com/posts/gongcha-ikspiari-renewal/,舞浜 ゴンチャ,3,201,1.5%,7.4
https://urayasu-portal.com/posts/urayasu-bonodori-fireworks-2026/,新浦安 花火大会 2026,3,181,1.7%,7.1
https://urayasu-portal.com/posts/gongcha-ikspiari-renewal/,ゴンチャ 舞浜,3,165,1.8%,7.4
https://urayasu-portal.com/posts/nisyakugosun-urayasuekimae/,二尺五寸 浦安,3,158,1.9%,8.1
https://urayasu-portal.com/posts/ichikawa-myoden-ogawa-clinic-open/,市川妙典おがわ泌尿器科・内科,3,156,1.9%,6.6
https://urayasu-portal.com/posts/ikspiari-club-cpla-open-20260717/,クラブシープラ イクスピアリ,3,79,3.8%,9.1
https://urayasu-portal.com/posts/malatang-tenpo-newcoast-shinurayasu-open/,ニューコースト新浦安 マーラータン,3,69,4.3%,6.1
https://urayasu-portal.com/posts/daiso-maruesu-gyotoku-close/,ダイソーマルエツ行徳店,3,53,5.7%,7.8
https://urayasu-portal.com/posts/nisyakugosun-urayasuekimae/,二尺五寸浦安,3,43,7.0%,8.4
https://urayasu-portal.com/posts/urayasu-neighborhood-summer-festivals-2026/,浦安盆踊り2026,3,42,7.1%,10.5
https://urayasu-portal.com/en/travel-guide/hotels/comfort-suites-tokyo-bay/,comfort suites tokyo bay shuttle bus,3,37,8.1%,6.8
https://urayasu-portal.com/posts/urakko-handheld-fireworks-2026/,浦安市 手持ち花火,3,36,8.3%,5.6
https://urayasu-portal.com/posts/maruetsu-gyotoku-close-2026/,マルエツ 行徳 店 跡地 何 が できる,3,30,10.0%,9.9
https://urayasu-portal.com/posts/revoist-urayasu-horie-open-202608/,レボイスト 浦安,3,25,12.0%,8.0
https://urayasu-portal.com/posts/urayasu-bonodori-fireworks-2026/,浦安市 盆踊り,3,24,12.5%,12.3
https://urayasu-portal.com/posts/urayasu-neighborhood-summer-festivals-2026/,浦安市夏祭り,3,23,13.0%,3.0
https://urayasu-portal.com/posts/urayasu-neighborhood-summer-festivals-2026/,祭り 浦安,3,14,21.4%,2.6
https://urayasu-portal.com/posts/benten-fureai-mini-festa-202607/,弁天ふれあいの森公園 ザリガニ,3,11,27.3%,3.8
https://urayasu-portal.com/posts/myoden-3chome-bonodori-ennichi-2026/,妙典 夏祭り 2026,3,8,37.5%,3.1
https://urayasu-portal.com/posts/urayasu-d-rocks-2026-27-season-outline/,浦安d-rocks,3,5,60.0%,1.0
https://urayasu-portal.com/posts/urayasu-neighborhood-summer-festivals-2026/,堀江 祭り 2026,3,5,60.0%,3.0
https://urayasu-portal.com/posts/urayasu-neighborhood-summer-festivals-2026/,浦安 堀江 お祭り,3,4,75.0%,2.0
https://urayasu-portal.com/travel-guide/luggage/,浦安ブライトンホテル東京ベイ 荷物預かり,3,4,75.0%,3.5
https://urayasu-portal.com/posts/urayasu-bonodori-fireworks-2026/#sec-1,浦安 盆踊り 2026,2,"3,695",0.1%,2.9
https://urayasu-portal.com/posts/daiso-maruesu-gyotoku-close/,ダイソー行徳駅前店,2,114,1.8%,6.6
https://urayasu-portal.com/posts/daiso-maruesu-gyotoku-close/,ダイソー 行徳駅,2,101,2.0%,7.1
https://urayasu-portal.com/posts/hyatt-tokyo-bay-moomin-collaboration-2026/,ハイアットリージェンシー東京ベイ ムーミン,2,101,2.0%,10.0
https://urayasu-portal.com/posts/gongcha-ikspiari-renewal/,イクスピアリ ゴンチャ 休業,2,92,2.2%,6.3
https://urayasu-portal.com/posts/ikspiari-sugary-open-2026/,sugary イクスピアリ,2,90,2.2%,10.7
https://urayasu-portal.com/posts/malatang-tenpo-newcoast-shinurayasu-open/,麻辣湯天宝 新浦安店 浦安市 レビュー,2,69,2.9%,9.7
https://urayasu-portal.com/posts/urayasu-bonodori-fireworks-2026/,浦安小学校 盆踊り 2026,2,61,3.3%,5.6
https://urayasu-portal.com/events/,浦安市 イベントカレンダー,2,55,3.6%,9.3
https://urayasu-portal.com/posts/nisyakugosun-urayasuekimae/,焼鳥 蕎麦 二尺五寸,2,55,3.6%,8.4
https://urayasu-portal.com/posts/urayasu-neighborhood-summer-festivals-2026/,浦安祭り,2,39,5.1%,3.3
https://urayasu-portal.com/posts/daiso-maruesu-gyotoku-close/,マルエツ行徳 閉店,2,36,5.6%,7.4
https://urayasu-portal.com/posts/urakko-handheld-fireworks-2026/,浦安 手持ち花火,2,35,5.7%,5.5
https://urayasu-portal.com/posts/ikspiari-limited-shops-202608/,イクスピアリ 期間限定 出店,2,34,5.9%,7.9
https://urayasu-portal.com/posts/ikspiari-limited-shops-june-2026/,イクスピアリ 期間限定出店,2,30,6.7%,9.0
https://urayasu-portal.com/posts/urayasu-neighborhood-summer-festivals-2026/,浦安市 夏祭り 2026,2,29,6.9%,3.0
https://urayasu-portal.com/posts/daiso-maruesu-gyotoku-close/,行徳マルエツ 閉店,2,28,7.1%,7.1
https://urayasu-portal.com/posts/urayasu-neighborhood-summer-festivals-2026/,浦安市祭り 2026,2,24,8.3%,5.2
https://urayasu-portal.com/posts/urayasu-waste-oil-clothes-collection-20260809/,浦安市 古着 回収 日,2,23,8.7%,5.9
https://urayasu-portal.com/posts/%E3%82%A4%E3%82%AF%E3%82%B9%E3%83%94%E3%82%A2%E3%83%AA%E3%81%AB%E9%9F%93%E5%9B%BD%E6%96%99%E7%90%86%E3%83%99%E3%82%B8%E3%82%B4%E3%83%BC%E3%81%8C%E7%99%BB%E5%A0%B4108/,vegego メニュー イクスピアリ,2,21,9.5%,10.1
https://urayasu-portal.com/posts/urayasu-neighborhood-summer-festivals-2026/,新浦安 夏祭り,2,21,9.5%,4.8
https://urayasu-portal.com/posts/resort-line-magic-in-motion/,マジックインモーション,2,20,10.0%,2.9
https://urayasu-portal.com/posts/urayasu-neighborhood-summer-festivals-2026/,浦安市 祭り,2,15,13.3%,4.3
https://urayasu-portal.com/en/travel-guide/hotels/shuttle/,the royal park hotel maihama resort tokyo bay shuttle bus,2,14,14.3%,8.0
https://urayasu-portal.com/posts/nekogo-matsuri-urayasu-2026/,猫実 祭り,2,14,14.3%,3.9
https://urayasu-portal.com/posts/sushi-yamaguchi-gyotoku-opening-202608/,行徳 マルエツ 閉店 跡地,2,14,14.3%,7.4
https://urayasu-portal.com/posts/urayasu-accommodation-tax-plan-2026/,浦安市 宿泊税 いつから,2,14,14.3%,2.2
https://urayasu-portal.com/posts/urayasu-neighborhood-summer-festivals-2026/,浦安お祭り,2,14,14.3%,3.1
https://urayasu-portal.com/posts/urayasu-neighborhood-summer-festivals-2026/,浦安 夏 祭り 2026,2,13,15.4%,4.3
https://urayasu-portal.com/tags/%E3%82%AB%E3%83%95%E3%82%A7/,バンビドロップス,2,13,15.4%,11.5
https://urayasu-portal.com/posts/newcoast-shinurayasu-kodomo-ennichi-2026/,新浦安 お祭り 2026,2,12,16.7%,4.6
https://urayasu-portal.com/tags/%E6%AD%BB%E4%BA%A1%E4%BA%8B%E6%95%85/,浦安 死亡事故,2,12,16.7%,7.8
https://urayasu-portal.com/posts/%E6%B5%A6%E5%AE%89%E9%A7%85%E5%89%8D%E3%81%AB%E5%AD%90%E3%81%A9%E3%82%82%E3%81%A8%E8%8B%A5%E8%80%85%E3%81%AE%E5%B1%85%E5%A0%B4%E6%89%80%E3%81%93%E3%81%A9%E3%82%82%E9%9D%92%E5%B0%91/,浦安駅前こども・青少年プラザ,2,9,22.2%,10.6
https://urayasu-portal.com/posts/ichikawa-myoden-ogawa-clinic-open/,市川妙典おがわ泌尿器科・内科 市川市 レビュー,2,9,22.2%,6.7
https://urayasu-portal.com/posts/urayasu-neighborhood-summer-festivals-2026/,浦安 祭り 今日,2,9,22.2%,5.4
https://urayasu-portal.com/posts/urayasu-neighborhood-summer-festivals-2026/,浦安市お祭り2026,2,9,22.2%,2.9
https://urayasu-portal.com/zh-tw/travel-guide/urayasu-traffic-park/,浦安交通公園,2,9,22.2%,3.2
https://urayasu-portal.com/posts/sheraton-aloha-2026/,アロハ シェラトン 2026,2,8,25.0%,5.0
https://urayasu-portal.com/posts/newcoast-dental-festa-2026/,ニューコースト てぃ先生,2,7,28.6%,1.3
https://urayasu-portal.com/tags/%E6%AD%BB%E4%BA%A1%E4%BA%8B%E6%95%85/,浦安市 死亡事故,2,7,28.6%,10.0
https://urayasu-portal.com/posts/chiba-cashless-campaign-202608/,浦安,2,6,33.3%,4.5
https://urayasu-portal.com/posts/daiso-maruesu-gyotoku-close/,マルエツ 行徳店,2,6,33.3%,23.7
https://urayasu-portal.com/posts/osouzai-bovi-horie-open/,浦安 お弁当 テイクアウト,2,4,50.0%,1.0
https://urayasu-portal.com/zh-tw/travel-guide/urayasu-gourmet-souvenir-guide/,舞濱站 美食,2,4,50.0%,12.8
https://urayasu-portal.com/posts/urayasu-bonodori-fireworks-2026/#sec-4,浦安 盆踊り 2026,1,"3,547",0.0%,2.9
https://urayasu-portal.com/posts/urayasu-bonodori-fireworks-2026/#sec-1,浦安盆踊り2026,1,"1,763",0.1%,2.9
https://urayasu-portal.com/posts/urayasu-bonodori-fireworks-2026/#sec-3,浦安盆踊り2026,1,"1,761",0.1%,2.9
https://urayasu-portal.com/posts/urayasu-bonodori-fireworks-2026/#sec-2,浦安市 盆踊り 2026,1,"1,274",0.1%,2.8
https://urayasu-portal.com/posts/urayasu-bonodori-fireworks-2026/#sec-2,浦安 夏祭り 2026,1,425,0.2%,4.6
https://urayasu-portal.com/posts/gongcha-ikspiari-renewal/,イクスピアリゴンチャ,1,241,0.4%,7.8
https://urayasu-portal.com/posts/ikspiari-club-cpla-open-20260717/,クラブシープラ,1,237,0.4%,7.6
https://urayasu-portal.com/posts/urayasu-hanabi-taikai-2026/,浦安市花火大会 2026,1,188,0.5%,6.0
https://urayasu-portal.com/posts/urayasu-steel-job-fair-20260822/,浦安鉄鋼団地就職説明会,1,141,0.7%,5.4
https://urayasu-portal.com/posts/gongcha-ikspiari-renewal/,イクスピアリ ごんちゃ,1,129,0.8%,8.2
https://urayasu-portal.com/posts/urayasu-hanabi-taikai-2026/,浦安市 花火大会 2026,1,100,1.0%,6.2
https://urayasu-portal.com/posts/urayasu-neighborhood-summer-festivals-2026/#sec-1,サンコーポ 浦安 夏 祭り 2026,1,81,1.2%,3.1
https://urayasu-portal.com/posts/ikspiari-club-cpla-open-20260717/,シープライクスピアリ,1,74,1.4%,10.9
https://urayasu-portal.com/posts/urayasu-cemetery-shuttle-bus-202608/,浦安 墓地公園 バス 時刻表,1,70,1.4%,8.5
https://urayasu-portal.com/posts/urayasu-bonodori-fireworks-2026/,浦安盆踊り,1,69,1.4%,11.4
https://urayasu-portal.com/posts/ikspiari-club-cpla-open-20260717/,イクスピアリ ガチャガチャ 新しい,1,65,1.5%,7.9
https://urayasu-portal.com/posts/nisyakugosun-urayasuekimae/,二尺五寸,1,65,1.5%,9.2
https://urayasu-portal.com/posts/%E3%82%B5%E3%82%A4%E3%82%BC%E3%83%AA%E3%83%A4-%E3%82%A2%E3%83%88%E3%83%AC%E6%96%B0%E6%B5%A6%E5%AE%89%E5%BA%97%E3%81%8C%E5%96%B6%E6%A5%AD%E6%99%82%E9%96%93%E5%BB%B6%E9%95%B7-%E6%9C%9D10/,新浦安 サイゼリヤ 営業 時間,1,59,1.7%,10.4
https://urayasu-portal.com/posts/briobecca-emperors-cup-tochigi-2026/,栃木sc 対 浦安,1,58,1.7%,10.3
https://urayasu-portal.com/posts/daiso-maruesu-gyotoku-close/,行徳駅 ダイソー,1,56,1.8%,9.4
https://urayasu-portal.com/posts/urayasu-bonodori-fireworks-2026/,浦安花火大会2026,1,53,1.9%,8.0
https://urayasu-portal.com/posts/daiso-maruesu-gyotoku-close/,ダイソー マルエツ行徳店,1,47,2.1%,7.7
https://urayasu-portal.com/posts/gyotoku-turkish-restaurant-saray-open/,トルコ料理 saray 行徳店,1,45,2.2%,7.8
https://urayasu-portal.com/posts/caps-clinic-ichikawa-myoden-open/,キャップスクリニック市川妙典,1,44,2.3%,7.8
https://urayasu-portal.com/posts/urayasu-museum-summer-exhibition-research-2026/,ふるさと浦安研究,1,44,2.3%,5.4
https://urayasu-portal.com/posts/hyatt-tokyo-bay-moomin-collaboration-2026/,ハイアットリージェンシー ムーミン,1,43,2.3%,10.3
https://urayasu-portal.com/posts/urayasu-accommodation-tax-plan-2026/,舞浜 宿泊税,1,40,2.5%,5.8
https://urayasu-portal.com/,浦安 開店,1,35,2.9%,8.4
https://urayasu-portal.com/travel-guide/rainy-day/,舞浜 雨,1,35,2.9%,10.1
https://urayasu-portal.com/posts/nishidaba-minami-gyotoku-open/,やきとり にしだ場 南行徳店 市川市 メニュー,1,33,3.0%,6.3
https://urayasu-portal.com/posts/urayasu-cemetery-shuttle-bus-202608/,浦安 墓地公園 無料 バス,1,33,3.0%,4.3
https://urayasu-portal.com/posts/ikspiari-club-cpla-open-20260717/,イクスピアリ ガチャ,1,32,3.1%,11.7
https://urayasu-portal.com/posts/ikspiari-sugary-open-2026/,舞浜 アサイーボウル,1,32,3.1%,10.2
https://urayasu-portal.com/posts/daiso-maruesu-gyotoku-close/,行徳 マルエツ 閉店 跡地,1,30,3.3%,7.7
https://urayasu-portal.com/posts/urayasu-bonodori-fireworks-2026/,浦安祭り 2026,1,30,3.3%,4.4
https://urayasu-portal.com/posts/urayasu-bonodori-fireworks-2026/,浦安 花火 2026,1,27,3.7%,7.5
https://urayasu-portal.com/,浦安 閉店,1,26,3.8%,7.0
https://urayasu-portal.com/posts/ichikawa-myoden-ogawa-clinic-open/,小川泌尿器科 妙典,1,25,4.0%,8.9
https://urayasu-portal.com/posts/myoden-3chome-bonodori-ennichi-2026/,妙典 お祭り 2026,1,25,4.0%,3.0
https://urayasu-portal.com/posts/urayasu-neighborhood-summer-festivals-2026/,浦安市盆踊り2026,1,25,4.0%,9.2
https://urayasu-portal.com/tags/%E5%A4%8F%E4%BC%91%E3%81%BF/,ニューコースト トミカ,1,25,4.0%,3.8
https://urayasu-portal.com/posts/urayasu-bonodori-fireworks-2026/,サンコーポ 浦安 夏 祭り 2026,1,24,4.2%,7.2
https://urayasu-portal.com/posts/urayasu-museum-summer-exhibition-research-2026/,ふるさと浦安作品展 テーマ,1,24,4.2%,6.6
https://urayasu-portal.com/tags/%E6%96%B0%E6%B5%A6%E5%AE%89/,ニューコースト トミカ,1,24,4.2%,9.0
https://urayasu-portal.com/posts/malatang-tenpo-newcoast-shinurayasu-open/,麻辣湯 新浦安,1,23,4.3%,10.2
https://urayasu-portal.com/posts/maruetsu-gyotoku-close-2026/,行徳 マルエツ 閉店,1,23,4.3%,12.4
https://urayasu-portal.com/posts/ikspiari-limited-shops-202608/,イクスピアリ 期間限定出店,1,22,4.5%,7.0
https://urayasu-portal.com/posts/ikspiari-sugary-open-2026/,sugary イクスピアリ店,1,21,4.8%,9.5
https://urayasu-portal.com/posts/maruetsu-gyotoku-close-2026/,マルエツ 行徳 店 閉店,1,21,4.8%,10.4
https://urayasu-portal.com/posts/atre-shinurayasu-closed-20260817/,アトレ新浦安 閉店,1,20,5.0%,3.9
https://urayasu-portal.com/posts/nisyakugosun-urayasuekimae/,焼鳥蕎麦 二尺五寸,1,20,5.0%,8.1
https://urayasu-portal.com/posts/urayasu-waste-oil-clothes-collection-20260809/,浦安市 古着回収 公民館,1,20,5.0%,6.1
https://urayasu-portal.com/posts/osouzai-bovi-horie-open/,おそうざいボビ,1,19,5.3%,5.2
https://urayasu-portal.com/posts/shinurayasu-station-festival-performers-2026/,新浦安祭り,1,19,5.3%,7.0
https://urayasu-portal.com/posts/caps-clinic-ichikawa-myoden-open/,イオン妙典 小児科,1,18,5.6%,9.3
https://urayasu-portal.com/posts/urayasu-station-bus-stop-e-relocation-plan/,浦安 駅 バス 乗り場 e,1,18,5.6%,6.0
https://urayasu-portal.com/posts/daiso-maruesu-gyotoku-close/,マルエツ行徳店 ダイソー,1,17,5.9%,8.2
https://urayasu-portal.com/posts/%E3%82%A4%E3%82%AF%E3%82%B9%E3%83%94%E3%82%A2%E3%83%AA%E3%81%AB%E9%9F%93%E5%9B%BD%E6%96%99%E7%90%86%E3%83%99%E3%82%B8%E3%82%B4%E3%83%BC%E3%81%8C%E7%99%BB%E5%A0%B4108/,イクスピアリ vegego メニュー,1,16,6.3%,9.9
https://urayasu-portal.com/posts/daiso-maruesu-gyotoku-close/,ダイソー行徳店,1,15,6.7%,8.9
https://urayasu-portal.com/posts/gongcha-ikspiari-renewal/,ピアリ ゴンチャ,1,15,6.7%,9.6
https://urayasu-portal.com/posts/urayasu-cemetery-shuttle-bus-202608/,浦安 墓地 公園 無料 バス,1,15,6.7%,4.4
https://urayasu-portal.com/en/travel-guide/hotels/shuttle/,maihama view hotel by hulic shuttle bus,1,14,7.1%,7.6
https://urayasu-portal.com/posts/ichikawa-road-flooding-20260814/,浦安 冠水,1,14,7.1%,15.6
https://urayasu-portal.com/posts/benten-fureai-mini-festa-202607/,弁天ふれあいの森公園>イベント,1,13,7.7%,5.7
https://urayasu-portal.com/posts/chiba-cashless-campaign-202608/,浦安市,1,13,7.7%,6.4
https://urayasu-portal.com/posts/ikspiari-club-cpla-open-20260717/,イクスピアリ シープラ,1,13,7.7%,11.3
https://urayasu-portal.com/posts/malatang-tenpo-newcoast-shinurayasu-open/,麻辣湯天宝 新浦安店 浦安市 メニュー,1,13,7.7%,11.1
https://urayasu-portal.com/posts/maruetsu-gyotoku-close-2026/,マルエツ 閉店 予定,1,13,7.7%,12.8
https://urayasu-portal.com/posts/shinurayasu-station-festival-performers-2026/,新浦安まつり,1,13,7.7%,8.3
https://urayasu-portal.com/posts/urayasu-neighborhood-summer-festivals-2026/,新浦安 祭り,1,13,7.7%,7.8
https://urayasu-portal.com/tags/%E9%96%8B%E5%BA%97/,浦安 オープン予定,1,13,7.7%,7.6
https://urayasu-portal.com/posts/ichikawa-myoden-ogawa-clinic-open/,おがわ泌尿器科 妙典,1,12,8.3%,6.8
https://urayasu-portal.com/posts/urakko-handheld-fireworks-2026/,新浦安 手持ち花火,1,12,8.3%,5.9
https://urayasu-portal.com/tags/%E9%96%8B%E5%BA%97/,浦安 オープン,1,12,8.3%,18.8
https://urayasu-portal.com/travel-guide/luggage/,ホテル エミオン 東京ベイ 荷物 預かり チェックイン前,1,12,8.3%,10.3
https://urayasu-portal.com/,浦安 開店 閉店,1,11,9.1%,5.3
https://urayasu-portal.com/posts/gongcha-ikspiari-renewal/,ゴンチャイクスピアリ店,1,11,9.1%,9.2
https://urayasu-portal.com/posts/newcoast-creators-factory-202607/,ニューコースト新浦安 イベント,1,11,9.1%,5.9
https://urayasu-portal.com/posts/urayasu-station-bus-stop-e-relocation-plan/,浦安駅 バス乗り場 e,1,11,9.1%,6.5
https://urayasu-portal.com/posts/ikspiari-club-cpla-open-20260717/,ガチャガチャ イクスピアリ,1,10,10.0%,11.0
https://urayasu-portal.com/posts/shinurayasu-station-south-exit-redevelopment-plan/,新浦安 南口,1,10,10.0%,7.3
https://urayasu-portal.com/posts/tadokoro-shoten-shinurayasu-planned/,鉄鋼通り2-1-9,1,10,10.0%,5.8
https://urayasu-portal.com/posts/urayasu-bonodori-fireworks-2026/,浦安市お祭り2026,1,10,10.0%,6.6
https://urayasu-portal.com/tags/%E9%96%8B%E5%BA%97/,浦安 新規オープン,1,10,10.0%,13.6
https://urayasu-portal.com/zh-tw/travel-guide/urayasu-gourmet-souvenir-guide/,新浦安站美食,1,10,10.0%,11.9
https://urayasu-portal.com/posts/all-japan-id-volleyball-urayasu-2026/,idバレーボール大会2026,1,9,11.1%,2.9
https://urayasu-portal.com/posts/curves-aeon-shinurayasu-open/,新浦安カーブス,1,9,11.1%,8.0
https://urayasu-portal.com/posts/daiso-maruesu-gyotoku-close/,マルエツ 閉店 予定,1,9,11.1%,17.2
https://urayasu-portal.com/posts/disney-premier-access-price-change-202609/,ディズニー 値上げ dpa,1,9,11.1%,10.0
https://urayasu-portal.com/posts/ichikawa-road-flooding-20260814/,新浦安 冠水,1,9,11.1%,10.1
https://urayasu-portal.com/posts/sushi-yamaguchi-gyotoku-opening-202608/,行徳 マルエツ 跡地,1,9,11.1%,8.8
https://urayasu-portal.com/posts/urayasu-bonodori-fireworks-2026/,浦安盆踊り大会,1,9,11.1%,14.1
https://urayasu-portal.com/posts/wamen-zen-horie-open/,善 ラーメン,1,9,11.1%,5.0
https://urayasu-portal.com/travel-guide/hotels/grand-monday-resort-maihama/,grand monday resort 東京ベイ舞浜 レビュー,1,9,11.1%,22.8
https://urayasu-portal.com/travel-guide/luggage-howto/,舞浜駅からホテルに荷物を送る,1,9,11.1%,6.1
https://urayasu-portal.com/zh-tw/travel-guide/hotels/eurasia-annex/,舞濱歐亞annex,1,9,11.1%,19.4
https://urayasu-portal.com/travel-guide/luggage/,舞浜駅 ミラコスタ 荷物,1,8,12.5%,9.4
https://urayasu-portal.com/posts/urayasu-hanabi-taikai-2026/,浦安市花火大会 2026 申し込み,1,7,14.3%,8.1
https://urayasu-portal.com/posts/urayasu-neighborhood-summer-festivals-2026/,浦安市祭り,1,7,14.3%,4.3
https://urayasu-portal.com/posts/yokoyama-daisuke-doyo-concert-20260809/,未来へつなぐ「日本の四季」と童謡コンサート 千葉公演,1,7,14.3%,6.4
https://urayasu-portal.com/categories/%E9%96%8B%E5%BA%97%E9%96%89%E5%BA%97/,浦安 開店,1,6,16.7%,9.2
https://urayasu-portal.com/categories/%E9%96%8B%E5%BA%97%E9%96%89%E5%BA%97/,浦安 開店 閉店,1,6,16.7%,5.8
https://urayasu-portal.com/en/travel-guide/hotels/happy-entry/,tokyo disneyland happy entry,1,6,16.7%,11.0
https://urayasu-portal.com/en/travel-guide/hotels/hilton-tokyo-bay/,lawson,1,6,16.7%,1.3
https://urayasu-portal.com/posts/malatang-tenpo-newcoast-shinurayasu-open/,麻辣湯 浦安,1,6,16.7%,12.7
https://urayasu-portal.com/posts/undokoen-summer-kids-day-2026/,浦安市運動公園 イベント,1,6,16.7%,9.5
https://urayasu-portal.com/posts/urayasu-bonodori-fireworks-2026/,新浦安 夏祭り,1,6,16.7%,4.8
https://urayasu-portal.com/posts/urayasu-high-school-baseball-autumn-2026/,東海大浦安 ラグビー,1,6,16.7%,10.0
https://urayasu-portal.com/zh-tw/travel-guide/urayasu-traffic-park/,浦安市交通公園,1,6,16.7%,3.5
https://urayasu-portal.com/events/,浦安市 イベント,1,5,20.0%,23.0
https://urayasu-portal.com/open-close/,浦安 開店,1,5,20.0%,8.6
https://urayasu-portal.com/posts/%E3%83%AF%E3%82%A4%E3%82%BA%E3%83%9E%E3%83%BC%E3%83%88%E3%83%87%E3%82%A3%E3%82%B9%E3%82%AB%E6%B5%A6%E5%AE%89%E5%BC%81%E5%A4%A9%E5%BA%97%E3%81%8C6%E6%9C%8823%E6%97%A5%E3%82%88%E3%82%8A/,ワイズマート 弁天,1,5,20.0%,12.6
https://urayasu-portal.com/posts/grand-nikko-summer-festival-2026/,グランドニッコー 夏祭り,1,5,20.0%,12.0
https://urayasu-portal.com/posts/shinurayasu-station-south-exit-redevelopment-plan/,新浦安 再開発,1,5,20.0%,2.8
https://urayasu-portal.com/tags/%E9%96%8B%E5%BA%97/,新浦安 オープン予定,1,5,20.0%,5.2
https://urayasu-portal.com/zh-tw/travel-guide/hotels/happy-entry/,東京迪士尼happy entry,1,5,20.0%,8.8
https://urayasu-portal.com/posts/atre-shinurayasu-sweets-renewal-202609/,新浦安駅 期間限定ショップ スイーツ,1,4,25.0%,9.8
https://urayasu-portal.com/posts/cinema-ikspiari-disney-revival-2026/,リメンバーミー 再上映 2026,1,4,25.0%,5.8
https://urayasu-portal.com/posts/familymart-shinurayasu-mare-open/,新浦安 ファミマ,1,4,25.0%,13.8
https://urayasu-portal.com/posts/ikspiari-limited-shops-202608/,イクスピアリ 靴下 屋 閉店,1,4,25.0%,9.3
https://urayasu-portal.com/posts/urayasu-neighborhood-summer-festivals-2026/,堀江祭り2026,1,4,25.0%,3.3
https://urayasu-portal.com/posts/wamen-zen-horie-open/,和麺 善 浦安市 レビュー,1,4,25.0%,14.8
https://urayasu-portal.com/tags/%E9%96%8B%E5%BA%97/,浦安 新店舗,1,4,25.0%,13.5
https://urayasu-portal.com/zh-tw/travel-guide/hotels/shuttle/,東京灣喜來登迪士尼接駁車,1,4,25.0%,11.0
https://urayasu-portal.com/posts/ikspiari-club-cpla-open-20260717/,ガチャガチャ 浦安,1,3,33.3%,1.0
https://urayasu-portal.com/posts/newcoast-shinurayasu-kodomo-ennichi-2026/,ニューコースト 縁日,1,3,33.3%,2.3
https://urayasu-portal.com/posts/urayasu-accommodation-tax-plan-2026/,宿泊税,1,3,33.3%,4.3
https://urayasu-portal.com/posts/urayasu-bonodori-canceled-20260814/,浦安小学校盆踊り 2026,1,3,33.3%,10.3
https://urayasu-portal.com/posts/urayasu-marines-giants-farm-202608/,京葉ガス クラシモスタジアム浦安,1,3,33.3%,10.3
https://urayasu-portal.com/tags/%E6%AD%BB%E4%BA%A1%E4%BA%8B%E6%95%85/,浦安 トラック事故,1,3,33.3%,6.7
https://urayasu-portal.com/tags/%E6%B0%B4%E9%81%8A%E3%81%B3/,浦安 水遊び,1,3,33.3%,15.7
https://urayasu-portal.com/open-close/,浦安 オープン予定,1,2,50.0%,14.5
https://urayasu-portal.com/posts/%E8%88%9E%E6%B5%9C%E3%82%A4%E3%82%AF%E3%82%B9%E3%83%94%E3%82%A2%E3%83%AA%E6%9C%88%E5%B3%B6%E3%82%82%E3%82%93%E3%81%98%E3%82%83%E3%83%A2%E3%83%98%E3%82%B8/,イクスピアリもんじゃ,1,2,50.0%,30.0
https://urayasu-portal.com/posts/chiba-cashless-campaign-202608/,千葉県 キャッシュレス キャンペーン ディズニー,1,2,50.0%,12.0
https://urayasu-portal.com/posts/ichikawa-road-flooding-20260814/,浦安市 冠水,1,2,50.0%,20.5
https://urayasu-portal.com/posts/maruetsu-gyotoku-close-2026/,マルエツ行徳店,1,2,50.0%,41.0
https://urayasu-portal.com/posts/tadokoro-shoten-shinurayasu-planned/,浦安 美富 閉店,1,2,50.0%,11.5
https://urayasu-portal.com/posts/togakuji-toubu-mutsumi-kodomo-matsuri-2026/,浦安 こどもまつり,1,2,50.0%,5.0
https://urayasu-portal.com/posts/urayasu-bonodori-fireworks-2026/,浦安 花火大会 2026 申し込み,1,2,50.0%,16.5
https://urayasu-portal.com/posts/urayasu-bonodori-fireworks-2026/,浦安お祭り,1,2,50.0%,9.0
https://urayasu-portal.com/posts/urayasu-disaster-radio-digital-2027/,防災行政無線 更新,1,2,50.0%,4.0
https://urayasu-portal.com/posts/urayasu-inflation-voucher-deadline-2026/,浦安市地域振興券,1,2,50.0%,8.5
https://urayasu-portal.com/posts/urayasu-neighborhood-summer-festivals-2026/,浦安 祭り 2026 7 月,1,2,50.0%,3.0
https://urayasu-portal.com/tags/%E8%88%9E%E6%B5%9C/,シェラトン グランカフェ,1,2,50.0%,13.0
https://urayasu-portal.com/travel-guide/maihama-halloween/,舞浜 着替えスペース,1,2,50.0%,7.0
https://urayasu-portal.com/zh-tw/travel-guide/hotels/fantasy-springs-hotel/,夢幻泉鄉豪華館,1,2,50.0%,29.5
https://urayasu-portal.com/zh-tw/travel-guide/hotels/fantasy-springs-hotel/,東京迪士尼夢幻泉鄉飯店,1,2,50.0%,46.5
https://urayasu-portal.com/zh-tw/travel-guide/hotels/sheraton-grande-tokyo-bay/,東京灣喜來登接駁車時刻表,1,2,50.0%,20.5
https://urayasu-portal.com/zh-tw/travel-guide/rainy-day/,東京迪士尼 下雨,1,2,50.0%,8.0
https://urayasu-portal.com/en/travel-guide/hotels/comfort-suites-tokyo-bay/,comfort suites tokyo bay shuttle bus timetable,1,1,100.0%,5.0
https://urayasu-portal.com/en/travel-guide/hotels/sheraton-grande-tokyo-bay/,有大浴場嗎,1,1,100.0%,5.0
https://urayasu-portal.com/ko/travel-guide/hotels/hotel-seaside-edogawa/,가사이 임해공원,1,1,100.0%,2.0
https://urayasu-portal.com/posts/atre-shinurayasu-true-tree-popup-2026/,新浦安 ポップアップストア,1,1,100.0%,7.0
https://urayasu-portal.com/posts/benten-fureai-mini-festa-202607/,浦安 公園 水遊び,1,1,100.0%,3.0
https://urayasu-portal.com/posts/chiba-cashless-campaign-202608/,浦安市です,1,1,100.0%,6.0
https://urayasu-portal.com/posts/cinema-ikspiari-with-kids-toystory5/,キッズシネマ 千葉,1,1,100.0%,17.0
https://urayasu-portal.com/posts/familymart-shinurayasu-mare-open/,ファミマ 浦安,1,1,100.0%,1.0
https://urayasu-portal.com/posts/grand-nikko-summer-festival-2026/,アロハシェラトン,1,1,100.0%,8.0
https://urayasu-portal.com/posts/gyotoku-ishiguro-sanfujinka-close-2026/,閉院,1,1,100.0%,11.0
https://urayasu-portal.com/posts/ichikawa-myoden-ogawa-clinic-open/,妙典 泌尿器科,1,1,100.0%,1.0
https://urayasu-portal.com/posts/ikspiari-club-cpla-open-20260717/,c-pla 店舗,1,1,100.0%,1.0
https://urayasu-portal.com/posts/ikspiari-club-cpla-open-20260717/,イクスピアリ ガチャガチャ の 森,1,1,100.0%,16.0
https://urayasu-portal.com/posts/ikspiari-club-cpla-open-20260717/,ガチャガチャ 400m 以内,1,1,100.0%,1.0
https://urayasu-portal.com/posts/ikspiari-the-sale-2026-summer/,シェラトン グランカフェ,1,1,100.0%,24.0
https://urayasu-portal.com/posts/osouzai-bovi-horie-open/,お弁当屋さん,1,1,100.0%,1.0
https://urayasu-portal.com/posts/sagami-mona-shinurayasu-open/,クイーンズ伊勢丹 新浦安,1,1,100.0%,16.0
https://urayasu-portal.com/posts/sheraton-aloha-2026/,シェラトン・グランデ・トーキョーベイ・ホテル,1,1,100.0%,4.0
https://urayasu-portal.com/posts/sheraton-thai-food-buffet-2026/,シェラトン グランカフェ,1,1,100.0%,4.0
https://urayasu-portal.com/posts/shinurayasu-station-south-exit-redevelopment-plan/,浦安 オープン,1,1,100.0%,3.0
https://urayasu-portal.com/posts/takumi-shinurayasu-seitai-planned-202610/,浦安 オープン,1,1,100.0%,3.0
https://urayasu-portal.com/posts/togakuji-toubu-mutsumi-kodomo-matsuri-2026/,東学寺 浦安,1,1,100.0%,12.0
https://urayasu-portal.com/posts/urakko-handheld-fireworks-2026/,浦安 花火 できる場所,1,1,100.0%,5.0
https://urayasu-portal.com/posts/urayasu-accommodation-tax-plan-2026/,千葉県 宿泊税,1,1,100.0%,8.0
https://urayasu-portal.com/posts/urayasu-accommodation-tax-plan-2026/,浦安市,1,1,100.0%,5.0
https://urayasu-portal.com/posts/urayasu-bonodori-fireworks-2026/,近くの夏祭り 2026,1,1,100.0%,1.0
https://urayasu-portal.com/posts/urayasu-bonodori-report-20260815/,浦安市盆踊り2026,1,1,100.0%,11.0
https://urayasu-portal.com/posts/urayasu-cemetery-shuttle-bus-202608/,明日の混雑状況は,1,1,100.0%,6.0
https://urayasu-portal.com/posts/urayasu-kominkan-summer-study-space-2026/,夏休み 公民館,1,1,100.0%,3.0
https://urayasu-portal.com/posts/urayasu-neighborhood-summer-festivals-2026/,浦安 お祭り 8月,1,1,100.0%,1.0
https://urayasu-portal.com/posts/urayasu-neighborhood-summer-festivals-2026/,浦安市 イベント 今日,1,1,100.0%,1.0
https://urayasu-portal.com/posts/wamen-zen-horie-open/,麺屋 善,1,1,100.0%,4.0
https://urayasu-portal.com/tags/%E5%B8%82%E5%B7%9D%E5%B8%82/,マルエツ行徳駅前店,1,1,100.0%,3.0
https://urayasu-portal.com/tags/%E9%96%8B%E5%BA%97/,イクスピアリ 新店,1,1,100.0%,1.0
https://urayasu-portal.com/travel-guide/hotels/luggage-howto/,8:30,1,1,100.0%,9.0
https://urayasu-portal.com/travel-guide/luggage/,チェックイン前に荷物を預けたい,1,1,100.0%,5.0
https://urayasu-portal.com/zh-tw/travel-guide/hotels/hotel-ilfiore-kasai-annex/,還有沒有其他,1,1,100.0%,3.0
https://urayasu-portal.com/zh-tw/travel-guide/hotels/royal-park-maihama/,舞濱皇家花園酒店,1,1,100.0%,34.0
https://urayasu-portal.com/zh/travel-guide/urayasu-gourmet-souvenir-guide/,ikspiari 美食,1,1,100.0%,3.0
https://urayasu-portal.com/posts/urayasu-bonodori-fireworks-2026/#sec-3,浦安 盆踊り 2026,0,"3,687",0.0%,2.9
https://urayasu-portal.com/posts/urayasu-bonodori-fireworks-2026/#sec-4,浦安盆踊り2026,0,"1,729",0.0%,2.9
https://urayasu-portal.com/posts/urayasu-bonodori-fireworks-2026/#sec-1,浦安市 盆踊り 2026,0,"1,274",0.0%,2.8
https://urayasu-portal.com/posts/urayasu-bonodori-fireworks-2026/#sec-4,浦安市 盆踊り 2026,0,"1,273",0.0%,2.8
https://urayasu-portal.com/posts/urayasu-bonodori-fireworks-2026/#sec-3,浦安市 盆踊り 2026,0,"1,228",0.0%,2.8
https://urayasu-portal.com/posts/urayasu-bonodori-fireworks-2026/#sec-1,浦安市盆踊り2026,0,873,0.0%,2.8
https://urayasu-portal.com/posts/urayasu-bonodori-fireworks-2026/#sec-4,浦安市盆踊り2026,0,871,0.0%,2.8
https://urayasu-portal.com/posts/urayasu-bonodori-fireworks-2026/#sec-3,浦安市盆踊り2026,0,855,0.0%,2.8
https://urayasu-portal.com/posts/urayasu-bonodori-fireworks-2026/#sec-1,浦安花火大会 2026,0,780,0.0%,9.2
https://urayasu-portal.com/posts/urayasu-bonodori-fireworks-2026/#sec-2,浦安花火大会 2026,0,780,0.0%,9.2
https://urayasu-portal.com/posts/urayasu-bonodori-fireworks-2026/#sec-4,浦安花火大会 2026,0,777,0.0%,9.2
https://urayasu-portal.com/posts/urayasu-bonodori-fireworks-2026/#sec-3,浦安花火大会 2026,0,736,0.0%,9.2
https://urayasu-portal.com/posts/urayasu-bonodori-fireworks-2026/#sec-1,浦安 花火大会 2026,0,558,0.0%,9.5
https://urayasu-portal.com/posts/urayasu-bonodori-fireworks-2026/#sec-2,浦安 花火大会 2026,0,558,0.0%,9.5
https://urayasu-portal.com/posts/urayasu-bonodori-fireworks-2026/#sec-4,浦安 花火大会 2026,0,558,0.0%,9.5
https://urayasu-portal.com/posts/urayasu-bonodori-fireworks-2026/#sec-3,浦安 花火大会 2026,0,530,0.0%,9.5
https://urayasu-portal.com/en/travel-guide/hotels/,hotels in urayasu,0,427,0.0%,31.1
https://urayasu-portal.com/posts/urayasu-bonodori-fireworks-2026/#sec-1,浦安 夏祭り 2026,0,425,0.0%,4.6
https://urayasu-portal.com/posts/urayasu-bonodori-fireworks-2026/#sec-4,浦安 夏祭り 2026,0,423,0.0%,4.6
https://urayasu-portal.com/posts/urayasu-bonodori-fireworks-2026/#sec-3,浦安 夏祭り 2026,0,403,0.0%,4.6
https://urayasu-portal.com/posts/urayasu-bonodori-fireworks-2026/#sec-1,浦安市花火大会 2026,0,337,0.0%,8.9
https://urayasu-portal.com/posts/urayasu-bonodori-fireworks-2026/#sec-2,浦安市花火大会 2026,0,337,0.0%,8.9
https://urayasu-portal.com/posts/urayasu-bonodori-fireworks-2026/#sec-4,浦安市花火大会 2026,0,337,0.0%,8.9
https://urayasu-portal.com/posts/urayasu-bonodori-fireworks-2026/#sec-3,浦安市花火大会 2026,0,297,0.0%,8.8
https://urayasu-portal.com/posts/urayasu-bonodori-fireworks-2026/#sec-1,浦安盆踊り 2026,0,160,0.0%,3.0
https://urayasu-portal.com/posts/urayasu-bonodori-fireworks-2026/#sec-2,浦安盆踊り 2026,0,160,0.0%,3.0
https://urayasu-portal.com/posts/urayasu-bonodori-fireworks-2026/#sec-3,浦安盆踊り 2026,0,160,0.0%,3.0
https://urayasu-portal.com/posts/urayasu-bonodori-fireworks-2026/#sec-4,浦安盆踊り 2026,0,157,0.0%,3.0
https://urayasu-portal.com/en/travel-guide/hotels/shuttle/,urayasu hotels with shuttle,0,153,0.0%,8.2
https://urayasu-portal.com/categories/%E9%96%8B%E5%BA%97%E9%96%89%E5%BA%97/,イクスピアリ ダイソー 閉店,0,149,0.0%,9.5
https://urayasu-portal.com/posts/urayasu-bonodori-fireworks-2026/#sec-1,浦安小学校盆踊り 2026,0,146,0.0%,6.1
https://urayasu-portal.com/posts/urayasu-bonodori-fireworks-2026/#sec-2,浦安小学校盆踊り 2026,0,146,0.0%,6.1
https://urayasu-portal.com/posts/urayasu-bonodori-fireworks-2026/#sec-4,浦安小学校盆踊り 2026,0,146,0.0%,6.1
https://urayasu-portal.com/en/travel-guide/hotels/budget/,cheap hotels in urayasu,0,145,0.0%,18.3
https://urayasu-portal.com/posts/urayasu-bonodori-fireworks-2026/#sec-3,浦安小学校盆踊り 2026,0,144,0.0%,6.1
https://urayasu-portal.com/ko/travel-guide/hotels/royal-park-maihama/,리조트 파크 도모야마,0,137,0.0%,36.1
https://urayasu-portal.com/posts/urayasu-bonodori-fireworks-2026/#sec-1,浦安市 花火大会 2026,0,137,0.0%,8.8
https://urayasu-portal.com/posts/urayasu-bonodori-fireworks-2026/#sec-2,浦安市 花火大会 2026,0,137,0.0%,8.8
https://urayasu-portal.com/posts/urayasu-bonodori-fireworks-2026/#sec-4,浦安市 花火大会 2026,0,137,0.0%,8.8
https://urayasu-portal.com/posts/malatang-tenpo-newcoast-shinurayasu-open/,ニューコースト麻辣湯,0,133,0.0%,9.4
https://urayasu-portal.com/en/travel-guide/urayasu-maihama-access-guide/,tokyo station to urayasu station,0,132,0.0%,26.2
https://urayasu-portal.com/posts/wamen-zen-horie-open/,和麺善,0,128,0.0%,8.7
https://urayasu-portal.com/posts/urayasu-bonodori-fireworks-2026/#sec-3,浦安市 花火大会 2026,0,122,0.0%,8.8
https://urayasu-portal.com/posts/daiso-maruesu-gyotoku-close/,マルエツ 閉店予定,0,114,0.0%,10.7
https://urayasu-portal.com/travel-guide/urayasu-maihama-access-guide/,浦安での移動,0,114,0.0%,19.8
https://urayasu-portal.com/zh-tw/travel-guide/tokyo-sightseeing-access/,舞濱去東京鐵塔,0,107,0.0%,8.6
https://urayasu-portal.com/en/travel-guide/hotels/brighton-tokyo-bay/,urayasu brighton hotel tokyo bay,0,103,0.0%,14.8
https://urayasu-portal.com/posts/daiso-maruesu-gyotoku-close/,行徳ダイソー,0,102,0.0%,9.0
https://urayasu-portal.com/posts/urayasu-bonodori-fireworks-2026/#sec-1,浦安市 祭り 2026,0,100,0.0%,3.9
https://urayasu-portal.com/posts/urayasu-bonodori-fireworks-2026/#sec-2,浦安市 祭り 2026,0,100,0.0%,3.9
https://urayasu-portal.com/posts/urayasu-bonodori-fireworks-2026/#sec-4,浦安市 祭り 2026,0,100,0.0%,3.9
https://urayasu-portal.com/posts/gongcha-ikspiari-renewal/,ゴンチャイクスピアリ,0,97,0.0%,8.5
https://urayasu-portal.com/posts/urayasu-bonodori-fireworks-2026/#sec-3,浦安市 祭り 2026,0,95,0.0%,3.8
https://urayasu-portal.com/posts/daiso-maruesu-gyotoku-close/,行徳 ダイソー 営業時間,0,94,0.0%,7.8
https://urayasu-portal.com/zh/travel-guide/urayasu-gourmet-souvenir-guide/,新浦安美食,0,88,0.0%,24.5
https://urayasu-portal.com/en/travel-guide/urayasu-maihama-shinurayasu-tourism/,tokyo to urayasu,0,87,0.0%,35.6
https://urayasu-portal.com/en/travel-guide/hotels/comfort-suites-tokyo-bay/,tokyo comfort stay,0,81,0.0%,36.6
https://urayasu-portal.com/posts/urayasu-neighborhood-summer-festivals-2026/#sec-2,サンコーポ 浦安 夏 祭り 2026,0,81,0.0%,3.1
https://urayasu-portal.com/posts/urayasu-neighborhood-summer-festivals-2026/#sec-3,サンコーポ 浦安 夏 祭り 2026,0,81,0.0%,3.1
https://urayasu-portal.com/posts/curves-aeon-shinurayasu-open/,カーブス 新浦安,0,80,0.0%,9.0
https://urayasu-portal.com/posts/gongcha-ikspiari-renewal/,舞浜ゴンチャ,0,73,0.0%,7.2
https://urayasu-portal.com/,浦安 ショッピング,0,69,0.0%,44.3
https://urayasu-portal.com/en/travel-guide/urayasu-maihama-access-guide/,tokyo to urayasu,0,69,0.0%,33.4
https://urayasu-portal.com/en/travel-guide/hotels/,urayasu hotels,0,67,0.0%,29.7
https://urayasu-portal.com/posts/malatang-tenpo-newcoast-shinurayasu-open/,ニューコースト新浦安麻辣湯,0,67,0.0%,9.3
https://urayasu-portal.com/,友来 浦安店,0,66,0.0%,38.1
https://urayasu-portal.com/posts/%E8%82%89%E5%87%A6-%E5%A4%A7%E4%B9%85%E4%BF%9D%E3%83%8B%E3%83%A5%E3%83%BC%E3%82%B3%E3%83%BC%E3%82%B9%E3%83%88%E6%96%B0%E6%B5%A6%E5%AE%89%E9%96%89%E5%BA%97/,肉処 大久保 閉店,0,66,0.0%,6.8
https://urayasu-portal.com/posts/urayasu-bonodori-fireworks-2026/#sec-1,浦安市 夏祭り 2026,0,66,0.0%,5.3
https://urayasu-portal.com/posts/urayasu-bonodori-fireworks-2026/#sec-2,浦安市 夏祭り 2026,0,66,0.0%,5.3
https://urayasu-portal.com/posts/urayasu-bonodori-fireworks-2026/#sec-4,浦安市 夏祭り 2026,0,66,0.0%,5.3
https://urayasu-portal.com/travel-guide/luggage/,舞浜駅 荷物預かり,0,65,0.0%,10.5
https://urayasu-portal.com/ko/travel-guide/hotels/toy-story-hotel/,토이 스토리 호텔,0,64,0.0%,33.5
https://urayasu-portal.com/posts/nishidaba-minami-gyotoku-open/,にしだ場 南行徳,0,64,0.0%,9.0
https://urayasu-portal.com/posts/ikspiari-club-cpla-open-20260717/,イクスピアリ クラブシープラ,0,63,0.0%,9.5
https://urayasu-portal.com/posts/urayasu-bonodori-fireworks-2026/#sec-3,浦安市 夏祭り 2026,0,63,0.0%,5.3
https://urayasu-portal.com/zh-tw/travel-guide/urayasu-gourmet-souvenir-guide/,新浦安美食,0,63,0.0%,20.7
https://urayasu-portal.com/ko/travel-guide/hotels/hilton-tokyo-bay/,힐튼 도쿄베이,0,62,0.0%,35.2
https://urayasu-portal.com/posts/daiso-maruesu-gyotoku-close/,ダイソー行徳,0,62,0.0%,8.3
https://urayasu-portal.com/posts/disney-premier-access-price-change-202609/,ディズニー dpa 値上げ,0,62,0.0%,10.5
https://urayasu-portal.com/ko/travel-guide/hotels/oriental-tokyo-bay/,오리엔탈 호텔 도쿄 베이,0,61,0.0%,37.1
https://urayasu-portal.com/posts/urayasu-bonodori-fireworks-2026/#sec-1,浦安小学校 盆踊り 2026,0,61,0.0%,5.6
https://urayasu-portal.com/posts/urayasu-bonodori-fireworks-2026/#sec-1,浦安市 お祭り 2026,0,61,0.0%,4.8
https://urayasu-portal.com/posts/urayasu-bonodori-fireworks-2026/#sec-2,浦安小学校 盆踊り 2026,0,61,0.0%,5.6
https://urayasu-portal.com/posts/urayasu-bonodori-fireworks-2026/#sec-2,浦安市 お祭り 2026,0,61,0.0%,4.8
https://urayasu-portal.com/posts/urayasu-bonodori-fireworks-2026/#sec-4,浦安小学校 盆踊り 2026,0,61,0.0%,5.6
https://urayasu-portal.com/posts/urayasu-bonodori-fireworks-2026/#sec-4,浦安市 お祭り 2026,0,61,0.0%,4.8
https://urayasu-portal.com/,焼鳥 大好き 浦安駅前本店,0,60,0.0%,47.2
https://urayasu-portal.com/posts/urayasu-bonodori-fireworks-2026/#sec-3,浦安小学校 盆踊り 2026,0,60,0.0%,5.6
https://urayasu-portal.com/posts/urayasu-bonodori-fireworks-2026/#sec-3,浦安市 お祭り 2026,0,58,0.0%,4.8
https://urayasu-portal.com/ko/travel-guide/hotels/hilton-tokyo-bay/,힐튼 도쿄베이 고객의소리,0,56,0.0%,40.2
https://urayasu-portal.com/posts/urayasu-bonodori-fireworks-2026/#sec-1,浦安市盆踊り 2026,0,56,0.0%,3.0
https://urayasu-portal.com/posts/urayasu-bonodori-fireworks-2026/#sec-2,浦安市盆踊り 2026,0,56,0.0%,3.0
https://urayasu-portal.com/posts/urayasu-bonodori-fireworks-2026/#sec-4,浦安市盆踊り 2026,0,56,0.0%,3.0
https://urayasu-portal.com/en/travel-guide/urayasu-maihama-shinurayasu-tourism/,things to do in maihama,0,55,0.0%,12.2
https://urayasu-portal.com/posts/ikspiari-club-cpla-open-20260717/,イクスピアリガチャガチャ,0,55,0.0%,10.5
https://urayasu-portal.com/posts/urayasu-bonodori-fireworks-2026/#sec-3,浦安市盆踊り 2026,0,54,0.0%,3.0
https://urayasu-portal.com/en/travel-guide/hotels/brighton-tokyo-bay/,urayasu brighton hotel tokyo bay location shin-urayasu station,0,52,0.0%,11.3
https://urayasu-portal.com/ko/travel-guide/hotels/miracosta/,도쿄 디즈니시 호텔,0,52,0.0%,20.6
https://urayasu-portal.com/zh/travel-guide/hotels/,东京迪士尼海洋附近酒店,0,52,0.0%,44.2
https://urayasu-portal.com/posts/urayasu-bonodori-fireworks-2026/,浦安夏祭り2026,0,51,0.0%,5.5
https://urayasu-portal.com/posts/urayasu-bonodori-fireworks-2026/#sec-1,浦安夏祭り2026,0,51,0.0%,5.8
https://urayasu-portal.com/posts/urayasu-bonodori-fireworks-2026/#sec-2,浦安夏祭り2026,0,51,0.0%,5.8
https://urayasu-portal.com/posts/urayasu-bonodori-fireworks-2026/#sec-4,浦安夏祭り2026,0,51,0.0%,5.8
https://urayasu-portal.com/travel-guide/maihama-eurasia-spa/,舞浜ユーラシア 日帰り 入浴,0,51,0.0%,10.5
https://urayasu-portal.com/posts/gongcha-ikspiari-renewal/,舞浜駅 ゴンチャ,0,50,0.0%,7.5
https://urayasu-portal.com/posts/ikspiari-club-cpla-open-20260717/,舞浜 シープラ,0,50,0.0%,11.5
https://urayasu-portal.com/posts/gongcha-ikspiari-renewal/,ゴンチャ舞浜,0,49,0.0%,7.6
https://urayasu-portal.com/posts/ikspiari-club-cpla-open-20260717/,イクスピアリシープラ,0,48,0.0%,10.8
https://urayasu-portal.com/zh/travel-guide/tokyo-sightseeing-access/,舞濱去淺草,0,48,0.0%,22.3
https://urayasu-portal.com/en/travel-guide/hotels/,hotel mystays maihama,0,47,0.0%,29.3
https://urayasu-portal.com/posts/malatang-tenpo-newcoast-shinurayasu-open/,ニューコースト 麻辣担,0,47,0.0%,8.2
https://urayasu-portal.com/posts/urayasu-bonodori-fireworks-2026/,猫実東自治会まつり,0,47,0.0%,8.4
https://urayasu-portal.com/posts/urayasu-bonodori-fireworks-2026/#sec-3,浦安夏祭り2026,0,47,0.0%,5.8
https://urayasu-portal.com/en/travel-guide/hotels/,hotels in urayasu-shi,0,46,0.0%,27.9
https://urayasu-portal.com/en/travel-guide/hotels/dreamgate-maihama/,hotel dream gate maihama,0,42,0.0%,21.9
https://urayasu-portal.com/posts/urayasu-neighborhood-summer-festivals-2026/,浦安 盆踊り 2026,0,42,0.0%,11.2
https://urayasu-portal.com/zh-tw/travel-guide/tokyo-sightseeing-access/,jr舞濱站到東京鐵塔,0,42,0.0%,8.7
https://urayasu-portal.com/zh/travel-guide/tokyo-sightseeing-access/,舞濱去東京鐵塔,0,42,0.0%,26.6
https://urayasu-portal.com/en/travel-guide/hotels/brighton-tokyo-bay/,tokyo station to urayasu station,0,41,0.0%,21.5
https://urayasu-portal.com/en/travel-guide/hotels/hilton-tokyo-bay/,hilton tokyo bay laundry,0,41,0.0%,16.3
https://urayasu-portal.com/en/travel-guide/hotels/brighton-tokyo-bay/,urayasu hotels,0,40,0.0%,24.4
https://urayasu-portal.com/posts/nisyakugosun-urayasuekimae/,浦安 二尺五寸,0,40,0.0%,10.5
https://urayasu-portal.com/posts/nisyakugosun-urayasuekimae/,焼鳥蕎麦二尺五寸マーヴ浦安店 浦安市 レビュー,0,40,0.0%,8.9
https://urayasu-portal.com/,浦安 タピオカ,0,39,0.0%,29.4
https://urayasu-portal.com/en/travel-guide/hotels/emion-tokyo-bay/,hotel emion tokyo bay,0,39,0.0%,23.4
https://urayasu-portal.com/ko/travel-guide/,우라야스 호텔,0,39,0.0%,38.6
https://urayasu-portal.com/ko/travel-guide/hotels/miracosta/,코스타 호텔 예약,0,39,0.0%,13.7
https://urayasu-portal.com/posts/urayasu-cemetery-shuttle-bus-202608/,新浦安 墓地公園 バス,0,39,0.0%,7.1
https://urayasu-portal.com/events/,浦安 イベント,0,38,0.0%,29.5
https://urayasu-portal.com/posts/marines-giants-farm-urayasu-2026/,2025年 浦安 巨人戦,0,38,0.0%,6.9
https://urayasu-portal.com/posts/urayasu-bonodori-fireworks-2026/,浦安 花火 大会 2026 申し込み,0,38,0.0%,10.1
https://urayasu-portal.com/posts/urayasu-zaitaku-neuro-clinic-open/,浦安在宅神経内科クリニック,0,38,0.0%,8.4
https://urayasu-portal.com/tags/%E3%83%8B%E3%83%A5%E3%83%BC%E3%82%B3%E3%83%BC%E3%82%B9%E3%83%88%E6%96%B0%E6%B5%A6%E5%AE%89/,ニューコースト イベント,0,38,0.0%,6.2
https://urayasu-portal.com/zh/travel-guide/hotels/,東京迪士尼海洋附近酒店,0,38,0.0%,46.7
https://urayasu-portal.com/posts/%E4%B8%AD%E8%8F%AF%E6%96%99%E7%90%86-%E6%B3%B0%E8%88%88%E6%B5%A6%E5%AE%89%E9%A7%85%E9%AB%98%E6%9E%B6%E4%B8%8B%E5%86%8D%E9%96%8B%E7%99%BA%E3%81%A73%E6%9C%88%E4%B8%8A%E6%97%AC%E3%81%AB/,泰興 浦安店,0,37,0.0%,30.6
https://urayasu-portal.com/tags/%E3%83%8B%E3%83%A5%E3%83%BC%E3%82%B3%E3%83%BC%E3%82%B9%E3%83%88%E6%96%B0%E6%B5%A6%E5%AE%89/,ニューコースト新浦安 イベント,0,37,0.0%,6.4
https://urayasu-portal.com/en/travel-guide/urayasu-maihama-shinurayasu-tourism/,tokyo disneyland urayasu,0,35,0.0%,28.9
https://urayasu-portal.com/posts/malatang-tenpo-newcoast-shinurayasu-open/,新浦安麻辣湯,0,35,0.0%,10.2
https://urayasu-portal.com/posts/urayasu-bonodori-fireworks-2026/#sec-1,浦安市祭り 2026,0,35,0.0%,4.0
https://urayasu-portal.com/posts/urayasu-bonodori-fireworks-2026/#sec-2,浦安市祭り 2026,0,35,0.0%,4.0
https://urayasu-portal.com/posts/urayasu-bonodori-fireworks-2026/#sec-4,浦安市祭り 2026,0,35,0.0%,4.0
https://urayasu-portal.com/,浦安,0,34,0.0%,44.8
https://urayasu-portal.com/en/travel-guide/hotels/brighton-tokyo-bay/,urayasu hotels with shuttle,0,34,0.0%,23.6
https://urayasu-portal.com/en/travel-guide/hotels/comfort-suites-tokyo-bay/,comfort suites tokyo bay,0,34,0.0%,31.0
https://urayasu-portal.com/posts/urayasu-waste-oil-clothes-collection-20260809/,浦安市 古着回収,0,34,0.0%,9.0
https://urayasu-portal.com/zh/travel-guide/hotels/hilton-tokyo-bay/,东京湾希尔顿酒店,0,34,0.0%,45.9
https://urayasu-portal.com/en/travel-guide/hotels/hilton-tokyo-bay/,hilton tokyo bay convenience store,0,33,0.0%,7.6
https://urayasu-portal.com/open-close/,新浦安 ダイソー 閉店,0,33,0.0%,6.7
https://urayasu-portal.com/posts/nisyakugosun-urayasuekimae/,焼鳥 蕎麦 二尺五寸 浦安市 レビュー,0,33,0.0%,8.1
https://urayasu-portal.com/posts/urayasu-bonodori-fireworks-2026/#sec-1,浦安 お祭り 2026,0,33,0.0%,7.6
https://urayasu-portal.com/posts/urayasu-bonodori-fireworks-2026/#sec-2,浦安 お祭り 2026,0,33,0.0%,7.6
https://urayasu-portal.com/posts/urayasu-bonodori-fireworks-2026/#sec-3,浦安 お祭り 2026,0,33,0.0%,7.6
https://urayasu-portal.com/posts/urayasu-bonodori-fireworks-2026/#sec-3,浦安市祭り 2026,0,33,0.0%,4.0
https://urayasu-portal.com/posts/urayasu-bonodori-fireworks-2026/#sec-4,浦安 お祭り 2026,0,33,0.0%,7.6
https://urayasu-portal.com/en/tags/hotel/,hotels in urayasu,0,32,0.0%,46.8
https://urayasu-portal.com/en/travel-guide/hotels/happy-entry/,happy entry tokyo disney,0,32,0.0%,10.3
https://urayasu-portal.com/posts/%E3%83%AF%E3%82%A4%E3%82%BA%E3%83%9E%E3%83%BC%E3%83%88%E3%83%87%E3%82%A3%E3%82%B9%E3%82%AB%E6%B5%A6%E5%AE%89%E5%BC%81%E5%A4%A9%E5%BA%97%E3%81%8C6%E6%9C%8823%E6%97%A5%E3%82%88%E3%82%8A/,ワイズマート 浦安弁天店 閉店,0,32,0.0%,5.7
https://urayasu-portal.com/posts/ikspiari-sugary-open-2026/,イクスピアリ sugary,0,32,0.0%,9.3
https://urayasu-portal.com/,生粋 浦安店,0,31,0.0%,28.2
https://urayasu-portal.com/posts/%E3%82%B5%E3%82%A4%E3%82%BC%E3%83%AA%E3%83%A4-%E3%82%A2%E3%83%88%E3%83%AC%E6%96%B0%E6%B5%A6%E5%AE%89%E5%BA%97%E3%81%8C%E5%96%B6%E6%A5%AD%E6%99%82%E9%96%93%E5%BB%B6%E9%95%B7-%E6%9C%9D10/,サイゼリヤアトレ新浦安店,0,31,0.0%,27.4
https://urayasu-portal.com/posts/gongcha-ikspiari-renewal/,ごんちゃ イクスピアリ,0,31,0.0%,8.5
https://urayasu-portal.com/,浦安 夜遊び,0,30,0.0%,31.3
https://urayasu-portal.com/ko/travel-guide/hotels/compare/,우라야스 호텔,0,30,0.0%,40.7
https://urayasu-portal.com/posts/urayasu-bonodori-fireworks-2026/,新浦安花火大会 2026,0,30,0.0%,8.5
https://urayasu-portal.com/travel-guide/luggage/,ホテルマイステイズ舞浜 荷物預かり,0,30,0.0%,8.9
https://urayasu-portal.com/,ｇｒａｎｄ ｓａｖｅｕｒ 浦安本店,0,29,0.0%,34.8
https://urayasu-portal.com/ko/travel-guide/hotels/miracosta/,코스타 호텔,0,29,0.0%,14.3
https://urayasu-portal.com/posts/gongcha-ikspiari-renewal/,ごんちゃ 舞浜,0,29,0.0%,7.4
https://urayasu-portal.com/posts/ikspiari-club-cpla-open-20260717/,イクスピアリ ガチャガチャ 場所,0,29,0.0%,10.8
https://urayasu-portal.com/posts/urayasu-bonodori-fireworks-2026/#sec-1,浦安 夏 祭り 2026,0,29,0.0%,3.8
https://urayasu-portal.com/posts/urayasu-bonodori-fireworks-2026/#sec-2,浦安 夏 祭り 2026,0,29,0.0%,3.8
https://urayasu-portal.com/posts/urayasu-bonodori-fireworks-2026/#sec-3,浦安 夏 祭り 2026,0,29,0.0%,3.8
https://urayasu-portal.com/posts/urayasu-bonodori-fireworks-2026/#sec-4,浦安 夏 祭り 2026,0,29,0.0%,3.8
https://urayasu-portal.com/posts/urayasu-neighborhood-summer-festivals-2026/,浦安市お祭り,0,29,0.0%,4.7
https://urayasu-portal.com/travel-guide/kasai-rinkai-park/,葛西臨海公園 ディズニー,0,29,0.0%,9.8
https://urayasu-portal.com/travel-guide/maihama-eurasia-spa/,ユーラシア 日帰り,0,29,0.0%,25.7
https://urayasu-portal.com/ko/travel-guide/hotels/brighton-tokyo-bay/,우라야스 호텔,0,28,0.0%,37.2
https://urayasu-portal.com/ko/travel-guide/hotels/types/,디즈니 파트너 호텔,0,28,0.0%,18.9
https://urayasu-portal.com/posts/gongcha-ikspiari-renewal/,イクスピアリごんちゃ,0,28,0.0%,7.8
https://urayasu-portal.com/,ビーパス 浦安店,0,27,0.0%,35.9
https://urayasu-portal.com/posts/cinema-ikspiari-with-kids-toystory5/,ウィズキッズシネマ,0,27,0.0%,9.6
https://urayasu-portal.com/posts/duoscene-shin-urayasu-higashino/,デュオセーヌ新浦安,0,27,0.0%,9.7
https://urayasu-portal.com/posts/urayasu-bonodori-fireworks-2026/#sec-1,浦安 花火 大会 2026 申し込み,0,27,0.0%,10.1
https://urayasu-portal.com/posts/urayasu-bonodori-fireworks-2026/#sec-2,浦安 花火 大会 2026 申し込み,0,27,0.0%,10.1
https://urayasu-portal.com/posts/urayasu-bonodori-fireworks-2026/#sec-4,浦安 花火 大会 2026 申し込み,0,27,0.0%,10.1
https://urayasu-portal.com/posts/hyatt-tokyo-bay-moomin-collaboration-2026/,ハイアット ムーミン,0,26,0.0%,9.6
https://urayasu-portal.com/posts/malatang-tenpo-newcoast-shinurayasu-open/,麻辣湯 ニューコースト,0,26,0.0%,9.8
https://urayasu-portal.com/posts/urayasu-cemetery-shuttle-bus-202608/,浦安 墓地公園 バス 時刻 表,0,26,0.0%,8.1
https://urayasu-portal.com/,浦安 ジンギスカン,0,25,0.0%,40.6
https://urayasu-portal.com/en/travel-guide/hotels/compare/,karte mit hotels in fujimi-machi,0,25,0.0%,23.4
https://urayasu-portal.com/posts/eyecarelabo-urayasu-open/,アイケアラボ 浦安,0,25,0.0%,10.3
https://urayasu-portal.com/posts/gongcha-ikspiari-renewal/,イクスピアリ ゴンチャ 営業時間,0,25,0.0%,11.6
https://urayasu-portal.com/posts/shinurayasu-station-festival-performers-2026/,新浦安 祭り,0,25,0.0%,6.8
https://urayasu-portal.com/posts/shinurayasu-station-festival-performers-2026/,新浦安駅前祭り,0,25,0.0%,7.2
https://urayasu-portal.com/posts/urayasu-bonodori-fireworks-2026/,新浦安 花火大会,0,25,0.0%,23.3
https://urayasu-portal.com/posts/urayasu-bonodori-fireworks-2026/,浦安 夏祭り,0,25,0.0%,1.8
https://urayasu-portal.com/posts/urayasu-bonodori-fireworks-2026/,花火大会 浦安 2026,0,25,0.0%,9.0
https://urayasu-portal.com/posts/urayasu-cemetery-shuttle-bus-202608/,浦安墓地公園 バス,0,25,0.0%,6.0
https://urayasu-portal.com/posts/familymart-shinurayasu-mare-open/,ファミリーマート新浦安マーレ店,0,24,0.0%,7.1
https://urayasu-portal.com/posts/malatang-tenpo-newcoast-shinurayasu-open/,新浦安 天宝,0,24,0.0%,10.5
https://urayasu-portal.com/posts/urayasu-bonodori-fireworks-2026/#sec-3,浦安 花火 大会 2026 申し込み,0,24,0.0%,10.1
https://urayasu-portal.com/en/travel-guide/hotels/shuttle/,hotels near tokyo disneyland with free shuttle,0,23,0.0%,14.9
https://urayasu-portal.com/ko/travel-guide/hotels/urayasu-sun-hotel/,우라야스 호텔,0,23,0.0%,32.8
https://urayasu-portal.com/posts/ikspiari-club-cpla-open-20260717/,シープラ 舞浜,0,23,0.0%,11.3
https://urayasu-portal.com/posts/ikspiari-club-cpla-open-20260717/,舞浜シープラ,0,23,0.0%,11.7
https://urayasu-portal.com/posts/nekogo-matsuri-urayasu-2026/,五祭 2026,0,23,0.0%,8.7
https://urayasu-portal.com/posts/urayasu-bonodori-fireworks-2026/,浦安 祭り,0,23,0.0%,4.1
https://urayasu-portal.com/,ロースト浦安店,0,22,0.0%,24.4
https://urayasu-portal.com/posts/eyecarelabo-urayasu-open/,アイケアラボ浦安,0,22,0.0%,10.4
https://urayasu-portal.com/posts/malatang-tenpo-newcoast-shinurayasu-open/,麻辣担 ニューコースト,0,22,0.0%,8.9
https://urayasu-portal.com/posts/urayasu-bonodori-fireworks-2026/#sec-1,浦安 祭り 2026,0,22,0.0%,9.6
https://urayasu-portal.com/posts/urayasu-bonodori-fireworks-2026/#sec-2,浦安 祭り 2026,0,22,0.0%,9.6
https://urayasu-portal.com/posts/urayasu-bonodori-fireworks-2026/#sec-4,浦安 祭り 2026,0,22,0.0%,9.6
https://urayasu-portal.com/,jungle 浦安,0,21,0.0%,37.9
https://urayasu-portal.com/categories/%E3%82%A4%E3%83%99%E3%83%B3%E3%83%88/,浦安 イベント,0,21,0.0%,41.8
https://urayasu-portal.com/ko/,우라야스 호텔,0,21,0.0%,21.3
https://urayasu-portal.com/posts/%E3%82%A4%E3%82%AA%E3%83%B3%E6%96%B0%E6%B5%A6%E5%AE%89%E3%82%B7%E3%83%A7%E3%83%83%E3%83%94%E3%83%B3%E3%82%B0%E3%82%BB%E3%83%B3%E3%82%BF%E3%83%BC%E3%81%AB%E3%82%B5%E3%83%B3/,新浦安 サンリオ,0,21,0.0%,8.6
https://urayasu-portal.com/posts/%E5%BB%83%E9%A3%9F%E6%B2%B9%E5%8F%A4%E7%9D%80%E5%8F%A4%E5%B8%83%E3%81%AE%E5%9B%9E%E5%8F%8E7%E6%9C%889%E6%97%A5%E5%AE%9F%E6%96%BD%E3%81%B8/,浦安市 古着 回収 日,0,21,0.0%,10.5
https://urayasu-portal.com/posts/caps-clinic-ichikawa-myoden-open/,妙典 キャップスクリニック,0,21,0.0%,8.7
https://urayasu-portal.com/posts/urayasu-bonodori-fireworks-2026/#sec-1,サンコーポ 浦安 夏 祭り 2026,0,21,0.0%,6.7
https://urayasu-portal.com/posts/urayasu-bonodori-fireworks-2026/#sec-2,サンコーポ 浦安 夏 祭り 2026,0,21,0.0%,6.7
https://urayasu-portal.com/posts/urayasu-bonodori-fireworks-2026/#sec-3,サンコーポ 浦安 夏 祭り 2026,0,21,0.0%,6.7
https://urayasu-portal.com/posts/urayasu-bonodori-fireworks-2026/#sec-3,浦安 祭り 2026,0,21,0.0%,9.5
https://urayasu-portal.com/posts/urayasu-bonodori-fireworks-2026/#sec-4,サンコーポ 浦安 夏 祭り 2026,0,21,0.0%,6.7
https://urayasu-portal.com/travel-guide/luggage/,舞浜 荷物預かり,0,21,0.0%,9.9
https://urayasu-portal.com/zh-tw/travel-guide/hotels/happy-entry/,happy entry,0,21,0.0%,6.3
https://urayasu-portal.com/zh/travel-guide/hotels/,浦安酒店,0,21,0.0%,37.8
https://urayasu-portal.com/en/travel-guide/disney-tickets/,tokyo disneyland tickets,0,20,0.0%,52.7
https://urayasu-portal.com/en/travel-guide/urayasu-maihama-shinurayasu-tourism/,tokyo station to urayasu station,0,20,0.0%,35.4
https://urayasu-portal.com/ko/travel-guide/hotels/fantasy-springs-hotel/,드라프 리조트 판타지 다운,0,20,0.0%,16.2
https://urayasu-portal.com/ko/travel-guide/urayasu-maihama-access-guide/,우라야스,0,20,0.0%,17.7
https://urayasu-portal.com/posts/urayasu-bonodori-fireworks-2026/#sec-1,浦安花火大会2026,0,20,0.0%,8.8
https://urayasu-portal.com/posts/urayasu-bonodori-fireworks-2026/#sec-2,浦安花火大会2026,0,20,0.0%,8.8
https://urayasu-portal.com/posts/urayasu-bonodori-fireworks-2026/#sec-4,浦安花火大会2026,0,20,0.0%,8.8
https://urayasu-portal.com/travel-guide/hotels/four-stories-hotel/,フォーストーリーズホテル舞浜 東京ベイ,0,20,0.0%,47.8
https://urayasu-portal.com/,和ふ庵浦安店,0,19,0.0%,24.2
https://urayasu-portal.com/en/travel-guide/hotels/emion-tokyo-bay/,emion tokyo bay,0,19,0.0%,27.9
https://urayasu-portal.com/en/travel-guide/urayasu-maihama-shinurayasu-tourism/,shin urayasu,0,19,0.0%,21.8
https://urayasu-portal.com/posts/%E6%B5%A6%E5%AE%89%E5%B8%82%E5%8C%97%E6%A0%84%E3%81%AB%E3%83%8F%E3%83%B3%E3%83%90%E3%83%BC%E3%82%AC%E3%83%BC%E5%BA%97perch-diner%E3%81%8C4%E6%9C%8821%E6%97%A5/,浦安 ハンバーガー,0,19,0.0%,39.2
https://urayasu-portal.com/posts/gyotoku-horumon-shoryuen-open-2026/,ホルモン将龍苑,0,19,0.0%,8.8
https://urayasu-portal.com/posts/ikspiari-club-cpla-open-20260717/,club #c-pla,0,19,0.0%,7.8
https://urayasu-portal.com/posts/tokyo-bay-maihama-hotel-hokkaido-buffet-2026/,東京ベイ舞浜ホテル 北海道フェア,0,19,0.0%,9.4
https://urayasu-portal.com/posts/wamen-zen-horie-open/,和麺 善 浦安,0,19,0.0%,9.3
https://urayasu-portal.com/zh/travel-guide/hotels/bayhotel-urayasu/,浦安酒店,0,19,0.0%,39.1
https://urayasu-portal.com/en/travel-guide/disney-tickets/,tokyo disney tickets,0,18,0.0%,52.9
https://urayasu-portal.com/ko/tags/,우라야쓰,0,18,0.0%,24.4
https://urayasu-portal.com/posts/atre-shinurayasu-true-tree-popup-2026/,アトレ新浦安 期間限定ショップ,0,18,0.0%,8.9
https://urayasu-portal.com/posts/gongcha-ikspiari-renewal/,舞浜 ごんちゃ,0,18,0.0%,7.3
https://urayasu-portal.com/posts/hyatt-tokyo-bay-moomin-collaboration-2026/,ムーミン ハイアット,0,18,0.0%,9.8
https://urayasu-portal.com/posts/ikspiari-club-cpla-open-20260717/,イクスピアリ ガチャ オープン,0,18,0.0%,6.6
https://urayasu-portal.com/posts/urayasu-disaster-radio-digital-2027/,浦安市 防災無線,0,18,0.0%,9.9
https://urayasu-portal.com/zh-tw/travel-guide/tokyo-sightseeing-access/,jr舞濱站到淺草,0,18,0.0%,17.3
https://urayasu-portal.com/categories/%E3%83%8B%E3%83%A5%E3%83%BC%E3%82%B9/,浦安 ニュース,0,17,0.0%,10.6
https://urayasu-portal.com/categories/%E9%96%8B%E5%BA%97%E9%96%89%E5%BA%97/,開店閉店,0,17,0.0%,5.4
https://urayasu-portal.com/en/travel-guide/hotels/brighton-tokyo-bay/,urayasu brighton hotel,0,17,0.0%,15.5
https://urayasu-portal.com/ko/tags/,우라야스,0,17,0.0%,22.9
https://urayasu-portal.com/posts/atre-shinurayasu-kasei-close-20260820/,アトレ新浦安 閉店,0,17,0.0%,7.1
https://urayasu-portal.com/posts/caps-clinic-ichikawa-myoden-open/,妙典 イオン 小児科,0,17,0.0%,8.2
https://urayasu-portal.com/posts/urayasu-bonodori-fireworks-2026/,浦安 花火 大会 2026,0,17,0.0%,7.2
https://urayasu-portal.com/posts/urayasu-disaster-radio-digital-2027/,防災浦安 放送,0,17,0.0%,9.5
https://urayasu-portal.com/posts/urayasu-neighborhood-summer-festivals-2026/,浦安市 盆踊り 2026,0,17,0.0%,12.2
https://urayasu-portal.com/posts/urayasu-neighborhood-summer-festivals-2026/,浦安駅 祭り,0,17,0.0%,10.1
https://urayasu-portal.com/,エアーズカフェ浦安店,0,16,0.0%,38.1
https://urayasu-portal.com/categories/%E9%96%8B%E5%BA%97%E9%96%89%E5%BA%97/,新浦安 ダイソー 閉店,0,16,0.0%,7.6
https://urayasu-portal.com/en/travel-guide/hotels/access/,urayasu hotels with shuttle,0,16,0.0%,16.4
https://urayasu-portal.com/ko/travel-guide/hotels/viewfort-urayasu/,우라야스 호텔,0,16,0.0%,43.5
https://urayasu-portal.com/life-guide/urayasu-hoken-nenkin-zei/,浦安市 国民健康保険 手続き,0,16,0.0%,9.1
https://urayasu-portal.com/posts/artgrace-alice-gothic-afternoon-tea-2026/,アリス アフタヌーンティー 2026,0,16,0.0%,7.6
https://urayasu-portal.com/posts/eyecarelabo-urayasu-open/,アイケアラボ,0,16,0.0%,8.8
https://urayasu-portal.com/posts/ikspiari-club-cpla-open-20260717/,イクスピアリ カプセルトイ,0,16,0.0%,10.7
https://urayasu-portal.com/posts/malatang-tenpo-newcoast-shinurayasu-open/,麻辣担 新浦安,0,16,0.0%,10.8
https://urayasu-portal.com/posts/nisyakugosun-urayasuekimae/,二尺五寸 浦安駅店,0,16,0.0%,5.8
https://urayasu-portal.com/posts/urayasu-bar-gai-2026/,浦安 バル,0,16,0.0%,34.1
https://urayasu-portal.com/posts/urayasu-hanabi-taikai-2026/,浦安 花火大会 2026 抽選,0,16,0.0%,5.7
https://urayasu-portal.com/posts/wamen-zen-horie-open/,ラーメン善,0,16,0.0%,5.3
https://urayasu-portal.com/travel-guide/hotels/budget/,浦安 ビジネスホテル 格安,0,16,0.0%,36.3
https://urayasu-portal.com/travel-guide/hotels/budget/,浦安 ホテル 格安,0,16,0.0%,37.0
https://urayasu-portal.com/travel-guide/luggage/,舞浜ビューホテル 荷物送る,0,16,0.0%,10.4
https://urayasu-portal.com/zh-tw/travel-guide/hotels/brighton-tokyo-bay/,浦安飯店,0,16,0.0%,47.6
https://urayasu-portal.com/,オイスター＆ダイニングバーibiza143 イビサイチヨンサン 浦安,0,15,0.0%,39.7
https://urayasu-portal.com/,上安フォルツァ,0,15,0.0%,80.9
https://urayasu-portal.com/,１００時間カレーｂ＆ｒ浦安店,0,15,0.0%,47.4
https://urayasu-portal.com/en/travel-guide/hotels/,urayasu hotels with shuttle,0,15,0.0%,22.9
https://urayasu-portal.com/en/travel-guide/hotels/brighton-tokyo-bay/,urayasu brighton hotel tokyo bay official website,0,15,0.0%,8.3
https://urayasu-portal.com/en/travel-guide/hotels/budget/,hotels in urayasu,0,15,0.0%,28.7
https://urayasu-portal.com/en/travel-guide/hotels/comfort-suites-tokyo-bay/,executive suites tokyo bay,0,15,0.0%,57.2
https://urayasu-portal.com/ko/travel-guide/hotels/,우라야스 호텔,0,15,0.0%,35.2
https://urayasu-portal.com/posts/caps-clinic-ichikawa-myoden-open/,キャップス 妙典,0,15,0.0%,6.2
https://urayasu-portal.com/posts/daiso-maruesu-gyotoku-close/,行徳ダイソー営業時間,0,15,0.0%,8.9
https://urayasu-portal.com/posts/familymart-shinurayasu-mare-open/,ファミリーマート 新浦安マーレ店,0,15,0.0%,7.6
https://urayasu-portal.com/posts/ikspiari-sugary-open-2026/,sugary 舞浜,0,15,0.0%,8.5
https://urayasu-portal.com/posts/nishidaba-minami-gyotoku-open/,やきとり にしだ場 南行徳店,0,15,0.0%,9.3
https://urayasu-portal.com/posts/urayasu-hanabi-taikai-2026/,浦安市花火大会 2026 チケット,0,15,0.0%,7.9
https://urayasu-portal.com/posts/urayasu-neighborhood-summer-festivals-2026/,浦安 祭り 8月,0,15,0.0%,4.7
https://urayasu-portal.com/posts/urayasu-neighborhood-summer-festivals-2026/#sec-1,サンコーポ浦安 夏祭り 2026,0,15,0.0%,3.0
https://urayasu-portal.com/posts/urayasu-neighborhood-summer-festivals-2026/#sec-1,浦安市 祭り 2026,0,15,0.0%,2.3
https://urayasu-portal.com/posts/urayasu-neighborhood-summer-festivals-2026/#sec-2,サンコーポ浦安 夏祭り 2026,0,15,0.0%,3.0
https://urayasu-portal.com/posts/urayasu-neighborhood-summer-festivals-2026/#sec-2,浦安市 祭り 2026,0,15,0.0%,2.3
https://urayasu-portal.com/posts/urayasu-neighborhood-summer-festivals-2026/#sec-3,サンコーポ浦安 夏祭り 2026,0,15,0.0%,3.0
https://urayasu-portal.com/posts/urayasu-neighborhood-summer-festivals-2026/#sec-3,浦安市 祭り 2026,0,15,0.0%,2.3
https://urayasu-portal.com/travel-guide/luggage/,ホテルマイステイズ舞浜 荷物 送る,0,15,0.0%,9.8
https://urayasu-portal.com/,ココ キュット 浦安市舞浜,0,14,0.0%,42.0
https://urayasu-portal.com/,ジョナサン浦安店,0,14,0.0%,48.5
https://urayasu-portal.com/posts/caps-clinic-ichikawa-myoden-open/,キャップスクリニック妙典,0,14,0.0%,7.4
https://urayasu-portal.com/posts/caps-clinic-ichikawa-myoden-open/,妙典イオン 小児科,0,14,0.0%,8.7
https://urayasu-portal.com/posts/curves-aeon-shinurayasu-open/,イオン 新浦安 カーブス,0,14,0.0%,6.5
https://urayasu-portal.com/posts/maruetsu-gyotoku-close-2026/,行徳マルエツ閉店,0,14,0.0%,11.5
https://urayasu-portal.com/posts/urayasu-bonodori-fireworks-2026/,浦安市盆踊り,0,14,0.0%,13.3
https://urayasu-portal.com/posts/urayasu-bonodori-fireworks-2026/,浦安花火 2026,0,14,0.0%,11.5
https://urayasu-portal.com/posts/urayasu-bonodori-fireworks-2026/#sec-3,浦安花火大会2026,0,14,0.0%,8.4
https://urayasu-portal.com/posts/urayasu-waste-oil-clothes-collection-20260809/,浦安市 古着 回収 ボックス,0,14,0.0%,11.1
https://urayasu-portal.com/travel-guide/luggage/,舞浜駅 荷物 ホテル,0,14,0.0%,9.0
https://urayasu-portal.com/travel-guide/maihama-eurasia-spa/,舞浜駅 温泉,0,14,0.0%,26.6
https://urayasu-portal.com/zh/travel-guide/hotels/mystays-maihama/,舞滨 上门服务,0,14,0.0%,15.1
https://urayasu-portal.com/zh/travel-guide/maihama-eurasia-spa/,舞濱溫泉,0,14,0.0%,15.6
https://urayasu-portal.com/,浦安たぬき,0,13,0.0%,29.7
https://urayasu-portal.com/en/,tokyo disneyland urayasu,0,13,0.0%,46.5
https://urayasu-portal.com/en/travel-guide/hotels/brighton-tokyo-bay/,urayasu brighton hotel tokyo bay shin-urayasu station direct connection,0,13,0.0%,10.5
https://urayasu-portal.com/en/travel-guide/hotels/happy-entry/,disney happy entry,0,13,0.0%,9.5
https://urayasu-portal.com/en/travel-guide/hotels/oriental-tokyo-bay/,oriental hotel tokyo bay,0,13,0.0%,53.5
https://urayasu-portal.com/en/travel-guide/urayasu-maihama-shinurayasu-tourism/,maihama station,0,13,0.0%,58.2
https://urayasu-portal.com/life-guide/urayasu-koreisha-kaigo/,浦安市 老後 相談,0,13,0.0%,26.5
https://urayasu-portal.com/posts/%E6%B5%A6%E5%AE%89%E3%83%AD%E3%83%BC%E3%82%BD%E3%83%B3%E3%82%B9%E3%83%88%E3%82%A2100%E6%B5%A6%E5%AE%89%E5%BD%93%E4%BB%A3%E5%B3%B6%E5%BA%97%E3%81%8C%E6%9C%AC%E6%97%A54-30/,ローソンストア100 閉店予定,0,13,0.0%,10.5
https://urayasu-portal.com/posts/%E6%B5%A6%E5%AE%89%E5%B8%82%E5%8C%97%E6%A0%84%E3%81%AB%E3%83%8F%E3%83%B3%E3%83%90%E3%83%BC%E3%82%AC%E3%83%BC%E5%BA%97perch-diner%E3%81%8C4%E6%9C%8821%E6%97%A5/,浦安駅 ハンバーガー,0,13,0.0%,37.1
https://urayasu-portal.com/posts/curves-aeon-shinurayasu-open/,カーブス新浦安,0,13,0.0%,9.6
https://urayasu-portal.com/posts/ikspiari-club-cpla-open-20260717/,イクスピアリ cプラ,0,13,0.0%,10.3
https://urayasu-portal.com/posts/ikspiari-limited-shops-june-2026/,イクスピアリ 期間限定ショップ,0,13,0.0%,8.6
https://urayasu-portal.com/posts/ikspiari-sugary-open-2026/,イクスピアリ シュガリー,0,13,0.0%,10.0
https://urayasu-portal.com/posts/malatang-tenpo-newcoast-shinurayasu-open/,新浦安 ニューコースト 麻辣湯,0,13,0.0%,9.5
https://urayasu-portal.com/posts/nishidaba-minami-gyotoku-open/,にしだ場南行徳,0,13,0.0%,9.0
https://urayasu-portal.com/posts/tadokoro-shoten-shinurayasu-planned/,浦安 田所商店,0,13,0.0%,4.4
https://urayasu-portal.com/posts/urayasu-bonodori-fireworks-2026/,浦安市 夏祭り,0,13,0.0%,5.5
https://urayasu-portal.com/posts/urayasu-bonodori-fireworks-2026/,浦安市 花火 2026,0,13,0.0%,9.8
https://urayasu-portal.com/posts/urayasu-bonodori-fireworks-2026/,盆踊り 浦安,0,13,0.0%,12.4
https://urayasu-portal.com/posts/urayasu-bonodori-fireworks-2026/#sec-1,新浦安 お祭り 2026,0,13,0.0%,10.3
https://urayasu-portal.com/posts/urayasu-bonodori-fireworks-2026/#sec-1,浦安市花火大会2026,0,13,0.0%,9.2
https://urayasu-portal.com/posts/urayasu-bonodori-fireworks-2026/#sec-2,新浦安 お祭り 2026,0,13,0.0%,10.3
https://urayasu-portal.com/posts/urayasu-bonodori-fireworks-2026/#sec-2,浦安市花火大会2026,0,13,0.0%,9.2
https://urayasu-portal.com/posts/urayasu-bonodori-fireworks-2026/#sec-3,新浦安 お祭り 2026,0,13,0.0%,10.3
https://urayasu-portal.com/posts/urayasu-bonodori-fireworks-2026/#sec-4,新浦安 お祭り 2026,0,13,0.0%,10.3
https://urayasu-portal.com/posts/urayasu-bonodori-fireworks-2026/#sec-4,浦安市花火大会2026,0,13,0.0%,9.2
https://urayasu-portal.com/posts/urayasu-hanabi-taikai-2026/,浦安花火 2026,0,13,0.0%,8.8
https://urayasu-portal.com/posts/urayasu-neighborhood-summer-festivals-2026/,猫実4丁目 祭り,0,13,0.0%,3.6
https://urayasu-portal.com/posts/urayasu-neighborhood-summer-festivals-2026/#sec-1,猫実4丁目 祭り,0,13,0.0%,4.2
https://urayasu-portal.com/posts/urayasu-neighborhood-summer-festivals-2026/#sec-2,猫実4丁目 祭り,0,13,0.0%,4.2
https://urayasu-portal.com/posts/urayasu-neighborhood-summer-festivals-2026/#sec-3,猫実4丁目 祭り,0,13,0.0%,4.2
https://urayasu-portal.com/posts/urayasu-steel-job-fair-20260822/,浦安鉄鋼団地 就職説明会,0,13,0.0%,7.1
https://urayasu-portal.com/posts/urayasu-waste-oil-clothes-collection-20260809/,浦安市古着回収,0,13,0.0%,8.6
https://urayasu-portal.com/posts/wamen-zen-horie-open/,和麺,0,13,0.0%,9.8
https://urayasu-portal.com/travel-guide/hotels/budget/,格安ホテル 浦安,0,13,0.0%,30.3
https://urayasu-portal.com/,築地銀だこ西友浦安店,0,12,0.0%,42.5
https://urayasu-portal.com/en/travel-guide/hotels/happy-entry/,tokyo disney happy entry,0,12,0.0%,10.5
https://urayasu-portal.com/life-guide/urayasu-hoken-nenkin-zei/,市役所 国民健康保険加入 浦安市,0,12,0.0%,7.1
https://urayasu-portal.com/life-guide/urayasu-ninshin-shussan-shien/,浦安市 出産祝い金,0,12,0.0%,9.8
https://urayasu-portal.com/posts/daiso-maruesu-gyotoku-close/,マルエツ 行徳 店 跡地 何 が できる,0,12,0.0%,11.8
https://urayasu-portal.com/posts/gongcha-ikspiari-renewal/,舞浜駅ゴンチャ,0,12,0.0%,7.8
https://urayasu-portal.com/posts/hyatt-tokyo-bay-moomin-collaboration-2026/,ハイアットリージェンシー東京 ムーミン,0,12,0.0%,9.5
https://urayasu-portal.com/posts/ikspiari-club-cpla-open-20260717/,イクスピアリ ガチャガチャ オープン,0,12,0.0%,5.2
https://urayasu-portal.com/posts/kaitori-daikichi-seiyu-urayasu/,買取大吉 浦安,0,12,0.0%,11.0
https://urayasu-portal.com/posts/sagami-mona-shinurayasu-open/,さが美 新浦安,0,12,0.0%,11.3
https://urayasu-portal.com/posts/shinurayasu-station-festival-performers-2026/,新浦安 お祭り 2026,0,12,0.0%,8.3
https://urayasu-portal.com/posts/urayasu-hanabi-taikai-2026/,新浦安 花火大会 2026,0,12,0.0%,4.8
https://urayasu-portal.com/posts/urayasu-inflation-voucher-deadline-2026/,浦安 商品券,0,12,0.0%,8.8
https://urayasu-portal.com/tags/%E3%82%AB%E3%83%95%E3%82%A7/,バンビドロップス 浦安,0,12,0.0%,10.8
https://urayasu-portal.com/tags/%E6%AD%BB%E4%BA%A1%E4%BA%8B%E6%95%85/,浦安市 入船 事故,0,12,0.0%,7.8
https://urayasu-portal.com/travel-guide/hotels/budget/,浦安駅 ホテル 格安,0,12,0.0%,38.3
https://urayasu-portal.com/travel-guide/luggage/,舞浜駅荷物預かりサービス,0,12,0.0%,10.3
https://urayasu-portal.com/travel-guide/maihama-eurasia-spa/,舞浜ユーラシア 日帰り,0,12,0.0%,2.3
https://urayasu-portal.com/zh-tw/travel-guide/tokyo-sightseeing-access/,舞濱去淺草,0,12,0.0%,13.7
https://urayasu-portal.com/zh/travel-guide/hotels/bayhotel-urayasu/,ベイ ホテル 浦安 駅前,0,12,0.0%,85.1
https://urayasu-portal.com/zh/travel-guide/hotels/brighton-tokyo-bay/,浦安酒店,0,12,0.0%,39.8
https://urayasu-portal.com/categories/%E3%82%A4%E3%83%99%E3%83%B3%E3%83%88/,新浦安 イベント,0,11,0.0%,37.3
https://urayasu-portal.com/en/travel-guide/hotels/brighton-tokyo-bay/,shin urayasu hotel,0,11,0.0%,11.2
https://urayasu-portal.com/en/travel-guide/hotels/brighton-tokyo-bay/,urayasu brighton hotel tokyo bay location shin-urayasu station connected,0,11,0.0%,10.4
https://urayasu-portal.com/en/travel-guide/urayasu-maihama-access-guide/,maihama station,0,11,0.0%,49.2
https://urayasu-portal.com/en/travel-guide/urayasu-maihama-shinurayasu-tourism/,maihama,0,11,0.0%,26.3
https://urayasu-portal.com/ko/travel-guide/hotels/bayhotel-urayasu/,우라야스 호텔,0,11,0.0%,31.5
https://urayasu-portal.com/life-guide/urayasu-sumai-hikkoshi/,引っ越し 浦安市 10月,0,11,0.0%,41.6
https://urayasu-portal.com/life-guide/urayasu-sumai-hikkoshi/,浦安市 引越,0,11,0.0%,37.7
https://urayasu-portal.com/posts/caps-clinic-ichikawa-myoden-open/,キャップスクリニック 妙典,0,11,0.0%,8.8
https://urayasu-portal.com/posts/gongcha-ikspiari-renewal/,イクスピアリ タピオカ,0,11,0.0%,20.5
https://urayasu-portal.com/posts/ichikawa-myoden-ogawa-clinic-open/,おがわ泌尿器科,0,11,0.0%,6.8
https://urayasu-portal.com/posts/ikspiari-club-cpla-open-20260717/,イクスピアリ c-pla,0,11,0.0%,10.1
https://urayasu-portal.com/posts/ikspiari-club-cpla-open-20260717/,舞浜 ガチャガチャ 場所,0,11,0.0%,10.0
https://urayasu-portal.com/posts/maihama-eurasia-train-festival-2026/,舞浜 祭り,0,11,0.0%,6.0
https://urayasu-portal.com/posts/malatang-tenpo-newcoast-shinurayasu-open/,新浦安駅 麻辣湯,0,11,0.0%,9.6
https://urayasu-portal.com/posts/tokyo-bay-maihama-hotel-hokkaido-buffet-2026/,東京ベイ舞浜ホテル フェア,0,11,0.0%,22.1
https://urayasu-portal.com/posts/urayasu-bonodori-canceled-20260814/,浦安市 盆踊り 2026,0,11,0.0%,11.7
https://urayasu-portal.com/posts/urayasu-bonodori-fireworks-2026/,浦安 祭り 8月,0,11,0.0%,9.0
https://urayasu-portal.com/posts/urayasu-bonodori-fireworks-2026/,浦安市 お祭り,0,11,0.0%,7.7
https://urayasu-portal.com/posts/urayasu-bonodori-fireworks-2026/#sec-1,浦安 祭り 8月,0,11,0.0%,9.0
https://urayasu-portal.com/posts/urayasu-bonodori-fireworks-2026/#sec-2,浦安 祭り 8月,0,11,0.0%,9.0
https://urayasu-portal.com/posts/urayasu-bonodori-fireworks-2026/#sec-3,浦安 祭り 8月,0,11,0.0%,9.0
https://urayasu-portal.com/posts/urayasu-bonodori-fireworks-2026/#sec-4,浦安 祭り 8月,0,11,0.0%,9.0
https://urayasu-portal.com/posts/urayasu-inflation-voucher-deadline-2026/,浦安市 物価 高騰 対策商品券 イクスピアリ,0,11,0.0%,9.3
https://urayasu-portal.com/posts/urayasu-neighborhood-summer-festivals-2026/,新浦安祭り,0,11,0.0%,8.5
https://urayasu-portal.com/tags/%E3%82%AB%E3%83%95%E3%82%A7/,浦安 タピオカ,0,11,0.0%,44.2
https://urayasu-portal.com/travel-guide/luggage/,舞浜駅 ホテル 荷物,0,11,0.0%,9.1
https://urayasu-portal.com/travel-guide/luggage/,舞浜駅 荷物配送,0,11,0.0%,9.6
https://urayasu-portal.com/zh-tw/travel-guide/,urayasu 中文,0,11,0.0%,10.6
https://urayasu-portal.com/zh-tw/travel-guide/urayasu-maihama-access-guide/,舞濱去淺草,0,11,0.0%,39.2
https://urayasu-portal.com/zh/travel-guide/hotels/,浦安飯店,0,11,0.0%,45.0
https://urayasu-portal.com/zh/travel-guide/maihama-eurasia-spa/,舞滨欧亚温泉酒店 岩盘浴,0,11,0.0%,6.6
https://urayasu-portal.com/,カドショク浦安店飲食コーナー,0,10,0.0%,27.4
https://urayasu-portal.com/,浦安 九州,0,10,0.0%,43.2
https://urayasu-portal.com/en/travel-guide/hotels/,mystays maihama,0,10,0.0%,27.9
https://urayasu-portal.com/en/travel-guide/hotels/brighton-tokyo-bay/,urayasu brighton hotel luggage storage before check in,0,10,0.0%,10.3
https://urayasu-portal.com/en/travel-guide/urayasu-maihama-shinurayasu-tourism/,shin urayasu station,0,10,0.0%,33.0
https://urayasu-portal.com/en/travel-guide/urayasu-maihama-shinurayasu-tourism/,shin-urayasu,0,10,0.0%,22.2
https://urayasu-portal.com/ko/,우라야스,0,10,0.0%,17.5
https://urayasu-portal.com/life-guide/urayasu-sumai-hikkoshi/,引っ越し 浦安市 12月,0,10,0.0%,36.0
https://urayasu-portal.com/life-guide/urayasu-sumai-hikkoshi/,引っ越し 浦安市 2月,0,10,0.0%,37.8
https://urayasu-portal.com/life-guide/urayasu-sumai-hikkoshi/,引っ越し 浦安市 5月,0,10,0.0%,42.4
https://urayasu-portal.com/life-guide/urayasu-sumai-hikkoshi/,引っ越し 浦安市 6月,0,10,0.0%,37.3
https://urayasu-portal.com/posts/%E4%B8%80%E9%A2%A8%E5%A0%82%E3%82%A4%E3%82%AF%E3%82%B9%E3%83%94%E3%82%A2%E3%83%AA%E5%BA%97-6%E6%9C%8827%E6%97%A5%E3%83%AA%E3%83%8B%E3%83%A5%E3%83%BC%E3%82%A2%E3%83%AB%E3%82%AA%E3%83%BC%E3%83%97/,一風堂 イクスピアリ店,0,10,0.0%,34.0
https://urayasu-portal.com/posts/cinema-ikspiari-disney-revival-2026/,リメンバーミー リバイバル,0,10,0.0%,8.9
https://urayasu-portal.com/posts/little-mermaid-maihama-opening/,リトルマーメイド いつから,0,10,0.0%,38.2
https://urayasu-portal.com/posts/maruetsu-gyotoku-close-2026/,マルエツ行徳店 閉店,0,10,0.0%,8.1
https://urayasu-portal.com/posts/miake-river-oyster-shell-impact/,浦安 牡蠣 大量発生,0,10,0.0%,7.5
https://urayasu-portal.com/posts/newcoast-creators-factory-202607/,ニューコースト イベント,0,10,0.0%,5.9
https://urayasu-portal.com/posts/nishidaba-minami-gyotoku-open/,やきとり にしだ場 南行徳店 市川市 レビュー,0,10,0.0%,7.7
https://urayasu-portal.com/posts/nisyakugosun-urayasuekimae/,焼鳥 二尺五寸,0,10,0.0%,9.7
https://urayasu-portal.com/posts/nisyakugosun-urayasuekimae/,焼鳥ハンク・マルエツ浦安店,0,10,0.0%,38.2
https://urayasu-portal.com/posts/shinurayasu-station-south-exit-redevelopment-plan/,新浦安駅 南口,0,10,0.0%,8.8
https://urayasu-portal.com/posts/sushi-yamaguchi-gyotoku-opening-202608/,鮨やまぐち 市川市 メニュー,0,10,0.0%,4.6
https://urayasu-portal.com/posts/urakko-handheld-fireworks-2026/,うらっこ広場 花火,0,10,0.0%,4.0
https://urayasu-portal.com/posts/urayasu-bonodori-fireworks-2026/,浦安 花火大会,0,10,0.0%,33.2
https://urayasu-portal.com/posts/urayasu-bonodori-fireworks-2026/#sec-1,浦安市お祭り2026,0,10,0.0%,6.6
https://urayasu-portal.com/posts/urayasu-bonodori-fireworks-2026/#sec-2,浦安市お祭り2026,0,10,0.0%,6.6
https://urayasu-portal.com/posts/urayasu-bonodori-fireworks-2026/#sec-3,浦安市お祭り2026,0,10,0.0%,6.6
https://urayasu-portal.com/posts/urayasu-bonodori-fireworks-2026/#sec-3,浦安市花火大会2026,0,10,0.0%,8.9
https://urayasu-portal.com/posts/urayasu-bonodori-fireworks-2026/#sec-4,浦安市お祭り2026,0,10,0.0%,6.6
https://urayasu-portal.com/posts/urayasu-neighborhood-summer-festivals-2026/,当代島 盆踊り,0,10,0.0%,7.6
https://urayasu-portal.com/posts/urayasu-neighborhood-summer-festivals-2026/,新浦安 お祭り,0,10,0.0%,5.8
https://urayasu-portal.com/travel-guide/luggage/,マイステイズ舞浜 荷物預かり,0,10,0.0%,10.0
https://urayasu-portal.com/zh-tw/travel-guide/hotels/shuttle/,迪士尼大使飯店接駁車,0,10,0.0%,11.7
https://urayasu-portal.com/zh-tw/travel-guide/maihama-eurasia-spa/,新浦安 岩盤浴,0,10,0.0%,39.6
https://urayasu-portal.com/zh-tw/travel-guide/urayasu-maihama-access-guide/,jr舞濱站到淺草,0,10,0.0%,41.8
https://urayasu-portal.com/zh/travel-guide/hotels/grand-nikko-tokyo-bay/,東京灣舞濱日航大酒店,0,10,0.0%,78.7
https://urayasu-portal.com/zh/travel-guide/urayasu-traffic-park/,浦安交通公園,0,10,0.0%,8.9
https://urayasu-portal.com/,ダーツ酒場 cheers 浦安,0,9,0.0%,40.2
https://urayasu-portal.com/,龍花門新浦安店,0,9,0.0%,30.6
https://urayasu-portal.com/en/travel-guide/hotels/,hotels in urayasu japan,0,9,0.0%,22.0
https://urayasu-portal.com/en/travel-guide/hotels/brighton-tokyo-bay/,urayasu to tokyo,0,9,0.0%,25.7
https://urayasu-portal.com/en/travel-guide/hotels/dreamgate-maihama/,hotel dream gate,0,9,0.0%,23.2
https://urayasu-portal.com/en/travel-guide/hotels/dreamgate-maihama/,hotel dream gate maihama annex,0,9,0.0%,24.8
https://urayasu-portal.com/en/travel-guide/hotels/happy-entry/,happy entry,0,9,0.0%,10.1
https://urayasu-portal.com/life-guide/urayasu-sumai-hikkoshi/,引っ越し 浦安市 1月,0,9,0.0%,36.6
https://urayasu-portal.com/life-guide/urayasu-sumai-hikkoshi/,引っ越し 浦安市 3月,0,9,0.0%,36.1
https://urayasu-portal.com/life-guide/urayasu-sumai-hikkoshi/,引っ越し 浦安市 8月,0,9,0.0%,46.8
https://urayasu-portal.com/posts/%E3%82%A4%E3%82%AF%E3%82%B9%E3%83%94%E3%82%A2%E3%83%AA%E3%81%AB%E9%9F%93%E5%9B%BD%E6%96%99%E7%90%86%E3%83%99%E3%82%B8%E3%82%B4%E3%83%BC%E3%81%8C%E7%99%BB%E5%A0%B4108/,イクスピアリ 韓国料理 メニュー,0,9,0.0%,10.2
https://urayasu-portal.com/posts/%E5%BB%83%E9%A3%9F%E6%B2%B9%E5%8F%A4%E7%9D%80%E5%8F%A4%E5%B8%83%E3%81%AE%E5%9B%9E%E5%8F%8E7%E6%9C%889%E6%97%A5%E5%AE%9F%E6%96%BD%E3%81%B8/,浦安市 古布回収,0,9,0.0%,10.1
https://urayasu-portal.com/posts/%E6%B5%A6%E5%AE%89%E3%83%AD%E3%83%BC%E3%82%BD%E3%83%B3%E3%82%B9%E3%83%88%E3%82%A2100%E6%B5%A6%E5%AE%89%E5%BD%93%E4%BB%A3%E5%B3%B6%E5%BA%97%E3%81%8C%E6%9C%AC%E6%97%A54-30/,浦安 100円ローソン,0,9,0.0%,10.4
https://urayasu-portal.com/posts/%E6%B5%A6%E5%AE%89%E4%B8%87%E8%8F%AF%E9%83%B7%E8%B7%A1%E5%9C%B0%E6%B4%BB%E7%94%A8%E6%96%B9%E9%87%9D%E3%81%8C%E6%B1%BA%E5%AE%9A/,浦安万華郷,0,9,0.0%,44.9
https://urayasu-portal.com/posts/all-japan-id-volleyball-urayasu-2026/,バルドラール浦安アリーナ バレーボール,0,9,0.0%,7.6
https://urayasu-portal.com/posts/curves-aeon-shinurayasu-open/,イオン新浦安 カーブス,0,9,0.0%,5.8
https://urayasu-portal.com/posts/curves-aeon-shinurayasu-open/,カーブス イオン新浦安,0,9,0.0%,6.7
https://urayasu-portal.com/posts/eyecity-ichikawa-myoden-open-202609/,アイシティ 市川,0,9,0.0%,6.3
https://urayasu-portal.com/posts/familymart-shinurayasu-mare-open/,ファミリーマート 新浦安マーレ,0,9,0.0%,7.1
https://urayasu-portal.com/posts/grand-nikko-summer-festival-2026/,グランドニッコー東京ベイ舞浜 夏フェス,0,9,0.0%,8.6
https://urayasu-portal.com/posts/maruetsu-gyotoku-close-2026/,マルエツ 行徳 閉店,0,9,0.0%,11.3
https://urayasu-portal.com/posts/nishidaba-minami-gyotoku-open/,やきとり にしだ場 南行徳店 市川市,0,9,0.0%,10.7
https://urayasu-portal.com/posts/prague-cello-republic-urayasu-2026/,プラハ チェロ カルテット 2026,0,9,0.0%,10.3
https://urayasu-portal.com/posts/tokyo-bay-maihama-hotel-hokkaido-buffet-2026/,サンルートプラザ東京 フェア,0,9,0.0%,47.2
https://urayasu-portal.com/posts/urayasu-bonodori-fireworks-2026/,浦安 お祭り,0,9,0.0%,4.4
https://urayasu-portal.com/posts/urayasu-inflation-voucher-deadline-2026/,浦安 地域振興券,0,9,0.0%,4.7
https://urayasu-portal.com/posts/urayasu-neighborhood-summer-festivals-2026/,堀江団地 祭り,0,9,0.0%,7.1
https://urayasu-portal.com/posts/urayasu-neighborhood-summer-festivals-2026/,猫実 お祭り,0,9,0.0%,8.2
https://urayasu-portal.com/posts/urayasu-neighborhood-summer-festivals-2026/,猫実 祭り,0,9,0.0%,7.9
https://urayasu-portal.com/posts/urayasu-neighborhood-summer-festivals-2026/#sec-1,浦安市 お祭り 2026,0,9,0.0%,3.0
https://urayasu-portal.com/posts/urayasu-neighborhood-summer-festivals-2026/#sec-2,浦安市 お祭り 2026,0,9,0.0%,3.0
https://urayasu-portal.com/posts/urayasu-neighborhood-summer-festivals-2026/#sec-3,浦安市 お祭り 2026,0,9,0.0%,3.0
https://urayasu-portal.com/posts/urayasu-station-bus-stop-e-relocation-plan/,浦安駅 e乗り場,0,9,0.0%,10.9
https://urayasu-portal.com/posts/wamen-zen-horie-open/,ラーメン 善,0,9,0.0%,5.2
https://urayasu-portal.com/travel-guide/kasai-rinkai-park/,葛西臨海公園ディズニー,0,9,0.0%,9.1
https://urayasu-portal.com/travel-guide/luggage/,舞浜 荷物 ホテル,0,9,0.0%,10.8
https://urayasu-portal.com/travel-guide/luggage/,舞浜駅 オフィシャルホテル 荷物,0,9,0.0%,10.2
https://urayasu-portal.com/travel-guide/maihama-eurasia-spa/,舞浜 温泉,0,9,0.0%,26.3
https://urayasu-portal.com/zh-tw/travel-guide/hotels/shuttle/,東京迪士尼免費接駁車,0,9,0.0%,7.7
https://urayasu-portal.com/zh-tw/travel-guide/hotels/shuttle/,迪士尼飯店接駁車,0,9,0.0%,9.3
https://urayasu-portal.com/zh-tw/travel-guide/urayasu-maihama-access-guide/,舞 濱 車站,0,9,0.0%,37.9
https://urayasu-portal.com/zh/travel-guide/hotels/four-stories-hotel/,浦安酒店,0,9,0.0%,41.7
https://urayasu-portal.com/,やきとん558 新浦安ホルモン,0,8,0.0%,47.9
https://urayasu-portal.com/,キッチンカフェほっぷ,0,8,0.0%,32.9
https://urayasu-portal.com/,グリル満天星 新浦安店,0,8,0.0%,28.4
https://urayasu-portal.com/,浦安 スナック,0,8,0.0%,46.8
https://urayasu-portal.com/,浦安 ヘルス,0,8,0.0%,44.1
https://urayasu-portal.com/,甚八浦安北口店,0,8,0.0%,29.8
https://urayasu-portal.com/en/tags/shin-urayasu/,shin urayasu station,0,8,0.0%,41.4
https://urayasu-portal.com/en/tags/urayasu/,urayasu,0,8,0.0%,61.9
https://urayasu-portal.com/en/travel-guide/,tokyo disneysea urayasu,0,8,0.0%,27.4
https://urayasu-portal.com/en/travel-guide/hotels/brighton-tokyo-bay/,urayasu brighton hotel tokyo bay luggage storage before check in,0,8,0.0%,9.6
https://urayasu-portal.com/en/travel-guide/hotels/emion-tokyo-bay/,emion hotel tokyo bay,0,8,0.0%,25.8
https://urayasu-portal.com/en/travel-guide/teamlab-planets/,barefoot museum,0,8,0.0%,8.3
https://urayasu-portal.com/life-guide/urayasu-sumai-hikkoshi/,引っ越し 浦安市 4月,0,8,0.0%,30.3
https://urayasu-portal.com/posts/all-japan-id-volleyball-urayasu-2026/,idバレーボール大会,0,8,0.0%,8.4
https://urayasu-portal.com/posts/atre-shinurayasu-true-tree-popup-2026/,新浦安駅 期間限定ショップ,0,8,0.0%,7.5
https://urayasu-portal.com/posts/caps-clinic-ichikawa-myoden-open/,キャップスクリニック 市川妙典,0,8,0.0%,7.9
https://urayasu-portal.com/posts/curves-aeon-shinurayasu-open/,新浦安 カーブス,0,8,0.0%,6.6
https://urayasu-portal.com/posts/daiso-maruesu-gyotoku-close/,行徳 100均,0,8,0.0%,11.3
https://urayasu-portal.com/posts/ikspiari-limited-shops-202608/,イクスピアリ 期間限定,0,8,0.0%,10.4
https://urayasu-portal.com/posts/ikspiari-limited-shops-20260817/,イクスピアリ あんバター,0,8,0.0%,10.5
https://urayasu-portal.com/posts/ikspiari-limited-shops-june-2026/,イクスピアリ 期間限定,0,8,0.0%,8.5
https://urayasu-portal.com/posts/keiyo-line-heavy-rain-20260814/,京葉線 運行状況 2026年8月15日,0,8,0.0%,7.6
https://urayasu-portal.com/posts/malatang-tenpo-newcoast-shinurayasu-open/,ニューコースト まーらーたん,0,8,0.0%,9.5
https://urayasu-portal.com/posts/mitsui-garden-prana-tokyo-bay-renewal-closure/,三井ガーデンホテルプラナ東京ベイ 工事,0,8,0.0%,9.0
https://urayasu-portal.com/posts/myoden-3chome-bonodori-ennichi-2026/,妙典祭り 2026,0,8,0.0%,3.3
https://urayasu-portal.com/posts/shinurayasu-station-south-exit-redevelopment-plan/,新浦安駅南口,0,8,0.0%,7.8
https://urayasu-portal.com/posts/urakko-handheld-fireworks-2026/,舞浜 手持ち花火,0,8,0.0%,4.4
https://urayasu-portal.com/posts/urayasu-bonodori-canceled-20260814/,浦安 盆踊り 2026,0,8,0.0%,14.4
https://urayasu-portal.com/posts/urayasu-bonodori-fireworks-2026/,浦安三社祭,0,8,0.0%,3.0
https://urayasu-portal.com/posts/urayasu-bonodori-fireworks-2026/,浦安市夏祭り,0,8,0.0%,6.4
https://urayasu-portal.com/posts/urayasu-bonodori-fireworks-2026/,浦安祭り,0,8,0.0%,4.1
https://urayasu-portal.com/posts/urayasu-bonodori-fireworks-2026/#sec-1,新浦安 花火大会 2026,0,8,0.0%,8.6
https://urayasu-portal.com/posts/urayasu-bonodori-fireworks-2026/#sec-1,浦安盆踊り,0,8,0.0%,9.0
https://urayasu-portal.com/posts/urayasu-bonodori-fireworks-2026/#sec-1,浦安祭り2026,0,8,0.0%,10.3
https://urayasu-portal.com/posts/urayasu-bonodori-fireworks-2026/#sec-2,新浦安 花火大会 2026,0,8,0.0%,8.6
https://urayasu-portal.com/posts/urayasu-bonodori-fireworks-2026/#sec-2,浦安盆踊り,0,8,0.0%,9.0
https://urayasu-portal.com/posts/urayasu-bonodori-fireworks-2026/#sec-2,浦安祭り2026,0,8,0.0%,10.3
https://urayasu-portal.com/posts/urayasu-bonodori-fireworks-2026/#sec-3,新浦安 花火大会 2026,0,8,0.0%,8.6
https://urayasu-portal.com/posts/urayasu-bonodori-fireworks-2026/#sec-3,浦安盆踊り,0,8,0.0%,9.0
https://urayasu-portal.com/posts/urayasu-bonodori-fireworks-2026/#sec-4,新浦安 花火大会 2026,0,8,0.0%,8.6
https://urayasu-portal.com/posts/urayasu-bonodori-fireworks-2026/#sec-4,浦安盆踊り,0,8,0.0%,9.0
https://urayasu-portal.com/posts/urayasu-bonodori-fireworks-2026/#sec-4,浦安祭り2026,0,8,0.0%,10.3
https://urayasu-portal.com/posts/urayasu-city-marathon-shop-recruitment-2027/,浦安シティマラソン 2027,0,8,0.0%,3.8
https://urayasu-portal.com/posts/urayasu-hanabi-taikai-2026/,浦安花火大会2026,0,8,0.0%,7.3
https://urayasu-portal.com/posts/urayasu-kominkan-summer-study-space-2026/,日の出公民館 自習室,0,8,0.0%,8.4
https://urayasu-portal.com/posts/urayasu-waste-oil-clothes-collection-20260809/,浦安 古着回収,0,8,0.0%,9.8
https://urayasu-portal.com/tags/%E5%A4%8F%E4%BC%91%E3%81%BF/,ニューコースト新浦安 トミカ,0,8,0.0%,4.5
https://urayasu-portal.com/tags/%E7%8C%AB%E5%AE%9F/,ノックス 浦安市猫実,0,8,0.0%,19.5
https://urayasu-portal.com/tags/%E7%8C%AB%E5%AE%9F/,マリヤ 浦安店 浦安市猫実,0,8,0.0%,39.4
https://urayasu-portal.com/zh-tw/travel-guide/hotels/,浦安住宿,0,8,0.0%,25.5
https://urayasu-portal.com/zh-tw/travel-guide/hotels/shuttle/,東京迪士尼接駁車飯店,0,8,0.0%,10.4
https://urayasu-portal.com/zh-tw/travel-guide/rainy-day/,迪士尼下雨怎麼玩,0,8,0.0%,9.5
https://urayasu-portal.com/zh/travel-guide/hotels/flexstay-shin-urayasu/,flexstay inn shin urayasu,0,8,0.0%,37.9
https://urayasu-portal.com/,ひみり屋 舞浜店,0,7,0.0%,46.9
https://urayasu-portal.com/,アメリカンキッチン 浦安,0,7,0.0%,34.9
https://urayasu-portal.com/,ダイニングバー fest フェス 浦安店,0,7,0.0%,34.7
https://urayasu-portal.com/,ヨゴリーノ ショッパーズプラザ新浦安店,0,7,0.0%,36.9
https://urayasu-portal.com/,ル タン イクスピアリ店 浦安市舞浜,0,7,0.0%,42.3
https://urayasu-portal.com/en/travel-guide/disney-tickets/,buy disneysea tickets,0,7,0.0%,37.3
https://urayasu-portal.com/en/travel-guide/hotels/brighton-tokyo-bay/,hotel near shin urayasu station,0,7,0.0%,11.3
https://urayasu-portal.com/en/travel-guide/hotels/brighton-tokyo-bay/,urayasu brighton hotel tokyo bay location shin-urayasu station direct connection,0,7,0.0%,10.4
https://urayasu-portal.com/en/travel-guide/hotels/budget/,cheap hotels near tokyo disneyland,0,7,0.0%,38.3
https://urayasu-portal.com/en/travel-guide/hotels/celebration-discover/,tokyo disney celebration hotel discover,0,7,0.0%,11.1
https://urayasu-portal.com/en/travel-guide/hotels/hilton-tokyo-bay/,lawson hilton tokyo bay,0,7,0.0%,10.9
https://urayasu-portal.com/ko/travel-guide/hotels/,도쿄 디즈니랜드 호텔,0,7,0.0%,47.6
https://urayasu-portal.com/life-guide/urayasu-bus-kotsu/,浦安市 おさんぽバス,0,7,0.0%,7.7
https://urayasu-portal.com/life-guide/urayasu-bus-kotsu/,浦安市 お散歩バス,0,7,0.0%,9.1
https://urayasu-portal.com/posts/%E3%83%89%E3%83%A9%E3%83%83%E3%82%B0%E3%82%B9%E3%83%88%E3%82%A2%E3%82%B9%E3%82%AE%E8%96%AC%E5%B1%80-%E6%B5%A6%E5%AE%89%E3%81%95%E3%81%8F%E3%82%89%E9%80%9A%E3%82%8A%E5%BA%97%E3%81%8C5/,堀江 スギ薬局,0,7,0.0%,9.3
https://urayasu-portal.com/posts/atre-shinurayasu-true-tree-popup-2026/,true tree 店舗,0,7,0.0%,5.7
https://urayasu-portal.com/posts/chiba-water-bill-discount-urayasu/,浦安市 水道料金,0,7,0.0%,6.3
https://urayasu-portal.com/posts/cinema-ikspiari-with-kids-toystory5/,イクスピアリ ウィズキッズシネマ,0,7,0.0%,9.3
https://urayasu-portal.com/posts/curves-aeon-shinurayasu-open/,カーブスイオン新浦安,0,7,0.0%,7.0
https://urayasu-portal.com/posts/gyotoku-machinocyuuka-kasumi-open-2026/,中華 かすみ,0,7,0.0%,6.7
https://urayasu-portal.com/posts/hakurei-match-maihama-events-2026/,白玲戦 2026,0,7,0.0%,9.3
https://urayasu-portal.com/posts/ichikawa-myoden-ogawa-clinic-open/,市川妙典おがわ泌尿器科,0,7,0.0%,6.6
https://urayasu-portal.com/posts/ikspiari-limited-shops-june-2026/,イクスピアリ期間限定ショップ,0,7,0.0%,8.6
https://urayasu-portal.com/posts/ikspiari-sugary-open-date-20260728/,sugary イクスピアリ,0,7,0.0%,10.7
https://urayasu-portal.com/posts/mitsui-garden-prana-tokyo-bay-renewal-closure/,三井ガーデンホテルプラナ東京ベイ 休館,0,7,0.0%,7.7
https://urayasu-portal.com/posts/osouzai-bovi-horie-open/,bovi おそうざいボビ 浦安市 レビュー,0,7,0.0%,7.0
https://urayasu-portal.com/posts/shinurayasu-station-festival-performers-2026/,新浦安 祭り 2026,0,7,0.0%,6.3
https://urayasu-portal.com/posts/spalab-urayasu-kairaku-open/,新浦安 トランクルーム,0,7,0.0%,17.9
https://urayasu-portal.com/posts/urayasu-bonodori-canceled-20260814/,浦安盆踊り中止,0,7,0.0%,5.1
https://urayasu-portal.com/posts/urayasu-bonodori-fireworks-2026/,浦安小学校盆踊り,0,7,0.0%,9.3
https://urayasu-portal.com/posts/urayasu-bonodori-fireworks-2026/#sec-1,浦安 盆踊り,0,7,0.0%,10.3
https://urayasu-portal.com/posts/urayasu-bonodori-fireworks-2026/#sec-1,浦安 花火 2026,0,7,0.0%,9.9
https://urayasu-portal.com/posts/urayasu-bonodori-fireworks-2026/#sec-1,浦安お祭り 2026,0,7,0.0%,10.3
https://urayasu-portal.com/posts/urayasu-bonodori-fireworks-2026/#sec-2,浦安 盆踊り,0,7,0.0%,10.3
https://urayasu-portal.com/posts/urayasu-bonodori-fireworks-2026/#sec-2,浦安 花火 2026,0,7,0.0%,9.9
https://urayasu-portal.com/posts/urayasu-bonodori-fireworks-2026/#sec-2,浦安お祭り 2026,0,7,0.0%,10.3
https://urayasu-portal.com/posts/urayasu-bonodori-fireworks-2026/#sec-3,浦安 盆踊り,0,7,0.0%,10.3
https://urayasu-portal.com/posts/urayasu-bonodori-fireworks-2026/#sec-3,浦安お祭り 2026,0,7,0.0%,10.3
https://urayasu-portal.com/posts/urayasu-bonodori-fireworks-2026/#sec-3,浦安祭り2026,0,7,0.0%,10.3
https://urayasu-portal.com/posts/urayasu-bonodori-fireworks-2026/#sec-4,浦安 盆踊り,0,7,0.0%,10.3
https://urayasu-portal.com/posts/urayasu-bonodori-fireworks-2026/#sec-4,浦安 花火 2026,0,7,0.0%,9.9
https://urayasu-portal.com/posts/urayasu-bonodori-fireworks-2026/#sec-4,浦安お祭り 2026,0,7,0.0%,10.3
https://urayasu-portal.com/posts/urayasu-bonodori-report-20260815/,浦安市 盆踊り 2026,0,7,0.0%,10.4
https://urayasu-portal.com/posts/urayasu-museum-summer-exhibition-research-2026/,ふるさと浦安作品展,0,7,0.0%,9.6
https://urayasu-portal.com/posts/urayasu-neighborhood-summer-festivals-2026/#sec-1,浦安市 お祭り,0,7,0.0%,3.0
https://urayasu-portal.com/posts/urayasu-neighborhood-summer-festivals-2026/#sec-2,浦安 自治会祭り,0,7,0.0%,1.0
https://urayasu-portal.com/posts/urayasu-neighborhood-summer-festivals-2026/#sec-2,浦安市 お祭り,0,7,0.0%,3.0
https://urayasu-portal.com/posts/urayasu-neighborhood-summer-festivals-2026/#sec-3,浦安 自治会祭り,0,7,0.0%,1.0
https://urayasu-portal.com/posts/urayasu-neighborhood-summer-festivals-2026/#sec-3,浦安市 お祭り,0,7,0.0%,3.0
https://urayasu-portal.com/tags/%E3%82%AB%E3%83%95%E3%82%A7/,bambi drops,0,7,0.0%,10.7
https://urayasu-portal.com/travel-guide/hotels/budget/,浦安 格安ホテル,0,7,0.0%,31.1
https://urayasu-portal.com/travel-guide/hotels/budget/,浦安市 格安ホテル,0,7,0.0%,29.1
https://urayasu-portal.com/travel-guide/luggage-howto/,舞浜駅からウェルカムセンター,0,7,0.0%,9.9
https://urayasu-portal.com/travel-guide/maihama-eurasia-spa/,ユーラシア 舞浜 日帰り,0,7,0.0%,10.0
https://urayasu-portal.com/travel-guide/maihama-eurasia-spa/,浦安 ユーラシア 日帰り,0,7,0.0%,7.3
https://urayasu-portal.com/travel-guide/maihama-eurasia-spa/,舞浜 日帰り温泉,0,7,0.0%,19.3
https://urayasu-portal.com/zh-tw/travel-guide/urayasu-maihama-shinurayasu-tourism/,urayasu 中文,0,7,0.0%,10.1
https://urayasu-portal.com/zh/travel-guide/hotels/budget/,浦安 酒店服务,0,7,0.0%,39.9
https://urayasu-portal.com/,べら安,0,6,0.0%,33.7
https://urayasu-portal.com/,まかない屋なにげ,0,6,0.0%,37.8
https://urayasu-portal.com/,ボンヌシャンス浦安メトロピア店,0,6,0.0%,36.8
https://urayasu-portal.com/,新浦安,0,6,0.0%,80.5
https://urayasu-portal.com/en/travel-guide/,tokyo disneyland urayasu,0,6,0.0%,58.2
https://urayasu-portal.com/en/travel-guide/hotels/,shin urayasu hotel,0,6,0.0%,16.7
https://urayasu-portal.com/en/travel-guide/hotels/brighton-tokyo-bay/,urayasu brighton hotel tokyo bay luggage storage before check-in,0,6,0.0%,10.5
https://urayasu-portal.com/en/travel-guide/hotels/happy-entry/,tokyo disneyland hotel happy entry,0,6,0.0%,10.2
https://urayasu-portal.com/en/travel-guide/hotels/luggage/,urayasu brighton hotel luggage storage before check in,0,6,0.0%,5.8
https://urayasu-portal.com/en/travel-guide/hotels/luggage/,urayasu brighton hotel luggage storage before check-in,0,6,0.0%,6.5
https://urayasu-portal.com/en/travel-guide/urayasu-maihama-shinurayasu-tourism/,things to do in urayasu japan,0,6,0.0%,26.2
https://urayasu-portal.com/ko/travel-guide/hotels/cvs-bay-hotel/,cvs bay hotel,0,6,0.0%,49.2
https://urayasu-portal.com/ko/travel-guide/hotels/maihama-hotel-first-resort/,마이하마 역사 호텔,0,6,0.0%,10.3
https://urayasu-portal.com/life-guide/urayasu-bus-kotsu/,浦安 コミュニティバス,0,6,0.0%,6.5
https://urayasu-portal.com/life-guide/urayasu-bus-kotsu/,浦安市コミュニティバス,0,6,0.0%,7.3
https://urayasu-portal.com/life-guide/urayasu-hoken-nenkin-zei/,浦安市 扶養 相談,0,6,0.0%,32.8
https://urayasu-portal.com/life-guide/urayasu-sumai-hikkoshi/,引っ越し 浦安市,0,6,0.0%,39.8
https://urayasu-portal.com/open-close/,行徳 弁天 閉店,0,6,0.0%,9.2
https://urayasu-portal.com/posts/%E6%B5%A6%E5%AE%89%E4%B8%87%E8%8F%AF%E9%83%B7%E8%B7%A1%E5%9C%B0%E6%B4%BB%E7%94%A8%E6%96%B9%E9%87%9D%E3%81%8C%E6%B1%BA%E5%AE%9A/,大江戸温泉 浦安 閉店 跡地,0,6,0.0%,12.5
https://urayasu-portal.com/posts/%E6%B5%A6%E5%AE%89%E5%B8%82%E3%81%8C2025%E5%B9%B4%E5%BA%A6%E8%81%B7%E5%93%A1%E6%8E%A1%E7%94%A8%E8%A9%A6%E9%A8%93%E5%90%88%E6%A0%BC%E8%80%85%E3%82%92%E7%99%BA%E8%A1%A8/,浦安市 採用試験,0,6,0.0%,42.3
https://urayasu-portal.com/posts/aeon-shinurayasu-shinura-yajo-2026/,新浦夜城,0,6,0.0%,5.7
https://urayasu-portal.com/posts/atre-shinurayasu-true-tree-popup-2026/,アトレ新浦安 ポップアップ,0,6,0.0%,6.3
https://urayasu-portal.com/posts/brighton-cache-cache-obon-buffet-2026/,カシュカシュ 7 土浦市真鍋,0,6,0.0%,47.3
https://urayasu-portal.com/posts/cinema-ikspiari-disney-revival-2026/,ディズニー リバイバル 上映 2026,0,6,0.0%,4.2
https://urayasu-portal.com/posts/daiso-maruesu-gyotoku-close/,行徳マルエツ跡地,0,6,0.0%,10.3
https://urayasu-portal.com/posts/disney-premier-access-price-change-202609/,ディズニーdpa 値上げ,0,6,0.0%,11.7
https://urayasu-portal.com/posts/ikspiari-limited-shops-202608/,イクスピアリ 期間限定ショップ,0,6,0.0%,8.3
https://urayasu-portal.com/posts/ikspiari-limited-shops-202608/,イクスピアリ 限定,0,6,0.0%,10.7
https://urayasu-portal.com/posts/ikspiari-limited-shops-june-2026/,イクスピアリ 期間限定 出店,0,6,0.0%,8.8
https://urayasu-portal.com/posts/keiyo-line-heavy-rain-20260814/,京葉線 運行情報 2026年8月15日,0,6,0.0%,8.7
https://urayasu-portal.com/posts/malatang-tenpo-newcoast-shinurayasu-open/,ニューコースト新浦安,0,6,0.0%,4.8
https://urayasu-portal.com/posts/malatang-tenpo-newcoast-shinurayasu-open/,新浦安 麻辣担,0,6,0.0%,10.7
https://urayasu-portal.com/posts/nishidaba-minami-gyotoku-open/,南行徳 にしだ場,0,6,0.0%,10.0
https://urayasu-portal.com/posts/nishidaba-minami-gyotoku-open/,南行徳 焼き鳥 オープン,0,6,0.0%,9.8
https://urayasu-portal.com/posts/nisyakugosun-urayasuekimae/,二 尺 五 寸 浦安,0,6,0.0%,6.8
https://urayasu-portal.com/posts/nisyakugosun-urayasuekimae/,焼鳥蕎麦二尺五寸,0,6,0.0%,9.3
https://urayasu-portal.com/posts/sushi-yamaguchi-gyotoku-opening-202608/,鮨 やまぐち,0,6,0.0%,7.8
https://urayasu-portal.com/posts/urayasu-bonodori-fireworks-2026/#sec-1,浦安市 盆踊り,0,6,0.0%,8.7
https://urayasu-portal.com/posts/urayasu-bonodori-fireworks-2026/#sec-2,浦安市 盆踊り,0,6,0.0%,8.7
https://urayasu-portal.com/posts/urayasu-bonodori-fireworks-2026/#sec-4,浦安市 盆踊り,0,6,0.0%,8.7
https://urayasu-portal.com/posts/urayasu-cemetery-shuttle-bus-202608/,西友 閉店,0,6,0.0%,25.7
https://urayasu-portal.com/posts/urayasu-first-aid-courses-202609/,浦安市 救命講習,0,6,0.0%,5.8
https://urayasu-portal.com/posts/urayasu-hanabi-taikai-2026/,浦安市 花火大会 抽選,0,6,0.0%,8.7
https://urayasu-portal.com/posts/urayasu-hanabi-taikai-2026/,浦安市花火大会2026,0,6,0.0%,7.2
https://urayasu-portal.com/posts/urayasu-hanabi-taikai-2026/,浦安花火大会 2026 抽選,0,6,0.0%,6.5
https://urayasu-portal.com/posts/urayasu-neighborhood-summer-festivals-2026/,お祭り 浦安,0,6,0.0%,2.0
https://urayasu-portal.com/posts/urayasu-neighborhood-summer-festivals-2026/,浦安盆踊り 2026,0,6,0.0%,7.0
https://urayasu-portal.com/posts/urayasu-neighborhood-summer-festivals-2026/,浦安駅 お祭り,0,6,0.0%,8.8
https://urayasu-portal.com/posts/urayasu-neighborhood-summer-festivals-2026/,猫実四丁目自治会夏祭り,0,6,0.0%,1.7
https://urayasu-portal.com/posts/urayasu-neighborhood-summer-festivals-2026/#sec-1,浦安 自治会祭り,0,6,0.0%,1.0
https://urayasu-portal.com/posts/urayasu-neighborhood-summer-festivals-2026/#sec-1,祭り 浦安,0,6,0.0%,2.8
https://urayasu-portal.com/posts/urayasu-neighborhood-summer-festivals-2026/#sec-2,祭り 浦安,0,6,0.0%,2.8
https://urayasu-portal.com/posts/wamen-zen-horie-open/,浦安 善 ラーメン,0,6,0.0%,11.0
https://urayasu-portal.com/tags/%E9%96%8B%E5%BA%97/,浦安 オープニングバイト,0,6,0.0%,34.8
https://urayasu-portal.com/travel-guide/hotels/budget/,浦安駅 格安ホテル,0,6,0.0%,37.0
https://urayasu-portal.com/travel-guide/kasai-rinkai-park/,葛西臨海公園 観覧車 ディズニー,0,6,0.0%,9.8
https://urayasu-portal.com/travel-guide/luggage-howto/,舞浜駅から荷物送る,0,6,0.0%,8.5
https://urayasu-portal.com/travel-guide/luggage/,ミラコスタ 舞浜駅 荷物,0,6,0.0%,9.8
https://urayasu-portal.com/travel-guide/luggage/,東京ベイ舞浜ホテル 荷物,0,6,0.0%,9.8
https://urayasu-portal.com/travel-guide/luggage/,舞浜駅 バゲッジデリバリーサービス,0,6,0.0%,8.5
https://urayasu-portal.com/travel-guide/maihama-eurasia-spa/,ユーラシア 日帰り入浴,0,6,0.0%,9.8
https://urayasu-portal.com/zh-tw/travel-guide/hotels/happy-entry/,迪士尼happy entry,0,6,0.0%,8.3
https://urayasu-portal.com/zh/travel-guide/hotels/hotel-okura-tokyo-bay/,東京 灣 大倉 酒店,0,6,0.0%,61.2
https://urayasu-portal.com/,porky's kitchen 浦安店,0,5,0.0%,43.8
https://urayasu-portal.com/,ラーメン大統領浦安店,0,5,0.0%,44.0
https://urayasu-portal.com/,喜安食堂,0,5,0.0%,40.8
https://urayasu-portal.com/,団十郎 沖浜店,0,5,0.0%,44.2
https://urayasu-portal.com/,浦安マルシェ えんじん,0,5,0.0%,24.4
https://urayasu-portal.com/,玄海 浦安,0,5,0.0%,41.2
https://urayasu-portal.com/,肉汁餃子製作所ダンダダン酒場浦安店,0,5,0.0%,29.8
https://urayasu-portal.com/en/,shin-urayasu,0,5,0.0%,63.4
https://urayasu-portal.com/en/travel-guide/disney-tickets/,tokyo disneyland tickets online,0,5,0.0%,46.8
https://urayasu-portal.com/en/travel-guide/disney-tickets/,where to buy tokyo disneysea tickets,0,5,0.0%,44.0
https://urayasu-portal.com/en/travel-guide/hotels/,hiyori hotel maihama,0,5,0.0%,30.8
https://urayasu-portal.com/en/travel-guide/hotels/,hotel in urayasu,0,5,0.0%,50.0
https://urayasu-portal.com/en/travel-guide/hotels/,maihama station hotels,0,5,0.0%,28.4
https://urayasu-portal.com/en/travel-guide/hotels/,urayasu brighton hotel tokyo bay,0,5,0.0%,43.8
https://urayasu-portal.com/en/travel-guide/hotels/brighton-tokyo-bay/,urayasu brighton hotel tokyo bay connected to shin-urayasu station,0,5,0.0%,8.8
https://urayasu-portal.com/en/travel-guide/hotels/comfort-suites-tokyo-bay/,comfort suite tokyo bay,0,5,0.0%,30.4
https://urayasu-portal.com/en/travel-guide/hotels/emion-tokyo-bay/,emion tokyo bay hotel,0,5,0.0%,28.2
https://urayasu-portal.com/en/travel-guide/hotels/emion-tokyo-bay/,hotel emion tokyo,0,5,0.0%,29.0
https://urayasu-portal.com/en/travel-guide/urayasu-maihama-shinurayasu-tourism/,shin-urayasu station,0,5,0.0%,28.6
https://urayasu-portal.com/en/travel-guide/urayasu-maihama-shinurayasu-tourism/,things to do in urayasu,0,5,0.0%,20.6
https://urayasu-portal.com/en/travel-guide/urayasu-maihama-shinurayasu-tourism/,things to do near tokyo disneyland,0,5,0.0%,20.2
https://urayasu-portal.com/en/travel-guide/urayasu-maihama-shinurayasu-tourism/,urayasu seaside park,0,5,0.0%,9.0
https://urayasu-portal.com/en/travel-guide/urayasu-traffic-park/,urayasu traffic park,0,5,0.0%,3.8
https://urayasu-portal.com/ko/,우라야스 호텔 예약,0,5,0.0%,14.8
https://urayasu-portal.com/ko/,우라야쓰,0,5,0.0%,17.6
https://urayasu-portal.com/ko/travel-guide/hotels/four-stories-hotel/,마이하마역 호텔,0,5,0.0%,50.6
https://urayasu-portal.com/life-guide/trash-recycling/,浦安 クリーンセンター 営業 時間,0,5,0.0%,8.6
https://urayasu-portal.com/life-guide/urayasu-bus-kotsu/,浦安 おさんぽバス 料金,0,5,0.0%,5.4
https://urayasu-portal.com/life-guide/urayasu-sumai-hikkoshi/,引っ越し 浦安市 9月,0,5,0.0%,47.6
https://urayasu-portal.com/open-close/,イクスピアリ ダイソー 閉店,0,5,0.0%,8.6
https://urayasu-portal.com/posts/,しんうらよりみちマルシェ,0,5,0.0%,9.4
https://urayasu-portal.com/posts/%E6%B5%A6%E5%AE%89%E3%83%AD%E3%83%BC%E3%82%BD%E3%83%B3%E3%82%B9%E3%83%88%E3%82%A2100%E6%B5%A6%E5%AE%89%E5%BD%93%E4%BB%A3%E5%B3%B6%E5%BA%97%E3%81%8C%E6%9C%AC%E6%97%A54-30/,100円ローソン 浦安,0,5,0.0%,9.6
https://urayasu-portal.com/posts/%E6%B5%A6%E5%AE%89%E5%9C%B0%E5%85%83%E6%84%9B%E3%81%8B%E3%82%89%E7%94%9F%E3%81%BE%E3%82%8C%E3%81%9F%E3%82%AF%E3%83%A9%E3%83%95%E3%83%88%E3%83%93%E3%83%BC%E3%83%AB%E3%82%A6/,"""ウラヤ"" 事業終了 or 閉鎖 or 閉店 or 撤退",0,5,0.0%,17.6
https://urayasu-portal.com/posts/%E8%91%9B%E5%8D%97%E6%95%99%E8%82%B2%E4%BA%8B%E5%8B%99%E6%89%80%E6%89%80%E9%95%B7%E3%81%8C%E5%A0%80%E6%B1%9F%E4%B8%AD%E5%AD%A6%E6%A0%A1%E3%82%92%E8%A8%AA%E5%95%8F-%E5%AD%A6%E6%A0%A1%E9%81%8B/,葛南教育事務所 所長,0,5,0.0%,8.4
https://urayasu-portal.com/posts/atre-shinurayasu-boulmich-temporary-closure/,ブールミッシュ 新浦安,0,5,0.0%,7.4
https://urayasu-portal.com/posts/briobecca-emperors-cup-tochigi-2026/,栃木sc 対 ブリオベッカ浦安・市川 試合,0,5,0.0%,7.8
https://urayasu-portal.com/posts/chiba-water-bill-discount-urayasu/,千葉県 水道料金 減免 延長,0,5,0.0%,7.8
https://urayasu-portal.com/posts/curves-aeon-shinurayasu-open/,カーブス 浦安,0,5,0.0%,9.2
https://urayasu-portal.com/posts/daiso-maruesu-gyotoku-close/,ダイソー 行徳 マルエツ,0,5,0.0%,9.0
https://urayasu-portal.com/posts/daiso-maruesu-gyotoku-close/,行徳 マルエツ ダイソー,0,5,0.0%,10.4
https://urayasu-portal.com/posts/disney-premier-access-price-change-202609/,ディズニーdpa値上げ,0,5,0.0%,9.8
https://urayasu-portal.com/posts/gongcha-ikspiari-renewal/,ゴンチャ イクスピアリ 休業,0,5,0.0%,8.8
https://urayasu-portal.com/posts/ikspiari-club-cpla-open-20260717/,イクスピアリカプセルトイ,0,5,0.0%,9.0
https://urayasu-portal.com/posts/ikspiari-club-cpla-open-20260717/,イクスピアリガチャ,0,5,0.0%,11.6
https://urayasu-portal.com/posts/ikspiari-limited-shops-202608/,イクスピアリ 靴下,0,5,0.0%,8.2
https://urayasu-portal.com/posts/ikspiari-sugary-open-2026/,sugary アサイー イクスピアリ,0,5,0.0%,11.0
https://urayasu-portal.com/posts/ikspiari-sugary-open-2026/,イクスピアリ アサイーボウル,0,5,0.0%,15.2
https://urayasu-portal.com/posts/malatang-tenpo-newcoast-shinurayasu-open/,ニューコースト新浦安 麻辣担,0,5,0.0%,8.2
https://urayasu-portal.com/posts/malatang-tenpo-newcoast-shinurayasu-open/,天宝 新浦安,0,5,0.0%,10.2
https://urayasu-portal.com/posts/pooch-you-coffee-tomioka-open/,西友 閉店,0,5,0.0%,6.4
https://urayasu-portal.com/posts/prague-cello-republic-urayasu-2026/,プラハチェロリパブリック 2026,0,5,0.0%,9.6
https://urayasu-portal.com/posts/shinura-yorimichi-marche-202608/,浦安 お祭り 今日,0,5,0.0%,1.0
https://urayasu-portal.com/posts/spalab-urayasu-kairaku-open/,トランクルーム 新浦安,0,5,0.0%,16.0
https://urayasu-portal.com/posts/tsutaya%E6%B5%A6%E5%AE%89%E3%81%95%E3%81%8F%E3%82%89%E9%80%9A%E3%82%8A%E5%BA%97%E3%81%8C7%E6%9C%886%E6%97%A5%E3%81%A7%E9%96%89%E5%BA%976%E6%9C%8814%E6%97%A5%E3%81%8B%E3%82%89%E9%96%89/,tsutaya 浦安,0,5,0.0%,25.6
https://urayasu-portal.com/posts/urayasu-bar-gai-2026/,go to イート 浦安 バル,0,5,0.0%,29.4
https://urayasu-portal.com/posts/urayasu-bar-gai-2026/,浦安 バル 街 2026,0,5,0.0%,4.8
https://urayasu-portal.com/posts/urayasu-bonodori-fireworks-2026/,浦安 市 花火 大会 2026 申し込み,0,5,0.0%,10.6
https://urayasu-portal.com/posts/urayasu-bonodori-fireworks-2026/,浦安夏祭り,0,5,0.0%,3.4
https://urayasu-portal.com/posts/urayasu-bonodori-fireworks-2026/#sec-3,浦安 花火 2026,0,5,0.0%,9.6
https://urayasu-portal.com/posts/urayasu-bonodori-fireworks-2026/#sec-3,浦安市 盆踊り,0,5,0.0%,8.6
https://urayasu-portal.com/posts/urayasu-manabi-umi-1st-anniversary/,浦安市 umi,0,5,0.0%,5.0
https://urayasu-portal.com/posts/urayasu-marines-giants-farm-202608/,京葉ガスクラシモスタジアム浦安,0,5,0.0%,10.4
https://urayasu-portal.com/posts/urayasu-neighborhood-summer-festivals-2026/,当代島 祭り,0,5,0.0%,3.8
https://urayasu-portal.com/posts/urayasu-neighborhood-summer-festivals-2026/#sec-1,新浦安 夏祭り,0,5,0.0%,4.4
https://urayasu-portal.com/posts/urayasu-neighborhood-summer-festivals-2026/#sec-1,浦安市お祭り2026,0,5,0.0%,3.0
https://urayasu-portal.com/posts/urayasu-neighborhood-summer-festivals-2026/#sec-2,新浦安 夏祭り,0,5,0.0%,4.4
https://urayasu-portal.com/posts/urayasu-neighborhood-summer-festivals-2026/#sec-2,浦安 祭り 8月,0,5,0.0%,2.4
https://urayasu-portal.com/posts/urayasu-neighborhood-summer-festivals-2026/#sec-2,浦安市お祭り2026,0,5,0.0%,3.0
https://urayasu-portal.com/posts/urayasu-neighborhood-summer-festivals-2026/#sec-3,新浦安 夏祭り,0,5,0.0%,4.4
https://urayasu-portal.com/posts/urayasu-neighborhood-summer-festivals-2026/#sec-3,浦安 祭り 8月,0,5,0.0%,2.4
https://urayasu-portal.com/posts/urayasu-neighborhood-summer-festivals-2026/#sec-3,浦安市お祭り2026,0,5,0.0%,3.0
https://urayasu-portal.com/posts/urayasu-neighborhood-summer-festivals-2026/#sec-3,祭り 浦安,0,5,0.0%,2.6
https://urayasu-portal.com/posts/urayasu-waste-oil-clothes-collection-20260809/,浦安市 古布回収,0,5,0.0%,5.2
https://urayasu-portal.com/tags/%E3%82%B9%E3%82%A4%E3%83%BC%E3%83%84%E3%83%93%E3%83%A5%E3%83%83%E3%83%95%E3%82%A7/,浦安 スイーツバイキング,0,5,0.0%,23.4
https://urayasu-portal.com/tags/%E3%82%B9%E3%82%BF%E3%82%B8%E3%82%A2%E3%83%A0/,クラシモスタジアム,0,5,0.0%,12.0
https://urayasu-portal.com/tags/%E3%82%B9%E3%82%BF%E3%82%B8%E3%82%A2%E3%83%A0/,京葉ガスクラシモスタジアム浦安,0,5,0.0%,12.4
https://urayasu-portal.com/tags/%E5%BC%95%E3%81%A3%E8%B6%8A%E3%81%97/,引っ越し 浦安市 2月,0,5,0.0%,42.4
https://urayasu-portal.com/travel-guide/,浦安での移動,0,5,0.0%,47.6
https://urayasu-portal.com/travel-guide/hotels/grand-monday-resort-maihama/,grand monday resort 東京ベイ舞浜,0,5,0.0%,50.4
https://urayasu-portal.com/travel-guide/luggage/,グランドニッコー東京ベイ舞浜 荷物送る,0,5,0.0%,11.0
https://urayasu-portal.com/travel-guide/luggage/,ドリームゲート舞浜 荷物 送る,0,5,0.0%,10.6
https://urayasu-portal.com/travel-guide/luggage/,浦安ブライトンホテル東京ベイ チェックイン前 荷物 預かり,0,5,0.0%,9.6
https://urayasu-portal.com/travel-guide/luggage/,舞浜 荷物預ける,0,5,0.0%,9.0
https://urayasu-portal.com/travel-guide/luggage/,舞浜駅 トイストーリーホテル 荷物,0,5,0.0%,9.8
https://urayasu-portal.com/travel-guide/luggage/,舞浜駅 荷物 ホテルに送る,0,5,0.0%,10.4
https://urayasu-portal.com/travel-guide/luggage/,舞浜駅荷物預かり,0,5,0.0%,10.4
https://urayasu-portal.com/travel-guide/maihama-eurasia-spa/,ユーラシア舞浜 日帰り,0,5,0.0%,10.2
https://urayasu-portal.com/travel-guide/maihama-eurasia-spa/,舞浜 スーパー銭湯,0,5,0.0%,24.4
https://urayasu-portal.com/travel-guide/maihama-eurasia-spa/,舞浜 温泉 日帰り,0,5,0.0%,17.2
https://urayasu-portal.com/travel-guide/maihama-eurasia-spa/,舞浜ユーラシア 日帰り温泉,0,5,0.0%,11.6
https://urayasu-portal.com/zh-tw/travel-guide/hotels/happy-entry/,happy entry tokyo disney,0,5,0.0%,8.6
https://urayasu-portal.com/zh-tw/travel-guide/hotels/happy-entry/,東京迪士尼 happy entry,0,5,0.0%,9.2
https://urayasu-portal.com/zh-tw/travel-guide/hotels/mystays-maihama/,mystays 舞 濱,0,5,0.0%,18.4
https://urayasu-portal.com/zh-tw/travel-guide/urayasu-gourmet-souvenir-guide/,新浦安 美食,0,5,0.0%,13.4
https://urayasu-portal.com/zh-tw/travel-guide/urayasu-maihama-access-guide/,jr舞濱站到東京鐵塔,0,5,0.0%,45.6
https://urayasu-portal.com/zh/tags/%E5%AE%98%E6%96%B9%E9%85%92%E5%BA%97/,urayasu 酒店,0,5,0.0%,18.8
https://urayasu-portal.com/zh/travel-guide/hotels/,东京迪士尼乐园附近酒店,0,5,0.0%,49.6
https://urayasu-portal.com/zh/travel-guide/tokyo-sightseeing-access/,jr舞濱站到東京鐵塔,0,5,0.0%,27.0
https://urayasu-portal.com/,おいしんぼくずは美咲店,0,4,0.0%,37.0
https://urayasu-portal.com/,よってこやらーめん浦安店,0,4,0.0%,45.0
https://urayasu-portal.com/,レジーナ 浦安,0,4,0.0%,29.3
https://urayasu-portal.com/,ワインのまいん伊坂,0,4,0.0%,35.3
https://urayasu-portal.com/,一口茶屋浦安店,0,4,0.0%,42.3
https://urayasu-portal.com/,大金星 浦安店,0,4,0.0%,25.5
https://urayasu-portal.com/,富士韓海焔,0,4,0.0%,56.3
https://urayasu-portal.com/,広島お好み焼き じゅん平 浦安本店,0,4,0.0%,49.8
https://urayasu-portal.com/,明治サンテオレ新浦安店,0,4,0.0%,49.0
https://urayasu-portal.com/,浦安 ピンサロ,0,4,0.0%,40.8
https://urayasu-portal.com/,浦安 フォアグラ,0,4,0.0%,42.5
https://urayasu-portal.com/,浦安 二次会,0,4,0.0%,37.0
https://urayasu-portal.com/,海鮮うまかもんや はなの舞 浦安店,0,4,0.0%,38.8
https://urayasu-portal.com/,炭火焼肉食道園新浦安店,0,4,0.0%,39.0
https://urayasu-portal.com/,焼肉レストラン ソウル 浦安店,0,4,0.0%,41.0
https://urayasu-portal.com/,盛安,0,4,0.0%,77.8
https://urayasu-portal.com/categories/%E9%96%8B%E5%BA%97%E9%96%89%E5%BA%97/,西友 閉店,0,4,0.0%,16.0
https://urayasu-portal.com/categories/%E9%96%8B%E5%BA%97%E9%96%89%E5%BA%97/,閉店,0,4,0.0%,97.0
https://urayasu-portal.com/en/tags/shin-urayasu/,shin-urayasu,0,4,0.0%,52.3
https://urayasu-portal.com/en/travel-guide/,urayasu,0,4,0.0%,52.3
https://urayasu-portal.com/en/travel-guide/disney-tickets/,where to buy tokyo disneyland tickets,0,4,0.0%,43.5
https://urayasu-portal.com/en/travel-guide/hotels/,hotel mystays maihama tokyo,0,4,0.0%,26.0
https://urayasu-portal.com/en/travel-guide/hotels/,hotel mystays maihama urayasu,0,4,0.0%,26.3
https://urayasu-portal.com/en/travel-guide/hotels/,urayasu brighton hotel,0,4,0.0%,43.0
https://urayasu-portal.com/en/travel-guide/hotels/brighton-tokyo-bay/,bay hotel urayasu station,0,4,0.0%,20.3
https://urayasu-portal.com/en/travel-guide/hotels/brighton-tokyo-bay/,brighton hotel maihama station,0,4,0.0%,7.5
https://urayasu-portal.com/en/travel-guide/hotels/brighton-tokyo-bay/,urayasu brighton hotel tokyo bay direct connection to shin-urayasu station,0,4,0.0%,11.3
https://urayasu-portal.com/en/travel-guide/hotels/budget/,budget hotel near tokyo disneyland,0,4,0.0%,22.8
https://urayasu-portal.com/en/travel-guide/hotels/compare/,tokyo disneyland hotel map,0,4,0.0%,28.8
https://urayasu-portal.com/en/travel-guide/hotels/dreamgate-maihama/,hotel dream gate maihama official website,0,4,0.0%,10.0
https://urayasu-portal.com/en/travel-guide/hotels/grand-monday-resort-maihama/,grand monday resort tokyo bay maihama,0,4,0.0%,9.8
https://urayasu-portal.com/en/travel-guide/hotels/happy-entry/,disney tokyo happy entry,0,4,0.0%,10.0
https://urayasu-portal.com/en/travel-guide/hotels/happy-entry/,tokyo disney celebration hotel happy entry,0,4,0.0%,8.8
https://urayasu-portal.com/en/travel-guide/hotels/hilton-tokyo-bay/,hilton tokyo bay phone number,0,4,0.0%,22.0
https://urayasu-portal.com/en/travel-guide/hotels/kids/,family friendly hotel in miyazaki,0,4,0.0%,74.8
https://urayasu-portal.com/en/travel-guide/hotels/luggage/,urayasu brighton hotel tokyo bay luggage storage before check-in,0,4,0.0%,10.8
https://urayasu-portal.com/en/travel-guide/hotels/oriental-tokyo-bay/,oriental tokyo bay,0,4,0.0%,40.8
https://urayasu-portal.com/en/travel-guide/hotels/shuttle/,free shuttle bus to tokyo disneyland,0,4,0.0%,17.0
https://urayasu-portal.com/en/travel-guide/urayasu-maihama-access-guide/,tokyo disney resort access route map maihama rose town kasai exit urayasu exit official,0,4,0.0%,9.0
https://urayasu-portal.com/en/travel-guide/urayasu-traffic-park/,urayasu city traffic park,0,4,0.0%,3.0
https://urayasu-portal.com/events/,新浦安 イベント,0,4,0.0%,46.3
https://urayasu-portal.com/ko/tags/%EC%8B%A0%EC%9A%B0%EB%9D%BC%EC%95%BC%EC%8A%A4/,우라야쓰,0,4,0.0%,17.8
https://urayasu-portal.com/ko/travel-guide/hotels/,도시마 호텔,0,4,0.0%,49.5
https://urayasu-portal.com/ko/travel-guide/hotels/ambassador-hotel/,디즈니 앰버서더 호텔,0,4,0.0%,36.8
https://urayasu-portal.com/ko/travel-guide/hotels/brighton-tokyo-bay/,우라야스 브라이튼 호텔 도쿄 베이,0,4,0.0%,12.8
https://urayasu-portal.com/ko/travel-guide/hotels/cvs-bay-hotel/,cvs bay hotel tokyo,0,4,0.0%,49.3
https://urayasu-portal.com/ko/travel-guide/hotels/lagent-tokyo-bay/,라젠트 호텔 도쿄 베이,0,4,0.0%,29.5
https://urayasu-portal.com/ko/travel-guide/hotels/mystays-maihama/,마이하마역 호텔,0,4,0.0%,44.3
https://urayasu-portal.com/ko/travel-guide/hotels/royal-park-maihama/,마이하마역 호텔,0,4,0.0%,62.0
https://urayasu-portal.com/ko/travel-guide/hotels/urayasu-sun-hotel/,우라야스 호텔 예약,0,4,0.0%,18.0
https://urayasu-portal.com/life-guide/urayasu-hoken-nenkin-zei/,浦安市 年金 相談,0,4,0.0%,26.3
https://urayasu-portal.com/life-guide/urayasu-sumai-hikkoshi/,引っ越し 浦安市 7月,0,4,0.0%,27.3
https://urayasu-portal.com/posts/%E3%82%A4%E3%82%AF%E3%82%B9%E3%83%94%E3%82%A2%E3%83%AA%E3%81%AB%E3%82%A2%E3%82%B5%E3%82%A4%E3%83%BC%E5%B0%82%E9%96%80%E5%BA%97sugary%E3%81%8C2026%E5%B9%B4%E5%A4%8F%E3%82%AA%E3%83%BC/,sugary イクスピアリ店,0,4,0.0%,12.0
https://urayasu-portal.com/posts/%E3%82%A4%E3%82%AF%E3%82%B9%E3%83%94%E3%82%A2%E3%83%AA%E3%81%AB%E9%9F%93%E5%9B%BD%E6%96%99%E7%90%86%E3%83%99%E3%82%B8%E3%82%B4%E3%83%BC%E3%81%8C%E7%99%BB%E5%A0%B4108/,イクスピアリ ベジゴー メニュー,0,4,0.0%,10.3
https://urayasu-portal.com/posts/%E3%82%A4%E3%82%AF%E3%82%B9%E3%83%94%E3%82%A2%E3%83%AA%E3%81%AB%E9%9F%93%E5%9B%BD%E6%96%99%E7%90%86%E3%83%99%E3%82%B8%E3%82%B4%E3%83%BC%E3%81%8C%E7%99%BB%E5%A0%B4108/,イクスピアリ 韓国料理,0,4,0.0%,20.3
https://urayasu-portal.com/posts/%E3%82%BF%E3%82%AB%E3%82%B9%E3%83%9D%E3%82%A6%E3%83%A9%E3%83%A4%E3%82%B9%E3%83%81%E3%82%A2%E3%83%AA%E3%83%BC%E3%83%80%E3%83%BC%E3%82%BA%E3%81%8C%E5%B8%82%E9%95%B7%E3%82%92%E8%A1%A8%E6%95%AC%E8%A8%AA/,"""ウラヤ"" 逮捕 or 訴訟 or 詐欺 or 送検",0,4,0.0%,27.8
https://urayasu-portal.com/posts/%E3%83%89%E3%83%A9%E3%83%83%E3%82%B0%E3%82%B9%E3%83%88%E3%82%A2%E3%82%B9%E3%82%AE%E8%96%AC%E5%B1%80-%E6%B5%A6%E5%AE%89%E3%81%95%E3%81%8F%E3%82%89%E9%80%9A%E3%82%8A%E5%BA%97%E3%81%8C5/,スギ薬局 浦安 オープン,0,4,0.0%,12.8
https://urayasu-portal.com/posts/%E3%83%89%E3%83%B3%E3%82%AD%E3%83%9B%E3%83%BC%E3%83%86%E8%A5%BF%E5%8F%8B%E8%A1%8C%E5%BE%B3%E5%BA%97%E3%81%8C%E3%82%AA%E3%83%BC%E3%83%97%E3%83%B3-%E8%A1%8C%E5%BE%B3%E3%82%A8%E3%83%AA/,行徳 ドンキ,0,4,0.0%,5.8
https://urayasu-portal.com/posts/%E3%83%A9%E3%83%BC%E3%83%A1%E3%83%B3%E5%BA%97%E8%88%8E%E9%88%B4%E3%81%A7%E5%A4%8F%E5%AD%A3%E9%99%90%E5%AE%9A%E3%83%A1%E3%83%8B%E3%83%A5%E3%83%BC%E8%B2%A9%E5%A3%B2%E9%96%8B%E5%A7%8B/,舎鈴 ニューコースト新浦安店 メニュー,0,4,0.0%,12.0
https://urayasu-portal.com/posts/%E6%96%B0%E6%B5%A6%E5%AE%89%E9%AB%98%E6%B4%B2%E7%8C%AB%E5%AE%9F%E5%9C%B0%E5%9F%9F%E5%8C%85%E6%8B%AC%E6%94%AF%E6%8F%B4%E3%82%BB%E3%83%B3%E3%82%BF%E3%83%BC%E9%81%8B%E5%96%B6%E6%A5%AD/,浦安駅 地域包括ケアセンター 求人,0,4,0.0%,40.5
https://urayasu-portal.com/posts/%E6%B5%A6%E5%AE%89%E3%83%9E%E3%82%AF%E3%83%89%E3%83%8A%E3%83%AB%E3%83%89%E6%96%B0%E6%B5%A6%E5%AE%89%E6%98%8E%E6%B5%B7%E5%BA%97%E3%81%8C%E6%98%8E%E6%B5%B75%E4%B8%81%E7%9B%AE%E3%81%AB/,マクドナルド 新浦安駅前店 mcdonalds shin-urayasu eki-mae,0,4,0.0%,45.5
https://urayasu-portal.com/posts/%E6%B5%A6%E5%AE%89%E4%B8%87%E8%8F%AF%E9%83%B7%E8%B7%A1%E5%9C%B0%E6%B4%BB%E7%94%A8%E6%96%B9%E9%87%9D%E3%81%8C%E6%B1%BA%E5%AE%9A/,新浦安 温泉 跡地,0,4,0.0%,11.5
https://urayasu-portal.com/posts/%E6%B5%A6%E5%AE%89%E5%B8%82%E3%83%96%E3%83%AA%E3%82%AA%E3%83%99%E3%83%83%E3%82%AB%E6%B5%A6%E5%AE%89%E5%B8%82%E5%B7%9D-5%E6%9C%882%E6%97%A5%E5%9C%9F%E3%83%9B%E3%83%BC/,"""医療法人社団緑友会"" 事業終了 or 閉鎖 or 閉店 or 撤退",0,4,0.0%,28.3
https://urayasu-portal.com/posts/%E6%B5%A6%E5%AE%89%E5%B8%82%E5%8C%97%E6%A0%84%E3%81%AB%E3%83%8F%E3%83%B3%E3%83%90%E3%83%BC%E3%82%AC%E3%83%BC%E5%BA%97perch-diner%E3%81%8C4%E6%9C%8821%E6%97%A5/,パーチダイナー,0,4,0.0%,12.8
https://urayasu-portal.com/posts/%E6%B5%A6%E5%AE%89%E8%A5%BF%E5%8F%8B%E6%B5%A6%E5%AE%89%E5%BA%97%E3%81%8C5%E6%9C%8831%E6%97%A5%E3%81%AB%E4%B8%80%E6%99%82%E9%96%89%E5%BA%97%E5%A4%8F%E3%81%AB/,西友 閉店,0,4,0.0%,9.8
https://urayasu-portal.com/posts/%E6%B5%A6%E5%AE%89%E9%A7%85%E5%89%8D%E3%81%AB%E5%AD%90%E3%81%A9%E3%82%82%E3%81%A8%E8%8B%A5%E8%80%85%E3%81%AE%E5%B1%85%E5%A0%B4%E6%89%80%E3%81%93%E3%81%A9%E3%82%82%E9%9D%92%E5%B0%91/,青少年プラザ,0,4,0.0%,10.3
https://urayasu-portal.com/posts/ambassador-hotel-tropical-summer-festival-2026/,アンバサダーホテル プール 2026,0,4,0.0%,12.3
https://urayasu-portal.com/posts/cinema-ikspiari-with-kids-toystory5/,ウィズキッズシネマ イクスピアリ,0,4,0.0%,9.8
https://urayasu-portal.com/posts/daiso-maruesu-gyotoku-close/,ダイソー マルエツ 行徳 店,0,4,0.0%,9.3
https://urayasu-portal.com/posts/daiso-maruesu-gyotoku-close/,マルエツ 行徳店 跡地 何ができる,0,4,0.0%,11.5
https://urayasu-portal.com/posts/disney-resort-line-25th-anniversary/,リゾートライン 開業日,0,4,0.0%,10.5
https://urayasu-portal.com/posts/familymart-shinurayasu-mare-open/,新浦安 ファミリーマート,0,4,0.0%,11.3
https://urayasu-portal.com/posts/gongcha-ikspiari-renewal/,ゴンチャ イクスピアリ店,0,4,0.0%,8.3
https://urayasu-portal.com/posts/gyotoku-machinocyuuka-kasumi-open-2026/,中華かすみ,0,4,0.0%,6.0
https://urayasu-portal.com/posts/ichikawa-myoden-ogawa-clinic-open/,泌尿器科,0,4,0.0%,1.8
https://urayasu-portal.com/posts/ichikawa-road-flooding-20260814/,浦安 市 冠水 情報,0,4,0.0%,17.0
https://urayasu-portal.com/posts/ikspiari-club-cpla-open-20260717/,c-pla イクスピアリ,0,4,0.0%,10.8
https://urayasu-portal.com/posts/ikspiari-club-cpla-open-20260717/,club c-pla,0,4,0.0%,10.0
https://urayasu-portal.com/posts/ikspiari-club-cpla-open-20260717/,イクスピアリ シープラ 営業 時間,0,4,0.0%,11.8
https://urayasu-portal.com/posts/ikspiari-club-cpla-open-20260717/,シープラ イクスピアリ,0,4,0.0%,16.5
https://urayasu-portal.com/posts/ikspiari-limited-shops-202608/,イクスピアリ 催事,0,4,0.0%,11.5
https://urayasu-portal.com/posts/ikspiari-sugary-open-2026/,アサイーボウル イクスピアリ,0,4,0.0%,12.3
https://urayasu-portal.com/posts/ikspiari-sugary-open-date-20260728/,sugary 舞浜,0,4,0.0%,10.5
https://urayasu-portal.com/posts/keiyo-line-heavy-rain-20260814/,京葉線 運行状況 2026年8月23日,0,4,0.0%,8.3
https://urayasu-portal.com/posts/malatang-tenpo-newcoast-shinurayasu-open/,浦安 麻辣湯,0,4,0.0%,16.8
https://urayasu-portal.com/posts/maruetsu-gyotoku-close-2026/,マルエツ 行徳,0,4,0.0%,33.8
https://urayasu-portal.com/posts/maruetsu-gyotoku-close-2026/,マルエツ 行徳店 跡地 何ができる,0,4,0.0%,11.0
https://urayasu-portal.com/posts/mitsui-garden-prana-tokyo-bay-renewal-closure/,三井ガーデンホテルプラナ東京ベイ 改修工事,0,4,0.0%,9.0
https://urayasu-portal.com/posts/newcoast-kiyoken-202607/,ニューコースト イベント,0,4,0.0%,7.3
https://urayasu-portal.com/posts/newcoast-kiyoken-202607/,ニューコースト新浦安 イベント,0,4,0.0%,7.3
https://urayasu-portal.com/posts/nishidaba-minami-gyotoku-open/,やきとりにしだ場 南行徳店,0,4,0.0%,9.8
https://urayasu-portal.com/posts/nisyakugosun-urayasuekimae/,浦安二尺五寸,0,4,0.0%,11.5
https://urayasu-portal.com/posts/nisyakugosun-urayasuekimae/,焼鳥 蕎麦（そば） 二尺五寸,0,4,0.0%,5.3
https://urayasu-portal.com/posts/nisyakugosun-urayasuekimae/,蕎麦前処 二尺五寸,0,4,0.0%,32.5
https://urayasu-portal.com/posts/revoist-urayasu-horie-open-202608/,西友 閉店,0,4,0.0%,25.3
https://urayasu-portal.com/posts/sakaigawa-amanogawa-2026/,境川で天の川,0,4,0.0%,1.0
https://urayasu-portal.com/posts/tadokoro-shoten-shinurayasu-planned/,田所商店,0,4,0.0%,9.3
https://urayasu-portal.com/posts/takasu-jhs-aoi-ichihara-canoe-champion-2026/,市原碧人,0,4,0.0%,6.8
https://urayasu-portal.com/posts/tokyo-bay-maihama-hotel-hokkaido-buffet-2026/,ホテルビュッフェ 北海道フェア 2026,0,4,0.0%,23.5
https://urayasu-portal.com/posts/urakko-handheld-fireworks-2026/,浦安 花火できる場所,0,4,0.0%,3.8
https://urayasu-portal.com/posts/urayasu-100en-shoten-gai-11/,浦安百縁商店街 2026,0,4,0.0%,9.0
https://urayasu-portal.com/posts/urayasu-bonodori-fireworks-2026/,夏祭り 浦安,0,4,0.0%,2.8
https://urayasu-portal.com/posts/urayasu-bonodori-fireworks-2026/,新浦安花火大会,0,4,0.0%,10.5
https://urayasu-portal.com/posts/urayasu-bonodori-fireworks-2026/,浦安 手持ち花火,0,4,0.0%,11.8
https://urayasu-portal.com/posts/urayasu-bonodori-fireworks-2026/,浦安 祭り 2026 7 月,0,4,0.0%,6.8
https://urayasu-portal.com/posts/urayasu-bonodori-fireworks-2026/,浦安市 盆踊り大会,0,4,0.0%,8.8
https://urayasu-portal.com/posts/urayasu-bonodori-fireworks-2026/,浦安市花火大会 2026 申し込み,0,4,0.0%,10.3
https://urayasu-portal.com/posts/urayasu-bonodori-fireworks-2026/#sec-1,浦安 祭り 2026 7 月,0,4,0.0%,6.8
https://urayasu-portal.com/posts/urayasu-bonodori-fireworks-2026/#sec-1,浦安市花火大会 2026 申し込み,0,4,0.0%,10.3
https://urayasu-portal.com/posts/urayasu-bonodori-fireworks-2026/#sec-1,浦安盆踊り大会,0,4,0.0%,10.3
https://urayasu-portal.com/posts/urayasu-bonodori-fireworks-2026/#sec-1,浦安花火 2026,0,4,0.0%,10.3
https://urayasu-portal.com/posts/urayasu-bonodori-fireworks-2026/#sec-1,盆踊り 浦安,0,4,0.0%,10.0
https://urayasu-portal.com/posts/urayasu-bonodori-fireworks-2026/#sec-2,浦安 祭り 2026 7 月,0,4,0.0%,6.8
https://urayasu-portal.com/posts/urayasu-bonodori-fireworks-2026/#sec-2,浦安市花火大会 2026 申し込み,0,4,0.0%,10.3
https://urayasu-portal.com/posts/urayasu-bonodori-fireworks-2026/#sec-2,浦安盆踊り大会,0,4,0.0%,10.3
https://urayasu-portal.com/posts/urayasu-bonodori-fireworks-2026/#sec-2,浦安花火 2026,0,4,0.0%,10.3
https://urayasu-portal.com/posts/urayasu-bonodori-fireworks-2026/#sec-2,盆踊り 浦安,0,4,0.0%,10.0
https://urayasu-portal.com/posts/urayasu-bonodori-fireworks-2026/#sec-3,浦安 祭り 2026 7 月,0,4,0.0%,6.8
https://urayasu-portal.com/posts/urayasu-bonodori-fireworks-2026/#sec-3,浦安市花火大会 2026 申し込み,0,4,0.0%,10.3
https://urayasu-portal.com/posts/urayasu-bonodori-fireworks-2026/#sec-3,浦安盆踊り大会,0,4,0.0%,10.3
https://urayasu-portal.com/posts/urayasu-bonodori-fireworks-2026/#sec-3,浦安花火 2026,0,4,0.0%,10.3
https://urayasu-portal.com/posts/urayasu-bonodori-fireworks-2026/#sec-3,盆踊り 浦安,0,4,0.0%,10.0
https://urayasu-portal.com/posts/urayasu-bonodori-fireworks-2026/#sec-4,浦安 祭り 2026 7 月,0,4,0.0%,6.8
https://urayasu-portal.com/posts/urayasu-bonodori-fireworks-2026/#sec-4,浦安市花火大会 2026 申し込み,0,4,0.0%,10.3
https://urayasu-portal.com/posts/urayasu-bonodori-fireworks-2026/#sec-4,浦安盆踊り大会,0,4,0.0%,10.3
https://urayasu-portal.com/posts/urayasu-bonodori-fireworks-2026/#sec-4,浦安花火 2026,0,4,0.0%,10.3
https://urayasu-portal.com/posts/urayasu-bonodori-report-20260815/,浦安 盆踊り 2026,0,4,0.0%,8.8
https://urayasu-portal.com/posts/urayasu-bonodori-report-20260815/,浦安小学校 盆踊り 2026,0,4,0.0%,6.0
https://urayasu-portal.com/posts/urayasu-bonodori-report-20260815/,浦安小学校盆踊り 2026,0,4,0.0%,6.0
https://urayasu-portal.com/posts/urayasu-dog-run-temporary-closure-20260901/,浦安 ドッグラン,0,4,0.0%,19.0
https://urayasu-portal.com/posts/urayasu-emergency-fair-2026/,救急フェア,0,4,0.0%,16.8
https://urayasu-portal.com/posts/urayasu-hanabi-taikai-2026/,浦安花火大会 2026 チケット,0,4,0.0%,3.8
https://urayasu-portal.com/posts/urayasu-heavy-rain-20260814/,新浦安 冠水,0,4,0.0%,9.3
https://urayasu-portal.com/posts/urayasu-inflation-voucher-deadline-2026/,浦安市 商品券 2026,0,4,0.0%,5.3
https://urayasu-portal.com/posts/urayasu-neighborhood-summer-festivals-2026/,堀江団地 お祭り,0,4,0.0%,7.8
https://urayasu-portal.com/posts/urayasu-neighborhood-summer-festivals-2026/,浦安 お祭り 今日,0,4,0.0%,1.0
https://urayasu-portal.com/posts/urayasu-neighborhood-summer-festivals-2026/,浦安小学校 夏祭り,0,4,0.0%,12.3
https://urayasu-portal.com/posts/urayasu-neighborhood-summer-festivals-2026/#sec-1,夏祭り 浦安,0,4,0.0%,2.3
https://urayasu-portal.com/posts/urayasu-neighborhood-summer-festivals-2026/#sec-1,新浦安祭り,0,4,0.0%,10.5
https://urayasu-portal.com/posts/urayasu-neighborhood-summer-festivals-2026/#sec-1,浦安 祭り 8月,0,4,0.0%,2.8
https://urayasu-portal.com/posts/urayasu-neighborhood-summer-festivals-2026/#sec-2,夏祭り 浦安,0,4,0.0%,2.3
https://urayasu-portal.com/posts/urayasu-neighborhood-summer-festivals-2026/#sec-2,新浦安祭り,0,4,0.0%,10.5
https://urayasu-portal.com/posts/urayasu-neighborhood-summer-festivals-2026/#sec-3,夏祭り 浦安,0,4,0.0%,2.3
https://urayasu-portal.com/posts/urayasu-neighborhood-summer-festivals-2026/#sec-3,新浦安祭り,0,4,0.0%,10.5
https://urayasu-portal.com/posts/urayasu-station-bus-stop-e-relocation-plan/,浦安駅 バス 乗り場 e,0,4,0.0%,8.0
https://urayasu-portal.com/posts/urayasu-summer-pool-guide-2026/,東野プール いつまで,0,4,0.0%,7.0
https://urayasu-portal.com/posts/urayasu-waste-oil-clothes-collection-20260809/,浦安市 衣類回収,0,4,0.0%,8.3
https://urayasu-portal.com/posts/wamen-zen-horie-open/,味和麺,0,4,0.0%,12.5
https://urayasu-portal.com/tags/%E3%82%AB%E3%83%95%E3%82%A7/,bambi drops 浦安,0,4,0.0%,11.8
https://urayasu-portal.com/tags/%E3%82%B9%E3%83%9D%E3%83%BC%E3%83%84%E6%96%BD%E8%A8%AD/,京葉ガス クラシモスタジアム浦安,0,4,0.0%,15.3
https://urayasu-portal.com/tags/%E5%A4%8F%E7%A5%AD%E3%82%8A/,猫実東自治会まつり,0,4,0.0%,8.0
https://urayasu-portal.com/tags/%E6%96%B0%E6%B5%A6%E5%AE%89/,新浦夜城,0,4,0.0%,13.0
https://urayasu-portal.com/tags/%E6%96%B0%E6%B5%A6%E5%AE%89/,新浦安,0,4,0.0%,70.8
https://urayasu-portal.com/tags/%E6%96%B0%E6%B5%A6%E5%AE%89/,新浦安 イベント,0,4,0.0%,37.8
https://urayasu-portal.com/tags/%E6%AD%BB%E4%BA%A1%E4%BA%8B%E6%95%85/,浦安 トラック 事故,0,4,0.0%,7.5
https://urayasu-portal.com/tags/%E7%8C%AB%E5%AE%9F/,サティシア 浦安市猫実,0,4,0.0%,21.0
https://urayasu-portal.com/tags/%E7%8C%AB%E5%AE%9F/,ヘア ポリッシュ 浦安店 浦安市猫実,0,4,0.0%,27.3
https://urayasu-portal.com/tags/%E7%8C%AB%E5%AE%9F/,ラナシア 浦安市猫実,0,4,0.0%,22.5
https://urayasu-portal.com/travel-guide/hotels/kids/,浦安 ホテル 子連れ,0,4,0.0%,43.0
https://urayasu-portal.com/travel-guide/hotels/luggage-howto/,舞浜駅からホテルに荷物を送る,0,4,0.0%,7.8
https://urayasu-portal.com/travel-guide/luggage/,グランドニッコー東京ベイ舞浜 荷物預かり,0,4,0.0%,13.0
https://urayasu-portal.com/travel-guide/luggage/,ディズニーホテル 舞浜駅 荷物,0,4,0.0%,9.3
https://urayasu-portal.com/travel-guide/luggage/,トイストーリーホテル 舞浜駅 荷物,0,4,0.0%,10.3
https://urayasu-portal.com/travel-guide/luggage/,ホテルエミオン東京ベイ 荷物預かり,0,4,0.0%,10.8
https://urayasu-portal.com/travel-guide/luggage/,東京ベイ舞浜ホテル ファーストリゾート 荷物 預かり,0,4,0.0%,16.3
https://urayasu-portal.com/travel-guide/luggage/,舞浜 ディズニーホテル 荷物預かり,0,4,0.0%,10.0
https://urayasu-portal.com/travel-guide/luggage/,舞浜駅 ディズニーホテル 荷物,0,4,0.0%,10.3
https://urayasu-portal.com/travel-guide/luggage/,舞浜駅 荷物預かり ホテル,0,4,0.0%,10.0
https://urayasu-portal.com/travel-guide/maihama-eurasia-spa/,ユーラシア舞浜 日帰り入浴,0,4,0.0%,10.5
https://urayasu-portal.com/zh-tw/,urayasu 中文,0,4,0.0%,9.0
https://urayasu-portal.com/zh-tw/travel-guide/disney-tickets/,东京迪士尼门票怎么买,0,4,0.0%,19.5
https://urayasu-portal.com/zh-tw/travel-guide/disney-tickets/,東京迪士尼門票,0,4,0.0%,52.5
https://urayasu-portal.com/zh-tw/travel-guide/hotels/brighton-tokyo-bay/,浦安住宿,0,4,0.0%,57.0
https://urayasu-portal.com/zh-tw/travel-guide/hotels/happy-entry/,tokyo disney happy entry,0,4,0.0%,9.3
https://urayasu-portal.com/zh-tw/travel-guide/hotels/shuttle/,東京灣喜來登接駁車,0,4,0.0%,18.5
https://urayasu-portal.com/zh-tw/travel-guide/hotels/shuttle/,東京灣喜來登接駁車時刻表,0,4,0.0%,13.0
https://urayasu-portal.com/zh-tw/travel-guide/urayasu-maihama-access-guide/,舞 濱 站,0,4,0.0%,43.5
https://urayasu-portal.com/zh/travel-guide/hotels/brighton-tokyo-bay/,浦安 飯店服務,0,4,0.0%,41.5
https://urayasu-portal.com/zh/travel-guide/hotels/cvs-bay-hotel/,cvs bay hotel,0,4,0.0%,43.3
https://urayasu-portal.com/zh/travel-guide/hotels/henna-hotel-maihama/,henn na hotel maihama tokyo bay,0,4,0.0%,54.0
https://urayasu-portal.com/zh/travel-guide/hotels/hilton-tokyo-bay/,东京 湾 希尔顿 酒店,0,4,0.0%,53.3
https://urayasu-portal.com/zh/travel-guide/hotels/mystays-maihama/,mystays 舞 濱 酒店,0,4,0.0%,39.0
https://urayasu-portal.com/zh/travel-guide/urayasu-traffic-park/,浦安市交通公園,0,4,0.0%,6.8
https://urayasu-portal.com/,6bancho_ ロクバンチョウ,0,3,0.0%,36.7
https://urayasu-portal.com/,foodies deli フーディーズデリ,0,3,0.0%,49.0
https://urayasu-portal.com/,どんどんまるや,0,3,0.0%,47.7
https://urayasu-portal.com/,のとじま食堂矢田新店,0,3,0.0%,46.7
https://urayasu-portal.com/,エビアン・グローイングアツプ,0,3,0.0%,33.0
https://urayasu-portal.com/,平城苑 garden 浦安店,0,3,0.0%,39.0
https://urayasu-portal.com/,昼からアルコイリス,0,3,0.0%,41.0
https://urayasu-portal.com/,松屋 浦安駅前店,0,3,0.0%,46.0
https://urayasu-portal.com/,浦安 たこ焼き,0,3,0.0%,47.0
https://urayasu-portal.com/,浦安 イベント,0,3,0.0%,34.7
https://urayasu-portal.com/,浦安 サンドイッチ,0,3,0.0%,49.0
https://urayasu-portal.com/,浦安 幸楽苑,0,3,0.0%,59.3
https://urayasu-portal.com/,砂っぱたき じろう 浦安店,0,3,0.0%,48.3
https://urayasu-portal.com/,韓流居酒屋食堂おんどる,0,3,0.0%,48.3
https://urayasu-portal.com/categories/%E3%82%A4%E3%83%99%E3%83%B3%E3%83%88/,アロハ浦安 2026,0,3,0.0%,11.3
https://urayasu-portal.com/categories/%E3%82%B9%E3%83%9D%E3%83%BC%E3%83%84/,バルドラール浦安,0,3,0.0%,30.7
https://urayasu-portal.com/categories/%E9%96%8B%E5%BA%97%E9%96%89%E5%BA%97/,浦安駅 リニューアル,0,3,0.0%,3.7
https://urayasu-portal.com/en/,how far is urayasu from tokyo,0,3,0.0%,53.7
https://urayasu-portal.com/en/,tokyo disneysea urayasu,0,3,0.0%,27.7
https://urayasu-portal.com/en/tags/hotel/,urayasu hotels,0,3,0.0%,54.0
https://urayasu-portal.com/en/tags/shin-urayasu/,shin urayasu,0,3,0.0%,72.0
https://urayasu-portal.com/en/tags/shin-urayasu/,shin-urayasu station,0,3,0.0%,54.7
https://urayasu-portal.com/en/tags/shin-urayasu/,urayasu station,0,3,0.0%,43.3
https://urayasu-portal.com/en/travel-guide/disney-tickets/,can you buy tokyo disneyland tickets at the gate,0,3,0.0%,31.3
https://urayasu-portal.com/en/travel-guide/disney-tickets/,disney japan tickets,0,3,0.0%,49.0
https://urayasu-portal.com/en/travel-guide/disney-tickets/,disney tokyo tickets,0,3,0.0%,58.3
https://urayasu-portal.com/en/travel-guide/disney-tickets/,how to buy disneyland tokyo tickets,0,3,0.0%,45.0
https://urayasu-portal.com/en/travel-guide/disney-tickets/,how to buy tokyo disney tickets,0,3,0.0%,49.7
https://urayasu-portal.com/en/travel-guide/disney-tickets/,tokyo disneyland buy tickets,0,3,0.0%,48.0
https://urayasu-portal.com/en/travel-guide/disney-tickets/,where can i buy tokyo disneyland tickets,0,3,0.0%,51.3
https://urayasu-portal.com/en/travel-guide/disney-tickets/,where to buy tokyo disney sea tickets,0,3,0.0%,50.0
https://urayasu-portal.com/en/travel-guide/hotels/,hotel di urayasu,0,3,0.0%,38.7
https://urayasu-portal.com/en/travel-guide/hotels/,mystay maihama,0,3,0.0%,24.7
https://urayasu-portal.com/en/travel-guide/hotels/,"what hotels are available near tokyo disneyland® in urayasu, chiba prefecture, japan?",0,3,0.0%,11.0
https://urayasu-portal.com/en/travel-guide/hotels/brighton-tokyo-bay/,urayasu brighton hotel luggage storage before check in free,0,3,0.0%,10.0
https://urayasu-portal.com/en/travel-guide/hotels/brighton-tokyo-bay/,urayasu brighton hotel luggage storage before check-in,0,3,0.0%,5.7
https://urayasu-portal.com/en/travel-guide/hotels/brighton-tokyo-bay/,urayasu brighton hotel tokyo bay directly connected to shin-urayasu station,0,3,0.0%,11.3
https://urayasu-portal.com/en/travel-guide/hotels/brighton-tokyo-bay/,urayasu brighton hotel tokyo bay location connected to shin-urayasu station,0,3,0.0%,9.7
https://urayasu-portal.com/en/travel-guide/hotels/brighton-tokyo-bay/,urayasu brighton hotel tokyo bay location shin-urayasu station directly connected,0,3,0.0%,10.7
https://urayasu-portal.com/en/travel-guide/hotels/brighton-tokyo-bay/,urayasu brighton hotel tokyo bay shin-urayasu station connected,0,3,0.0%,9.0
https://urayasu-portal.com/en/travel-guide/hotels/budget/,cheap hotel near tokyo disneyland,0,3,0.0%,45.3
https://urayasu-portal.com/en/travel-guide/hotels/budget/,cheap hotels near disneyland tokyo,0,3,0.0%,43.0
https://urayasu-portal.com/en/travel-guide/hotels/compare/,maihama view hotel by hulic,0,3,0.0%,28.7
https://urayasu-portal.com/en/travel-guide/hotels/compare/,mie mihama hotels with views,0,3,0.0%,80.0
https://urayasu-portal.com/en/travel-guide/hotels/compare/,tokyo disneyland hotels map,0,3,0.0%,28.0
https://urayasu-portal.com/en/travel-guide/hotels/emion-tokyo-bay/,hotel emion tokyo bay japan,0,3,0.0%,31.3
https://urayasu-portal.com/en/travel-guide/hotels/fantasy-springs-hotel/,fantasy springs hotel phone number,0,3,0.0%,24.3
https://urayasu-portal.com/en/travel-guide/hotels/happy-entry/,happy entry tokyo disneyland,0,3,0.0%,10.0
https://urayasu-portal.com/en/travel-guide/hotels/hilton-tokyo-bay/,convenience store near me,0,3,0.0%,1.0
https://urayasu-portal.com/en/travel-guide/hotels/hilton-tokyo-bay/,does hilton tokyo bay have laundry,0,3,0.0%,12.7
https://urayasu-portal.com/en/travel-guide/hotels/kids/,can i find family-friendly hotel packages with proximity to tokyo disneyland?,0,3,0.0%,11.0
https://urayasu-portal.com/en/travel-guide/hotels/large-public-bath/,tokyo hotels with public bath,0,3,0.0%,32.0
https://urayasu-portal.com/en/travel-guide/hotels/luggage/,urayasu brighton hotel tokyo bay luggage storage before check in,0,3,0.0%,7.7
https://urayasu-portal.com/en/travel-guide/hotels/oriental-tokyo-bay/,urayasu brighton hotel tokyo bay,0,3,0.0%,40.0
https://urayasu-portal.com/en/travel-guide/hotels/sheraton-grande-tokyo-bay/,sheraton grande tokyo bay hotel urayasu,0,3,0.0%,42.3
https://urayasu-portal.com/en/travel-guide/hotels/sheraton-grande-tokyo-bay/,sheraton grande tokyo bay indoor pool,0,3,0.0%,23.0
https://urayasu-portal.com/en/travel-guide/maihama-eurasia-spa/,maihama eurasia onsen,0,3,0.0%,7.7
https://urayasu-portal.com/en/travel-guide/urayasu-maihama-access-guide/,maihama station to disneyland,0,3,0.0%,40.0
https://urayasu-portal.com/en/travel-guide/urayasu-maihama-access-guide/,maihama station to tokyo disneyland,0,3,0.0%,29.7
https://urayasu-portal.com/en/travel-guide/urayasu-maihama-access-guide/,tokyo disney resort access route map maihama rose town urayasu exit kasai exit official,0,3,0.0%,7.7
https://urayasu-portal.com/en/travel-guide/urayasu-maihama-access-guide/,urayasu city access tokyo official,0,3,0.0%,7.3
https://urayasu-portal.com/en/travel-guide/urayasu-maihama-access-guide/,urayasu tokyo access jr keiyo line tokyo metro tozai official,0,3,0.0%,9.0
https://urayasu-portal.com/en/travel-guide/urayasu-maihama-shinurayasu-tourism/,maihama area,0,3,0.0%,10.7
https://urayasu-portal.com/en/travel-guide/urayasu-maihama-shinurayasu-tourism/,maihama to shin-urayasu travel time jr keiyo line 3 minutes,0,3,0.0%,8.3
https://urayasu-portal.com/en/travel-guide/urayasu-maihama-shinurayasu-tourism/,shin-urayasu to maihama travel time 3 minutes jr keiyo line,0,3,0.0%,8.3
https://urayasu-portal.com/events/,浦安イベント,0,3,0.0%,26.7
https://urayasu-portal.com/ko/travel-guide/hotels/brighton-tokyo-bay/,우라야스 브라이튼 호텔 도쿄베이,0,3,0.0%,28.7
https://urayasu-portal.com/ko/travel-guide/hotels/emion-tokyo-bay/,호텔 에미온 도쿄 베이,0,3,0.0%,28.7
https://urayasu-portal.com/ko/travel-guide/hotels/hilton-tokyo-bay/,"저는 한국에 있습니다. 출장객인 저에게는 편리함, 신뢰성, 업무 편의 시설, 그리고 신속한 서비스가 무엇보다 중요합니다. 힐튼은 아이 동반 가족을 위한 특별 혜택이 있나요?",0,3,0.0%,78.7
https://urayasu-portal.com/ko/travel-guide/hotels/hilton-tokyo-bay/,힐튼 도쿄 베이,0,3,0.0%,45.0
https://urayasu-portal.com/ko/travel-guide/hotels/maihama-hotel-first-resort/,도쿄 베이 마이 하마 호텔,0,3,0.0%,36.7
https://urayasu-portal.com/ko/travel-guide/hotels/maihama-hotel-first-resort/,마이하마역 호텔,0,3,0.0%,47.3
https://urayasu-portal.com/ko/travel-guide/hotels/mitsui-garden-prana/,미츠이 가든 호텔 프라나 도쿄 베이,0,3,0.0%,33.3
https://urayasu-portal.com/ko/travel-guide/hotels/mystays-maihama/,마이하마 취사 가능한 호텔,0,3,0.0%,11.0
https://urayasu-portal.com/ko/travel-guide/hotels/mystays-maihama/,마이하마 흡연 호텔,0,3,0.0%,12.7
https://urayasu-portal.com/ko/travel-guide/hotels/mystays-shin-urayasu/,신우라야스 데리헤루,0,3,0.0%,41.3
https://urayasu-portal.com/life-guide/,浦安市ホームページ,0,3,0.0%,27.0
https://urayasu-portal.com/life-guide/urayasu-bus-kotsu/,おさんぽバス 料金,0,3,0.0%,5.7
https://urayasu-portal.com/life-guide/urayasu-hoken-nenkin-zei/,国民健康保険 浦安,0,3,0.0%,10.0
https://urayasu-portal.com/life-guide/urayasu-hoken-nenkin-zei/,浦安市 保険 相談,0,3,0.0%,40.3
https://urayasu-portal.com/life-guide/urayasu-sumai-hikkoshi/,引っ越し 浦安市 11月,0,3,0.0%,48.3
https://urayasu-portal.com/life-guide/urayasu-sumai-hikkoshi/,引越し 浦安市,0,3,0.0%,39.7
https://urayasu-portal.com/open-close/,"""きんとうん"" 事業終了 or 閉鎖 or 閉店 or 撤退",0,3,0.0%,27.0
https://urayasu-portal.com/posts/%E3%81%84%E3%81%A1%E3%81%94%E9%A3%B4%E5%B0%82%E9%96%80%E5%BA%97strawberry-fetish%E3%81%8C%E3%82%A4%E3%82%AF%E3%82%B9%E3%83%94%E3%82%A2%E3%83%AA%E3%81%AB8%E6%9C%88%E3%82%AA%E3%83%BC/,イクスピアリ いちご飴,0,3,0.0%,12.7
https://urayasu-portal.com/posts/%E3%82%A4%E3%82%AF%E3%82%B9%E3%83%94%E3%82%A2%E3%83%AA%E3%81%AB%E9%9F%93%E5%9B%BD%E6%96%99%E7%90%86%E3%83%99%E3%82%B8%E3%82%B4%E3%83%BC%E3%81%8C%E7%99%BB%E5%A0%B4108/,vegego 予約 イクスピアリ,0,3,0.0%,9.3
https://urayasu-portal.com/posts/%E3%82%A4%E3%82%AF%E3%82%B9%E3%83%94%E3%82%A2%E3%83%AA%E3%81%AB%E9%9F%93%E5%9B%BD%E6%96%99%E7%90%86%E3%83%99%E3%82%B8%E3%82%B4%E3%83%BC%E3%81%8C%E7%99%BB%E5%A0%B4108/,ベジゴー メニュー イクスピアリ,0,3,0.0%,8.3
https://urayasu-portal.com/posts/%E3%82%B5%E3%82%A4%E3%82%BC%E3%83%AA%E3%83%A4-%E3%82%A2%E3%83%88%E3%83%AC%E6%96%B0%E6%B5%A6%E5%AE%89%E5%BA%97%E3%81%8C%E5%96%B6%E6%A5%AD%E6%99%82%E9%96%93%E5%BB%B6%E9%95%B7-%E6%9C%9D10/,新浦安 アトレ レストラン 営業 時間,0,3,0.0%,9.0
https://urayasu-portal.com/posts/%E4%B8%AD%E8%8F%AF%E6%96%99%E7%90%86-%E6%B3%B0%E8%88%88%E6%B5%A6%E5%AE%89%E9%A7%85%E9%AB%98%E6%9E%B6%E4%B8%8B%E5%86%8D%E9%96%8B%E7%99%BA%E3%81%A73%E6%9C%88%E4%B8%8A%E6%97%AC%E3%81%AB/,浦安 泰興 閉店,0,3,0.0%,9.7
https://urayasu-portal.com/posts/%E6%96%B0%E6%B5%A6%E5%AE%89%E9%AB%98%E6%B4%B2%E7%8C%AB%E5%AE%9F%E5%9C%B0%E5%9F%9F%E5%8C%85%E6%8B%AC%E6%94%AF%E6%8F%B4%E3%82%BB%E3%83%B3%E3%82%BF%E3%83%BC%E9%81%8B%E5%96%B6%E6%A5%AD/,浦安市 プロポーザル,0,3,0.0%,18.0
https://urayasu-portal.com/posts/%E6%B5%A6%E5%AE%89%E3%82%AA%E3%83%A0%E3%83%A9%E3%82%A4%E3%82%B9%E5%B0%82%E9%96%80%E5%BA%97yellow-%E6%B5%A6%E5%AE%89%E3%81%8C2026%E5%B9%B46%E6%9C%887/,浦安 オムライス,0,3,0.0%,47.0
https://urayasu-portal.com/posts/%E6%B5%A6%E5%AE%89%E3%83%AD%E3%83%BC%E3%82%BD%E3%83%B3%E3%82%B9%E3%83%88%E3%82%A2100%E6%B5%A6%E5%AE%89%E5%BD%93%E4%BB%A3%E5%B3%B6%E5%BA%97%E3%81%8C%E6%9C%AC%E6%97%A54-30/,ローソン 閉店予定 店舗,0,3,0.0%,10.7
https://urayasu-portal.com/posts/%E6%B5%A6%E5%AE%89%E3%83%AD%E3%83%BC%E3%82%BD%E3%83%B3%E3%82%B9%E3%83%88%E3%82%A2100%E6%B5%A6%E5%AE%89%E5%BD%93%E4%BB%A3%E5%B3%B6%E5%BA%97%E3%81%8C%E6%9C%AC%E6%97%A54-30/,ローソンストア100 閉店 予定,0,3,0.0%,18.7
https://urayasu-portal.com/posts/%E6%B5%A6%E5%AE%89%E4%B8%87%E8%8F%AF%E9%83%B7%E8%B7%A1%E5%9C%B0%E6%B4%BB%E7%94%A8%E6%96%B9%E9%87%9D%E3%81%8C%E6%B1%BA%E5%AE%9A/,浦安万華鏡 跡地,0,3,0.0%,21.0
https://urayasu-portal.com/posts/%E6%B5%A6%E5%AE%89%E5%B8%82%E5%8C%97%E6%A0%84%E3%81%AB%E3%83%8F%E3%83%B3%E3%83%90%E3%83%BC%E3%82%AC%E3%83%BC%E5%BA%97perch-diner%E3%81%8C4%E6%9C%8821%E6%97%A5/,perch diner,0,3,0.0%,12.7
https://urayasu-portal.com/posts/%E6%B5%A6%E5%AE%89%E8%A5%BF%E5%8F%8B%E6%B5%A6%E5%AE%89%E5%BA%97%E3%81%8C5%E6%9C%8831%E6%97%A5%E3%81%AB%E4%B8%80%E6%99%82%E9%96%89%E5%BA%97%E5%A4%8F%E3%81%AB/,西友 浦安,0,3,0.0%,50.3
https://urayasu-portal.com/posts/826aska-urayasu-concert-20260808/,826aska 浦安,0,3,0.0%,6.3
https://urayasu-portal.com/posts/artgrace-alice-gothic-afternoon-tea-2026/,アリスのゴシックファンタジーアフタヌーンティー,0,3,0.0%,8.3
https://urayasu-portal.com/posts/bardral-las-bonitas-sumida-20260801/,ラスボニータス 大阪市住吉区苅田,0,3,0.0%,27.0
https://urayasu-portal.com/posts/briobecca-tochigi-emperors-cup-result-2026/,観戦 場所 栃木sc 対 ブリオベッカ浦安・市川,0,3,0.0%,10.3
https://urayasu-portal.com/posts/cinema-ikspiari-disney-revival-2026/,イクスピアリ リメンバーミー 上映時間,0,3,0.0%,11.3
https://urayasu-portal.com/posts/d-nest-shin-urayasu-open/,d nest,0,3,0.0%,6.0
https://urayasu-portal.com/posts/daiso-maruesu-gyotoku-close/,マルエツ行徳閉店,0,3,0.0%,8.3
https://urayasu-portal.com/posts/disney-premier-access-price-change-202609/,ディズニー dpa値上げ,0,3,0.0%,9.0
https://urayasu-portal.com/posts/duoscene-shin-urayasu-higashino/,デュオセーヌ浦安,0,3,0.0%,13.7
https://urayasu-portal.com/posts/familymart-shinurayasu-mare-open/,ファミマ,0,3,0.0%,8.7
https://urayasu-portal.com/posts/gongcha-ikspiari-renewal/,ゴンチャ ピアリ,0,3,0.0%,7.3
https://urayasu-portal.com/posts/gongcha-ikspiari-renewal/,ゴンチャ 舞浜駅,0,3,0.0%,10.0
https://urayasu-portal.com/posts/gyotoku-turkish-restaurant-saray-open/,saray サライ 行徳店,0,3,0.0%,22.7
https://urayasu-portal.com/posts/hyatt-tokyo-bay-moomin-collaboration-2026/,ムーミン ハイアットリージェンシー,0,3,0.0%,9.0
https://urayasu-portal.com/posts/ichikawa-myoden-ogawa-clinic-open/,小川泌尿器科,0,3,0.0%,9.7
https://urayasu-portal.com/posts/ichikawa-road-flooding-20260814/,千葉 浦安 冠水,0,3,0.0%,15.0
https://urayasu-portal.com/posts/ikspiari-club-cpla-open-20260717/,イクスピアリ ガチャガチャ 営業時間,0,3,0.0%,10.7
https://urayasu-portal.com/posts/ikspiari-club-cpla-open-20260717/,イクスピアリガチャガチャオープン,0,3,0.0%,6.3
https://urayasu-portal.com/posts/ikspiari-club-cpla-open-20260717/,ピアリ ガチャガチャ,0,3,0.0%,11.0
https://urayasu-portal.com/posts/ikspiari-club-cpla-open-20260717/,ピアリ シープラ,0,3,0.0%,11.7
https://urayasu-portal.com/posts/ikspiari-club-cpla-open-20260717/,舞浜 イクスピアリ ガチャガチャ,0,3,0.0%,12.0
https://urayasu-portal.com/posts/ikspiari-limited-shops-202608/,イクスピアリ 催事出店,0,3,0.0%,8.7
https://urayasu-portal.com/posts/ikspiari-limited-shops-202608/,イクスピアリ期間限定ショップ,0,3,0.0%,8.0
https://urayasu-portal.com/posts/ikspiari-limited-shops-202608/,イクスピアリ限定,0,3,0.0%,10.0
https://urayasu-portal.com/posts/ikspiari-limited-shops-september-2026/,イクスピアリ 靴下 屋 閉店,0,3,0.0%,6.3
https://urayasu-portal.com/posts/ikspiari-splash-challenge-2026/,イクスピアリ スプラッシュ,0,3,0.0%,6.0
https://urayasu-portal.com/posts/ikspiari-sugary-open-2026/,イクスピアリ アサイー,0,3,0.0%,12.0
https://urayasu-portal.com/posts/ikspiari-sugary-open-2026/,舞浜 アサイー,0,3,0.0%,10.3
https://urayasu-portal.com/posts/ikspiari-sugary-open-date-20260728/,イクスピアリ sugary,0,3,0.0%,9.7
https://urayasu-portal.com/posts/kagurazaka-gojuban-newcoast-shinurayasu/,新浦安駅 期間限定ショップ スイーツ,0,3,0.0%,10.0
https://urayasu-portal.com/posts/keiyo-line-heavy-rain-20260814/,京葉線 運行情報 2026年8月23日,0,3,0.0%,7.3
https://urayasu-portal.com/posts/maihama-view-hotel-halloween-afternoon-tea-2026/,舞浜ビューホテル ハロウィン,0,3,0.0%,12.7
https://urayasu-portal.com/posts/malatang-tenpo-newcoast-shinurayasu-open/,マーラータン 新浦安,0,3,0.0%,11.0
https://urayasu-portal.com/posts/malatang-tenpo-newcoast-shinurayasu-open/,浦安駅 麻辣湯,0,3,0.0%,13.3
https://urayasu-portal.com/posts/myoden-3chome-bonodori-ennichi-2026/,春日神社 盆踊り 2026,0,3,0.0%,4.3
https://urayasu-portal.com/posts/osouzai-bovi-horie-open/,西友 閉店,0,3,0.0%,17.3
https://urayasu-portal.com/posts/prague-cello-republic-urayasu-2026/,プラハチェロカルテット 2026,0,3,0.0%,5.7
https://urayasu-portal.com/posts/sanbanze-crab-fishing-2026/,三番瀬 カニ釣り,0,3,0.0%,5.0
https://urayasu-portal.com/posts/seria-sundrug-gyotoku-open/,西友 閉店,0,3,0.0%,21.3
https://urayasu-portal.com/posts/taimu-urayasu-closed/,西友 浦安店 フロア マップ,0,3,0.0%,9.7
https://urayasu-portal.com/posts/urayasu-bar-gai-2026/,浦安バル街,0,3,0.0%,7.7
https://urayasu-portal.com/posts/urayasu-bonodori-fireworks-2026/,お祭り,0,3,0.0%,1.0
https://urayasu-portal.com/posts/urayasu-bonodori-fireworks-2026/,新浦安 祭り,0,3,0.0%,19.3
https://urayasu-portal.com/posts/urayasu-bonodori-fireworks-2026/,新浦安 花火,0,3,0.0%,17.3
https://urayasu-portal.com/posts/urayasu-bonodori-fireworks-2026/,浦安,0,3,0.0%,5.0
https://urayasu-portal.com/posts/urayasu-bonodori-fireworks-2026/,浦安 イベント,0,3,0.0%,5.3
https://urayasu-portal.com/posts/urayasu-bonodori-fireworks-2026/,浦安 三社祭,0,3,0.0%,3.0
https://urayasu-portal.com/posts/urayasu-bonodori-fireworks-2026/,浦安 花火 大会 2026 抽選,0,3,0.0%,12.7
https://urayasu-portal.com/posts/urayasu-bonodori-fireworks-2026/,浦安市 祭り,0,3,0.0%,3.0
https://urayasu-portal.com/posts/urayasu-bonodori-fireworks-2026/,浦安市 花火大会,0,3,0.0%,8.3
https://urayasu-portal.com/posts/urayasu-bonodori-fireworks-2026/,浦安市お祭り,0,3,0.0%,10.7
https://urayasu-portal.com/posts/urayasu-bonodori-fireworks-2026/,浦安市祭り,0,3,0.0%,4.0
https://urayasu-portal.com/posts/urayasu-bonodori-fireworks-2026/,浦安納涼盆踊り大会,0,3,0.0%,6.3
https://urayasu-portal.com/posts/urayasu-bonodori-fireworks-2026/,近くのお祭り,0,3,0.0%,1.0
https://urayasu-portal.com/posts/urayasu-bonodori-fireworks-2026/#sec-1,浦安 花火 大会 2026,0,3,0.0%,8.7
https://urayasu-portal.com/posts/urayasu-bonodori-fireworks-2026/#sec-1,浦安市 お祭り,0,3,0.0%,9.3
https://urayasu-portal.com/posts/urayasu-bonodori-fireworks-2026/#sec-1,浦安市 花火 2026,0,3,0.0%,10.0
https://urayasu-portal.com/posts/urayasu-bonodori-fireworks-2026/#sec-1,浦安市お祭り,0,3,0.0%,10.7
https://urayasu-portal.com/posts/urayasu-bonodori-fireworks-2026/#sec-1,浦安祭り 2026,0,3,0.0%,10.7
https://urayasu-portal.com/posts/urayasu-bonodori-fireworks-2026/#sec-2,浦安 花火 大会 2026,0,3,0.0%,8.7
https://urayasu-portal.com/posts/urayasu-bonodori-fireworks-2026/#sec-2,浦安市 お祭り,0,3,0.0%,9.3
https://urayasu-portal.com/posts/urayasu-bonodori-fireworks-2026/#sec-2,浦安市 花火 2026,0,3,0.0%,10.0
https://urayasu-portal.com/posts/urayasu-bonodori-fireworks-2026/#sec-2,浦安市お祭り,0,3,0.0%,10.7
https://urayasu-portal.com/posts/urayasu-bonodori-fireworks-2026/#sec-2,浦安祭り 2026,0,3,0.0%,10.7
https://urayasu-portal.com/posts/urayasu-bonodori-fireworks-2026/#sec-3,浦安市 お祭り,0,3,0.0%,9.3
https://urayasu-portal.com/posts/urayasu-bonodori-fireworks-2026/#sec-3,浦安祭り 2026,0,3,0.0%,10.7
https://urayasu-portal.com/posts/urayasu-bonodori-fireworks-2026/#sec-4,浦安 花火 大会 2026,0,3,0.0%,8.7
https://urayasu-portal.com/posts/urayasu-bonodori-fireworks-2026/#sec-4,浦安市 お祭り,0,3,0.0%,9.3
https://urayasu-portal.com/posts/urayasu-bonodori-fireworks-2026/#sec-4,浦安市 花火 2026,0,3,0.0%,10.0
https://urayasu-portal.com/posts/urayasu-bonodori-fireworks-2026/#sec-4,浦安市お祭り,0,3,0.0%,10.7
https://urayasu-portal.com/posts/urayasu-bonodori-fireworks-2026/#sec-4,浦安祭り 2026,0,3,0.0%,10.7
https://urayasu-portal.com/posts/urayasu-bonodori-fireworks-2026/#sec-4,盆踊り 浦安,0,3,0.0%,10.0
https://urayasu-portal.com/posts/urayasu-brighton-autumn-sweets-2026/,浦安ブライトンホテル東京ベイ ケーキ,0,3,0.0%,39.0
https://urayasu-portal.com/posts/urayasu-hanabi-taikai-2026/,浦安 花火 2026,0,3,0.0%,9.0
https://urayasu-portal.com/posts/urayasu-hanabi-taikai-2026/,浦安 花火大会,0,3,0.0%,3.0
https://urayasu-portal.com/posts/urayasu-hanabi-taikai-2026/,浦安花火大会,0,3,0.0%,3.0
https://urayasu-portal.com/posts/urayasu-hanabi-taikai-2026/,浦安花火大会 抽選,0,3,0.0%,7.0
https://urayasu-portal.com/posts/urayasu-heavy-rain-20260814/,新浦安 浸水,0,3,0.0%,10.3
https://urayasu-portal.com/posts/urayasu-heavy-rain-20260814/,浦安 冠水,0,3,0.0%,14.3
https://urayasu-portal.com/posts/urayasu-heavy-rain-20260814/,浦安 雨 被害,0,3,0.0%,18.7
https://urayasu-portal.com/posts/urayasu-heavy-rain-20260814/,浦安市 大雨,0,3,0.0%,18.3
https://urayasu-portal.com/posts/urayasu-inflation-voucher-deadline-2026/,浦安 5000 円 券,0,3,0.0%,5.0
https://urayasu-portal.com/posts/urayasu-junior-fire-club-national-2026/,全国少年消防クラブ交流大会 2026,0,3,0.0%,6.7
https://urayasu-portal.com/posts/urayasu-neighborhood-summer-festivals-2026/,2026,0,3,0.0%,2.7
https://urayasu-portal.com/posts/urayasu-neighborhood-summer-festivals-2026/,サンコーポ 浦安 祭り 2026,0,3,0.0%,4.3
https://urayasu-portal.com/posts/urayasu-neighborhood-summer-festivals-2026/,猫実東自治会まつり,0,3,0.0%,3.7
https://urayasu-portal.com/posts/urayasu-neighborhood-summer-festivals-2026/#sec-1,新浦安 お祭り 2026,0,3,0.0%,10.3
https://urayasu-portal.com/posts/urayasu-neighborhood-summer-festivals-2026/#sec-1,浦安市 夏祭り 2026,0,3,0.0%,3.3
https://urayasu-portal.com/posts/urayasu-neighborhood-summer-festivals-2026/#sec-2,新浦安 お祭り 2026,0,3,0.0%,10.3
https://urayasu-portal.com/posts/urayasu-neighborhood-summer-festivals-2026/#sec-2,浦安市 夏祭り 2026,0,3,0.0%,3.3
https://urayasu-portal.com/posts/urayasu-neighborhood-summer-festivals-2026/#sec-3,新浦安 お祭り 2026,0,3,0.0%,10.3
https://urayasu-portal.com/posts/urayasu-neighborhood-summer-festivals-2026/#sec-3,浦安市 夏祭り 2026,0,3,0.0%,3.3
https://urayasu-portal.com/posts/urayasu-waste-oil-clothes-collection-20260809/,浦安市 古着 回収 公民館,0,3,0.0%,6.0
https://urayasu-portal.com/tags/,シェラトン グランカフェ,0,3,0.0%,45.0
https://urayasu-portal.com/tags/%E3%83%8F%E3%82%B6%E3%83%BC%E3%83%89%E3%83%9E%E3%83%83%E3%83%97/,新浦安 ハザードマップ,0,3,0.0%,9.7
https://urayasu-portal.com/tags/%E4%BA%AC%E8%91%89%E3%82%AC%E3%82%B9/,京 葉 ガ ス ク ラ シ モ ス タ ジ ア ム 浦 安,0,3,0.0%,10.3
https://urayasu-portal.com/tags/%E4%BA%AC%E8%91%89%E3%82%AC%E3%82%B9/,京葉ガスクラシモスタジアム,0,3,0.0%,13.3
https://urayasu-portal.com/tags/%E5%BC%95%E3%81%A3%E8%B6%8A%E3%81%97/,引っ越し 浦安市 1月,0,3,0.0%,41.3
https://urayasu-portal.com/tags/%E6%AD%BB%E4%BA%A1%E4%BA%8B%E6%95%85/,浦安死亡事故,0,3,0.0%,8.3
https://urayasu-portal.com/tags/%E6%B6%B2%E7%8A%B6%E5%8C%96/,新浦安 液状化 マップ,0,3,0.0%,15.0
https://urayasu-portal.com/tags/%E6%B6%B2%E7%8A%B6%E5%8C%96/,浦安市 ハザードマップ 液状化,0,3,0.0%,11.7
https://urayasu-portal.com/tags/%E7%8C%AB%E5%AE%9F/,みんくる 浦安駅前店 浦安市猫実,0,3,0.0%,11.0
https://urayasu-portal.com/tags/%E9%96%8B%E5%BA%97/,浦安 新店,0,3,0.0%,13.0
https://urayasu-portal.com/travel-guide/disney-tickets/,ディズニー シー チケット,0,3,0.0%,52.0
https://urayasu-portal.com/travel-guide/disney-tickets/,ディズニーシー チケット,0,3,0.0%,60.3
https://urayasu-portal.com/travel-guide/hotels/budget/,浦安 ホテル 安い,0,3,0.0%,35.7
https://urayasu-portal.com/travel-guide/hotels/four-stories-hotel/,フォーストーリーズホテル舞浜東京ベイ 朝食,0,3,0.0%,2.0
https://urayasu-portal.com/travel-guide/hotels/happy-entry/,ヒルトン東京ベイ ハッピーエントリー,0,3,0.0%,9.0
https://urayasu-portal.com/travel-guide/hotels/luggage/,マイステイズ舞浜 荷物預かり,0,3,0.0%,8.0
https://urayasu-portal.com/travel-guide/hotels/mystays-shin-urayasu/,マイステイズ新浦安コンファレンスセンター 概要,0,3,0.0%,2.0
https://urayasu-portal.com/travel-guide/hotels/types/,ディズニー オフィシャルホテル パートナーホテル 特典 違い 表,0,3,0.0%,22.7
https://urayasu-portal.com/travel-guide/hotels/types/,ディズニー オフィシャルホテル 特典,0,3,0.0%,2.0
https://urayasu-portal.com/travel-guide/hotels/types/,ディズニーオフィシャルホテル 特典,0,3,0.0%,2.0
https://urayasu-portal.com/travel-guide/luggage/,グランドニッコー東京ベイ舞浜荷物預かり,0,3,0.0%,11.0
https://urayasu-portal.com/travel-guide/luggage/,トイストーリーホテル 荷物 舞浜駅,0,3,0.0%,11.0
https://urayasu-portal.com/travel-guide/luggage/,浦安ブライトンホテル東京ベイ 荷物 預かり チェックイン前,0,3,0.0%,10.0
https://urayasu-portal.com/travel-guide/luggage/,舞浜 ホテル荷物預かり,0,3,0.0%,10.0
https://urayasu-portal.com/travel-guide/luggage/,舞浜 荷物配送,0,3,0.0%,10.0
https://urayasu-portal.com/travel-guide/luggage/,舞浜ファーストリゾート 荷物預かり,0,3,0.0%,10.7
https://urayasu-portal.com/travel-guide/luggage/,舞浜駅 ホテル 荷物預け,0,3,0.0%,21.7
https://urayasu-portal.com/travel-guide/luggage/,舞浜駅 ホテルに荷物を送る,0,3,0.0%,10.0
https://urayasu-portal.com/travel-guide/luggage/,舞浜駅 荷物,0,3,0.0%,10.3
https://urayasu-portal.com/travel-guide/luggage/,舞浜駅からホテルに荷物を送る,0,3,0.0%,10.0
https://urayasu-portal.com/travel-guide/maihama-eurasia-spa/,浦安 岩盤浴,0,3,0.0%,35.3
https://urayasu-portal.com/travel-guide/maihama-halloween/,舞浜 着替え,0,3,0.0%,9.7
https://urayasu-portal.com/travel-guide/rainy-day/,イクスピアリ 雨の日,0,3,0.0%,9.0
https://urayasu-portal.com/travel-guide/rainy-day/,舞浜雨,0,3,0.0%,10.7
https://urayasu-portal.com/travel-guide/urayasu-gourmet-souvenir-guide/,新浦安 お土産,0,3,0.0%,10.0
https://urayasu-portal.com/travel-guide/urayasu-gourmet-souvenir-guide/,舞浜 手土産,0,3,0.0%,10.3
https://urayasu-portal.com/zh-tw/travel-guide/,舞浜,0,3,0.0%,50.3
https://urayasu-portal.com/zh-tw/travel-guide/hotels/grand-monday-resort-maihama/,grand monday resort 東京ベイ舞浜,0,3,0.0%,10.3
https://urayasu-portal.com/zh-tw/travel-guide/hotels/ibis-styles-tokyo-bay/,東京灣宜必思尚品飯店,0,3,0.0%,25.7
https://urayasu-portal.com/zh-tw/travel-guide/rainy-day/,東京迪士尼下雨,0,3,0.0%,7.3
https://urayasu-portal.com/zh-tw/travel-guide/rainy-day/,東京迪士尼下雨怎麼玩,0,3,0.0%,6.7
https://urayasu-portal.com/zh-tw/travel-guide/urayasu-gourmet-souvenir-guide/,舞濱站美食,0,3,0.0%,8.7
https://urayasu-portal.com/zh-tw/travel-guide/urayasu-maihama-shinurayasu-tourism/,新浦安,0,3,0.0%,32.7
https://urayasu-portal.com/zh/travel-guide/,urayasu 中文,0,3,0.0%,9.3
https://urayasu-portal.com/zh/travel-guide/hotels/,浦安住宿,0,3,0.0%,50.3
https://urayasu-portal.com/zh/travel-guide/hotels/celebration-wish/,迪士尼happy entry,0,3,0.0%,28.0
https://urayasu-portal.com/zh/travel-guide/hotels/flexstay-shin-urayasu/,flexstay inn shin-urayasu,0,3,0.0%,47.0
https://urayasu-portal.com/zh/travel-guide/hotels/mitsui-garden-prana/,三井花園飯店prana東京灣,0,3,0.0%,46.3
https://urayasu-portal.com/zh/travel-guide/urayasu-gourmet-souvenir-guide/,新浦安 美食,0,3,0.0%,21.3
https://urayasu-portal.com/zh/travel-guide/urayasu-gourmet-souvenir-guide/,新浦安站美食,0,3,0.0%,19.3
https://urayasu-portal.com/,n響,0,2,0.0%,50.0
https://urayasu-portal.com/,くし安本店,0,2,0.0%,41.5
https://urayasu-portal.com/,こさる滝野店,0,2,0.0%,39.0
https://urayasu-portal.com/,アイス 浦安市北栄,0,2,0.0%,42.5
https://urayasu-portal.com/,ウラヤスマーケッツ,0,2,0.0%,22.0
https://urayasu-portal.com/,サミット 浦安,0,2,0.0%,69.5
https://urayasu-portal.com/,ドトール 浦安,0,2,0.0%,68.0
https://urayasu-portal.com/,ヒュッテベルク松新店,0,2,0.0%,48.5
https://urayasu-portal.com/,ベストシーン エルシティ新浦安七番館店 浦安市美浜,0,2,0.0%,43.5
https://urayasu-portal.com/,マインド 浦安,0,2,0.0%,31.5
https://urayasu-portal.com/,マクドナルド浦安店,0,2,0.0%,49.5
https://urayasu-portal.com/,マルエツ 浦安,0,2,0.0%,55.5
https://urayasu-portal.com/,リンコス ベイタウン,0,2,0.0%,66.0
https://urayasu-portal.com/,ワイズマート 弁天,0,2,0.0%,37.5
https://urayasu-portal.com/,ワイズマート 浦安弁天店 閉店,0,2,0.0%,18.5
https://urayasu-portal.com/,世安,0,2,0.0%,58.5
https://urayasu-portal.com/,双葉 浦安,0,2,0.0%,48.0
https://urayasu-portal.com/,将龍苑 浦安店,0,2,0.0%,49.5
https://urayasu-portal.com/,新浦安 イベント,0,2,0.0%,43.5
https://urayasu-portal.com/,新浦安 ジンギスカン,0,2,0.0%,19.5
https://urayasu-portal.com/,新浦安 遊び,0,2,0.0%,37.5
https://urayasu-portal.com/,新浦安ナビ,0,2,0.0%,26.5
https://urayasu-portal.com/,旬菜zenya えびや 久安本店,0,2,0.0%,37.5
https://urayasu-portal.com/,浦安 かき氷,0,2,0.0%,70.0
https://urayasu-portal.com/,浦安 からあげ,0,2,0.0%,45.5
https://urayasu-portal.com/,浦安 カルディ,0,2,0.0%,41.0
https://urayasu-portal.com/,浦安 ジョナサン,0,2,0.0%,51.0
https://urayasu-portal.com/,浦安 ビリヤード,0,2,0.0%,48.0
https://urayasu-portal.com/,浦安 マインド,0,2,0.0%,40.5
https://urayasu-portal.com/,浦安 マーケット,0,2,0.0%,44.0
https://urayasu-portal.com/,浦安 羅甸,0,2,0.0%,21.5
https://urayasu-portal.com/,浦安駅 テイクアウト,0,2,0.0%,45.0
https://urayasu-portal.com/,焼鳥ハンク・マルエツ浦安店,0,2,0.0%,35.0
https://urayasu-portal.com/,舞浜 スーパー,0,2,0.0%,45.5
https://urayasu-portal.com/,重兵衛商店,0,2,0.0%,50.0
https://urayasu-portal.com/categories/%E3%82%A4%E3%83%99%E3%83%B3%E3%83%88/,新浦夜城,0,2,0.0%,22.5
https://urayasu-portal.com/categories/%E3%82%B0%E3%83%AB%E3%83%A1%E3%82%AB%E3%83%95%E3%82%A7/,pinxsurf&cafe,0,2,0.0%,38.5
https://urayasu-portal.com/categories/%E9%96%8B%E5%BA%97%E9%96%89%E5%BA%97/,イクスピアリ 新店舗,0,2,0.0%,16.0
https://urayasu-portal.com/categories/%E9%96%8B%E5%BA%97%E9%96%89%E5%BA%97/,新店閉店,0,2,0.0%,3.0
https://urayasu-portal.com/categories/%E9%96%8B%E5%BA%97%E9%96%89%E5%BA%97/,閉店開店,0,2,0.0%,6.5
https://urayasu-portal.com/en/,shin urayasu,0,2,0.0%,67.5
https://urayasu-portal.com/en/,urayasu,0,2,0.0%,49.5
https://urayasu-portal.com/en/tags/hotel/,hotel di urayasu,0,2,0.0%,39.5
https://urayasu-portal.com/en/tags/shin-urayasu/,urayasu,0,2,0.0%,74.0
https://urayasu-portal.com/en/tags/urayasu/,urayasu shi,0,2,0.0%,64.0
https://urayasu-portal.com/en/travel-guide/,how far is urayasu from tokyo,0,2,0.0%,34.0
https://urayasu-portal.com/en/travel-guide/,what to do in urayasu,0,2,0.0%,41.0
https://urayasu-portal.com/en/travel-guide/disney-tickets/,best way to buy tokyo disney tickets,0,2,0.0%,41.0
https://urayasu-portal.com/en/travel-guide/disney-tickets/,buy tokyo disneyland tickets,0,2,0.0%,37.5
https://urayasu-portal.com/en/travel-guide/disney-tickets/,buying tokyo disney tickets,0,2,0.0%,32.0
https://urayasu-portal.com/en/travel-guide/disney-tickets/,can i buy tickets at disneyland tokyo,0,2,0.0%,44.0
https://urayasu-portal.com/en/travel-guide/disney-tickets/,can i buy tokyo disney tickets online?,0,2,0.0%,45.5
https://urayasu-portal.com/en/travel-guide/disney-tickets/,can i buy tokyo disneyland tickets at the gate,0,2,0.0%,33.0
https://urayasu-portal.com/en/travel-guide/disney-tickets/,can i buy tokyo disneyland tickets at the gate?,0,2,0.0%,43.5
https://urayasu-portal.com/en/travel-guide/disney-tickets/,disney sea tickets,0,2,0.0%,48.0
https://urayasu-portal.com/en/travel-guide/disney-tickets/,disneysea tickets,0,2,0.0%,50.5
https://urayasu-portal.com/en/travel-guide/disney-tickets/,how to buy disney tokyo tickets,0,2,0.0%,41.0
https://urayasu-portal.com/en/travel-guide/disney-tickets/,how to buy tokyo disneyland tickets,0,2,0.0%,50.0
https://urayasu-portal.com/en/travel-guide/disney-tickets/,should i buy tokyo disneyland tickets in advance?,0,2,0.0%,48.0
https://urayasu-portal.com/en/travel-guide/disney-tickets/,tickets tokyo disney,0,2,0.0%,42.0
https://urayasu-portal.com/en/travel-guide/disney-tickets/,tokyo disney resort tickets,0,2,0.0%,46.0
https://urayasu-portal.com/en/travel-guide/disney-tickets/,tokyo disneyland ticket,0,2,0.0%,55.0
https://urayasu-portal.com/en/travel-guide/disney-tickets/,tokyo disneyland ticket purchase,0,2,0.0%,43.0
https://urayasu-portal.com/en/travel-guide/disney-tickets/,tokyo disneyland tickets where to buy,0,2,0.0%,48.5
https://urayasu-portal.com/en/travel-guide/disney-tickets/,when to book tickets for tokyo disneyland?,0,2,0.0%,50.0
https://urayasu-portal.com/en/travel-guide/disney-tickets/,where do you buy disneyland tickets,0,2,0.0%,48.0
https://urayasu-portal.com/en/travel-guide/disney-tickets/,where to buy disney tokyo tickets,0,2,0.0%,41.5
https://urayasu-portal.com/en/travel-guide/disney-tickets/,where to buy disneyland tokyo tickets,0,2,0.0%,57.0
https://urayasu-portal.com/en/travel-guide/disney-tickets/,where to buy disneysea tickets,0,2,0.0%,38.5
https://urayasu-portal.com/en/travel-guide/hotels/,bay hotel urayasu-ekimae,0,2,0.0%,26.0
https://urayasu-portal.com/en/travel-guide/hotels/,brighton hotel maihama,0,2,0.0%,10.0
https://urayasu-portal.com/en/travel-guide/hotels/,hotels near maihama station,0,2,0.0%,23.5
https://urayasu-portal.com/en/travel-guide/hotels/,hotels near saga ninja village,0,2,0.0%,60.5
https://urayasu-portal.com/en/travel-guide/hotels/,mystays maihama hotel,0,2,0.0%,26.0
https://urayasu-portal.com/en/travel-guide/hotels/,urayasu beaufort hotel,0,2,0.0%,34.0
https://urayasu-portal.com/en/travel-guide/hotels/,urayasu sun hotel,0,2,0.0%,35.0
https://urayasu-portal.com/en/travel-guide/hotels/brighton-tokyo-bay/,how far is urayasu from tokyo,0,2,0.0%,46.0
https://urayasu-portal.com/en/travel-guide/hotels/brighton-tokyo-bay/,urayasu brighton hotel baggage storage before check-in,0,2,0.0%,8.0
https://urayasu-portal.com/en/travel-guide/hotels/brighton-tokyo-bay/,urayasu brighton hotel tokyo bay direct connection shin-urayasu station,0,2,0.0%,6.5
https://urayasu-portal.com/en/travel-guide/hotels/brighton-tokyo-bay/,urayasu brighton hotel tokyo bay shin-urayasu station directly connected,0,2,0.0%,11.0
https://urayasu-portal.com/en/travel-guide/hotels/budget/,cheapest tokyo disney hotel,0,2,0.0%,41.5
https://urayasu-portal.com/en/travel-guide/hotels/budget/,what are the best budget hotels near disneyland tokyo?,0,2,0.0%,42.0
https://urayasu-portal.com/en/travel-guide/hotels/coin-laundry/,tokyo disneyland hotel laundry,0,2,0.0%,16.5
https://urayasu-portal.com/en/travel-guide/hotels/comfort-suites-tokyo-bay/,comfort suites tokyo bay urayasu,0,2,0.0%,33.0
https://urayasu-portal.com/en/travel-guide/hotels/compare/,tokyo disney hotel map,0,2,0.0%,25.0
https://urayasu-portal.com/en/travel-guide/hotels/compare/,tokyo disney resort hotel map,0,2,0.0%,21.5
https://urayasu-portal.com/en/travel-guide/hotels/cvs-bay-hotel/,cvs bay hotel,0,2,0.0%,38.5
https://urayasu-portal.com/en/travel-guide/hotels/emion-tokyo-bay/,emion hotel tokyo,0,2,0.0%,28.0
https://urayasu-portal.com/en/travel-guide/hotels/emion-tokyo-bay/,hotel emion tokyo bay urayasu,0,2,0.0%,28.0
https://urayasu-portal.com/en/travel-guide/hotels/fantasy-springs-hotel/,fantasy springs check out time,0,2,0.0%,23.0
https://urayasu-portal.com/en/travel-guide/hotels/fantasy-springs-hotel/,fantasy springs grand chateau,0,2,0.0%,42.5
https://urayasu-portal.com/en/travel-guide/hotels/fantasy-springs-hotel/,fantasy springs hotel official website,0,2,0.0%,10.0
https://urayasu-portal.com/en/travel-guide/hotels/fantasy-springs-hotel/,tokyo disneysea fantasy springs hotel prices,0,2,0.0%,18.0
https://urayasu-portal.com/en/travel-guide/hotels/grand-monday-resort-maihama/,maihama lagoon,0,2,0.0%,3.5
https://urayasu-portal.com/en/travel-guide/hotels/happy-entry/,disneyland happy entry,0,2,0.0%,10.0
https://urayasu-portal.com/en/travel-guide/hotels/happy-entry/,disneyland tokyo early entry,0,2,0.0%,20.5
https://urayasu-portal.com/en/travel-guide/hotels/happy-entry/,does tokyo disney celebration hotel have happy entry,0,2,0.0%,10.0
https://urayasu-portal.com/en/travel-guide/hotels/happy-entry/,happy entry disneyland tokyo,0,2,0.0%,10.0
https://urayasu-portal.com/en/travel-guide/hotels/happy-entry/,happy entry disneysea,0,2,0.0%,11.0
https://urayasu-portal.com/en/travel-guide/hotels/happy-entry/,tokyo disney early entry,0,2,0.0%,18.5
https://urayasu-portal.com/en/travel-guide/hotels/happy-entry/,tokyo disney resort happy entry,0,2,0.0%,10.5
https://urayasu-portal.com/en/travel-guide/hotels/happy-entry/,what is happy entry tokyo disney,0,2,0.0%,17.5
https://urayasu-portal.com/en/travel-guide/hotels/happy-entry/,where is happy entry tokyo disneyland,0,2,0.0%,13.0
https://urayasu-portal.com/en/travel-guide/hotels/hilton-tokyo-bay/,hilton tokyo bay lawson,0,2,0.0%,10.5
https://urayasu-portal.com/en/travel-guide/hotels/hilton-tokyo-bay/,hilton tokyo bay maihama,0,2,0.0%,32.0
https://urayasu-portal.com/en/travel-guide/hotels/hilton-tokyo-bay/,hilton tokyo bay postal code,0,2,0.0%,66.0
https://urayasu-portal.com/en/travel-guide/hotels/hilton-tokyo-bay/,hilton tokyo bay urayasu,0,2,0.0%,33.0
https://urayasu-portal.com/en/travel-guide/hotels/hilton-tokyo-bay/,lawson near me,0,2,0.0%,1.0
https://urayasu-portal.com/en/travel-guide/hotels/hilton-tokyo-bay/,lawsons near me,0,2,0.0%,1.0
https://urayasu-portal.com/en/travel-guide/hotels/hilton-tokyo-bay/,supermarket near me,0,2,0.0%,1.0
https://urayasu-portal.com/en/travel-guide/hotels/hilton-tokyo-bay/,yes,0,2,0.0%,4.5
https://urayasu-portal.com/en/travel-guide/hotels/kids/,family friendly hotel in susami,0,2,0.0%,89.5
https://urayasu-portal.com/en/travel-guide/hotels/kids/,family friendly hotels in asakusa,0,2,0.0%,53.5
https://urayasu-portal.com/en/travel-guide/hotels/kids/,family resort fifty's for maihama,0,2,0.0%,41.5
https://urayasu-portal.com/en/travel-guide/hotels/kids/,what are the most family-friendly hotels in tokyo near disneyland?,0,2,0.0%,10.0
https://urayasu-portal.com/en/travel-guide/hotels/shuttle/,hilton tokyo bay to disneyland,0,2,0.0%,3.0
https://urayasu-portal.com/en/travel-guide/hotels/shuttle/,is there a free shuttle from tokyo to disneyland?,0,2,0.0%,49.5
https://urayasu-portal.com/en/travel-guide/hotels/shuttle/,tokyo hotels with free shuttle to disneyland,0,2,0.0%,20.0
https://urayasu-portal.com/en/travel-guide/hotels/shuttle/,which hotels near disneyland tokyo have free shuttles?,0,2,0.0%,29.5
https://urayasu-portal.com/en/travel-guide/hotels/toy-story-hotel/,toy story hotel official website,0,2,0.0%,10.0
https://urayasu-portal.com/en/travel-guide/urayasu-maihama-access-guide/,closest airport to tokyo disney,0,2,0.0%,53.0
https://urayasu-portal.com/en/travel-guide/urayasu-maihama-access-guide/,haneda to maihama station,0,2,0.0%,15.0
https://urayasu-portal.com/en/travel-guide/urayasu-maihama-access-guide/,how to get to disneysea from maihama station,0,2,0.0%,40.0
https://urayasu-portal.com/en/travel-guide/urayasu-maihama-access-guide/,maihama station to disneysea,0,2,0.0%,40.5
https://urayasu-portal.com/en/travel-guide/urayasu-maihama-access-guide/,resort gateway station,0,2,0.0%,35.5
https://urayasu-portal.com/en/travel-guide/urayasu-maihama-access-guide/,shin-urayasu to maihama station travel time,0,2,0.0%,5.5
https://urayasu-portal.com/en/travel-guide/urayasu-maihama-access-guide/,shin-urayasu to maihama train time,0,2,0.0%,8.5
https://urayasu-portal.com/en/travel-guide/urayasu-maihama-access-guide/,which airport is closer to tokyo disney,0,2,0.0%,41.5
https://urayasu-portal.com/en/travel-guide/urayasu-maihama-shinurayasu-tourism/,maihama to shin-urayasu travel time jr keiyo line,0,2,0.0%,11.0
https://urayasu-portal.com/en/travel-guide/urayasu-maihama-shinurayasu-tourism/,shin-urayasu to maihama travel time 3 minutes,0,2,0.0%,9.0
https://urayasu-portal.com/en/travel-guide/urayasu-maihama-shinurayasu-tourism/,shin-urayasu to maihama travel time jr keiyo line 3 minutes,0,2,0.0%,8.0
https://urayasu-portal.com/en/travel-guide/urayasu-maihama-shinurayasu-tourism/,things to do near me,0,2,0.0%,1.0
https://urayasu-portal.com/en/travel-guide/urayasu-maihama-shinurayasu-tourism/,tokyo urayasu,0,2,0.0%,37.5
https://urayasu-portal.com/en/travel-guide/urayasu-maihama-shinurayasu-tourism/,urayasu city access tokyo official,0,2,0.0%,9.5
https://urayasu-portal.com/en/travel-guide/urayasu-maihama-shinurayasu-tourism/,urayasu city official access tokyo,0,2,0.0%,9.5
https://urayasu-portal.com/en/travel-guide/urayasu-maihama-shinurayasu-tourism/,urayasu mangekyo,0,2,0.0%,30.5
https://urayasu-portal.com/en/travel-guide/urayasu-maihama-shinurayasu-tourism/,urayasu station,0,2,0.0%,26.5
https://urayasu-portal.com/en/travel-guide/urayasu-maihama-shinurayasu-tourism/,無料,0,2,0.0%,7.0
https://urayasu-portal.com/events/,イベント 浦安,0,2,0.0%,27.0
https://urayasu-portal.com/events/,舞浜 イベント,0,2,0.0%,33.5
https://urayasu-portal.com/ko/categories/,우라야스,0,2,0.0%,17.5
https://urayasu-portal.com/ko/travel-guide/,우라야스,0,2,0.0%,34.5
https://urayasu-portal.com/ko/travel-guide/hotels/,마이하마 취사 가능한 호텔,0,2,0.0%,12.5
https://urayasu-portal.com/ko/travel-guide/hotels/compare/,마이하마역 호텔,0,2,0.0%,57.5
https://urayasu-portal.com/ko/travel-guide/hotels/fantasy-springs-hotel/,판타지 스프링스 리조트,0,2,0.0%,15.0
https://urayasu-portal.com/ko/travel-guide/hotels/grand-nikko-tokyo-bay/,도쿄 베이 마이 하마 호텔,0,2,0.0%,43.0
https://urayasu-portal.com/ko/travel-guide/hotels/hilton-tokyo-bay/,"저는 한국에 있습니다. 해외에서 편안함과 안전은 기본이고, 어디서든 믿을 수 있는 일관된 서비스를 제공하는 호텔 브랜드를 선호합니다. 힐튼은 아이 동반 가족을 위한 특별 혜택이 있나요?",0,2,0.0%,70.0
https://urayasu-portal.com/ko/travel-guide/hotels/hiyori-hotel-maihama/,마이하마 취사 가능한 호텔,0,2,0.0%,16.0
https://urayasu-portal.com/ko/travel-guide/hotels/hotel-okura-tokyo-bay/,호텔 오쿠라 도쿄 베이,0,2,0.0%,22.5
https://urayasu-portal.com/ko/travel-guide/hotels/ibis-styles-tokyo-bay/,ibis styles tokyo bay,0,2,0.0%,55.0
https://urayasu-portal.com/ko/travel-guide/hotels/miracosta/,미라코스타,0,2,0.0%,11.0
https://urayasu-portal.com/ko/travel-guide/hotels/mitsui-garden-prana/,"(""신우 "" or ""shinwoo"") and (부패 or 뇌물 or 사기 or 조사 or 범죄 or 불법 or 피고 or 과실 or 스캔들 or 제재 or 공모 or ""입찰 준비"" or 공모)",0,2,0.0%,154.0
https://urayasu-portal.com/ko/travel-guide/hotels/mystays-maihama/,마이하마 특급 호텔,0,2,0.0%,13.0
https://urayasu-portal.com/ko/travel-guide/hotels/mystays-maihama/,마이하마 흡연 가능 호텔,0,2,0.0%,11.5
https://urayasu-portal.com/ko/travel-guide/hotels/premium-monday-maihama-view-1/,premium hotel monday maihama view i,0,2,0.0%,49.0
https://urayasu-portal.com/ko/travel-guide/hotels/toy-story-hotel/,토이 스토리 앤디 방,0,2,0.0%,31.0
https://urayasu-portal.com/ko/travel-guide/urayasu-maihama-access-guide/,우라야쓰,0,2,0.0%,25.5
https://urayasu-portal.com/life-guide/,浦安 ゴミ,0,2,0.0%,53.5
https://urayasu-portal.com/life-guide/,浦安 市 ゴミ,0,2,0.0%,42.0
https://urayasu-portal.com/life-guide/,粗大ごみ 浦安市,0,2,0.0%,65.0
https://urayasu-portal.com/life-guide/city-hall-procedures/,浦安 市役所 土日,0,2,0.0%,19.0
https://urayasu-portal.com/life-guide/city-hall-procedures/,浦安市,0,2,0.0%,11.0
https://urayasu-portal.com/life-guide/city-hall-procedures/,結婚 浦安市,0,2,0.0%,46.5
https://urayasu-portal.com/life-guide/station-life/,新浦安駅,0,2,0.0%,4.5
https://urayasu-portal.com/life-guide/station-life/,浦安駅,0,2,0.0%,3.5
https://urayasu-portal.com/life-guide/trash-recycling/,浦安クリーンセンター営業時間,0,2,0.0%,9.0
https://urayasu-portal.com/life-guide/trash-recycling/,浦安市ごみ分別,0,2,0.0%,9.0
https://urayasu-portal.com/life-guide/urayasu-bus-kotsu/,浦安 お散歩バス,0,2,0.0%,8.0
https://urayasu-portal.com/life-guide/urayasu-hitorioya-shogai/,浦安市 ひとり親 支援,0,2,0.0%,8.0
https://urayasu-portal.com/life-guide/urayasu-hoken-nenkin-zei/,保険 浦安市,0,2,0.0%,20.0
https://urayasu-portal.com/life-guide/urayasu-hoken-nenkin-zei/,浦安市国民健康保険料,0,2,0.0%,16.5
https://urayasu-portal.com/life-guide/urayasu-ninshin-shussan-shien/,浦安市 出産 プレゼント,0,2,0.0%,12.5
https://urayasu-portal.com/life-guide/urayasu-sumai-hikkoshi/,引越し 浦安,0,2,0.0%,43.5
https://urayasu-portal.com/life-guide/urayasu-sumai-hikkoshi/,浦安 引越し,0,2,0.0%,45.5
https://urayasu-portal.com/life-guide/urayasu-sumai-hikkoshi/,浦安市 引越し,0,2,0.0%,37.0
https://urayasu-portal.com/open-close/,ワイズマート 浦安弁天店 閉店,0,2,0.0%,12.0
https://urayasu-portal.com/open-close/,浦安 開店 閉店,0,2,0.0%,8.5
https://urayasu-portal.com/open-close/,開店閉店,0,2,0.0%,4.0
https://urayasu-portal.com/posts/%E3%82%A4%E3%82%AF%E3%82%B9%E3%83%94%E3%82%A2%E3%83%AA%E3%81%AB%E9%9F%93%E5%9B%BD%E6%96%99%E7%90%86%E3%83%99%E3%82%B8%E3%82%B4%E3%83%BC%E3%81%8C%E7%99%BB%E5%A0%B4108/,vegego イクスピアリ メニュー,0,2,0.0%,11.0
https://urayasu-portal.com/posts/%E3%82%A4%E3%82%AF%E3%82%B9%E3%83%94%E3%82%A2%E3%83%AA%E3%81%AB%E9%9F%93%E5%9B%BD%E6%96%99%E7%90%86%E3%83%99%E3%82%B8%E3%82%B4%E3%83%BC%E3%81%8C%E7%99%BB%E5%A0%B4108/,vegego 舞浜イクスピアリ メニュー,0,2,0.0%,15.0
https://urayasu-portal.com/posts/%E3%82%A4%E3%82%AF%E3%82%B9%E3%83%94%E3%82%A2%E3%83%AA%E3%81%AB%E9%9F%93%E5%9B%BD%E6%96%99%E7%90%86%E3%83%99%E3%82%B8%E3%82%B4%E3%83%BC%E3%81%8C%E7%99%BB%E5%A0%B4108/,ベジゴー イクスピアリ,0,2,0.0%,13.5
https://urayasu-portal.com/posts/%E3%82%B5%E3%82%A4%E3%82%BC%E3%83%AA%E3%83%A4-%E3%82%A2%E3%83%88%E3%83%AC%E6%96%B0%E6%B5%A6%E5%AE%89%E5%BA%97%E3%81%8C%E5%96%B6%E6%A5%AD%E6%99%82%E9%96%93%E5%BB%B6%E9%95%B7-%E6%9C%9D10/,新浦安 サイゼリヤ,0,2,0.0%,34.5
https://urayasu-portal.com/posts/%E3%83%89%E3%83%B3%E3%82%AD%E3%83%9B%E3%83%BC%E3%83%86%E8%A5%BF%E5%8F%8B%E8%A1%8C%E5%BE%B3%E5%BA%97%E3%81%8C%E3%82%AA%E3%83%BC%E3%83%97%E3%83%B3-%E8%A1%8C%E5%BE%B3%E3%82%A8%E3%83%AA/,ドンキ 行徳,0,2,0.0%,23.5
https://urayasu-portal.com/posts/%E3%83%89%E3%83%B3%E3%82%AD%E3%83%9B%E3%83%BC%E3%83%86%E8%A5%BF%E5%8F%8B%E8%A1%8C%E5%BE%B3%E5%BA%97%E3%81%8C%E3%82%AA%E3%83%BC%E3%83%97%E3%83%B3-%E8%A1%8C%E5%BE%B3%E3%82%A8%E3%83%AA/,行徳 ショッピングモール オープン,0,2,0.0%,16.5
https://urayasu-portal.com/posts/%E3%83%89%E3%83%B3%E3%82%AD%E3%83%9B%E3%83%BC%E3%83%86%E8%A5%BF%E5%8F%8B%E8%A1%8C%E5%BE%B3%E5%BA%97%E3%81%8C%E3%82%AA%E3%83%BC%E3%83%97%E3%83%B3-%E8%A1%8C%E5%BE%B3%E3%82%A8%E3%83%AA/,西友行徳店 ディレクトリ,0,2,0.0%,3.0
https://urayasu-portal.com/posts/%E3%83%AF%E3%82%A4%E3%82%BA%E3%83%9E%E3%83%BC%E3%83%88%E3%83%87%E3%82%A3%E3%82%B9%E3%82%AB%E6%B5%A6%E5%AE%89%E5%BC%81%E5%A4%A9%E5%BA%97%E3%81%8C6%E6%9C%8823%E6%97%A5%E3%82%88%E3%82%8A/,ワイズマート 浦安弁天店,0,2,0.0%,15.0
https://urayasu-portal.com/posts/%E4%B8%80%E9%A2%A8%E5%A0%82%E3%82%A4%E3%82%AF%E3%82%B9%E3%83%94%E3%82%A2%E3%83%AA%E5%BA%97-6%E6%9C%8827%E6%97%A5%E3%83%AA%E3%83%8B%E3%83%A5%E3%83%BC%E3%82%A2%E3%83%AB%E3%82%AA%E3%83%BC%E3%83%97/,イクスピアリ 一風堂,0,2,0.0%,5.5
https://urayasu-portal.com/posts/%E6%B5%A6%E5%AE%89%E3%83%9E%E3%82%AF%E3%83%89%E3%83%8A%E3%83%AB%E3%83%89%E6%96%B0%E6%B5%A6%E5%AE%89%E6%98%8E%E6%B5%B7%E5%BA%97%E3%81%8C%E6%98%8E%E6%B5%B75%E4%B8%81%E7%9B%AE%E3%81%AB/,マクドナルド 新浦安,0,2,0.0%,49.0
https://urayasu-portal.com/posts/%E6%B5%A6%E5%AE%89%E3%83%9E%E3%82%AF%E3%83%89%E3%83%8A%E3%83%AB%E3%83%89%E6%96%B0%E6%B5%A6%E5%AE%89%E6%98%8E%E6%B5%B7%E5%BA%97%E3%81%8C%E6%98%8E%E6%B5%B75%E4%B8%81%E7%9B%AE%E3%81%AB/,マクドナルド新浦安明海店,0,2,0.0%,39.0
https://urayasu-portal.com/posts/%E6%B5%A6%E5%AE%89%E3%83%9E%E3%82%AF%E3%83%89%E3%83%8A%E3%83%AB%E3%83%89%E6%96%B0%E6%B5%A6%E5%AE%89%E6%98%8E%E6%B5%B7%E5%BA%97%E3%81%8C%E6%98%8E%E6%B5%B75%E4%B8%81%E7%9B%AE%E3%81%AB/,新浦安明海店,0,2,0.0%,24.5
https://urayasu-portal.com/posts/%E6%B5%A6%E5%AE%89%E3%83%AD%E3%83%BC%E3%82%BD%E3%83%B3%E3%82%B9%E3%83%88%E3%82%A2100%E6%B5%A6%E5%AE%89%E5%BD%93%E4%BB%A3%E5%B3%B6%E5%BA%97%E3%81%8C%E6%9C%AC%E6%97%A54-30/,ローソンストア100 浦安,0,2,0.0%,9.5
https://urayasu-portal.com/posts/%E6%B5%A6%E5%AE%89%E4%B8%87%E8%8F%AF%E9%83%B7%E8%B7%A1%E5%9C%B0%E6%B4%BB%E7%94%A8%E6%96%B9%E9%87%9D%E3%81%8C%E6%B1%BA%E5%AE%9A/,浦安 万華鏡 跡地 何 ができる,0,2,0.0%,12.5
https://urayasu-portal.com/posts/%E6%B5%A6%E5%AE%89%E4%B8%87%E8%8F%AF%E9%83%B7%E8%B7%A1%E5%9C%B0%E6%B4%BB%E7%94%A8%E6%96%B9%E9%87%9D%E3%81%8C%E6%B1%BA%E5%AE%9A/,浦安 大江戸温泉 跡地,0,2,0.0%,14.5
https://urayasu-portal.com/posts/%E6%B5%A6%E5%AE%89%E4%B8%87%E8%8F%AF%E9%83%B7%E8%B7%A1%E5%9C%B0%E6%B4%BB%E7%94%A8%E6%96%B9%E9%87%9D%E3%81%8C%E6%B1%BA%E5%AE%9A/,浦安 萬 華 鄉,0,2,0.0%,34.5
https://urayasu-portal.com/posts/%E6%B5%A6%E5%AE%89%E5%B8%82%E5%8C%97%E6%A0%84%E3%81%AB%E3%83%8F%E3%83%B3%E3%83%90%E3%83%BC%E3%82%AC%E3%83%BC%E5%BA%97perch-diner%E3%81%8C4%E6%9C%8821%E6%97%A5/,北栄 ハンバーガー,0,2,0.0%,11.5
https://urayasu-portal.com/posts/%E6%B5%A6%E5%AE%89%E5%B8%82%E5%8C%97%E6%A0%84%E3%81%AB%E3%83%8F%E3%83%B3%E3%83%90%E3%83%BC%E3%82%AC%E3%83%BC%E5%BA%97perch-diner%E3%81%8C4%E6%9C%8821%E6%97%A5/,浦安 ハンバーガー オープン,0,2,0.0%,12.0
https://urayasu-portal.com/posts/%E6%B5%A6%E5%AE%89%E5%B8%82mona%E6%96%B0%E6%B5%A6%E5%AE%892f%E3%81%ABdenba%E3%83%A9%E3%82%A6%E3%83%B3%E3%82%B84%E6%9C%8825%E6%97%A5%E3%82%AA%E3%83%BC%E3%83%97%E3%83%B3/,denbaラウンジ 新浦安,0,2,0.0%,13.5
https://urayasu-portal.com/posts/%E6%B5%A6%E5%AE%89%E8%A5%BF%E5%8F%8B%E6%B5%A6%E5%AE%89%E5%BA%97%E3%81%8C5%E6%9C%8831%E6%97%A5%E3%81%AB%E4%B8%80%E6%99%82%E9%96%89%E5%BA%97%E5%A4%8F%E3%81%AB/,行徳 西友 閉店,0,2,0.0%,13.0
https://urayasu-portal.com/posts/%E6%B5%A6%E5%AE%89%E8%A5%BF%E5%8F%8B%E6%B5%A6%E5%AE%89%E5%BA%97%E3%81%8C5%E6%9C%8831%E6%97%A5%E3%81%AB%E4%B8%80%E6%99%82%E9%96%89%E5%BA%97%E5%A4%8F%E3%81%AB/,西友 浦安 閉店,0,2,0.0%,15.5
https://urayasu-portal.com/posts/%E6%B5%A6%E5%AE%89%E8%A5%BF%E5%8F%8B%E6%B5%A6%E5%AE%89%E5%BA%97%E3%81%8C5%E6%9C%8831%E6%97%A5%E3%81%AB%E4%B8%80%E6%99%82%E9%96%89%E5%BA%97%E5%A4%8F%E3%81%AB/,西友 閉店 予定 2026,0,2,0.0%,28.5
https://urayasu-portal.com/posts/%E8%A1%8C%E5%BE%B3%E8%A1%8C%E5%BE%B3%E8%A1%97%E3%83%90%E3%83%AB2026%E3%81%8C4-2324%E9%96%8B%E5%82%AC35%E5%BA%97%E8%88%97%E3%81%A7%E3%83%81%E3%82%B1%E3%83%83/,行徳街バル,0,2,0.0%,8.0
https://urayasu-portal.com/posts/artgrace-ristorante-mare-blu-2026/,1.5次会 浦安,0,2,0.0%,33.0
https://urayasu-portal.com/posts/artgrace-ristorante-mare-blu-2026/,レストランウェディング 浦安,0,2,0.0%,18.0
https://urayasu-portal.com/posts/artgrace-ristorante-mare-blu-2026/,浦安 1.5次会,0,2,0.0%,44.5
https://urayasu-portal.com/posts/artgrace-ristorante-mare-blu-2026/,浦安 結婚式 海,0,2,0.0%,37.0
https://urayasu-portal.com/posts/artgrace-ristorante-mare-blu-2026/,海の食堂ベイアルセ 結婚式,0,2,0.0%,35.0
https://urayasu-portal.com/posts/atre-shinurayasu-closed-20260817/,しんうらよりみちマルシェ,0,2,0.0%,9.0
https://urayasu-portal.com/posts/atre-shinurayasu-true-tree-popup-2026/,アトレ新浦安 ガーデンテラス,0,2,0.0%,9.5
https://urayasu-portal.com/posts/atre-shinurayasu-true-tree-popup-2026/,新浦安駅 期間限定ショップ スイーツ,0,2,0.0%,12.5
https://urayasu-portal.com/posts/bardral-las-chulas-win-20260815/,チュラス,0,2,0.0%,9.0
https://urayasu-portal.com/posts/beams-japan-popup-tour-maihama-2026/,舞浜 beams,0,2,0.0%,9.0
https://urayasu-portal.com/posts/benten-fureai-mini-festa-202607/,今日 この 近くで やっ てる イベント 千葉県,0,2,0.0%,1.0
https://urayasu-portal.com/posts/briobecca-emperors-cup-tochigi-2026/,ブリオベッカ浦安 天皇杯,0,2,0.0%,6.5
https://urayasu-portal.com/posts/briobecca-tochigi-emperors-cup-result-2026/,栃木sc 対 浦安,0,2,0.0%,18.0
https://urayasu-portal.com/posts/caps-clinic-ichikawa-myoden-open/,イオン 妙典 小児科,0,2,0.0%,8.5
https://urayasu-portal.com/posts/cinema-ikspiari-madoka-live-viewing-20260829/,まどマギ 舞台挨拶中継,0,2,0.0%,10.0
https://urayasu-portal.com/posts/cinema-ikspiari-madoka-live-viewing-20260829/,まどマギ舞台挨拶中継,0,2,0.0%,10.0
https://urayasu-portal.com/posts/cinema-ikspiari-madoka-live-viewing-20260829/,イクスピアリ まどマギ,0,2,0.0%,8.5
https://urayasu-portal.com/posts/cinema-ikspiari-with-kids-toystory5/,シェラトン ガーデンプール,0,2,0.0%,19.5
https://urayasu-portal.com/posts/cinema-ikspiari-with-kids-toystory5/,シェラトン 舞浜,0,2,0.0%,35.0
https://urayasu-portal.com/posts/daiso-maruesu-gyotoku-close/,マルエツ 行徳,0,2,0.0%,8.0
https://urayasu-portal.com/posts/daiso-maruesu-gyotoku-close/,マルエツ行徳店,0,2,0.0%,13.5
https://urayasu-portal.com/posts/daiso-maruesu-gyotoku-close/,新浦安 ダイソー 閉店,0,2,0.0%,12.0
https://urayasu-portal.com/posts/disney-premier-access-price-change-202609/,ディズニープレミアアクセス 値上げ,0,2,0.0%,9.5
https://urayasu-portal.com/posts/disney-premier-access-price-change-202609/,ディズニー値上げ dpa,0,2,0.0%,46.5
https://urayasu-portal.com/posts/disney-resort-line-25th-anniversary-events/,リゾートライン 貸切イベント,0,2,0.0%,14.5
https://urayasu-portal.com/posts/duoscene-shin-urayasu-higashino/,千葉県浦安市東野一丁目136番,0,2,0.0%,8.0
https://urayasu-portal.com/posts/eyecarelabo-urayasu-open/,アイケア 浦安,0,2,0.0%,11.0
https://urayasu-portal.com/posts/familymart-shinurayasu-mare-open/,新浦安ファミマ,0,2,0.0%,11.0
https://urayasu-portal.com/posts/familymart-shinurayasu-mare-open/,新浦安駅 コンビニ,0,2,0.0%,23.5
https://urayasu-portal.com/posts/familymart-shinurayasu-mare-open/,新浦安駅 ファミリーマート,0,2,0.0%,17.0
https://urayasu-portal.com/posts/gongcha-ikspiari-renewal/,イクスピアリゴンチャ営業時間,0,2,0.0%,10.0
https://urayasu-portal.com/posts/gongcha-ikspiari-renewal/,舞浜 ゴンチャ 営業時間,0,2,0.0%,10.0
https://urayasu-portal.com/posts/gongcha-ikspiari-renewal/,舞浜ゴンチャ 営業時間,0,2,0.0%,11.0
https://urayasu-portal.com/posts/grand-nikko-summer-festival-2026/,グランドニッコー東京ベイ舞浜 夏祭り,0,2,0.0%,10.5
https://urayasu-portal.com/posts/gyotoku-ishiguro-sanfujinka-close-2026/,石黒産婦人科 行徳,0,2,0.0%,7.0
https://urayasu-portal.com/posts/gyotoku-turkish-restaurant-saray-open/,行徳 ケバブ,0,2,0.0%,36.5
https://urayasu-portal.com/posts/gyotoku-turkish-restaurant-saray-open/,行徳 トルコ料理,0,2,0.0%,31.0
https://urayasu-portal.com/posts/hakurei-match-maihama-events-2026/,白玲戦 日程,0,2,0.0%,2.0
https://urayasu-portal.com/posts/ichikawa-myoden-ogawa-clinic-open/,市川市 泌尿器科 おすすめ,0,2,0.0%,1.0
https://urayasu-portal.com/posts/ichikawa-myoden-ogawa-clinic-open/,泌尿器科 江戸川区,0,2,0.0%,2.5
https://urayasu-portal.com/posts/ichikawa-road-flooding-20260814/,浦安市冠水情報,0,2,0.0%,18.5
https://urayasu-portal.com/posts/ikspiari-club-cpla-open-20260717/,c-pla 舞浜,0,2,0.0%,14.0
https://urayasu-portal.com/posts/ikspiari-club-cpla-open-20260717/,イクスピアリ ガチャガチャ ディズニー,0,2,0.0%,5.0
https://urayasu-portal.com/posts/ikspiari-club-cpla-open-20260717/,イクスピアリ ガチャガチャ 営業 時間,0,2,0.0%,9.0
https://urayasu-portal.com/posts/ikspiari-club-cpla-open-20260717/,イクスピアリ シープラ 営業時間,0,2,0.0%,11.5
https://urayasu-portal.com/posts/ikspiari-club-cpla-open-20260717/,ガチャガチャ 舞浜,0,2,0.0%,11.5
https://urayasu-portal.com/posts/ikspiari-club-cpla-open-20260717/,シープライクスピアリ店,0,2,0.0%,12.0
https://urayasu-portal.com/posts/ikspiari-club-cpla-open-20260717/,シープラ舞浜,0,2,0.0%,10.5
https://urayasu-portal.com/posts/ikspiari-club-cpla-open-20260717/,舞浜 ガチャガチャ,0,2,0.0%,10.5
https://urayasu-portal.com/posts/ikspiari-sugary-open-2026/,sugary イクスピアリ メニュー,0,2,0.0%,15.5
https://urayasu-portal.com/posts/ikspiari-sugary-open-2026/,シュガリー イクスピアリ,0,2,0.0%,11.0
https://urayasu-portal.com/posts/ikspiari-sugary-open-2026/,シュガリー 舞浜,0,2,0.0%,17.0
https://urayasu-portal.com/posts/ikspiari-sugary-open-date-20260728/,sugary イクスピアリ メニュー,0,2,0.0%,10.0
https://urayasu-portal.com/posts/ikspiari-tokiiro-popup-2026/,イクスピアリ 期間限定ショップ,0,2,0.0%,8.0
https://urayasu-portal.com/posts/keiyo-line-heavy-rain-20260814/,jr東日本 京葉線 運行情報 2026年8月15日,0,2,0.0%,11.0
https://urayasu-portal.com/posts/keiyo-line-heavy-rain-20260814/,舞浜駅 運転見合わせ,0,2,0.0%,6.5
https://urayasu-portal.com/posts/maihama-eurasia-urayasu-spa-plus-free-202608/,ユーラシア 浦安市民デー,0,2,0.0%,1.0
https://urayasu-portal.com/posts/malatang-tenpo-newcoast-shinurayasu-open/,マーラー タン 新浦安,0,2,0.0%,11.0
https://urayasu-portal.com/posts/malatang-tenpo-newcoast-shinurayasu-open/,新浦安 マーラータン,0,2,0.0%,15.0
https://urayasu-portal.com/posts/malatang-tenpo-newcoast-shinurayasu-open/,麻辣湯 天宝 新浦安,0,2,0.0%,13.5
https://urayasu-portal.com/posts/maruetsu-gyotoku-close-2026/,セリア 行徳駅,0,2,0.0%,2.0
https://urayasu-portal.com/posts/maruetsu-gyotoku-close-2026/,マルエツ 閉店,0,2,0.0%,67.0
https://urayasu-portal.com/posts/maruetsu-gyotoku-close-2026/,マルエツ行徳 閉店,0,2,0.0%,10.5
https://urayasu-portal.com/posts/maruetsu-gyotoku-close-2026/,マルエツ行徳店閉店,0,2,0.0%,7.0
https://urayasu-portal.com/posts/maruetsu-gyotoku-close-2026/,行徳マルエツ 閉店,0,2,0.0%,11.0
https://urayasu-portal.com/posts/n-clinic-tokyo-bay-maihama-insurance/,nクリニック,0,2,0.0%,11.5
https://urayasu-portal.com/posts/nekogo-matsuri-urayasu-2026/,猫実 お祭り,0,2,0.0%,5.0
https://urayasu-portal.com/posts/newcoast-soccer-ball-dome-202608/,ニューコースト新浦安 トミカ,0,2,0.0%,10.0
https://urayasu-portal.com/posts/nisyakugosun-urayasuekimae/,浦安駅 オープン予定,0,2,0.0%,9.0
https://urayasu-portal.com/posts/nisyakugosun-urayasuekimae/,焼鳥 蕎麦 二尺五寸 浦安,0,2,0.0%,8.0
https://urayasu-portal.com/posts/osouzai-bovi-horie-open/,浦安 弁当,0,2,0.0%,1.5
https://urayasu-portal.com/posts/para-id-table-tennis-2026/,パラidジャパン・チャンピオンシップ卓球大会2026,0,2,0.0%,8.5
https://urayasu-portal.com/posts/shinura-yorimichi-marche-202608/,浦安 祭り 今日,0,2,0.0%,2.0
https://urayasu-portal.com/posts/tadokoro-shoten-shinurayasu-planned/,浦安市鉄鋼通り2-1-9,0,2,0.0%,3.5
https://urayasu-portal.com/posts/taimu-urayasu-closed/,たい夢 浦安店,0,2,0.0%,4.0
https://urayasu-portal.com/posts/takasu-kenmin-no-hi-matsuri-2026/,浦安市 県民の日,0,2,0.0%,6.5
https://urayasu-portal.com/posts/takasu-yoga-pilates-bluva-open/,浦安 ホットヨガ,0,2,0.0%,78.5
https://urayasu-portal.com/posts/the-golf-base-shinurayasu-open-20260813/,the golf base,0,2,0.0%,6.0
https://urayasu-portal.com/posts/tsutaya%E6%B5%A6%E5%AE%89%E3%81%95%E3%81%8F%E3%82%89%E9%80%9A%E3%82%8A%E5%BA%97%E3%81%8C7%E6%9C%886%E6%97%A5%E3%81%A7%E9%96%89%E5%BA%976%E6%9C%8814%E6%97%A5%E3%81%8B%E3%82%89%E9%96%89/,浦安 tsutaya,0,2,0.0%,25.0
https://urayasu-portal.com/posts/undokoen-summer-kids-day-2026/,浦安 運動公園 イベント,0,2,0.0%,10.0
https://urayasu-portal.com/posts/urakko-handheld-fireworks-2026/,浦安市総合公園 花火,0,2,0.0%,3.0
https://urayasu-portal.com/posts/urayasu-100en-shoten-gai-11/,浦安 百縁商店街,0,2,0.0%,40.0
https://urayasu-portal.com/posts/urayasu-bonodori-canceled-20260814/,浦安小学校 盆踊り 2026,0,2,0.0%,10.0
https://urayasu-portal.com/posts/urayasu-bonodori-canceled-20260814/,浦安市盆踊り2026,0,2,0.0%,9.0
https://urayasu-portal.com/posts/urayasu-bonodori-fireworks-2026/,2026浦安花火大会,0,2,0.0%,11.0
https://urayasu-portal.com/posts/urayasu-bonodori-fireworks-2026/,今日,0,2,0.0%,4.5
https://urayasu-portal.com/posts/urayasu-bonodori-fireworks-2026/,浦安 納涼盆踊り大会,0,2,0.0%,4.5
https://urayasu-portal.com/posts/urayasu-bonodori-fireworks-2026/,浦安小学校祭り,0,2,0.0%,13.0
https://urayasu-portal.com/posts/urayasu-bonodori-fireworks-2026/,浦安市 手持ち花火,0,2,0.0%,12.0
https://urayasu-portal.com/posts/urayasu-bonodori-fireworks-2026/,浦安市 祭り 今日,0,2,0.0%,5.0
https://urayasu-portal.com/posts/urayasu-bonodori-fireworks-2026/,浦安駅 お祭り,0,2,0.0%,6.0
https://urayasu-portal.com/posts/urayasu-bonodori-fireworks-2026/,祭り 近く,0,2,0.0%,1.0
https://urayasu-portal.com/posts/urayasu-bonodori-fireworks-2026/#sec-1,浦安 祭り,0,2,0.0%,10.5
https://urayasu-portal.com/posts/urayasu-bonodori-fireworks-2026/#sec-1,浦安市 盆踊り大会,0,2,0.0%,8.0
https://urayasu-portal.com/posts/urayasu-bonodori-fireworks-2026/#sec-1,花火大会 浦安 2026,0,2,0.0%,10.5
https://urayasu-portal.com/posts/urayasu-bonodori-fireworks-2026/#sec-2,浦安 祭り,0,2,0.0%,10.5
https://urayasu-portal.com/posts/urayasu-bonodori-fireworks-2026/#sec-2,浦安市 盆踊り大会,0,2,0.0%,8.0
https://urayasu-portal.com/posts/urayasu-bonodori-fireworks-2026/#sec-2,花火大会 浦安 2026,0,2,0.0%,10.5
https://urayasu-portal.com/posts/urayasu-bonodori-fireworks-2026/#sec-3,浦安 祭り,0,2,0.0%,10.5
https://urayasu-portal.com/posts/urayasu-bonodori-fireworks-2026/#sec-3,浦安市 盆踊り大会,0,2,0.0%,8.0
https://urayasu-portal.com/posts/urayasu-bonodori-fireworks-2026/#sec-3,浦安市お祭り,0,2,0.0%,10.5
https://urayasu-portal.com/posts/urayasu-bonodori-fireworks-2026/#sec-3,花火大会 浦安 2026,0,2,0.0%,10.5
https://urayasu-portal.com/posts/urayasu-bonodori-fireworks-2026/#sec-4,浦安 祭り,0,2,0.0%,10.5
https://urayasu-portal.com/posts/urayasu-bonodori-fireworks-2026/#sec-4,浦安市 盆踊り大会,0,2,0.0%,8.0
https://urayasu-portal.com/posts/urayasu-bonodori-fireworks-2026/#sec-4,花火大会 浦安 2026,0,2,0.0%,10.5
https://urayasu-portal.com/posts/urayasu-dog-run-temporary-closure-20260901/,浦安ドッグラン,0,2,0.0%,8.5
https://urayasu-portal.com/posts/urayasu-dog-run-temporary-closure-20260901/,舞浜 ドッグラン,0,2,0.0%,18.5
https://urayasu-portal.com/posts/urayasu-hanabi-taikai-2026/,新浦安 花火,0,2,0.0%,6.0
https://urayasu-portal.com/posts/urayasu-hanabi-taikai-2026/,新浦安 花火大会,0,2,0.0%,2.0
https://urayasu-portal.com/posts/urayasu-hanabi-taikai-2026/,浦安 花火 大会 2026,0,2,0.0%,8.5
https://urayasu-portal.com/posts/urayasu-hanabi-taikai-2026/,浦安市花火大会 抽選,0,2,0.0%,8.5
https://urayasu-portal.com/posts/urayasu-heavy-rain-20260814/,浦安市 冠水,0,2,0.0%,12.0
https://urayasu-portal.com/posts/urayasu-high-school-baseball-autumn-2026/,東海大浦安 野球,0,2,0.0%,8.0
https://urayasu-portal.com/posts/urayasu-inflation-voucher-deadline-2026/,浦安市 物価 高騰 対策商品券特設サイト,0,2,0.0%,8.5
https://urayasu-portal.com/posts/urayasu-inflation-voucher-deadline-2026/,浦安市 物価高騰対策商品券,0,2,0.0%,8.5
https://urayasu-portal.com/posts/urayasu-marines-giants-farm-202608/,ロッテ 浦安,0,2,0.0%,7.5
https://urayasu-portal.com/posts/urayasu-museum-summer-exhibition-research-2026/,ふるさと浦安作品展 受賞 作品,0,2,0.0%,12.0
https://urayasu-portal.com/posts/urayasu-neighborhood-summer-festivals-2026/,サンコーポ夏祭り,0,2,0.0%,7.0
https://urayasu-portal.com/posts/urayasu-neighborhood-summer-festivals-2026/,入船東エステート 夏祭り,0,2,0.0%,9.0
https://urayasu-portal.com/posts/urayasu-neighborhood-summer-festivals-2026/,浦安 三社祭,0,2,0.0%,3.0
https://urayasu-portal.com/posts/urayasu-neighborhood-summer-festivals-2026/,浦安小学校 祭り,0,2,0.0%,16.5
https://urayasu-portal.com/posts/urayasu-neighborhood-summer-festivals-2026/,浦安市,0,2,0.0%,5.5
https://urayasu-portal.com/posts/urayasu-neighborhood-summer-festivals-2026/,浦安市 お祭り 今日,0,2,0.0%,2.5
https://urayasu-portal.com/posts/urayasu-neighborhood-summer-festivals-2026/,猫実東自治会集会所,0,2,0.0%,12.5
https://urayasu-portal.com/posts/urayasu-neighborhood-summer-festivals-2026/#sec-1,お祭り 浦安,0,2,0.0%,2.0
https://urayasu-portal.com/posts/urayasu-neighborhood-summer-festivals-2026/#sec-1,新浦安 祭り,0,2,0.0%,9.5
https://urayasu-portal.com/posts/urayasu-neighborhood-summer-festivals-2026/#sec-1,浦安市祭り 2026,0,2,0.0%,2.0
https://urayasu-portal.com/posts/urayasu-neighborhood-summer-festivals-2026/#sec-2,お祭り 浦安,0,2,0.0%,2.0
https://urayasu-portal.com/posts/urayasu-neighborhood-summer-festivals-2026/#sec-2,新浦安 祭り,0,2,0.0%,9.5
https://urayasu-portal.com/posts/urayasu-neighborhood-summer-festivals-2026/#sec-2,浦安市祭り 2026,0,2,0.0%,2.0
https://urayasu-portal.com/posts/urayasu-neighborhood-summer-festivals-2026/#sec-3,お祭り 浦安,0,2,0.0%,2.0
https://urayasu-portal.com/posts/urayasu-neighborhood-summer-festivals-2026/#sec-3,新浦安 祭り,0,2,0.0%,9.5
https://urayasu-portal.com/posts/urayasu-neighborhood-summer-festivals-2026/#sec-3,浦安市祭り 2026,0,2,0.0%,2.0
https://urayasu-portal.com/posts/urayasu-sanbanze-crab-fishing-202610/,三番瀬 カニ釣り,0,2,0.0%,9.5
https://urayasu-portal.com/posts/urayasu-summer-pool-guide-2026/,東野プールいつまで,0,2,0.0%,12.0
https://urayasu-portal.com/posts/wamen-zen-horie-open/,三ツ星和麺,0,2,0.0%,25.5
https://urayasu-portal.com/posts/wamen-zen-horie-open/,和麺家,0,2,0.0%,10.0
https://urayasu-portal.com/posts/wamen-zen-horie-open/,善 ラーメン 浦安,0,2,0.0%,8.5
https://urayasu-portal.com/posts/wamen-zen-horie-open/,浦安 和麺 善,0,2,0.0%,9.0
https://urayasu-portal.com/posts/yokoyama-daisuke-doyo-concert-20260809/,横山だいすけ 浦安,0,2,0.0%,9.0
https://urayasu-portal.com/tags/,シェラトン ガーデンプール,0,2,0.0%,29.5
https://urayasu-portal.com/tags/,シェラトン・グランデ・トーキョーベイ・ホテル,0,2,0.0%,55.5
https://urayasu-portal.com/tags/%E3%82%AB%E3%83%95%E3%82%A7/,浦安 バンビドロップス,0,2,0.0%,11.0
https://urayasu-portal.com/tags/%E3%82%B9%E3%82%BF%E3%82%B8%E3%82%A2%E3%83%A0/,京葉ガス クラシモスタジアム浦安,0,2,0.0%,14.0
https://urayasu-portal.com/tags/%E3%83%8B%E3%83%A5%E3%83%BC%E3%82%B3%E3%83%BC%E3%82%B9%E3%83%88%E6%96%B0%E6%B5%A6%E5%AE%89/,ニューコースト 縁日,0,2,0.0%,7.5
https://urayasu-portal.com/tags/%E3%83%90%E3%83%AB%E3%83%89%E3%83%A9%E3%83%BC%E3%83%AB%E6%B5%A6%E5%AE%89/,バルドラール,0,2,0.0%,40.0
https://urayasu-portal.com/tags/%E3%83%90%E3%83%AB%E3%83%89%E3%83%A9%E3%83%BC%E3%83%AB%E6%B5%A6%E5%AE%89/,フットサル 浦安,0,2,0.0%,41.0
https://urayasu-portal.com/tags/%E4%BA%AC%E8%91%89%E3%82%AC%E3%82%B9/,京葉ガスクラシモスタジアム浦安,0,2,0.0%,13.0
https://urayasu-portal.com/tags/%E5%BC%95%E3%81%A3%E8%B6%8A%E3%81%97/,引っ越し 浦安市 5月,0,2,0.0%,32.5
https://urayasu-portal.com/tags/%E6%96%B0%E6%B5%A6%E5%AE%89/,ニューコースト新浦安 トミカ,0,2,0.0%,9.5
https://urayasu-portal.com/tags/%E6%96%B0%E6%B5%A6%E5%AE%89/,新浦安 イベント 今日,0,2,0.0%,70.5
https://urayasu-portal.com/tags/%E6%96%B0%E6%B5%A6%E5%AE%89/,浦安駅 リニューアル,0,2,0.0%,8.5
https://urayasu-portal.com/tags/%E6%AD%BB%E4%BA%A1%E4%BA%8B%E6%95%85/,新浦安 死亡事故,0,2,0.0%,11.5
https://urayasu-portal.com/tags/%E6%AD%BB%E4%BA%A1%E4%BA%8B%E6%95%85/,浦安 入船 事故,0,2,0.0%,7.5
https://urayasu-portal.com/tags/%E6%AD%BB%E4%BA%A1%E4%BA%8B%E6%95%85/,浦安市入船 事故,0,2,0.0%,7.0
https://urayasu-portal.com/tags/%E6%AD%BB%E4%BA%A1%E4%BA%8B%E6%95%85/,浦安市入船事故,0,2,0.0%,8.0
https://urayasu-portal.com/tags/%E6%B0%B4%E9%81%8A%E3%81%B3/,浦安市 水遊び,0,2,0.0%,14.5
https://urayasu-portal.com/tags/%E7%8C%AB%E5%AE%9F/,猫実,0,2,0.0%,39.5
https://urayasu-portal.com/tags/%E8%88%9E%E6%B5%9C/,シェラトン 舞浜,0,2,0.0%,48.0
https://urayasu-portal.com/tags/%E9%96%8B%E5%BA%97/,浦安 ニューオープン,0,2,0.0%,12.5
https://urayasu-portal.com/tags/%E9%96%8B%E5%BA%97/,浦安 新しい 店,0,2,0.0%,10.5
https://urayasu-portal.com/tags/%E9%96%8B%E5%BA%97/,浦安 新オープン,0,2,0.0%,10.0
https://urayasu-portal.com/tags/%E9%96%8B%E5%BA%97/,浦安 開店,0,2,0.0%,6.0
https://urayasu-portal.com/tags/n%E9%9F%BF/,n響 浦安,0,2,0.0%,10.5
https://urayasu-portal.com/travel-guide/,浦安 旅行,0,2,0.0%,39.5
https://urayasu-portal.com/travel-guide/disney-tickets/,ディズニーシー チケット 購入,0,2,0.0%,37.5
https://urayasu-portal.com/travel-guide/disney-tickets/,ディズニーシー チケット購入,0,2,0.0%,32.5
https://urayasu-portal.com/travel-guide/disney-tickets/,ディズニーランド シー チケット,0,2,0.0%,51.5
https://urayasu-portal.com/travel-guide/family-packing/,子連れ ディズニー 持ち物,0,2,0.0%,71.0
https://urayasu-portal.com/travel-guide/family-packing/,赤ちゃん ディズニー 持ち物,0,2,0.0%,85.5
https://urayasu-portal.com/travel-guide/hotels/four-stories-hotel/,フォーストーリーズホテル舞浜東京ベイ,0,2,0.0%,72.5
https://urayasu-portal.com/travel-guide/hotels/four-stories-hotel/,フォーストーリーズホテル舞浜東京ベイ シャトルバス,0,2,0.0%,24.5
https://urayasu-portal.com/travel-guide/hotels/grand-monday-resort-maihama/,grand monday resort 東京 ベイ 舞浜 レビュー,0,2,0.0%,27.0
https://urayasu-portal.com/travel-guide/hotels/happy-entry/,シェラトングランデ東京ベイ ハッピーエントリー,0,2,0.0%,8.0
https://urayasu-portal.com/travel-guide/hotels/hotel-daigo-urayasu/,ホテル 醍醐 浦安 閉店,0,2,0.0%,4.0
https://urayasu-portal.com/travel-guide/hotels/kids/,舞浜ホテル子連れ,0,2,0.0%,49.0
https://urayasu-portal.com/travel-guide/hotels/mystays-shin-urayasu/,マイステイズ新浦安 朝食,0,2,0.0%,2.0
https://urayasu-portal.com/travel-guide/hotels/pool/,ディズニー 周辺 プール,0,2,0.0%,49.5
https://urayasu-portal.com/travel-guide/hotels/types/,グッドネイバーホテル,0,2,0.0%,4.0
https://urayasu-portal.com/travel-guide/kasai-rinkai-park/,舞浜 水族館,0,2,0.0%,35.5
https://urayasu-portal.com/travel-guide/luggage-howto/,舞浜駅 ウェルカムセンター 荷物,0,2,0.0%,10.0
https://urayasu-portal.com/travel-guide/luggage-howto/,舞浜駅 ホテルに荷物を送る,0,2,0.0%,11.5
https://urayasu-portal.com/travel-guide/luggage-howto/,舞浜駅 荷物 ホテル,0,2,0.0%,10.0
https://urayasu-portal.com/travel-guide/luggage/,グランドニッコー東京ベイ 荷物配送,0,2,0.0%,14.5
https://urayasu-portal.com/travel-guide/luggage/,グランドニッコー東京ベイ 荷物預かり,0,2,0.0%,11.0
https://urayasu-portal.com/travel-guide/luggage/,グランドニッコー東京ベイ舞浜荷物送る,0,2,0.0%,11.0
https://urayasu-portal.com/travel-guide/luggage/,ファーストリゾート 荷物預かり,0,2,0.0%,10.5
https://urayasu-portal.com/travel-guide/luggage/,ホテル エミオン 東京ベイ 荷物 預かり,0,2,0.0%,10.0
https://urayasu-portal.com/travel-guide/luggage/,東京ベイ舞浜ホテルファーストリゾート 荷物預かり,0,2,0.0%,17.5
https://urayasu-portal.com/travel-guide/luggage/,浦安ブライトンホテル 東京ベイ 荷物 預かり チェックイン前,0,2,0.0%,10.0
https://urayasu-portal.com/travel-guide/luggage/,舞浜駅 ディズニーホテル 荷物預かり,0,2,0.0%,11.0
https://urayasu-portal.com/travel-guide/luggage/,舞浜駅から荷物送る,0,2,0.0%,11.0
https://urayasu-portal.com/travel-guide/luggage/,舞浜駅で荷物預ける,0,2,0.0%,10.5
https://urayasu-portal.com/travel-guide/maihama-eurasia-spa/,ホテルユーラシア 日帰り温泉,0,2,0.0%,11.5
https://urayasu-portal.com/travel-guide/maihama-eurasia-spa/,ユーラシア 温泉,0,2,0.0%,38.5
https://urayasu-portal.com/travel-guide/maihama-eurasia-spa/,温泉 舞浜,0,2,0.0%,27.0
https://urayasu-portal.com/travel-guide/maihama-eurasia-spa/,舞浜 スパ 日帰り,0,2,0.0%,6.0
https://urayasu-portal.com/travel-guide/maihama-eurasia-spa/,舞浜 温浴施設,0,2,0.0%,5.0
https://urayasu-portal.com/travel-guide/maihama-eurasia-spa/,舞浜 銭湯,0,2,0.0%,37.5
https://urayasu-portal.com/travel-guide/maihama-eurasia-spa/,舞浜 風呂,0,2,0.0%,8.0
https://urayasu-portal.com/travel-guide/maihama-eurasia-spa/,舞浜ユーラシア 日帰り 料金,0,2,0.0%,11.0
https://urayasu-portal.com/travel-guide/maihama-eurasia-spa/,舞浜温泉,0,2,0.0%,29.5
https://urayasu-portal.com/travel-guide/maihama-halloween/,舞浜 ハロウィン 着替え,0,2,0.0%,10.0
https://urayasu-portal.com/travel-guide/teamlab-planets/,チームラボ ディズニー,0,2,0.0%,2.0
https://urayasu-portal.com/travel-guide/urayasu-maihama-access-guide/,浦安サンホテルから舞浜駅,0,2,0.0%,15.5
https://urayasu-portal.com/zh-tw/,urayasu,0,2,0.0%,10.0
https://urayasu-portal.com/zh-tw/tags/%E6%96%B0%E6%B5%A6%E5%AE%89/,新浦安,0,2,0.0%,61.0
https://urayasu-portal.com/zh-tw/travel-guide/,舞濱,0,2,0.0%,29.0
https://urayasu-portal.com/zh-tw/travel-guide/disney-tickets/,東京迪士尼 門票,0,2,0.0%,63.5
https://urayasu-portal.com/zh-tw/travel-guide/hotels/cvs-bay-hotel/,cvs bay hotel,0,2,0.0%,52.0
https://urayasu-portal.com/zh-tw/travel-guide/hotels/fantasy-springs-hotel/,夢幻泉鄉飯店,0,2,0.0%,46.0
https://urayasu-portal.com/zh-tw/travel-guide/hotels/happy-entry/,disney happy entry,0,2,0.0%,7.0
https://urayasu-portal.com/zh-tw/travel-guide/hotels/happy-entry/,happy enter,0,2,0.0%,8.5
https://urayasu-portal.com/zh-tw/travel-guide/hotels/happy-entry/,東京迪士尼飯店提早入園,0,2,0.0%,21.0
https://urayasu-portal.com/zh-tw/travel-guide/hotels/happy-entry/,迪士尼飯店 提早入園,0,2,0.0%,8.5
https://urayasu-portal.com/zh-tw/travel-guide/hotels/luggage-howto/,舞濱站 行李寄放,0,2,0.0%,8.5
https://urayasu-portal.com/zh-tw/travel-guide/hotels/miracosta/,迪士尼海洋住宿,0,2,0.0%,71.5
https://urayasu-portal.com/zh-tw/travel-guide/hotels/shuttle/,東京灣希爾頓接駁車時刻表,0,2,0.0%,1.0
https://urayasu-portal.com/zh-tw/travel-guide/kasai-rinkai-park/,葛西臨海公園,0,2,0.0%,38.0
https://urayasu-portal.com/zh-tw/travel-guide/rainy-day/,迪士尼下雨安排,0,2,0.0%,8.0
https://urayasu-portal.com/zh/travel-guide/hotels/,浦安 酒店服务,0,2,0.0%,40.5
https://urayasu-portal.com/zh/travel-guide/hotels/bayhotel-urayasu/,ベイホテル浦安駅前,0,2,0.0%,86.0
https://urayasu-portal.com/zh/travel-guide/hotels/budget/,酒店比較,0,2,0.0%,68.5
https://urayasu-portal.com/zh/travel-guide/hotels/celebration-discover/,047-381-1188,0,2,0.0%,7.5
https://urayasu-portal.com/zh/travel-guide/hotels/compare/,舞风馆旅馆,0,2,0.0%,8.5
https://urayasu-portal.com/zh/travel-guide/hotels/hotel-daigo-urayasu/,ホテル 醍醐 浦安,0,2,0.0%,50.5
https://urayasu-portal.com/zh/travel-guide/hotels/hotel-lumiere-kasai/,葛西 盧 米 埃 爾 酒店,0,2,0.0%,28.5
https://urayasu-portal.com/zh/travel-guide/hotels/hotel-okura-tokyo-bay/,東京灣大倉酒店,0,2,0.0%,63.5
https://urayasu-portal.com/zh/travel-guide/hotels/hotel-okura-tokyo-bay/,東京灣大倉飯店,0,2,0.0%,76.0
https://urayasu-portal.com/zh/travel-guide/hotels/hotel-seaside-edogawa/,江户川酒店,0,2,0.0%,37.5
https://urayasu-portal.com/zh/travel-guide/hotels/livemax-kasai-ekimae/,max wash & cafe,0,2,0.0%,3.0
https://urayasu-portal.com/zh/travel-guide/hotels/oriental-tokyo-bay/,東京 灣 東方 飯店,0,2,0.0%,82.5
https://urayasu-portal.com/,beach ビーチ 浦安,0,1,0.0%,17.0
https://urayasu-portal.com/,buzz cafe by anella 浦安店,0,1,0.0%,66.0
https://urayasu-portal.com/,go to イート 浦安 バル,0,1,0.0%,48.0
https://urayasu-portal.com/,tsutaya 浦安,0,1,0.0%,68.0
https://urayasu-portal.com/,うららめーる,0,1,0.0%,59.0
https://urayasu-portal.com/,おるすばん灯,0,1,0.0%,36.0
https://urayasu-portal.com/,かき氷 浦安,0,1,0.0%,63.0
https://urayasu-portal.com/,くるまや 浦安,0,1,0.0%,38.0
https://urayasu-portal.com/,さつま や 浦安,0,1,0.0%,61.0
https://urayasu-portal.com/,たぬき 浦安,0,1,0.0%,31.0
https://urayasu-portal.com/,は ま 寿司 ライフ ガーデン 新浦安 店,0,1,0.0%,79.0
https://urayasu-portal.com/,ばくだん大将新浦安店,0,1,0.0%,36.0
https://urayasu-portal.com/,ひとくち餃子 ひろやす,0,1,0.0%,50.0
https://urayasu-portal.com/,べら安食堂,0,1,0.0%,48.0
https://urayasu-portal.com/,ほのか 浦安店,0,1,0.0%,41.0
https://urayasu-portal.com/,まちづくり活動プラザ,0,1,0.0%,59.0
https://urayasu-portal.com/,まるとく新鮮市場,0,1,0.0%,67.0
https://urayasu-portal.com/,ゆめや 浦安,0,1,0.0%,41.0
https://urayasu-portal.com/,アクロスプラザ浦安東野,0,1,0.0%,93.0
https://urayasu-portal.com/,アール元気 浦安,0,1,0.0%,54.0
https://urayasu-portal.com/,イトーヨーカドー 浦安,0,1,0.0%,17.0
https://urayasu-portal.com/,オアシス 浦安,0,1,0.0%,28.0
https://urayasu-portal.com/,オリエンタルランド 新浦安,0,1,0.0%,58.0
https://urayasu-portal.com/,オープンはいつ,0,1,0.0%,3.0
https://urayasu-portal.com/,カルディ 浦安,0,1,0.0%,40.0
https://urayasu-portal.com/,クラシモスタジアム浦安,0,1,0.0%,26.0
https://urayasu-portal.com/,ココス浦安,0,1,0.0%,59.0
https://urayasu-portal.com/,サイゼリヤ浦安パークスクエア店,0,1,0.0%,41.0
https://urayasu-portal.com/,ジョナサン 浦安,0,1,0.0%,50.0
https://urayasu-portal.com/,ステーキハウス リブ 北栄店,0,1,0.0%,56.0
https://urayasu-portal.com/,ツアクローネ 移転 先,0,1,0.0%,48.0
https://urayasu-portal.com/,テディベア 浦安,0,1,0.0%,42.0
https://urayasu-portal.com/,トレードポート,0,1,0.0%,62.0
https://urayasu-portal.com/,バーアドルーク,0,1,0.0%,52.0
https://urayasu-portal.com/,パシオス ライフガーデン新浦安店,0,1,0.0%,58.0
https://urayasu-portal.com/,ビックママ 浦安,0,1,0.0%,38.0
https://urayasu-portal.com/,ベンツ カフェ 新浦安,0,1,0.0%,60.0
https://urayasu-portal.com/,ベンツ カフェ 浦安,0,1,0.0%,65.0
https://urayasu-portal.com/,ポッポ 新浦安店,0,1,0.0%,49.0
https://urayasu-portal.com/,マインド浦安,0,1,0.0%,30.0
https://urayasu-portal.com/,マスダ湖北,0,1,0.0%,73.0
https://urayasu-portal.com/,マリナガーデン新浦安,0,1,0.0%,62.0
https://urayasu-portal.com/,マルエツ浦安,0,1,0.0%,58.0
https://urayasu-portal.com/,マルヤス酒場 浦安店,0,1,0.0%,43.0
https://urayasu-portal.com/,マーブ浦安,0,1,0.0%,62.0
https://urayasu-portal.com/,マーレ 新浦安,0,1,0.0%,72.0
https://urayasu-portal.com/,マーヴ浦安,0,1,0.0%,77.0
https://urayasu-portal.com/,ミスタードーナツ浦安ショップ,0,1,0.0%,50.0
https://urayasu-portal.com/,メルキュール浦安,0,1,0.0%,24.0
https://urayasu-portal.com/,リトルブレイバー 浦安,0,1,0.0%,49.0
https://urayasu-portal.com/,リバーサイド 浦安,0,1,0.0%,36.0
https://urayasu-portal.com/,リヨン ライズ 浦安,0,1,0.0%,51.0
https://urayasu-portal.com/,リンコス ベイタウン店,0,1,0.0%,60.0
https://urayasu-portal.com/,リンツ 浦安,0,1,0.0%,25.0
https://urayasu-portal.com/,ルルト 浦安店,0,1,0.0%,43.0
https://urayasu-portal.com/,ロッテ 浦安,0,1,0.0%,43.0
https://urayasu-portal.com/,ワイズマート 浦安本店,0,1,0.0%,62.0
https://urayasu-portal.com/,ワイズマート浦安本店,0,1,0.0%,62.0
https://urayasu-portal.com/,ワイン食堂 ヴィンセント 浦安店,0,1,0.0%,52.0
https://urayasu-portal.com/,串カツ美安,0,1,0.0%,44.0
https://urayasu-portal.com/,久徳新浦安店,0,1,0.0%,32.0
https://urayasu-portal.com/,今日祭り,0,1,0.0%,4.0
https://urayasu-portal.com/,勝花 浦安,0,1,0.0%,56.0
https://urayasu-portal.com/,味の興安,0,1,0.0%,67.0
https://urayasu-portal.com/,大同 苑 浦安 閉店,0,1,0.0%,24.0
https://urayasu-portal.com/,富士 韓海焔,0,1,0.0%,44.0
https://urayasu-portal.com/,幸楽苑 浦安,0,1,0.0%,59.0
https://urayasu-portal.com/,幸楽苑浦安,0,1,0.0%,66.0
https://urayasu-portal.com/,廣安,0,1,0.0%,57.0
https://urayasu-portal.com/,徳安,0,1,0.0%,57.0
https://urayasu-portal.com/,文教堂 浦安,0,1,0.0%,58.0
https://urayasu-portal.com/,新浦安 イベント 今日,0,1,0.0%,60.0
https://urayasu-portal.com/,新浦安 タリーズ,0,1,0.0%,47.0
https://urayasu-portal.com/,新浦安 マクドナルド,0,1,0.0%,55.0
https://urayasu-portal.com/,新浦安 マーレ,0,1,0.0%,69.0
https://urayasu-portal.com/,新浦安 駅前,0,1,0.0%,71.0
https://urayasu-portal.com/,新浦安tkビルディング,0,1,0.0%,84.0
https://urayasu-portal.com/,新浦安ブログ,0,1,0.0%,2.0
https://urayasu-portal.com/,新浦安マーレ,0,1,0.0%,77.0
https://urayasu-portal.com/,新浦安駅前プラザマーレ,0,1,0.0%,73.0
https://urayasu-portal.com/,日本酒 とりまる 浦安店,0,1,0.0%,49.0
https://urayasu-portal.com/,旬の食卓 富来家 浦安店,0,1,0.0%,44.0
https://urayasu-portal.com/,木田屋 浦安,0,1,0.0%,70.0
https://urayasu-portal.com/,栄ごん,0,1,0.0%,44.0
https://urayasu-portal.com/,泰興 浦安,0,1,0.0%,66.0
https://urayasu-portal.com/,浦安 あさり 串,0,1,0.0%,63.0
https://urayasu-portal.com/,浦安 きんとうん,0,1,0.0%,42.0
https://urayasu-portal.com/,浦安 たぬき,0,1,0.0%,29.0
https://urayasu-portal.com/,浦安 たまりば,0,1,0.0%,37.0
https://urayasu-portal.com/,浦安 もつ鍋,0,1,0.0%,39.0
https://urayasu-portal.com/,浦安 ら てん 休業,0,1,0.0%,30.0
https://urayasu-portal.com/,浦安 らでん,0,1,0.0%,36.0
https://urayasu-portal.com/,浦安 アウトレット,0,1,0.0%,47.0
https://urayasu-portal.com/,浦安 アンジュ 閉店,0,1,0.0%,21.0
https://urayasu-portal.com/,浦安 ウニ,0,1,0.0%,33.0
https://urayasu-portal.com/,浦安 オイスター,0,1,0.0%,37.0
https://urayasu-portal.com/,浦安 オープン,0,1,0.0%,33.0
https://urayasu-portal.com/,浦安 ココス,0,1,0.0%,53.0
https://urayasu-portal.com/,浦安 ジャングル,0,1,0.0%,36.0
https://urayasu-portal.com/,浦安 ダイエー,0,1,0.0%,76.0
https://urayasu-portal.com/,浦安 テイクアウト,0,1,0.0%,63.0
https://urayasu-portal.com/,浦安 ドトール,0,1,0.0%,71.0
https://urayasu-portal.com/,浦安 ビアガーデン,0,1,0.0%,63.0
https://urayasu-portal.com/,浦安 ファミレス,0,1,0.0%,43.0
https://urayasu-portal.com/,浦安 マルエツ,0,1,0.0%,55.0
https://urayasu-portal.com/,浦安 マーヴ,0,1,0.0%,83.0
https://urayasu-portal.com/,浦安 三社祭,0,1,0.0%,3.0
https://urayasu-portal.com/,浦安 串揚げ,0,1,0.0%,50.0
https://urayasu-portal.com/,浦安 大同苑,0,1,0.0%,39.0
https://urayasu-portal.com/,浦安 大好き,0,1,0.0%,50.0
https://urayasu-portal.com/,浦安 市役所 食堂,0,1,0.0%,52.0
https://urayasu-portal.com/,浦安 弁天,0,1,0.0%,46.0
https://urayasu-portal.com/,浦安 新聞,0,1,0.0%,45.0
https://urayasu-portal.com/,浦安 春香,0,1,0.0%,56.0
https://urayasu-portal.com/,浦安 楽,0,1,0.0%,33.0
https://urayasu-portal.com/,浦安 無印,0,1,0.0%,42.0
https://urayasu-portal.com/,浦安 焼肉キング,0,1,0.0%,41.0
https://urayasu-portal.com/,浦安 牛角,0,1,0.0%,55.0
https://urayasu-portal.com/,浦安 買い物,0,1,0.0%,32.0
https://urayasu-portal.com/,浦安 越後屋,0,1,0.0%,63.0
https://urayasu-portal.com/,浦安 銀だこ,0,1,0.0%,47.0
https://urayasu-portal.com/,浦安ファミレス,0,1,0.0%,43.0
https://urayasu-portal.com/,浦安マーケッツ,0,1,0.0%,17.0
https://urayasu-portal.com/,浦安万華鏡 跡地,0,1,0.0%,74.0
https://urayasu-portal.com/,浦安三社祭,0,1,0.0%,3.0
https://urayasu-portal.com/,浦安幸来,0,1,0.0%,3.0
https://urayasu-portal.com/,浦安焼肉キング,0,1,0.0%,46.0
https://urayasu-portal.com/,浦安駅 ダーツ,0,1,0.0%,49.0
https://urayasu-portal.com/,焼肉 ありらん 浦安店,0,1,0.0%,46.0
https://urayasu-portal.com/,焼肉 キング 浦安,0,1,0.0%,52.0
https://urayasu-portal.com/,牛角 浦安,0,1,0.0%,54.0
https://urayasu-portal.com/,神戸屋 浦安,0,1,0.0%,50.0
https://urayasu-portal.com/,美鈴モール,0,1,0.0%,66.0
https://urayasu-portal.com/,興安亭名菜 しん,0,1,0.0%,46.0
https://urayasu-portal.com/,興安園,0,1,0.0%,41.0
https://urayasu-portal.com/,舞浜 イベント,0,1,0.0%,36.0
https://urayasu-portal.com/,良安食堂,0,1,0.0%,50.0
https://urayasu-portal.com/,行徳 マルエツ 跡地,0,1,0.0%,1.0
https://urayasu-portal.com/,行徳 弁天 閉店,0,1,0.0%,9.0
https://urayasu-portal.com/,行徳 祭り 2026,0,1,0.0%,5.0
https://urayasu-portal.com/,西松屋 浦安,0,1,0.0%,27.0
https://urayasu-portal.com/,越後屋 浦安,0,1,0.0%,47.0
https://urayasu-portal.com/,酒場ヒデユリ,0,1,0.0%,46.0
https://urayasu-portal.com/,金安軒,0,1,0.0%,47.0
https://urayasu-portal.com/,閉店セール 近く,0,1,0.0%,3.0
https://urayasu-portal.com/,雷鳥 浦安,0,1,0.0%,27.0
https://urayasu-portal.com/about/,うららめーる,0,1,0.0%,42.0
https://urayasu-portal.com/about/,ポッポ 新浦安店,0,1,0.0%,44.0
https://urayasu-portal.com/about/,マーヴ浦安,0,1,0.0%,13.0
https://urayasu-portal.com/categories/%E3%82%A4%E3%83%99%E3%83%B3%E3%83%88/,新浦安 イベント 今日,0,1,0.0%,37.0
https://urayasu-portal.com/categories/%E3%82%A4%E3%83%99%E3%83%B3%E3%83%88/,浦安市 イベント,0,1,0.0%,34.0
https://urayasu-portal.com/categories/%E3%82%A4%E3%83%99%E3%83%B3%E3%83%88/,浦安市イベント,0,1,0.0%,40.0
https://urayasu-portal.com/categories/%E3%82%B9%E3%83%9D%E3%83%BC%E3%83%84/,フットサル 浦安,0,1,0.0%,25.0
https://urayasu-portal.com/categories/%E3%82%B9%E3%83%9D%E3%83%BC%E3%83%84/,フットサル浦安,0,1,0.0%,25.0
https://urayasu-portal.com/categories/%E3%82%B9%E3%83%9D%E3%83%BC%E3%83%84/,メニーナ,0,1,0.0%,10.0
https://urayasu-portal.com/categories/%E3%82%B9%E3%83%9D%E3%83%BC%E3%83%84/,浦安 フットサル,0,1,0.0%,50.0
https://urayasu-portal.com/categories/%E3%83%8B%E3%83%A5%E3%83%BC%E3%82%B9%E4%BA%8B%E4%BB%B6%E4%BA%8B%E6%95%85/,浦安 ニュース 事件,0,1,0.0%,21.0
https://urayasu-portal.com/categories/%E3%83%8B%E3%83%A5%E3%83%BC%E3%82%B9/,新浦安 ニュース,0,1,0.0%,9.0
https://urayasu-portal.com/categories/%E3%83%8B%E3%83%A5%E3%83%BC%E3%82%B9/,浦安ニュース,0,1,0.0%,17.0
https://urayasu-portal.com/categories/%E3%83%8B%E3%83%A5%E3%83%BC%E3%82%B9/,浦安市 ニュース,0,1,0.0%,10.0
https://urayasu-portal.com/categories/%E9%96%8B%E5%BA%97%E9%96%89%E5%BA%97/,クイーンズ伊勢丹 新浦安,0,1,0.0%,8.0
https://urayasu-portal.com/categories/%E9%96%8B%E5%BA%97%E9%96%89%E5%BA%97/,トライアル西友浦安,0,1,0.0%,105.0
https://urayasu-portal.com/categories/%E9%96%8B%E5%BA%97%E9%96%89%E5%BA%97/,浦安 アンジュ 閉店,0,1,0.0%,11.0
https://urayasu-portal.com/categories/%E9%96%8B%E5%BA%97%E9%96%89%E5%BA%97/,浦安 オープン,0,1,0.0%,22.0
https://urayasu-portal.com/categories/%E9%96%8B%E5%BA%97%E9%96%89%E5%BA%97/,浦安 飲食店 人気,0,1,0.0%,5.0
https://urayasu-portal.com/categories/%E9%96%8B%E5%BA%97%E9%96%89%E5%BA%97/,西友 改装,0,1,0.0%,40.0
https://urayasu-portal.com/categories/%E9%96%8B%E5%BA%97%E9%96%89%E5%BA%97/,西友 閉店 予定 2026,0,1,0.0%,35.0
https://urayasu-portal.com/contact/,開店情報,0,1,0.0%,55.0
https://urayasu-portal.com/daily/?month=2026-07,シェラトン ガーデンプール,0,1,0.0%,46.0
https://urayasu-portal.com/daily/?month=2026-07,シェラトン 舞浜,0,1,0.0%,33.0
https://urayasu-portal.com/daily/?month=2026-08,8月の休みは？,0,1,0.0%,9.0
https://urayasu-portal.com/en/,bon voyage urayasu,0,1,0.0%,30.0
https://urayasu-portal.com/en/,things to do in urayasu,0,1,0.0%,50.0
https://urayasu-portal.com/en/,things to do in urayasu japan,0,1,0.0%,51.0
https://urayasu-portal.com/en/,tokyo to urayasu,0,1,0.0%,50.0
https://urayasu-portal.com/en/,urayasu comprehensive park,0,1,0.0%,36.0
https://urayasu-portal.com/en/,urayasu mangekyo,0,1,0.0%,48.0
https://urayasu-portal.com/en/,urayasu park,0,1,0.0%,45.0
https://urayasu-portal.com/en/,urayasu station,0,1,0.0%,60.0
https://urayasu-portal.com/en/,urayasu tokyo,0,1,0.0%,59.0
https://urayasu-portal.com/en/,what to do in urayasu japan,0,1,0.0%,37.0
https://urayasu-portal.com/en/tags/hotel/,hotels in urayasu japan,0,1,0.0%,52.0
https://urayasu-portal.com/en/tags/shin-urayasu/,shin urayasu station to tokyo station,0,1,0.0%,44.0
https://urayasu-portal.com/en/tags/shin-urayasu/,urayasu shi,0,1,0.0%,83.0
https://urayasu-portal.com/en/tags/shin-urayasu/,urayasu-shi,0,1,0.0%,63.0
https://urayasu-portal.com/en/tags/shin-urayasu/,신우라야스 풍속,0,1,0.0%,41.0
https://urayasu-portal.com/en/tags/tokyo-disney-resort/,tokyo disney resort official access maihama urayasu chiba,0,1,0.0%,11.0
https://urayasu-portal.com/en/tags/urayasu/,urayasu station,0,1,0.0%,72.0
https://urayasu-portal.com/en/tags/urayasu/,urayasu-shi,0,1,0.0%,54.0
https://urayasu-portal.com/en/travel-guide/,shin urayasu,0,1,0.0%,66.0
https://urayasu-portal.com/en/travel-guide/,shin-urayasu,0,1,0.0%,61.0
https://urayasu-portal.com/en/travel-guide/,things to do in urayasu,0,1,0.0%,39.0
https://urayasu-portal.com/en/travel-guide/,tokyo to urayasu,0,1,0.0%,33.0
https://urayasu-portal.com/en/travel-guide/,urayasu station to disneyland,0,1,0.0%,85.0
https://urayasu-portal.com/en/travel-guide/,what to do in urayasu japan,0,1,0.0%,49.0
https://urayasu-portal.com/en/travel-guide/disney-tickets/,17時から,0,1,0.0%,3.0
https://urayasu-portal.com/en/travel-guide/disney-tickets/,best place to buy disneysea tickets,0,1,0.0%,37.0
https://urayasu-portal.com/en/travel-guide/disney-tickets/,best place to buy tokyo disneyland tickets,0,1,0.0%,36.0
https://urayasu-portal.com/en/travel-guide/disney-tickets/,book tokyo disneyland,0,1,0.0%,52.0
https://urayasu-portal.com/en/travel-guide/disney-tickets/,both,0,1,0.0%,6.0
https://urayasu-portal.com/en/travel-guide/disney-tickets/,buy disney tickets,0,1,0.0%,39.0
https://urayasu-portal.com/en/travel-guide/disney-tickets/,buy disneyland tickets tokyo,0,1,0.0%,49.0
https://urayasu-portal.com/en/travel-guide/disney-tickets/,buy disneysea tokyo tickets,0,1,0.0%,45.0
https://urayasu-portal.com/en/travel-guide/disney-tickets/,buy tokyo disney sea tickets,0,1,0.0%,37.0
https://urayasu-portal.com/en/travel-guide/disney-tickets/,buy tokyo disney tickets,0,1,0.0%,44.0
https://urayasu-portal.com/en/travel-guide/disney-tickets/,buy tokyo disneysea tickets,0,1,0.0%,40.0
https://urayasu-portal.com/en/travel-guide/disney-tickets/,can you buy disneysea tickets at the gate,0,1,0.0%,28.0
https://urayasu-portal.com/en/travel-guide/disney-tickets/,can you buy tokyo disney premier access in advance,0,1,0.0%,42.0
https://urayasu-portal.com/en/travel-guide/disney-tickets/,disneyland japan tickets,0,1,0.0%,58.0
https://urayasu-portal.com/en/travel-guide/disney-tickets/,disneyland ticket buy,0,1,0.0%,53.0
https://urayasu-portal.com/en/travel-guide/disney-tickets/,disneyland tokyo,0,1,0.0%,8.0
https://urayasu-portal.com/en/travel-guide/disney-tickets/,disneyland tokyo entrance fee,0,1,0.0%,56.0
https://urayasu-portal.com/en/travel-guide/disney-tickets/,disneyland tokyo ticket,0,1,0.0%,64.0
https://urayasu-portal.com/en/travel-guide/disney-tickets/,disneyland tokyo tickets,0,1,0.0%,57.0
https://urayasu-portal.com/en/travel-guide/disney-tickets/,do disneysea tickets sell out,0,1,0.0%,23.0
https://urayasu-portal.com/en/travel-guide/disney-tickets/,do you need to buy tokyo disneyland tickets in advance?,0,1,0.0%,28.0
https://urayasu-portal.com/en/travel-guide/disney-tickets/,how much does it cost to get into tokyo disneyland?,0,1,0.0%,48.0
https://urayasu-portal.com/en/travel-guide/disney-tickets/,how to book disneysea tickets,0,1,0.0%,26.0
https://urayasu-portal.com/en/travel-guide/disney-tickets/,how to buy disney sea tickets,0,1,0.0%,39.0
https://urayasu-portal.com/en/travel-guide/disney-tickets/,how to buy disneysea tickets,0,1,0.0%,46.0
https://urayasu-portal.com/en/travel-guide/disney-tickets/,how to buy tickets for disneyland tokyo,0,1,0.0%,55.0
https://urayasu-portal.com/en/travel-guide/disney-tickets/,how to buy tickets for tokyo disneyland,0,1,0.0%,53.0
https://urayasu-portal.com/en/travel-guide/disney-tickets/,how to buy tokyo disney sea tickets,0,1,0.0%,43.0
https://urayasu-portal.com/en/travel-guide/disney-tickets/,how to get disneysea tickets,0,1,0.0%,46.0
https://urayasu-portal.com/en/travel-guide/disney-tickets/,how to purchase tokyo disneyland tickets,0,1,0.0%,43.0
https://urayasu-portal.com/en/travel-guide/disney-tickets/,japan disneyland tickets price,0,1,0.0%,49.0
https://urayasu-portal.com/en/travel-guide/disney-tickets/,purchase disneyland tokyo tickets,0,1,0.0%,32.0
https://urayasu-portal.com/en/travel-guide/disney-tickets/,purchase tokyo disneyland tickets,0,1,0.0%,47.0
https://urayasu-portal.com/en/travel-guide/disney-tickets/,should i buy disneysea tickets in advance,0,1,0.0%,29.0
https://urayasu-portal.com/en/travel-guide/disney-tickets/,tickets to disney tokyo,0,1,0.0%,37.0
https://urayasu-portal.com/en/travel-guide/disney-tickets/,tokyo disney buy tickets,0,1,0.0%,47.0
https://urayasu-portal.com/en/travel-guide/disney-tickets/,tokyo disney land ticket,0,1,0.0%,62.0
https://urayasu-portal.com/en/travel-guide/disney-tickets/,tokyo disney park tickets,0,1,0.0%,54.0
https://urayasu-portal.com/en/travel-guide/disney-tickets/,tokyo disneyland japan ticket price,0,1,0.0%,51.0
https://urayasu-portal.com/en/travel-guide/disney-tickets/,tokyo japan disney tickets,0,1,0.0%,47.0
https://urayasu-portal.com/en/travel-guide/disney-tickets/,when do disneysea tickets go on sale,0,1,0.0%,27.0
https://urayasu-portal.com/en/travel-guide/disney-tickets/,when do tokyo disneyland tickets go on sale,0,1,0.0%,35.0
https://urayasu-portal.com/en/travel-guide/disney-tickets/,when to book tokyo disneyland tickets,0,1,0.0%,41.0
https://urayasu-portal.com/en/travel-guide/disney-tickets/,when to buy disney sea tickets,0,1,0.0%,34.0
https://urayasu-portal.com/en/travel-guide/disney-tickets/,when to buy disneysea tickets,0,1,0.0%,35.0
https://urayasu-portal.com/en/travel-guide/disney-tickets/,where to buy disney sea tickets,0,1,0.0%,45.0
https://urayasu-portal.com/en/travel-guide/disney-tickets/,where to buy tokyo disney tickets,0,1,0.0%,50.0
https://urayasu-portal.com/en/travel-guide/disney-tickets/,転売,0,1,0.0%,6.0
https://urayasu-portal.com/en/travel-guide/hotels/,bay hotel urayasu ekimae,0,1,0.0%,21.0
https://urayasu-portal.com/en/travel-guide/hotels/,flexstay inn shin urayasu,0,1,0.0%,23.0
https://urayasu-portal.com/en/travel-guide/hotels/,hotel eurasia maihama,0,1,0.0%,44.0
https://urayasu-portal.com/en/travel-guide/hotels/,hotel mystay maihama,0,1,0.0%,26.0
https://urayasu-portal.com/en/travel-guide/hotels/,hotel near maihama station,0,1,0.0%,27.0
https://urayasu-portal.com/en/travel-guide/hotels/,hotel near shin urayasu station,0,1,0.0%,8.0
https://urayasu-portal.com/en/travel-guide/hotels/,hotel trend asakusa,0,1,0.0%,81.0
https://urayasu-portal.com/en/travel-guide/hotels/,how do i book a room at one of the official hotels in the maihama area?,0,1,0.0%,8.0
https://urayasu-portal.com/en/travel-guide/hotels/,maihama eurasia hotel,0,1,0.0%,61.0
https://urayasu-portal.com/en/travel-guide/hotels/,maihama hotels,0,1,0.0%,20.0
https://urayasu-portal.com/en/travel-guide/hotels/,maihama view hotel by hulic,0,1,0.0%,27.0
https://urayasu-portal.com/en/travel-guide/hotels/,mystays shin urayasu conference center,0,1,0.0%,31.0
https://urayasu-portal.com/en/travel-guide/hotels/,spa & hotel maihama eurasia,0,1,0.0%,46.0
https://urayasu-portal.com/en/travel-guide/hotels/,tokyo disneyland urayasu,0,1,0.0%,25.0
https://urayasu-portal.com/en/travel-guide/hotels/,urayasu hotel,0,1,0.0%,34.0
https://urayasu-portal.com/en/travel-guide/hotels/,urayasu japan hotels,0,1,0.0%,28.0
https://urayasu-portal.com/en/travel-guide/hotels/,urayasu+brighton+hotel+tokyo+bay,0,1,0.0%,36.0
https://urayasu-portal.com/en/travel-guide/hotels/,urayasu-shi,0,1,0.0%,65.0
https://urayasu-portal.com/en/travel-guide/hotels/,"what hotels are available in tokyo disneysea® urayasu, chiba prefecture, japan?",0,1,0.0%,12.0
https://urayasu-portal.com/en/travel-guide/hotels/,もっと,0,1,0.0%,17.0
https://urayasu-portal.com/en/travel-guide/hotels/,還有沒有其他,0,1,0.0%,5.0
https://urayasu-portal.com/en/travel-guide/hotels/access/,hotel mystays maihama urayasu,0,1,0.0%,42.0
https://urayasu-portal.com/en/travel-guide/hotels/access/,urayasu hotels,0,1,0.0%,49.0
https://urayasu-portal.com/en/travel-guide/hotels/brighton-tokyo-bay/,bay hotel urayasu,0,1,0.0%,46.0
https://urayasu-portal.com/en/travel-guide/hotels/brighton-tokyo-bay/,brighton hotel tokyo,0,1,0.0%,23.0
https://urayasu-portal.com/en/travel-guide/hotels/brighton-tokyo-bay/,tokyo to urayasu,0,1,0.0%,44.0
https://urayasu-portal.com/en/travel-guide/hotels/brighton-tokyo-bay/,urayasu brighton hotel connected to shin-urayasu station,0,1,0.0%,10.0
https://urayasu-portal.com/en/travel-guide/hotels/brighton-tokyo-bay/,urayasu brighton hotel free shuttle bus to tokyo disney resort 17 minutes,0,1,0.0%,11.0
https://urayasu-portal.com/en/travel-guide/hotels/brighton-tokyo-bay/,urayasu brighton hotel free shuttle bus to tokyo disneyland,0,1,0.0%,11.0
https://urayasu-portal.com/en/travel-guide/hotels/brighton-tokyo-bay/,urayasu brighton hotel tokyo bay baggage storage before check-in,0,1,0.0%,11.0
https://urayasu-portal.com/en/travel-guide/hotels/brighton-tokyo-bay/,urayasu brighton hotel tokyo bay direct access shin-urayasu station,0,1,0.0%,12.0
https://urayasu-portal.com/en/travel-guide/hotels/brighton-tokyo-bay/,urayasu brighton hotel tokyo bay location station,0,1,0.0%,10.0
https://urayasu-portal.com/en/travel-guide/hotels/brighton-tokyo-bay/,urayasu brighton hotel tokyo bay station connected shin-urayasu,0,1,0.0%,8.0
https://urayasu-portal.com/en/travel-guide/hotels/brighton-tokyo-bay/,what hotel is this?,0,1,0.0%,6.0
https://urayasu-portal.com/en/travel-guide/hotels/brighton-tokyo-bay/,where?,0,1,0.0%,11.0
https://urayasu-portal.com/en/travel-guide/hotels/brighton-tokyo-bay/,yes,0,1,0.0%,3.0
https://urayasu-portal.com/en/travel-guide/hotels/brighton-tokyo-bay/,何時からやってる？,0,1,0.0%,5.0
https://urayasu-portal.com/en/travel-guide/hotels/brighton-tokyo-bay/,温泉あるの？,0,1,0.0%,5.0
https://urayasu-portal.com/en/travel-guide/hotels/brighton-tokyo-bay/,駐車場,0,1,0.0%,7.0
https://urayasu-portal.com/en/travel-guide/hotels/budget/,cheap hotel near disneyland tokyo,0,1,0.0%,41.0
https://urayasu-portal.com/en/travel-guide/hotels/budget/,cheap hotels near tokyo disney,0,1,0.0%,43.0
https://urayasu-portal.com/en/travel-guide/hotels/budget/,cheaper price,0,1,0.0%,7.0
https://urayasu-portal.com/en/travel-guide/hotels/budget/,cheapest tokyo disneyland hotel,0,1,0.0%,44.0
https://urayasu-portal.com/en/travel-guide/hotels/budget/,hotel mystays maihama urayasu,0,1,0.0%,25.0
https://urayasu-portal.com/en/travel-guide/hotels/budget/,respond in the following language: japanese (日本語) responses should be strictly in the context of the following country: japan. 新浦安駅の近くで、安いホテルってありますか？,0,1,0.0%,15.0
https://urayasu-portal.com/en/travel-guide/hotels/budget/,respond in the following language: japanese (日本語) responses should be strictly in the context of the following country: japan. 浦安でお手頃なホテルってどこかある？,0,1,0.0%,23.0
https://urayasu-portal.com/en/travel-guide/hotels/budget/,urayasu hotels,0,1,0.0%,34.0
https://urayasu-portal.com/en/travel-guide/hotels/budget/,お願いします,0,1,0.0%,7.0
https://urayasu-portal.com/en/travel-guide/hotels/budget/,カプセルホテル以外,0,1,0.0%,9.0
https://urayasu-portal.com/en/travel-guide/hotels/budget/,一万以下で,0,1,0.0%,7.0
https://urayasu-portal.com/en/travel-guide/hotels/budget/,他にホテルは？,0,1,0.0%,9.0
https://urayasu-portal.com/en/travel-guide/hotels/budget/,安い,0,1,0.0%,9.0
https://urayasu-portal.com/en/travel-guide/hotels/budget/,安いのは？,0,1,0.0%,8.0
https://urayasu-portal.com/en/travel-guide/hotels/budget/,너무 비싸네,0,1,0.0%,6.0
https://urayasu-portal.com/en/travel-guide/hotels/celebration-discover/,473811188,0,1,0.0%,52.0
https://urayasu-portal.com/en/travel-guide/hotels/celebration-discover/,disney celebration hotel discover,0,1,0.0%,7.0
https://urayasu-portal.com/en/travel-guide/hotels/celebration-discover/,disney discovery hotel,0,1,0.0%,12.0
https://urayasu-portal.com/en/travel-guide/hotels/celebration-discover/,tokyo disney celebration hotel discover standard room,0,1,0.0%,18.0
https://urayasu-portal.com/en/travel-guide/hotels/celebration-discover/,tokyo disney celebration hotel wish vs discover,0,1,0.0%,25.0
https://urayasu-portal.com/en/travel-guide/hotels/celebration-discover/,それ教えて,0,1,0.0%,13.0
https://urayasu-portal.com/en/travel-guide/hotels/comfort-suites-tokyo-bay/,8/27號,0,1,0.0%,10.0
https://urayasu-portal.com/en/travel-guide/hotels/comfort-suites-tokyo-bay/,city bus,0,1,0.0%,2.0
https://urayasu-portal.com/en/travel-guide/hotels/comfort-suites-tokyo-bay/,comfort inn tokyo bay,0,1,0.0%,38.0
https://urayasu-portal.com/en/travel-guide/hotels/comfort-suites-tokyo-bay/,delccs tokyo bay,0,1,0.0%,49.0
https://urayasu-portal.com/en/travel-guide/hotels/comfort-suites-tokyo-bay/,shuttle,0,1,0.0%,4.0
https://urayasu-portal.com/en/travel-guide/hotels/comfort-suites-tokyo-bay/,shuttle bus times,0,1,0.0%,6.0
https://urayasu-portal.com/en/travel-guide/hotels/comfort-suites-tokyo-bay/,til what time?,0,1,0.0%,3.0
https://urayasu-portal.com/en/travel-guide/hotels/comfort-suites-tokyo-bay/,お願いします,0,1,0.0%,3.0
https://urayasu-portal.com/en/travel-guide/hotels/comfort-suites-tokyo-bay/,他のホテル,0,1,0.0%,5.0
https://urayasu-portal.com/en/travel-guide/hotels/comfort-suites-tokyo-bay/,何番？,0,1,0.0%,6.0
https://urayasu-portal.com/en/travel-guide/hotels/comfort-suites-tokyo-bay/,平日,0,1,0.0%,2.0
https://urayasu-portal.com/en/travel-guide/hotels/comfort-suites-tokyo-bay/,我需要時刻表,0,1,0.0%,6.0
https://urayasu-portal.com/en/travel-guide/hotels/comfort-suites-tokyo-bay/,荷物は預けられる？,0,1,0.0%,2.0
https://urayasu-portal.com/en/travel-guide/hotels/comfort-suites-tokyo-bay/#access,comfort suites tokyo bay shuttle bus,0,1,0.0%,13.0
https://urayasu-portal.com/en/travel-guide/hotels/comfort-suites-tokyo-bay/#best-for,comfort suites tokyo bay shuttle bus,0,1,0.0%,13.0
https://urayasu-portal.com/en/travel-guide/hotels/comfort-suites-tokyo-bay/#facilities--services,comfort suites tokyo bay shuttle bus,0,1,0.0%,13.0
https://urayasu-portal.com/en/travel-guide/hotels/comfort-suites-tokyo-bay/#map,comfort suites tokyo bay shuttle bus,0,1,0.0%,13.0
https://urayasu-portal.com/en/travel-guide/hotels/compare/,fantasy springs hotel map,0,1,0.0%,32.0
https://urayasu-portal.com/en/travel-guide/hotels/compare/,hiyori hotel maihama,0,1,0.0%,27.0
https://urayasu-portal.com/en/travel-guide/hotels/compare/,hotel mystays maihama urayasu,0,1,0.0%,34.0
https://urayasu-portal.com/en/travel-guide/hotels/compare/,maihama eurasia hotel,0,1,0.0%,50.0
https://urayasu-portal.com/en/travel-guide/hotels/compare/,spa&hotel maihama eurasia,0,1,0.0%,51.0
https://urayasu-portal.com/en/travel-guide/hotels/compare/,tokyo disney hotel comparison,0,1,0.0%,35.0
https://urayasu-portal.com/en/travel-guide/hotels/compare/,tokyo disney hotels map,0,1,0.0%,39.0
https://urayasu-portal.com/en/travel-guide/hotels/compare/,tokyo hotel comparison,0,1,0.0%,44.0
https://urayasu-portal.com/en/travel-guide/hotels/compare/,urayasu hotels with shuttle,0,1,0.0%,24.0
https://urayasu-portal.com/en/travel-guide/hotels/dreamgate-maihama/,dream gate stand,0,1,0.0%,51.0
https://urayasu-portal.com/en/travel-guide/hotels/dreamgate-maihama/,dreamgate maihama,0,1,0.0%,12.0
https://urayasu-portal.com/en/travel-guide/hotels/dreamgate-maihama/,ここからは？,0,1,0.0%,3.0
https://urayasu-portal.com/en/travel-guide/hotels/dreamgate-maihama/,嘘じゃないですか？,0,1,0.0%,2.0
https://urayasu-portal.com/en/travel-guide/hotels/dreamgate-maihama/,改札内？,0,1,0.0%,4.0
https://urayasu-portal.com/en/travel-guide/hotels/emion-tokyo-bay/,2かな,0,1,0.0%,5.0
https://urayasu-portal.com/en/travel-guide/hotels/emion-tokyo-bay/,hotel emion tokyo bay shuttle bus,0,1,0.0%,25.0
https://urayasu-portal.com/en/travel-guide/hotels/emion-tokyo-bay/,うん,0,1,0.0%,1.0
https://urayasu-portal.com/en/travel-guide/hotels/facilities/,大浴場はない？,0,1,0.0%,5.0
https://urayasu-portal.com/en/travel-guide/hotels/fantasy-springs-hotel/,fantasy spring grand chateau,0,1,0.0%,37.0
https://urayasu-portal.com/en/travel-guide/hotels/fantasy-springs-hotel/,fantasy spring hotel price,0,1,0.0%,6.0
https://urayasu-portal.com/en/travel-guide/hotels/fantasy-springs-hotel/,fantasy spring resort,0,1,0.0%,42.0
https://urayasu-portal.com/en/travel-guide/hotels/fantasy-springs-hotel/,fantasy springs,0,1,0.0%,45.0
https://urayasu-portal.com/en/travel-guide/hotels/fantasy-springs-hotel/,fantasy springs address,0,1,0.0%,51.0
https://urayasu-portal.com/en/travel-guide/hotels/fantasy-springs-hotel/,fantasy springs chateau,0,1,0.0%,30.0
https://urayasu-portal.com/en/travel-guide/hotels/fantasy-springs-hotel/,fantasy springs hotel,0,1,0.0%,46.0
https://urayasu-portal.com/en/travel-guide/hotels/fantasy-springs-hotel/,fantasy springs hotel and casino,0,1,0.0%,38.0
https://urayasu-portal.com/en/travel-guide/hotels/fantasy-springs-hotel/,fantasy springs hotel cost,0,1,0.0%,22.0
https://urayasu-portal.com/en/travel-guide/hotels/fantasy-springs-hotel/,fantasy springs hotel disneysea,0,1,0.0%,41.0
https://urayasu-portal.com/en/travel-guide/hotels/fantasy-springs-hotel/,fantasy springs hotel grand chateau,0,1,0.0%,26.0
https://urayasu-portal.com/en/travel-guide/hotels/fantasy-springs-hotel/,fantasy springs hotel rooms,0,1,0.0%,34.0
https://urayasu-portal.com/en/travel-guide/hotels/fantasy-springs-hotel/,fantasy springs resort,0,1,0.0%,41.0
https://urayasu-portal.com/en/travel-guide/hotels/fantasy-springs-hotel/,fantasy springs tickets,0,1,0.0%,30.0
https://urayasu-portal.com/en/travel-guide/hotels/fantasy-springs-hotel/,tokyo disneysea fantasy springs hotel grand chateau,0,1,0.0%,32.0
https://urayasu-portal.com/en/travel-guide/hotels/fantasy-springs-hotel/,いつからいつまでやってた？,0,1,0.0%,2.0
https://urayasu-portal.com/en/travel-guide/hotels/fantasy-springs-hotel/,これは最新情報？,0,1,0.0%,2.0
https://urayasu-portal.com/en/travel-guide/hotels/grand-monday-resort-maihama/,exact time,0,1,0.0%,3.0
https://urayasu-portal.com/en/travel-guide/hotels/grand-monday-resort-maihama/,indoor hot pool,0,1,0.0%,3.0
https://urayasu-portal.com/en/travel-guide/hotels/grand-monday-resort-maihama/,mogen kinderen,0,1,0.0%,5.0
https://urayasu-portal.com/en/travel-guide/hotels/grand-monday-resort-maihama/,what’s their phone number?,0,1,0.0%,3.0
https://urayasu-portal.com/en/travel-guide/hotels/grand-monday-resort-maihama/,when did the hotel open?,0,1,0.0%,3.0
https://urayasu-portal.com/en/travel-guide/hotels/grand-monday-resort-maihama/,混雑しやすい時間,0,1,0.0%,3.0
https://urayasu-portal.com/en/travel-guide/hotels/happy-entry/,disney ambassador hotel happy entry,0,1,0.0%,11.0
https://urayasu-portal.com/en/travel-guide/hotels/happy-entry/,disney tokyo early entry,0,1,0.0%,12.0
https://urayasu-portal.com/en/travel-guide/hotels/happy-entry/,disneyland tokyo happy entry,0,1,0.0%,18.0
https://urayasu-portal.com/en/travel-guide/hotels/happy-entry/,early entry disneyland tokyo,0,1,0.0%,15.0
https://urayasu-portal.com/en/travel-guide/hotels/happy-entry/,early entry tokyo disneyland,0,1,0.0%,13.0
https://urayasu-portal.com/en/travel-guide/hotels/happy-entry/,early morning and late evening,0,1,0.0%,4.0
https://urayasu-portal.com/en/travel-guide/hotels/happy-entry/,happy entry tokyo disneysea,0,1,0.0%,13.0
https://urayasu-portal.com/en/travel-guide/hotels/happy-entry/,nohga hotel,0,1,0.0%,2.0
https://urayasu-portal.com/en/travel-guide/hotels/happy-entry/,tokyo disney happy entry eligible hotels 2026,0,1,0.0%,11.0
https://urayasu-portal.com/en/travel-guide/hotels/happy-entry/,tokyo disney hotels with early entry,0,1,0.0%,15.0
https://urayasu-portal.com/en/travel-guide/hotels/happy-entry/,tokyo disney resort happy entry eligible hotels 2026 official,0,1,0.0%,8.0
https://urayasu-portal.com/en/travel-guide/hotels/happy-entry/,tokyo disneyland early entry,0,1,0.0%,14.0
https://urayasu-portal.com/en/travel-guide/hotels/happy-entry/,tokyo disneyland happy entry location,0,1,0.0%,9.0
https://urayasu-portal.com/en/travel-guide/hotels/happy-entry/,what is happy entry at tokyo disney,0,1,0.0%,10.0
https://urayasu-portal.com/en/travel-guide/hotels/happy-entry/,アーリーエントリー,0,1,0.0%,14.0
https://urayasu-portal.com/en/travel-guide/hotels/happy-entry/,グランドニッコーベイ舞浜,0,1,0.0%,2.0
https://urayasu-portal.com/en/travel-guide/hotels/happy-entry/,ハッピーエントリー,0,1,0.0%,5.0
https://urayasu-portal.com/en/travel-guide/hotels/happy-entry/,ハッピーエントリーとは,0,1,0.0%,11.0
https://urayasu-portal.com/en/travel-guide/hotels/happy-entry/,ホテルオークラ東京ベイ ハッピーエントリー,0,1,0.0%,5.0
https://urayasu-portal.com/en/travel-guide/hotels/happy-entry/,舞浜ビューホテルは？,0,1,0.0%,2.0
https://urayasu-portal.com/en/travel-guide/hotels/henna-hotel-maihama/,climate control?,0,1,0.0%,6.0
https://urayasu-portal.com/en/travel-guide/hotels/hilton-tokyo-bay/,047-355-5000,0,1,0.0%,23.0
https://urayasu-portal.com/en/travel-guide/hotels/hilton-tokyo-bay/,24 hour shop near me,0,1,0.0%,1.0
https://urayasu-portal.com/en/travel-guide/hotels/hilton-tokyo-bay/,beer near me open now,0,1,0.0%,1.0
https://urayasu-portal.com/en/travel-guide/hotels/hilton-tokyo-bay/,closes what time,0,1,0.0%,2.0
https://urayasu-portal.com/en/travel-guide/hotels/hilton-tokyo-bay/,grocery store near me,0,1,0.0%,1.0
https://urayasu-portal.com/en/travel-guide/hotels/hilton-tokyo-bay/,hilton convenience store,0,1,0.0%,5.0
https://urayasu-portal.com/en/travel-guide/hotels/hilton-tokyo-bay/,hilton tokyo bay,0,1,0.0%,48.0
https://urayasu-portal.com/en/travel-guide/hotels/hilton-tokyo-bay/,hilton tokyo bay prefecture,0,1,0.0%,50.0
https://urayasu-portal.com/en/travel-guide/hotels/hilton-tokyo-bay/,is hilton tokyo bay a disney hotel?,0,1,0.0%,53.0
https://urayasu-portal.com/en/travel-guide/hotels/hilton-tokyo-bay/,late night dining options,0,1,0.0%,10.0
https://urayasu-portal.com/en/travel-guide/hotels/hilton-tokyo-bay/,lawsons,0,1,0.0%,1.0
https://urayasu-portal.com/en/travel-guide/hotels/hilton-tokyo-bay/,nearest convenience store,0,1,0.0%,1.0
https://urayasu-portal.com/en/travel-guide/hotels/hilton-tokyo-bay/,phone number,0,1,0.0%,3.0
https://urayasu-portal.com/en/travel-guide/hotels/hilton-tokyo-bay/,price per item,0,1,0.0%,4.0
https://urayasu-portal.com/en/travel-guide/hotels/hilton-tokyo-bay/,stores near me,0,1,0.0%,1.0
https://urayasu-portal.com/en/travel-guide/hotels/hilton-tokyo-bay/,supermarkt,0,1,0.0%,3.0
https://urayasu-portal.com/en/travel-guide/hotels/hilton-tokyo-bay/,yes do they?,0,1,0.0%,5.0
https://urayasu-portal.com/en/travel-guide/hotels/hilton-tokyo-bay/,yes please,0,1,0.0%,3.0
https://urayasu-portal.com/en/travel-guide/hotels/hilton-tokyo-bay/,はい,0,1,0.0%,6.0
https://urayasu-portal.com/en/travel-guide/hotels/hilton-tokyo-bay/,コインランドリー,0,1,0.0%,4.0
https://urayasu-portal.com/en/travel-guide/hotels/hilton-tokyo-bay/,コンビニある？,0,1,0.0%,3.0
https://urayasu-portal.com/en/travel-guide/hotels/hilton-tokyo-bay/,ディズニー 薬局,0,1,0.0%,3.0
https://urayasu-portal.com/en/travel-guide/hotels/hilton-tokyo-bay/,何時まであいてる？,0,1,0.0%,6.0
https://urayasu-portal.com/en/travel-guide/hotels/hilton-tokyo-bay/,便利商店,0,1,0.0%,1.0
https://urayasu-portal.com/en/travel-guide/hotels/hilton-tokyo-bay/,早上,0,1,0.0%,6.0
https://urayasu-portal.com/en/travel-guide/hotels/hilton-tokyo-bay/,營業時間,0,1,0.0%,4.0
https://urayasu-portal.com/en/travel-guide/hotels/hilton-tokyo-bay/,편의점은?,0,1,0.0%,14.0
https://urayasu-portal.com/en/travel-guide/hotels/hyatt-regency-tokyo-bay/,hyatt regency tokyo bay to haneda airport,0,1,0.0%,2.0
https://urayasu-portal.com/en/travel-guide/hotels/kids/,both plz,0,1,0.0%,16.0
https://urayasu-portal.com/en/travel-guide/hotels/kids/,how do i find a family-friendly hotel in tokyo near disneyland or major attractions?,0,1,0.0%,22.0
https://urayasu-portal.com/en/travel-guide/hotels/kids/,mie mihama family friendly hotels,0,1,0.0%,70.0
https://urayasu-portal.com/en/travel-guide/hotels/kids/,tokyo disney good neighbor hotels,0,1,0.0%,64.0
https://urayasu-portal.com/en/travel-guide/hotels/kids/,tokyo disneyland partner hotels,0,1,0.0%,98.0
https://urayasu-portal.com/en/travel-guide/hotels/kids/,what are the best family-friendly hotels in tokyo with easy access to tokyo disneyland?,0,1,0.0%,11.0
https://urayasu-portal.com/en/travel-guide/hotels/kids/,דיסני סי,0,1,0.0%,13.0
https://urayasu-portal.com/en/travel-guide/hotels/kids/,ホテル名は？,0,1,0.0%,10.0
https://urayasu-portal.com/en/travel-guide/hotels/kids/,予算抑えたい,0,1,0.0%,13.0
https://urayasu-portal.com/en/travel-guide/hotels/kids/,他には,0,1,0.0%,10.0
https://urayasu-portal.com/en/travel-guide/hotels/kids/,小学生,0,1,0.0%,5.0
https://urayasu-portal.com/en/travel-guide/hotels/kids/,星のリゾート,0,1,0.0%,6.0
https://urayasu-portal.com/en/travel-guide/hotels/large-public-bath/,kyoto hotels large public bath,0,1,0.0%,72.0
https://urayasu-portal.com/en/travel-guide/hotels/luggage-howto/,maihama station luggage storage,0,1,0.0%,7.0
https://urayasu-portal.com/en/travel-guide/hotels/luggage/,urayasu brighton hotel tokyo bay luggage storage before check-in bell desk,0,1,0.0%,4.0
https://urayasu-portal.com/en/travel-guide/hotels/luggage/,浦安ブライトンホテル東京ベイ,0,1,0.0%,4.0
https://urayasu-portal.com/en/travel-guide/hotels/miracosta/,hotel miracosta official website,0,1,0.0%,11.0
https://urayasu-portal.com/en/travel-guide/hotels/miracosta/,walking directions,0,1,0.0%,5.0
https://urayasu-portal.com/en/travel-guide/hotels/miracosta/,yes,0,1,0.0%,4.0
https://urayasu-portal.com/en/travel-guide/hotels/miracosta/,全部教えて,0,1,0.0%,3.0
https://urayasu-portal.com/en/travel-guide/hotels/oriental-tokyo-bay/,bay hotel urayasu ekimae,0,1,0.0%,55.0
https://urayasu-portal.com/en/travel-guide/hotels/oriental-tokyo-bay/,bay plaza hotel oriental bay,0,1,0.0%,75.0
https://urayasu-portal.com/en/travel-guide/hotels/oriental-tokyo-bay/,closing time,0,1,0.0%,4.0
https://urayasu-portal.com/en/travel-guide/hotels/oriental-tokyo-bay/,oriental bay hotel tokyo,0,1,0.0%,60.0
https://urayasu-portal.com/en/travel-guide/hotels/oriental-tokyo-bay/,oriental hotel tokyo,0,1,0.0%,54.0
https://urayasu-portal.com/en/travel-guide/hotels/oriental-tokyo-bay/,oriental hotel tokyo bay urayasu,0,1,0.0%,40.0
https://urayasu-portal.com/en/travel-guide/hotels/oriental-tokyo-bay/,oriental+hotel+tokyo+bay,0,1,0.0%,50.0
https://urayasu-portal.com/en/travel-guide/hotels/oriental-tokyo-bay/,shin urayasu,0,1,0.0%,50.0
https://urayasu-portal.com/en/travel-guide/hotels/oriental-tokyo-bay/,shin-urayasu,0,1,0.0%,48.0
https://urayasu-portal.com/en/travel-guide/hotels/oriental-tokyo-bay/,the oriental hotel tokyo bay,0,1,0.0%,49.0
https://urayasu-portal.com/en/travel-guide/hotels/oriental-tokyo-bay/,tokyo bay oriental hotel,0,1,0.0%,40.0
https://urayasu-portal.com/en/travel-guide/hotels/oriental-tokyo-bay/,マップを見せて,0,1,0.0%,10.0
https://urayasu-portal.com/en/travel-guide/hotels/pool/,disneyland hotel tokyo pool,0,1,0.0%,37.0
https://urayasu-portal.com/en/travel-guide/hotels/sheraton-grande-tokyo-bay/,are the pools heated,0,1,0.0%,1.0
https://urayasu-portal.com/en/travel-guide/hotels/sheraton-grande-tokyo-bay/,pricing and hours,0,1,0.0%,3.0
https://urayasu-portal.com/en/travel-guide/hotels/sheraton-grande-tokyo-bay/,sheraton grande tokyo bay,0,1,0.0%,2.0
https://urayasu-portal.com/en/travel-guide/hotels/sheraton-grande-tokyo-bay/,sheraton grande tokyo bay check out time,0,1,0.0%,55.0
https://urayasu-portal.com/en/travel-guide/hotels/sheraton-grande-tokyo-bay/,sheraton grande tokyo bay hotel address,0,1,0.0%,62.0
https://urayasu-portal.com/en/travel-guide/hotels/sheraton-grande-tokyo-bay/,sheraton grande tokyo bay hotel check out time,0,1,0.0%,51.0
https://urayasu-portal.com/en/travel-guide/hotels/sheraton-grande-tokyo-bay/,sheraton grande tokyo bay hotel prices,0,1,0.0%,42.0
https://urayasu-portal.com/en/travel-guide/hotels/sheraton-grande-tokyo-bay/,sheraton grande tokyo bay hotel spa,0,1,0.0%,39.0
https://urayasu-portal.com/en/travel-guide/hotels/sheraton-grande-tokyo-bay/,sheraton maihama,0,1,0.0%,30.0
https://urayasu-portal.com/en/travel-guide/hotels/sheraton-grande-tokyo-bay/,what time open until,0,1,0.0%,2.0
https://urayasu-portal.com/en/travel-guide/hotels/sheraton-grande-tokyo-bay/,yes. september,0,1,0.0%,1.0
https://urayasu-portal.com/en/travel-guide/hotels/sheraton-grande-tokyo-bay/,במלון,0,1,0.0%,5.0
https://urayasu-portal.com/en/travel-guide/hotels/sheraton-grande-tokyo-bay/,はい,0,1,0.0%,6.0
https://urayasu-portal.com/en/travel-guide/hotels/sheraton-grande-tokyo-bay/,何階にあるの？,0,1,0.0%,2.0
https://urayasu-portal.com/en/travel-guide/hotels/sheraton-grande-tokyo-bay/,室内プール,0,1,0.0%,2.0
https://urayasu-portal.com/en/travel-guide/hotels/sheraton-grande-tokyo-bay/,浦安 温泉 日帰り,0,1,0.0%,1.0
https://urayasu-portal.com/en/travel-guide/hotels/shuttle/,cheap hotels near tokyo disneyland with free shuttle,0,1,0.0%,21.0
https://urayasu-portal.com/en/travel-guide/hotels/shuttle/,exact daily timetable,0,1,0.0%,5.0
https://urayasu-portal.com/en/travel-guide/hotels/shuttle/,free shuttle to disneyland,0,1,0.0%,47.0
https://urayasu-portal.com/en/travel-guide/hotels/shuttle/,hilton tokyo bay shuttle bus timetable,0,1,0.0%,1.0
https://urayasu-portal.com/en/travel-guide/hotels/shuttle/,ja,0,1,0.0%,2.0
https://urayasu-portal.com/en/travel-guide/hotels/shuttle/,keio plaza disney shuttle,0,1,0.0%,38.0
https://urayasu-portal.com/en/travel-guide/hotels/shuttle/,keio plaza hotel disney shuttle,0,1,0.0%,39.0
https://urayasu-portal.com/en/travel-guide/hotels/shuttle/,kyotamba hotels with free parking,0,1,0.0%,73.0
https://urayasu-portal.com/en/travel-guide/hotels/shuttle/,la'gent hotel tokyo bay shuttle bus,0,1,0.0%,6.0
https://urayasu-portal.com/en/travel-guide/hotels/shuttle/,shinjuku to disneyland tokyo,0,1,0.0%,2.0
https://urayasu-portal.com/en/travel-guide/hotels/shuttle/,spa & hotel maihama eurasia shuttle bus,0,1,0.0%,6.0
https://urayasu-portal.com/en/travel-guide/hotels/shuttle/,tokyo bay maihama hotel first resort disney shuttle,0,1,0.0%,12.0
https://urayasu-portal.com/en/travel-guide/hotels/shuttle/,tokyo bay maihama hotel first resort shuttle,0,1,0.0%,9.0
https://urayasu-portal.com/en/travel-guide/hotels/shuttle/,tokyo bay maihama hotel first resort shuttle bus,0,1,0.0%,2.0
https://urayasu-portal.com/en/travel-guide/hotels/shuttle/,urayasu brighton hotel tokyo bay free shuttle bus to disney,0,1,0.0%,4.0
https://urayasu-portal.com/en/travel-guide/hotels/shuttle/,urayasu brighton hotel tokyo bay free shuttle bus to tokyo disney resort,0,1,0.0%,9.0
https://urayasu-portal.com/en/travel-guide/hotels/shuttle/,where to stay in tokyo for disneyland,0,1,0.0%,3.0
https://urayasu-portal.com/en/travel-guide/hotels/shuttle/,yes,0,1,0.0%,6.0
https://urayasu-portal.com/en/travel-guide/hotels/shuttle/,yes both,0,1,0.0%,14.0
https://urayasu-portal.com/en/travel-guide/hotels/shuttle/,おねがい！,0,1,0.0%,5.0
https://urayasu-portal.com/en/travel-guide/hotels/shuttle/,シャトルバスは？,0,1,0.0%,9.0
https://urayasu-portal.com/en/travel-guide/hotels/shuttle/,無料はどれ？,0,1,0.0%,10.0
https://urayasu-portal.com/en/travel-guide/hotels/tdl-hotel/,tokyo disneyland hotel convenience store,0,1,0.0%,1.0
https://urayasu-portal.com/en/travel-guide/hotels/types/,tokyo disney partner hotels,0,1,0.0%,29.0
https://urayasu-portal.com/en/travel-guide/hotels/types/,tokyo disney resort good neighbor hotels,0,1,0.0%,13.0
https://urayasu-portal.com/en/travel-guide/hotels/types/,tokyo disney resort partner hotels,0,1,0.0%,49.0
https://urayasu-portal.com/en/travel-guide/kasai-rinkai-park/,rinkai aquarium,0,1,0.0%,10.0
https://urayasu-portal.com/en/travel-guide/luggage-howto/,ほんとにできますか？,0,1,0.0%,4.0
https://urayasu-portal.com/en/travel-guide/luggage/,urayasu brighton hotel baggage storage before check in,0,1,0.0%,5.0
https://urayasu-portal.com/en/travel-guide/luggage/,urayasu brighton hotel tokyo bay luggage storage before check in,0,1,0.0%,6.0
https://urayasu-portal.com/en/travel-guide/luggage/,urayasu brighton hotel tokyo bay luggage storage before check-in bell desk,0,1,0.0%,2.0
https://urayasu-portal.com/en/travel-guide/luggage/,舞浜駅,0,1,0.0%,3.0
https://urayasu-portal.com/en/travel-guide/maihama-eurasia-spa/,spa & hotel maihama eurasia onsen,0,1,0.0%,11.0
https://urayasu-portal.com/en/travel-guide/maihama-eurasia-spa/,舞浜ユーラシア,0,1,0.0%,4.0
https://urayasu-portal.com/en/travel-guide/rainy-day/,はい,0,1,0.0%,5.0
https://urayasu-portal.com/en/travel-guide/tokyo-sightseeing-access/,how much is the shuttle?,0,1,0.0%,3.0
https://urayasu-portal.com/en/travel-guide/urayasu-gourmet-souvenir-guide/,konbini near me,0,1,0.0%,1.0
https://urayasu-portal.com/en/travel-guide/urayasu-gourmet-souvenir-guide/,maihama station food,0,1,0.0%,13.0
https://urayasu-portal.com/en/travel-guide/urayasu-gourmet-souvenir-guide/,shin urayasu,0,1,0.0%,28.0
https://urayasu-portal.com/en/travel-guide/urayasu-gourmet-souvenir-guide/,東西線沿線,0,1,0.0%,8.0
https://urayasu-portal.com/en/travel-guide/urayasu-gourmet-souvenir-guide/,浦安は？,0,1,0.0%,3.0
https://urayasu-portal.com/en/travel-guide/urayasu-gourmet-souvenir-guide/,混雑する？,0,1,0.0%,2.0
https://urayasu-portal.com/en/travel-guide/urayasu-maihama-access-guide/,best airport for tokyo disney,0,1,0.0%,54.0
https://urayasu-portal.com/en/travel-guide/urayasu-maihama-access-guide/,how do i get to tokyo disneyland from the airport?,0,1,0.0%,58.0
https://urayasu-portal.com/en/travel-guide/urayasu-maihama-access-guide/,how far is urayasu from tokyo,0,1,0.0%,32.0
https://urayasu-portal.com/en/travel-guide/urayasu-maihama-access-guide/,how to get to tokyo disneyland from tokyo station,0,1,0.0%,41.0
https://urayasu-portal.com/en/travel-guide/urayasu-maihama-access-guide/,jr maihama station,0,1,0.0%,38.0
https://urayasu-portal.com/en/travel-guide/urayasu-maihama-access-guide/,maihama to disneysea,0,1,0.0%,43.0
https://urayasu-portal.com/en/travel-guide/urayasu-maihama-access-guide/,maihama to narita airport,0,1,0.0%,19.0
https://urayasu-portal.com/en/travel-guide/urayasu-maihama-access-guide/,shin-urayasu station to maihama station travel time,0,1,0.0%,4.0
https://urayasu-portal.com/en/travel-guide/urayasu-maihama-access-guide/,tokyo disney resort access route map maihama rose town nekozane 3 chome urayasu undo koen mae official,0,1,0.0%,5.0
https://urayasu-portal.com/en/travel-guide/urayasu-maihama-access-guide/,tokyo disney resort gateway station,0,1,0.0%,56.0
https://urayasu-portal.com/en/travel-guide/urayasu-maihama-access-guide/,tokyo disney resort official access maihama urayasu chiba,0,1,0.0%,10.0
https://urayasu-portal.com/en/travel-guide/urayasu-maihama-access-guide/,tokyo narita airport nrt to maihama station bus,0,1,0.0%,27.0
https://urayasu-portal.com/en/travel-guide/urayasu-maihama-access-guide/,tokyo station to disney,0,1,0.0%,35.0
https://urayasu-portal.com/en/travel-guide/urayasu-maihama-access-guide/,tokyo to maihama,0,1,0.0%,34.0
https://urayasu-portal.com/en/travel-guide/urayasu-maihama-access-guide/,urayasu city official access tokyo,0,1,0.0%,8.0
https://urayasu-portal.com/en/travel-guide/urayasu-maihama-access-guide/,urayasu station,0,1,0.0%,68.0
https://urayasu-portal.com/en/travel-guide/urayasu-maihama-access-guide/,urayasu station to tokyo station,0,1,0.0%,19.0
https://urayasu-portal.com/en/travel-guide/urayasu-maihama-access-guide/,urayasu tokyo access jr keiyo line tokyo metro tozai line official,0,1,0.0%,7.0
https://urayasu-portal.com/en/travel-guide/urayasu-maihama-access-guide/,what airport is closest to tokyo disney,0,1,0.0%,46.0
https://urayasu-portal.com/en/travel-guide/urayasu-maihama-access-guide/,what airport should i fly into for tokyo disneyland?,0,1,0.0%,68.0
https://urayasu-portal.com/en/travel-guide/urayasu-maihama-access-guide/,which airport is closer to tokyo disneyland,0,1,0.0%,45.0
https://urayasu-portal.com/en/travel-guide/urayasu-maihama-access-guide/,ほんとにあってる？,0,1,0.0%,5.0
https://urayasu-portal.com/en/travel-guide/urayasu-maihama-access-guide/,セレブレーションホテル,0,1,0.0%,3.0
https://urayasu-portal.com/en/travel-guide/urayasu-maihama-access-guide/,東西線,0,1,0.0%,2.0
https://urayasu-portal.com/en/travel-guide/urayasu-maihama-shinurayasu-tourism/,any other,0,1,0.0%,4.0
https://urayasu-portal.com/en/travel-guide/urayasu-maihama-shinurayasu-tourism/,cualquiera,0,1,0.0%,8.0
https://urayasu-portal.com/en/travel-guide/urayasu-maihama-shinurayasu-tourism/,fun places near me,0,1,0.0%,1.0
https://urayasu-portal.com/en/travel-guide/urayasu-maihama-shinurayasu-tourism/,jr keiyo line shin-urayasu to maihama travel time,0,1,0.0%,11.0
https://urayasu-portal.com/en/travel-guide/urayasu-maihama-shinurayasu-tourism/,maihama station japan,0,1,0.0%,52.0
https://urayasu-portal.com/en/travel-guide/urayasu-maihama-shinurayasu-tourism/,maihama to shin-urayasu travel time keiyo line,0,1,0.0%,11.0
https://urayasu-portal.com/en/travel-guide/urayasu-maihama-shinurayasu-tourism/,maihama to shin-urayasu travel time keiyo line 3 minutes,0,1,0.0%,8.0
https://urayasu-portal.com/en/travel-guide/urayasu-maihama-shinurayasu-tourism/,maihama tokyo,0,1,0.0%,40.0
https://urayasu-portal.com/en/travel-guide/urayasu-maihama-shinurayasu-tourism/,other places?,0,1,0.0%,12.0
https://urayasu-portal.com/en/travel-guide/urayasu-maihama-shinurayasu-tourism/,shin-urayasu station area,0,1,0.0%,9.0
https://urayasu-portal.com/en/travel-guide/urayasu-maihama-shinurayasu-tourism/,shin-urayasu station to maihama station travel time,0,1,0.0%,9.0
https://urayasu-portal.com/en/travel-guide/urayasu-maihama-shinurayasu-tourism/,shin-urayasu to maihama jr keiyo line travel time,0,1,0.0%,1.0
https://urayasu-portal.com/en/travel-guide/urayasu-maihama-shinurayasu-tourism/,shin-urayasu to maihama train time,0,1,0.0%,11.0
https://urayasu-portal.com/en/travel-guide/urayasu-maihama-shinurayasu-tourism/,shin-urayasu to maihama travel time keiyo line,0,1,0.0%,11.0
https://urayasu-portal.com/en/travel-guide/urayasu-maihama-shinurayasu-tourism/,the town,0,1,0.0%,14.0
https://urayasu-portal.com/en/travel-guide/urayasu-maihama-shinurayasu-tourism/,urayasu park,0,1,0.0%,20.0
https://urayasu-portal.com/en/travel-guide/urayasu-maihama-shinurayasu-tourism/,urayasu tokyo,0,1,0.0%,33.0
https://urayasu-portal.com/en/travel-guide/urayasu-maihama-shinurayasu-tourism/,uryasu,0,1,0.0%,99.0
https://urayasu-portal.com/en/travel-guide/urayasu-maihama-shinurayasu-tourism/,what else?,0,1,0.0%,12.0
https://urayasu-portal.com/en/travel-guide/urayasu-maihama-shinurayasu-tourism/,what other shops are there?,0,1,0.0%,17.0
https://urayasu-portal.com/en/travel-guide/urayasu-maihama-shinurayasu-tourism/,what to do in urayasu,0,1,0.0%,26.0
https://urayasu-portal.com/en/travel-guide/urayasu-maihama-shinurayasu-tourism/,what to do in urayasu japan,0,1,0.0%,24.0
https://urayasu-portal.com/en/travel-guide/urayasu-maihama-shinurayasu-tourism/,ほかの選択肢は？,0,1,0.0%,25.0
https://urayasu-portal.com/en/travel-guide/urayasu-maihama-shinurayasu-tourism/,他にある？,0,1,0.0%,7.0
https://urayasu-portal.com/en/travel-guide/urayasu-maihama-shinurayasu-tourism/,他は？,0,1,0.0%,5.0
https://urayasu-portal.com/en/travel-guide/urayasu-maihama-shinurayasu-tourism/,何台ある？,0,1,0.0%,2.0
https://urayasu-portal.com/en/travel-guide/urayasu-maihama-shinurayasu-tourism/,新浦安,0,1,0.0%,2.0
https://urayasu-portal.com/en/travel-guide/urayasu-maihama-shinurayasu-tourism/,新浦安車站,0,1,0.0%,4.0
https://urayasu-portal.com/en/travel-guide/urayasu-maihama-shinurayasu-tourism/,新浦安駅,0,1,0.0%,6.0
https://urayasu-portal.com/en/travel-guide/urayasu-maihama-shinurayasu-tourism/,舞浜周辺,0,1,0.0%,2.0
https://urayasu-portal.com/en/travel-guide/urayasu-maihama-shinurayasu-tourism/,要去哪裡玩,0,1,0.0%,4.0
https://urayasu-portal.com/en/travel-guide/urayasu-maihama-shinurayasu-tourism/,観光は？,0,1,0.0%,8.0
https://urayasu-portal.com/en/travel-guide/urayasu-maihama-shinurayasu-tourism/,調べて,0,1,0.0%,1.0
https://urayasu-portal.com/en/travel-guide/urayasu-maihama-shinurayasu-tourism/,車 家族,0,1,0.0%,4.0
https://urayasu-portal.com/en/travel-guide/urayasu-maihama-shinurayasu-tourism/,附近有咩景點,0,1,0.0%,2.0
https://urayasu-portal.com/en/travel-guide/urayasu-maihama-shinurayasu-tourism/,雨,0,1,0.0%,6.0
https://urayasu-portal.com/en/travel-guide/urayasu-taxi-airport-flat-rate-guide/,cost of taxi,0,1,0.0%,4.0
https://urayasu-portal.com/en/travel-guide/urayasu-taxi-airport-flat-rate-guide/,four stories hotel maihama tokyo bay,0,1,0.0%,19.0
https://urayasu-portal.com/en/travel-guide/urayasu-taxi-airport-flat-rate-guide/,how much is a taxi,0,1,0.0%,1.0
https://urayasu-portal.com/en/travel-guide/urayasu-taxi-airport-flat-rate-guide/,how much would the taxi cost?,0,1,0.0%,6.0
https://urayasu-portal.com/en/travel-guide/urayasu-taxi-airport-flat-rate-guide/,narita airport fixed fare taxi urayasu official,0,1,0.0%,9.0
https://urayasu-portal.com/en/travel-guide/urayasu-taxi-airport-flat-rate-guide/,taxi,0,1,0.0%,5.0
https://urayasu-portal.com/en/travel-guide/urayasu-taxi-airport-flat-rate-guide/,taxi station,0,1,0.0%,1.0
https://urayasu-portal.com/en/travel-guide/urayasu-taxi-airport-flat-rate-guide/,tokyo,0,1,0.0%,7.0
https://urayasu-portal.com/en/travel-guide/urayasu-taxi-airport-flat-rate-guide/,tokyo disneysea taxi stand,0,1,0.0%,23.0
https://urayasu-portal.com/en/travel-guide/urayasu-taxi-airport-flat-rate-guide/,urayasu station to disneyland,0,1,0.0%,60.0
https://urayasu-portal.com/en/travel-guide/urayasu-taxi-airport-flat-rate-guide/,what about hnd,0,1,0.0%,2.0
https://urayasu-portal.com/en/travel-guide/urayasu-taxi-airport-flat-rate-guide/,yes for both,0,1,0.0%,10.0
https://urayasu-portal.com/en/travel-guide/urayasu-taxi-airport-flat-rate-guide/,yes please,0,1,0.0%,10.0
https://urayasu-portal.com/en/travel-guide/urayasu-taxi-airport-flat-rate-guide/,セダンタイプ,0,1,0.0%,4.0
https://urayasu-portal.com/en/travel-guide/urayasu-taxi-airport-flat-rate-guide/,今夜,0,1,0.0%,2.0
https://urayasu-portal.com/en/travel-guide/urayasu-taxi-airport-flat-rate-guide/,新浦安,0,1,0.0%,2.0
https://urayasu-portal.com/en/travel-guide/urayasu-taxi-airport-flat-rate-guide/,混みますか？,0,1,0.0%,1.0
https://urayasu-portal.com/en/travel-guide/urayasu-taxi-airport-flat-rate-guide/,混む？,0,1,0.0%,2.0
https://urayasu-portal.com/en/travel-guide/urayasu-traffic-park/,新浦安公園,0,1,0.0%,1.0
https://urayasu-portal.com/events/,新浦安 イベント 今日,0,1,0.0%,54.0
https://urayasu-portal.com/events/,浦安 イベント 今日,0,1,0.0%,16.0
https://urayasu-portal.com/events/,浦安 祭り 今日,0,1,0.0%,31.0
https://urayasu-portal.com/ko/,신우 라 야스 역,0,1,0.0%,33.0
https://urayasu-portal.com/ko/,신우라야스역,0,1,0.0%,45.0
https://urayasu-portal.com/ko/tags/,우라 야스,0,1,0.0%,29.0
https://urayasu-portal.com/ko/tags/%EB%A7%88%EC%9D%B4%ED%95%98%EB%A7%88/,마이하마,0,1,0.0%,12.0
https://urayasu-portal.com/ko/travel-guide/,마이 하마,0,1,0.0%,21.0
https://urayasu-portal.com/ko/travel-guide/,우라 야스,0,1,0.0%,62.0
https://urayasu-portal.com/ko/travel-guide/,우라야스시,0,1,0.0%,30.0
https://urayasu-portal.com/ko/travel-guide/disney-tickets/,디즈니 티켓,0,1,0.0%,32.0
https://urayasu-portal.com/ko/travel-guide/hotels/,도쿄 디즈니씨 호텔,0,1,0.0%,62.0
https://urayasu-portal.com/ko/travel-guide/hotels/,디즈니랜드 숙소,0,1,0.0%,43.0
https://urayasu-portal.com/ko/travel-guide/hotels/,디즈니씨 호텔,0,1,0.0%,47.0
https://urayasu-portal.com/ko/travel-guide/hotels/,마이하마역 호텔,0,1,0.0%,34.0
https://urayasu-portal.com/ko/travel-guide/hotels/,우라야쓰 호텔,0,1,0.0%,29.0
https://urayasu-portal.com/ko/travel-guide/hotels/access/,디즈니 리조트 라인,0,1,0.0%,42.0
https://urayasu-portal.com/ko/travel-guide/hotels/access/,디즈니리조트라인,0,1,0.0%,37.0
https://urayasu-portal.com/ko/travel-guide/hotels/access/,마이 하마 역,0,1,0.0%,42.0
https://urayasu-portal.com/ko/travel-guide/hotels/ambassador-hotel/,디즈니 앰배서더 호텔,0,1,0.0%,33.0
https://urayasu-portal.com/ko/travel-guide/hotels/brighton-tokyo-bay/,"(""신우 "" or ""shinwoo"") and (부패 or 뇌물 or 사기 or 조사 or 범죄 or 불법 or 피고 or 과실 or 스캔들 or 제재 or 공모 or ""입찰 준비"" or 공모)",0,1,0.0%,109.0
https://urayasu-portal.com/ko/travel-guide/hotels/brighton-tokyo-bay/,urayasu brighton hotel tokyo bay,0,1,0.0%,93.0
https://urayasu-portal.com/ko/travel-guide/hotels/celebration-discover/,도쿄 디즈니 셀러브레이션 호텔,0,1,0.0%,30.0
https://urayasu-portal.com/ko/travel-guide/hotels/celebration-wish/,위시 일본 숙소,0,1,0.0%,25.0
https://urayasu-portal.com/ko/travel-guide/hotels/cvs-bay-hotel/,cvs bay hotel chiba,0,1,0.0%,43.0
https://urayasu-portal.com/ko/travel-guide/hotels/emion-tokyo-bay/,"(""신우 "" or ""shinwoo"") and (부패 or 뇌물 or 사기 or 조사 or 범죄 or 불법 or 피고 or 과실 or 스캔들 or 제재 or 공모 or ""입찰 준비"" or 공모)",0,1,0.0%,173.0
https://urayasu-portal.com/ko/travel-guide/hotels/emion-tokyo-bay/,emion tokyo bay,0,1,0.0%,45.0
https://urayasu-portal.com/ko/travel-guide/hotels/emion-tokyo-bay/,emion tokyo bay hotel,0,1,0.0%,49.0
https://urayasu-portal.com/ko/travel-guide/hotels/emion-tokyo-bay/,hotel emion tokyo bay,0,1,0.0%,49.0
https://urayasu-portal.com/ko/travel-guide/hotels/fantasy-springs-hotel/,판타지 스프링스 호텔,0,1,0.0%,29.0
https://urayasu-portal.com/ko/travel-guide/hotels/grand-nikko-tokyo-bay/,그랜드 닛코 도쿄 베이 마이하마,0,1,0.0%,14.0
https://urayasu-portal.com/ko/travel-guide/hotels/hiyori-hotel-maihama/,히요리 호텔 마쓰야마,0,1,0.0%,43.0
https://urayasu-portal.com/ko/travel-guide/hotels/hoshinoresorts-1955-tokyo-bay/,hoshino resorts 1955 tokyo bay,0,1,0.0%,54.0
https://urayasu-portal.com/ko/travel-guide/hotels/hoshinoresorts-1955-tokyo-bay/,호시노 야스,0,1,0.0%,21.0
https://urayasu-portal.com/ko/travel-guide/hotels/hotel-ilfiore-kasai-annex/,irodori hotel akane,0,1,0.0%,79.0
https://urayasu-portal.com/ko/travel-guide/hotels/hotel-lumiere-kasai/,hotel lumiere kasai,0,1,0.0%,52.0
https://urayasu-portal.com/ko/travel-guide/hotels/hotel-okura-tokyo-bay/,오쿠라 호텔,0,1,0.0%,50.0
https://urayasu-portal.com/ko/travel-guide/hotels/hyatt-regency-tokyo-bay/,하얏트 리젠시 도쿄 베이,0,1,0.0%,33.0
https://urayasu-portal.com/ko/travel-guide/hotels/ibis-styles-tokyo-bay/,이비스 스타일 도쿄 긴자 이스트,0,1,0.0%,44.0
https://urayasu-portal.com/ko/travel-guide/hotels/ibis-styles-tokyo-bay/,이비스 스타일 도쿄 베이,0,1,0.0%,28.0
https://urayasu-portal.com/ko/travel-guide/hotels/ibis-styles-tokyo-bay/,이비스 스타일스 도쿄 긴자,0,1,0.0%,44.0
https://urayasu-portal.com/ko/travel-guide/hotels/maihama-hotel-first-resort/,마이하마 호텔,0,1,0.0%,17.0
https://urayasu-portal.com/ko/travel-guide/hotels/maihama-view-hotel/,maihama,0,1,0.0%,51.0
https://urayasu-portal.com/ko/travel-guide/hotels/miracosta/,도쿄 디즈니씨 호텔,0,1,0.0%,14.0
https://urayasu-portal.com/ko/travel-guide/hotels/miracosta/,도쿄 디즈니씨 호텔 미라코스타,0,1,0.0%,19.0
https://urayasu-portal.com/ko/travel-guide/hotels/miracosta/,디즈니씨 호텔,0,1,0.0%,16.0
https://urayasu-portal.com/ko/travel-guide/hotels/miracosta/,미라코스타 호텔,0,1,0.0%,16.0
https://urayasu-portal.com/ko/travel-guide/hotels/mystays-maihama/,도쿄 베이 마이 하마 호텔,0,1,0.0%,51.0
https://urayasu-portal.com/ko/travel-guide/hotels/mystays-maihama/,마이 하마,0,1,0.0%,43.0
https://urayasu-portal.com/ko/travel-guide/hotels/mystays-maihama/,마이하마,0,1,0.0%,26.0
https://urayasu-portal.com/ko/travel-guide/hotels/mystays-maihama/,마이하마 출장용 비지니스 호텔,0,1,0.0%,10.0
https://urayasu-portal.com/ko/travel-guide/hotels/mystays-maihama/,마이하마 탁아소있는 호텔,0,1,0.0%,13.0
https://urayasu-portal.com/ko/travel-guide/hotels/mystays-maihama/,마이하마 프로포즈 호텔,0,1,0.0%,9.0
https://urayasu-portal.com/ko/travel-guide/hotels/mystays-shin-urayasu/,"(""신우 "" or ""shinwoo"") and (부패 or 뇌물 or 사기 or 조사 or 범죄 or 불법 or 피고 or 과실 or 스캔들 or 제재 or 공모 or ""입찰 준비"" or 공모)",0,1,0.0%,126.0
https://urayasu-portal.com/ko/travel-guide/hotels/mystays-shin-urayasu/,신우라야스 풍속,0,1,0.0%,19.0
https://urayasu-portal.com/ko/travel-guide/hotels/oriental-tokyo-bay/,오리엔탈 도쿄 베이,0,1,0.0%,57.0
https://urayasu-portal.com/ko/travel-guide/hotels/oriental-tokyo-bay/,오리엔탈 호텔 도쿄베이,0,1,0.0%,34.0
https://urayasu-portal.com/ko/travel-guide/hotels/sheraton-grande-tokyo-bay/,도쿄 베이 마이 하마 호텔,0,1,0.0%,60.0
https://urayasu-portal.com/ko/travel-guide/hotels/tdl-hotel/,통로에 있는 호텔,0,1,0.0%,81.0
https://urayasu-portal.com/ko/travel-guide/hotels/toy-story-hotel/,도쿄 토이스토리 호텔,0,1,0.0%,30.0
https://urayasu-portal.com/ko/travel-guide/hotels/toy-story-hotel/,디즈니랜드 토이스토리,0,1,0.0%,29.0
https://urayasu-portal.com/ko/travel-guide/hotels/toy-story-hotel/,디즈니씨 토이스토리,0,1,0.0%,26.0
https://urayasu-portal.com/ko/travel-guide/hotels/toy-story-hotel/,마이하마역 호텔,0,1,0.0%,69.0
https://urayasu-portal.com/ko/travel-guide/hotels/toy-story-hotel/,토이스토리 방,0,1,0.0%,23.0
https://urayasu-portal.com/ko/travel-guide/hotels/toy-story-hotel/,토이스토리 호텔,0,1,0.0%,29.0
https://urayasu-portal.com/ko/travel-guide/hotels/types/,디즈니랜드 디즈니씨 차이,0,1,0.0%,5.0
https://urayasu-portal.com/ko/travel-guide/hotels/urayasu-sun-hotel/,신우라야스역,0,1,0.0%,65.0
https://urayasu-portal.com/ko/travel-guide/hotels/viewfort-urayasu/,우라야스,0,1,0.0%,66.0
https://urayasu-portal.com/ko/travel-guide/kasai-rinkai-park/,가사이 임해 수족원,0,1,0.0%,18.0
https://urayasu-portal.com/ko/travel-guide/kasai-rinkai-park/,가사이 임해공원,0,1,0.0%,18.0
https://urayasu-portal.com/ko/travel-guide/kasai-rinkai-park/,일본 도쿄 갈만한 곳,0,1,0.0%,1.0
https://urayasu-portal.com/ko/travel-guide/urayasu-gourmet-souvenir-guide/,"(""신우 "" or ""shinwoo"") and (부패 or 뇌물 or 사기 or 조사 or 범죄 or 불법 or 피고 or 과실 or 스캔들 or 제재 or 공모 or ""입찰 준비"" or 공모)",0,1,0.0%,37.0
https://urayasu-portal.com/ko/travel-guide/urayasu-gourmet-souvenir-guide/,우라야스 사키마,0,1,0.0%,17.0
https://urayasu-portal.com/ko/travel-guide/urayasu-maihama-access-guide/,디즈니 리조트 라인,0,1,0.0%,30.0
https://urayasu-portal.com/ko/travel-guide/urayasu-maihama-access-guide/,디즈니리조트라인,0,1,0.0%,26.0
https://urayasu-portal.com/ko/travel-guide/urayasu-maihama-access-guide/,마이 하마 역,0,1,0.0%,27.0
https://urayasu-portal.com/ko/travel-guide/urayasu-maihama-access-guide/,신우라야스역,0,1,0.0%,24.0
https://urayasu-portal.com/ko/travel-guide/urayasu-maihama-access-guide/,우라 야스,0,1,0.0%,44.0
https://urayasu-portal.com/life-guide/,浦安 ゴミ カレンダー,0,1,0.0%,63.0
https://urayasu-portal.com/life-guide/,浦安 市,0,1,0.0%,48.0
https://urayasu-portal.com/life-guide/,浦安 市 ハザード マップ,0,1,0.0%,37.0
https://urayasu-portal.com/life-guide/,浦安 市 粗大 ゴミ,0,1,0.0%,68.0
https://urayasu-portal.com/life-guide/,浦安市,0,1,0.0%,50.0
https://urayasu-portal.com/life-guide/,浦安市 ゴミ分別,0,1,0.0%,33.0
https://urayasu-portal.com/life-guide/,浦安市 ハザードマップ,0,1,0.0%,37.0
https://urayasu-portal.com/life-guide/,浦安市ハザードマップ,0,1,0.0%,36.0
https://urayasu-portal.com/life-guide/,粗大ゴミ 浦安,0,1,0.0%,69.0
https://urayasu-portal.com/life-guide/city-hall-procedures/,浦安市 転入届 オンライン,0,1,0.0%,14.0
https://urayasu-portal.com/life-guide/city-hall-procedures/,舞浜駅前行政サービスセンター,0,1,0.0%,21.0
https://urayasu-portal.com/life-guide/city-hall-procedures/,転出届 浦安,0,1,0.0%,15.0
https://urayasu-portal.com/life-guide/station-life/,イオン 新浦安,0,1,0.0%,4.0
https://urayasu-portal.com/life-guide/station-life/,イオンスタイル新浦安,0,1,0.0%,3.0
https://urayasu-portal.com/life-guide/station-life/,千葉県 新浦安,0,1,0.0%,2.0
https://urayasu-portal.com/life-guide/station-life/,新浦安 セブンイレブン,0,1,0.0%,3.0
https://urayasu-portal.com/life-guide/station-life/,新浦安 池袋,0,1,0.0%,6.0
https://urayasu-portal.com/life-guide/station-life/,新浦安駅からお台場,0,1,0.0%,4.0
https://urayasu-portal.com/life-guide/station-life/,新浦安駅から新松戸駅,0,1,0.0%,7.0
https://urayasu-portal.com/life-guide/station-life/,新浦安駅から舞浜駅 電車,0,1,0.0%,2.0
https://urayasu-portal.com/life-guide/station-life/,浦安 元町 中町 新町,0,1,0.0%,5.0
https://urayasu-portal.com/life-guide/station-life/,浦安 新浦安,0,1,0.0%,2.0
https://urayasu-portal.com/life-guide/station-life/,浦安 賃貸,0,1,0.0%,4.0
https://urayasu-portal.com/life-guide/station-life/,浦安サンホテル,0,1,0.0%,4.0
https://urayasu-portal.com/life-guide/station-life/,浦安市 位置,0,1,0.0%,3.0
https://urayasu-portal.com/life-guide/station-life/,浦安市ハザードマップ,0,1,0.0%,5.0
https://urayasu-portal.com/life-guide/station-life/,浦安市天気,0,1,0.0%,6.0
https://urayasu-portal.com/life-guide/station-life/,浦安駅からディズニーランド,0,1,0.0%,2.0
https://urayasu-portal.com/life-guide/station-life/,浦安駅から三越前駅,0,1,0.0%,6.0
https://urayasu-portal.com/life-guide/trash-recycling/,クリーンセンター 浦安,0,1,0.0%,3.0
https://urayasu-portal.com/life-guide/trash-recycling/,浦安 ごみ,0,1,0.0%,4.0
https://urayasu-portal.com/life-guide/trash-recycling/,浦安 クリーンセンター,0,1,0.0%,3.0
https://urayasu-portal.com/life-guide/trash-recycling/,浦安 ゴミ分別,0,1,0.0%,10.0
https://urayasu-portal.com/life-guide/trash-recycling/,浦安市,0,1,0.0%,1.0
https://urayasu-portal.com/life-guide/trash-recycling/,浦安市 ゴミ 分別,0,1,0.0%,10.0
https://urayasu-portal.com/life-guide/trash-recycling/,浦安市 ゴミ分別,0,1,0.0%,11.0
https://urayasu-portal.com/life-guide/trash-recycling/,浦安市 資源 ごみ 回収 日,0,1,0.0%,4.0
https://urayasu-portal.com/life-guide/trash-recycling/,浦安市ゴミ分別,0,1,0.0%,11.0
https://urayasu-portal.com/life-guide/urayasu-bus-kotsu/,お さんぽ バス 浦安,0,1,0.0%,11.0
https://urayasu-portal.com/life-guide/urayasu-bus-kotsu/,おさんぽバス,0,1,0.0%,10.0
https://urayasu-portal.com/life-guide/urayasu-bus-kotsu/,おさんぽバス 浦安,0,1,0.0%,10.0
https://urayasu-portal.com/life-guide/urayasu-bus-kotsu/,お散歩バス,0,1,0.0%,14.0
https://urayasu-portal.com/life-guide/urayasu-bus-kotsu/,浦安 バス 無料,0,1,0.0%,11.0
https://urayasu-portal.com/life-guide/urayasu-bus-kotsu/,浦安市 おさんぽバス 路線図,0,1,0.0%,18.0
https://urayasu-portal.com/life-guide/urayasu-bus-kotsu/,浦安市 コミュニティバス,0,1,0.0%,7.0
https://urayasu-portal.com/life-guide/urayasu-bus-kotsu/,浦安市おさんぽバス,0,1,0.0%,5.0
https://urayasu-portal.com/life-guide/urayasu-bus-kotsu/,浦安市お散歩バス,0,1,0.0%,10.0
https://urayasu-portal.com/life-guide/urayasu-hoken-nenkin-zei/,保険 相談 浦安,0,1,0.0%,43.0
https://urayasu-portal.com/life-guide/urayasu-hoken-nenkin-zei/,国民健康保険 浦安市,0,1,0.0%,10.0
https://urayasu-portal.com/life-guide/urayasu-hoken-nenkin-zei/,浦安市 国民健康保険,0,1,0.0%,9.0
https://urayasu-portal.com/life-guide/urayasu-hoken-nenkin-zei/,浦安市役所 国保年金課,0,1,0.0%,13.0
https://urayasu-portal.com/life-guide/urayasu-kodomo-iryohi/,浦安市 子ども 医療費 その他,0,1,0.0%,12.0
https://urayasu-portal.com/life-guide/urayasu-kodomo-iryohi/,浦安市 子供医療費助成,0,1,0.0%,10.0
https://urayasu-portal.com/life-guide/urayasu-ninshin-shussan-shien/,浦安 市 母子 手帳,0,1,0.0%,19.0
https://urayasu-portal.com/life-guide/urayasu-ninshin-shussan-shien/,浦安 母子手帳,0,1,0.0%,15.0
https://urayasu-portal.com/life-guide/urayasu-ninshin-shussan-shien/,浦安市,0,1,0.0%,6.0
https://urayasu-portal.com/life-guide/urayasu-ninshin-shussan-shien/,浦安市は？,0,1,0.0%,5.0
https://urayasu-portal.com/open-close/,すべて,0,1,0.0%,10.0
https://urayasu-portal.com/open-close/,とんかつ やまだ 浦安 閉店,0,1,0.0%,10.0
https://urayasu-portal.com/open-close/,セブンイレブン浦安,0,1,0.0%,4.0
https://urayasu-portal.com/open-close/,マルエツ 行徳店 閉店,0,1,0.0%,7.0
https://urayasu-portal.com/open-close/,加賀谷 恭子 現在,0,1,0.0%,5.0
https://urayasu-portal.com/open-close/,千葉県 閉店セール,0,1,0.0%,3.0
https://urayasu-portal.com/open-close/,回転閉店,0,1,0.0%,4.0
https://urayasu-portal.com/open-close/,新浦安 オープン,0,1,0.0%,9.0
https://urayasu-portal.com/open-close/,浦安 定食,0,1,0.0%,4.0
https://urayasu-portal.com/open-close/,浦安 隠れ家,0,1,0.0%,5.0
https://urayasu-portal.com/open-close/,浦安市,0,1,0.0%,14.0
https://urayasu-portal.com/open-close/,羅甸,0,1,0.0%,4.0
https://urayasu-portal.com/open-close/,西友 閉店 予定 2026,0,1,0.0%,16.0
https://urayasu-portal.com/open-close/,閉店セール 千葉,0,1,0.0%,2.0
https://urayasu-portal.com/open-close/,閉店開店,0,1,0.0%,3.0
https://urayasu-portal.com/open-close/,駅周辺,0,1,0.0%,2.0
https://urayasu-portal.com/posts/%E3%82%A4%E3%82%AF%E3%82%B9%E3%83%94%E3%82%A2%E3%83%AA%E3%81%A7%E3%82%A4%E3%82%AF%E3%82%B9%E3%83%94%E3%82%A2%E3%83%AA%E3%82%B6%E3%82%BB%E3%83%BC%E3%83%AB%E9%96%8B/,イクスピアリ セール,0,1,0.0%,52.0
https://urayasu-portal.com/posts/%E3%82%A4%E3%82%AF%E3%82%B9%E3%83%94%E3%82%A2%E3%83%AA%E3%81%AB%E3%82%A2%E3%82%B5%E3%82%A4%E3%83%BC%E5%B0%82%E9%96%80%E5%BA%97sugary%E3%81%8C2026%E5%B9%B4%E5%A4%8F%E3%82%AA%E3%83%BC/,sugary,0,1,0.0%,25.0
https://urayasu-portal.com/posts/%E3%82%A4%E3%82%AF%E3%82%B9%E3%83%94%E3%82%A2%E3%83%AA%E3%81%AB%E3%82%A2%E3%82%B5%E3%82%A4%E3%83%BC%E5%B0%82%E9%96%80%E5%BA%97sugary%E3%81%8C2026%E5%B9%B4%E5%A4%8F%E3%82%AA%E3%83%BC/,sugary アサイー イクスピアリ,0,1,0.0%,21.0
https://urayasu-portal.com/posts/%E3%82%A4%E3%82%AF%E3%82%B9%E3%83%94%E3%82%A2%E3%83%AA%E3%81%AB%E3%82%A2%E3%82%B5%E3%82%A4%E3%83%BC%E5%B0%82%E9%96%80%E5%BA%97sugary%E3%81%8C2026%E5%B9%B4%E5%A4%8F%E3%82%AA%E3%83%BC/,sugary イクスピアリ,0,1,0.0%,56.0
https://urayasu-portal.com/posts/%E3%82%A4%E3%82%AF%E3%82%B9%E3%83%94%E3%82%A2%E3%83%AA%E3%81%AB%E3%82%A2%E3%82%B5%E3%82%A4%E3%83%BC%E5%B0%82%E9%96%80%E5%BA%97sugary%E3%81%8C2026%E5%B9%B4%E5%A4%8F%E3%82%AA%E3%83%BC/,sugary イクスピアリ店 浦安市 レビュー,0,1,0.0%,13.0
https://urayasu-portal.com/posts/%E3%82%A4%E3%82%AF%E3%82%B9%E3%83%94%E3%82%A2%E3%83%AA%E3%81%AB%E3%82%A2%E3%82%B5%E3%82%A4%E3%83%BC%E5%B0%82%E9%96%80%E5%BA%97sugary%E3%81%8C2026%E5%B9%B4%E5%A4%8F%E3%82%AA%E3%83%BC/,アサイー イクスピアリ,0,1,0.0%,12.0
https://urayasu-portal.com/posts/%E3%82%A4%E3%82%AF%E3%82%B9%E3%83%94%E3%82%A2%E3%83%AA%E3%81%AB%E9%9F%93%E5%9B%BD%E6%96%99%E7%90%86%E3%83%99%E3%82%B8%E3%82%B4%E3%83%BC%E3%81%8C%E7%99%BB%E5%A0%B4108/,vegego イクスピアリ,0,1,0.0%,17.0
https://urayasu-portal.com/posts/%E3%82%A4%E3%82%AF%E3%82%B9%E3%83%94%E3%82%A2%E3%83%AA%E3%81%AB%E9%9F%93%E5%9B%BD%E6%96%99%E7%90%86%E3%83%99%E3%82%B8%E3%82%B4%E3%83%BC%E3%81%8C%E7%99%BB%E5%A0%B4108/,イクスピアリ vegego,0,1,0.0%,21.0
https://urayasu-portal.com/posts/%E3%82%A4%E3%82%AF%E3%82%B9%E3%83%94%E3%82%A2%E3%83%AA%E3%81%AB%E9%9F%93%E5%9B%BD%E6%96%99%E7%90%86%E3%83%99%E3%82%B8%E3%82%B4%E3%83%BC%E3%81%8C%E7%99%BB%E5%A0%B4108/,イクスピアリ ベジゴー,0,1,0.0%,19.0
https://urayasu-portal.com/posts/%E3%82%A4%E3%82%AF%E3%82%B9%E3%83%94%E3%82%A2%E3%83%AA%E3%81%AB%E9%9F%93%E5%9B%BD%E6%96%99%E7%90%86%E3%83%99%E3%82%B8%E3%82%B4%E3%83%BC%E3%81%8C%E7%99%BB%E5%A0%B4108/,イクスピアリ韓国料理,0,1,0.0%,15.0
https://urayasu-portal.com/posts/%E3%82%A4%E3%82%AF%E3%82%B9%E3%83%94%E3%82%A2%E3%83%AA%E3%81%AB%E9%9F%93%E5%9B%BD%E6%96%99%E7%90%86%E3%83%99%E3%82%B8%E3%82%B4%E3%83%BC%E3%81%8C%E7%99%BB%E5%A0%B4108/,韓国料理 イクスピアリ,0,1,0.0%,14.0
https://urayasu-portal.com/posts/%E3%82%A4%E3%82%AF%E3%82%B9%E3%83%94%E3%82%A2%E3%83%AA%E5%A4%8F%E3%81%AE%E5%A4%A7%E3%83%90%E3%83%BC%E3%82%B2%E3%83%B3%E3%82%A4%E3%82%AF%E3%82%B9%E3%83%94%E3%82%A2%E3%83%AA%E3%82%B6/,イクスピアリ イベント 今日,0,1,0.0%,42.0
https://urayasu-portal.com/posts/%E3%82%A4%E3%82%AF%E3%82%B9%E3%83%94%E3%82%A2%E3%83%AA25%E5%91%A8%E5%B9%B4%E3%83%AA%E3%83%8B%E3%83%A5%E3%83%BC%E3%82%A2%E3%83%AB-%E3%83%87%E3%82%A3%E3%82%BA%E3%83%8B%E3%83%BC%E3%82%B9%E3%83%88/,イクスピアリ オープン,0,1,0.0%,53.0
https://urayasu-portal.com/posts/%E3%82%B5%E3%82%A4%E3%82%BC%E3%83%AA%E3%83%A4-%E3%82%A2%E3%83%88%E3%83%AC%E6%96%B0%E6%B5%A6%E5%AE%89%E5%BA%97%E3%81%8C%E5%96%B6%E6%A5%AD%E6%99%82%E9%96%93%E5%BB%B6%E9%95%B7-%E6%9C%9D10/,アトレ新浦安 営業時間,0,1,0.0%,2.0
https://urayasu-portal.com/posts/%E3%82%B5%E3%82%A4%E3%82%BC%E3%83%AA%E3%83%A4-%E3%82%A2%E3%83%88%E3%83%AC%E6%96%B0%E6%B5%A6%E5%AE%89%E5%BA%97%E3%81%8C%E5%96%B6%E6%A5%AD%E6%99%82%E9%96%93%E5%BB%B6%E9%95%B7-%E6%9C%9D10/,サイゼリヤ 新浦安,0,1,0.0%,25.0
https://urayasu-portal.com/posts/%E3%82%B5%E3%82%A4%E3%82%BC%E3%83%AA%E3%83%A4-%E3%82%A2%E3%83%88%E3%83%AC%E6%96%B0%E6%B5%A6%E5%AE%89%E5%BA%97%E3%81%8C%E5%96%B6%E6%A5%AD%E6%99%82%E9%96%93%E5%BB%B6%E9%95%B7-%E6%9C%9D10/,サイゼリヤ新浦安,0,1,0.0%,31.0
https://urayasu-portal.com/posts/%E3%82%B5%E3%82%A4%E3%82%BC%E3%83%AA%E3%83%A4-%E3%82%A2%E3%83%88%E3%83%AC%E6%96%B0%E6%B5%A6%E5%AE%89%E5%BA%97%E3%81%8C%E5%96%B6%E6%A5%AD%E6%99%82%E9%96%93%E5%BB%B6%E9%95%B7-%E6%9C%9D10/,新浦安 サイゼ,0,1,0.0%,25.0
https://urayasu-portal.com/posts/%E3%82%B5%E3%82%A4%E3%82%BC%E3%83%AA%E3%83%A4-%E3%82%A2%E3%83%88%E3%83%AC%E6%96%B0%E6%B5%A6%E5%AE%89%E5%BA%97%E3%81%8C%E5%96%B6%E6%A5%AD%E6%99%82%E9%96%93%E5%BB%B6%E9%95%B7-%E6%9C%9D10/,新浦安は？,0,1,0.0%,2.0
https://urayasu-portal.com/posts/%E3%82%BF%E3%82%AB%E3%82%B9%E3%83%9D%E3%82%A6%E3%83%A9%E3%83%A4%E3%82%B9%E3%83%81%E3%82%A2%E3%83%AA%E3%83%BC%E3%83%80%E3%83%BC%E3%82%BA%E3%81%8C%E5%B8%82%E9%95%B7%E3%82%92%E8%A1%A8%E6%95%AC%E8%A8%AA/,"""ウラヤ"" 事業終了 or 閉鎖 or 閉店 or 撤退",0,1,0.0%,30.0
https://urayasu-portal.com/posts/%E3%83%89%E3%83%A9%E3%83%83%E3%82%B0%E3%82%B9%E3%83%88%E3%82%A2%E3%82%B9%E3%82%AE%E8%96%AC%E5%B1%80-%E6%B5%A6%E5%AE%89%E3%81%95%E3%81%8F%E3%82%89%E9%80%9A%E3%82%8A%E5%BA%97%E3%81%8C5/,スギドラッグ 浦安さくら通り店 写真,0,1,0.0%,11.0
https://urayasu-portal.com/posts/%E3%83%89%E3%83%A9%E3%83%83%E3%82%B0%E3%82%B9%E3%83%88%E3%82%A2%E3%82%B9%E3%82%AE%E8%96%AC%E5%B1%80-%E6%B5%A6%E5%AE%89%E3%81%95%E3%81%8F%E3%82%89%E9%80%9A%E3%82%8A%E5%BA%97%E3%81%8C5/,スギ薬局 浦安,0,1,0.0%,18.0
https://urayasu-portal.com/posts/%E3%83%89%E3%83%A9%E3%83%83%E3%82%B0%E3%82%B9%E3%83%88%E3%82%A2%E3%82%B9%E3%82%AE%E8%96%AC%E5%B1%80-%E6%B5%A6%E5%AE%89%E3%81%95%E3%81%8F%E3%82%89%E9%80%9A%E3%82%8A%E5%BA%97%E3%81%8C5/,スギ薬局 浦安さくら通り店,0,1,0.0%,15.0
https://urayasu-portal.com/posts/%E3%83%89%E3%83%B3%E3%82%AD%E3%83%9B%E3%83%BC%E3%83%86%E8%A5%BF%E5%8F%8B%E8%A1%8C%E5%BE%B3%E5%BA%97%E3%81%8C%E3%82%AA%E3%83%BC%E3%83%97%E3%83%B3-%E8%A1%8C%E5%BE%B3%E3%82%A8%E3%83%AA/,ドン キホーテ 行徳 駅前 店,0,1,0.0%,4.0
https://urayasu-portal.com/posts/%E3%83%89%E3%83%B3%E3%82%AD%E3%83%9B%E3%83%BC%E3%83%86%E8%A5%BF%E5%8F%8B%E8%A1%8C%E5%BE%B3%E5%BA%97%E3%81%8C%E3%82%AA%E3%83%BC%E3%83%97%E3%83%B3-%E8%A1%8C%E5%BE%B3%E3%82%A8%E3%83%AA/,ドンキ 行徳駅前,0,1,0.0%,5.0
https://urayasu-portal.com/posts/%E3%83%89%E3%83%B3%E3%82%AD%E3%83%9B%E3%83%BC%E3%83%86%E8%A5%BF%E5%8F%8B%E8%A1%8C%E5%BE%B3%E5%BA%97%E3%81%8C%E3%82%AA%E3%83%BC%E3%83%97%E3%83%B3-%E8%A1%8C%E5%BE%B3%E3%82%A8%E3%83%AA/,ドンキホーテ 行徳,0,1,0.0%,44.0
https://urayasu-portal.com/posts/%E3%83%89%E3%83%B3%E3%82%AD%E3%83%9B%E3%83%BC%E3%83%86%E8%A5%BF%E5%8F%8B%E8%A1%8C%E5%BE%B3%E5%BA%97%E3%81%8C%E3%82%AA%E3%83%BC%E3%83%97%E3%83%B3-%E8%A1%8C%E5%BE%B3%E3%82%A8%E3%83%AA/,ドンキホーテ 行徳 西友,0,1,0.0%,22.0
https://urayasu-portal.com/posts/%E3%83%89%E3%83%B3%E3%82%AD%E3%83%9B%E3%83%BC%E3%83%86%E8%A5%BF%E5%8F%8B%E8%A1%8C%E5%BE%B3%E5%BA%97%E3%81%8C%E3%82%AA%E3%83%BC%E3%83%97%E3%83%B3-%E8%A1%8C%E5%BE%B3%E3%82%A8%E3%83%AA/,ドンキホーテ行徳,0,1,0.0%,43.0
https://urayasu-portal.com/posts/%E3%83%89%E3%83%B3%E3%82%AD%E3%83%9B%E3%83%BC%E3%83%86%E8%A5%BF%E5%8F%8B%E8%A1%8C%E5%BE%B3%E5%BA%97%E3%81%8C%E3%82%AA%E3%83%BC%E3%83%97%E3%83%B3-%E8%A1%8C%E5%BE%B3%E3%82%A8%E3%83%AA/,ドンキホーテ行徳駅前店,0,1,0.0%,4.0
https://urayasu-portal.com/posts/%E3%83%89%E3%83%B3%E3%82%AD%E3%83%9B%E3%83%BC%E3%83%86%E8%A5%BF%E5%8F%8B%E8%A1%8C%E5%BE%B3%E5%BA%97%E3%81%8C%E3%82%AA%E3%83%BC%E3%83%97%E3%83%B3-%E8%A1%8C%E5%BE%B3%E3%82%A8%E3%83%AA/,行徳 ドンキホーテ,0,1,0.0%,46.0
https://urayasu-portal.com/posts/%E3%83%89%E3%83%B3%E3%82%AD%E3%83%9B%E3%83%BC%E3%83%86%E8%A5%BF%E5%8F%8B%E8%A1%8C%E5%BE%B3%E5%BA%97%E3%81%8C%E3%82%AA%E3%83%BC%E3%83%97%E3%83%B3-%E8%A1%8C%E5%BE%B3%E3%82%A8%E3%83%AA/,行徳 西友,0,1,0.0%,52.0
https://urayasu-portal.com/posts/%E3%83%89%E3%83%B3%E3%82%AD%E3%83%9B%E3%83%BC%E3%83%86%E8%A5%BF%E5%8F%8B%E8%A1%8C%E5%BE%B3%E5%BA%97%E3%81%8C%E3%82%AA%E3%83%BC%E3%83%97%E3%83%B3-%E8%A1%8C%E5%BE%B3%E3%82%A8%E3%83%AA/,行徳ドンキ,0,1,0.0%,2.0
https://urayasu-portal.com/posts/%E3%83%89%E3%83%B3%E3%82%AD%E3%83%9B%E3%83%BC%E3%83%86%E8%A5%BF%E5%8F%8B%E8%A1%8C%E5%BE%B3%E5%BA%97%E3%81%8C%E3%82%AA%E3%83%BC%E3%83%97%E3%83%B3-%E8%A1%8C%E5%BE%B3%E3%82%A8%E3%83%AA/,行徳西友,0,1,0.0%,51.0
https://urayasu-portal.com/posts/%E3%83%89%E3%83%B3%E3%82%AD%E3%83%9B%E3%83%BC%E3%83%86%E8%A5%BF%E5%8F%8B%E8%A1%8C%E5%BE%B3%E5%BA%97%E3%81%8C%E3%82%AA%E3%83%BC%E3%83%97%E3%83%B3-%E8%A1%8C%E5%BE%B3%E3%82%A8%E3%83%AA/,西友行徳店,0,1,0.0%,2.0
https://urayasu-portal.com/posts/%E3%83%95%E3%82%A7%E3%83%AA%E3%82%B7%E3%83%A2%E3%81%AE%E3%83%AF%E3%83%B3%E3%83%94%E3%83%BC%E3%82%B9%E3%82%B7%E3%83%A7%E3%83%83%E3%83%97%E3%81%8C%E3%82%A4%E3%82%AF%E3%82%B9%E3%83%94%E3%82%A2%E3%83%AA/,イクスピアリ フェリシモ,0,1,0.0%,10.0
https://urayasu-portal.com/posts/%E3%83%AF%E3%82%A4%E3%82%BA%E3%83%9E%E3%83%BC%E3%83%88%E3%83%87%E3%82%A3%E3%82%B9%E3%82%AB%E6%B5%A6%E5%AE%89%E5%BC%81%E5%A4%A9%E5%BA%97%E3%81%8C6%E6%9C%8823%E6%97%A5%E3%82%88%E3%82%8A/,なんで閉店？,0,1,0.0%,2.0
https://urayasu-portal.com/posts/%E3%83%AF%E3%82%A4%E3%82%BA%E3%83%9E%E3%83%BC%E3%83%88%E3%83%87%E3%82%A3%E3%82%B9%E3%82%AB%E6%B5%A6%E5%AE%89%E5%BC%81%E5%A4%A9%E5%BA%97%E3%81%8C6%E6%9C%8823%E6%97%A5%E3%82%88%E3%82%8A/,原因,0,1,0.0%,3.0
https://urayasu-portal.com/posts/%E3%83%AF%E3%82%A4%E3%82%BA%E3%83%9E%E3%83%BC%E3%83%88%E3%83%87%E3%82%A3%E3%82%B9%E3%82%AB%E6%B5%A6%E5%AE%89%E5%BC%81%E5%A4%A9%E5%BA%97%E3%81%8C6%E6%9C%8823%E6%97%A5%E3%82%88%E3%82%8A/,浦安弁天,0,1,0.0%,5.0
https://urayasu-portal.com/posts/%E4%B8%80%E9%A2%A8%E5%A0%82%E3%82%A4%E3%82%AF%E3%82%B9%E3%83%94%E3%82%A2%E3%83%AA%E5%BA%97-6%E6%9C%8827%E6%97%A5%E3%83%AA%E3%83%8B%E3%83%A5%E3%83%BC%E3%82%A2%E3%83%AB%E3%82%AA%E3%83%BC%E3%83%97/,イクスピアリ 新店舗,0,1,0.0%,50.0
https://urayasu-portal.com/posts/%E4%B8%80%E9%A2%A8%E5%A0%82%E3%82%A4%E3%82%AF%E3%82%B9%E3%83%94%E3%82%A2%E3%83%AA%E5%BA%97-6%E6%9C%8827%E6%97%A5%E3%83%AA%E3%83%8B%E3%83%A5%E3%83%BC%E3%82%A2%E3%83%AB%E3%82%AA%E3%83%BC%E3%83%97/,イクスピアリ新店舗,0,1,0.0%,50.0
https://urayasu-portal.com/posts/%E4%B8%80%E9%A2%A8%E5%A0%82%E3%82%A4%E3%82%AF%E3%82%B9%E3%83%94%E3%82%A2%E3%83%AA%E5%BA%97-6%E6%9C%8827%E6%97%A5%E3%83%AA%E3%83%8B%E3%83%A5%E3%83%BC%E3%82%A2%E3%83%AB%E3%82%AA%E3%83%BC%E3%83%97/,一風堂 舞浜,0,1,0.0%,5.0
https://urayasu-portal.com/posts/%E4%B8%AD%E5%A4%AE%E6%AD%A6%E9%81%93%E9%A4%A8%E3%81%8C%E3%82%B9%E3%83%9D%E3%83%BC%E3%83%84%E4%BA%8B%E6%A5%AD%E3%82%A4%E3%83%99%E3%83%B3%E3%83%88%E6%83%85%E5%A0%B1%E3%82%92%E6%9B%B4%E6%96%B0/,わんぱくパーク 浦安,0,1,0.0%,12.0
https://urayasu-portal.com/posts/%E4%B8%AD%E8%8F%AF%E6%96%99%E7%90%86-%E6%B3%B0%E8%88%88%E6%B5%A6%E5%AE%89%E9%A7%85%E9%AB%98%E6%9E%B6%E4%B8%8B%E5%86%8D%E9%96%8B%E7%99%BA%E3%81%A73%E6%9C%88%E4%B8%8A%E6%97%AC%E3%81%AB/,泰興 浦安,0,1,0.0%,34.0
https://urayasu-portal.com/posts/%E4%B8%AD%E8%8F%AF%E6%96%99%E7%90%86-%E6%B3%B0%E8%88%88%E6%B5%A6%E5%AE%89%E9%A7%85%E9%AB%98%E6%9E%B6%E4%B8%8B%E5%86%8D%E9%96%8B%E7%99%BA%E3%81%A73%E6%9C%88%E4%B8%8A%E6%97%AC%E3%81%AB/,浦安 再開発,0,1,0.0%,34.0
https://urayasu-portal.com/posts/%E5%BB%83%E9%A3%9F%E6%B2%B9%E5%8F%A4%E7%9D%80%E5%8F%A4%E5%B8%83%E3%81%AE%E5%9B%9E%E5%8F%8E7%E6%9C%889%E6%97%A5%E5%AE%9F%E6%96%BD%E3%81%B8/,浦安市 古着 ゴミ,0,1,0.0%,8.0
https://urayasu-portal.com/posts/%E6%96%B0%E6%B5%A6%E5%AE%89%E3%82%A2%E3%83%88%E3%83%AC%E6%96%B0%E6%B5%A6%E5%AE%891f%E9%A3%9F%E6%96%99%E5%93%81%E3%82%BE%E3%83%BC%E3%83%B3%E3%81%8C7%E6%9C%88%E3%83%AA%E3%83%8B/,アトレ新浦安 リニューアル,0,1,0.0%,21.0
https://urayasu-portal.com/posts/%E6%B5%A6%E5%AE%89%E3%82%AA%E3%83%A0%E3%83%A9%E3%82%A4%E3%82%B9%E5%B0%82%E9%96%80%E5%BA%97yellow-%E6%B5%A6%E5%AE%89%E3%81%8C2026%E5%B9%B46%E6%9C%887/,浦安オムライス,0,1,0.0%,56.0
https://urayasu-portal.com/posts/%E6%B5%A6%E5%AE%89%E3%83%9E%E3%82%AF%E3%83%89%E3%83%8A%E3%83%AB%E3%83%89%E6%96%B0%E6%B5%A6%E5%AE%89%E6%98%8E%E6%B5%B7%E5%BA%97%E3%81%8C%E6%98%8E%E6%B5%B75%E4%B8%81%E7%9B%AE%E3%81%AB/,マクドナルド 新浦安明海店,0,1,0.0%,38.0
https://urayasu-portal.com/posts/%E6%B5%A6%E5%AE%89%E3%83%9E%E3%82%AF%E3%83%89%E3%83%8A%E3%83%AB%E3%83%89%E6%96%B0%E6%B5%A6%E5%AE%89%E6%98%8E%E6%B5%B7%E5%BA%97%E3%81%8C%E6%98%8E%E6%B5%B75%E4%B8%81%E7%9B%AE%E3%81%AB/,マクドナルド新浦安,0,1,0.0%,48.0
https://urayasu-portal.com/posts/%E6%B5%A6%E5%AE%89%E3%83%9E%E3%82%AF%E3%83%89%E3%83%8A%E3%83%AB%E3%83%89%E6%96%B0%E6%B5%A6%E5%AE%89%E6%98%8E%E6%B5%B7%E5%BA%97%E3%81%8C%E6%98%8E%E6%B5%B75%E4%B8%81%E7%9B%AE%E3%81%AB/,新浦安 マクドナルド,0,1,0.0%,46.0
https://urayasu-portal.com/posts/%E6%B5%A6%E5%AE%89%E3%83%9E%E3%82%AF%E3%83%89%E3%83%8A%E3%83%AB%E3%83%89%E6%96%B0%E6%B5%A6%E5%AE%89%E6%98%8E%E6%B5%B7%E5%BA%97%E3%81%8C%E6%98%8E%E6%B5%B75%E4%B8%81%E7%9B%AE%E3%81%AB/,新浦安 マック,0,1,0.0%,50.0
https://urayasu-portal.com/posts/%E6%B5%A6%E5%AE%89%E3%83%9E%E3%82%AF%E3%83%89%E3%83%8A%E3%83%AB%E3%83%89%E6%96%B0%E6%B5%A6%E5%AE%89%E6%98%8E%E6%B5%B7%E5%BA%97%E3%81%8C%E6%98%8E%E6%B5%B75%E4%B8%81%E7%9B%AE%E3%81%AB/,新浦安マクドナルド,0,1,0.0%,45.0
https://urayasu-portal.com/posts/%E6%B5%A6%E5%AE%89%E3%83%AA%E3%83%B3%E3%83%84-%E3%82%B7%E3%83%A7%E3%82%B3%E3%83%A9-%E3%83%96%E3%83%86%E3%82%A3%E3%83%83%E3%82%AF%E3%81%8C%E5%8C%97%E6%A0%84%E3%82%A8%E3%83%AA%E3%82%A2/,リンツ 浦安,0,1,0.0%,18.0
https://urayasu-portal.com/posts/%E6%B5%A6%E5%AE%89%E3%83%AD%E3%83%BC%E3%82%BD%E3%83%B3%E3%82%B9%E3%83%88%E3%82%A2100%E6%B5%A6%E5%AE%89%E5%BD%93%E4%BB%A3%E5%B3%B6%E5%BA%97%E3%81%8C%E6%9C%AC%E6%97%A54-30/,"""きんとうん"" 事業終了 or 閉鎖 or 閉店 or 撤退",0,1,0.0%,20.0
https://urayasu-portal.com/posts/%E6%B5%A6%E5%AE%89%E3%83%AD%E3%83%BC%E3%82%BD%E3%83%B3%E3%82%B9%E3%83%88%E3%82%A2100%E6%B5%A6%E5%AE%89%E5%BD%93%E4%BB%A3%E5%B3%B6%E5%BA%97%E3%81%8C%E6%9C%AC%E6%97%A54-30/,100ローソン 閉店,0,1,0.0%,1.0
https://urayasu-portal.com/posts/%E6%B5%A6%E5%AE%89%E3%83%AD%E3%83%BC%E3%82%BD%E3%83%B3%E3%82%B9%E3%83%88%E3%82%A2100%E6%B5%A6%E5%AE%89%E5%BD%93%E4%BB%A3%E5%B3%B6%E5%BA%97%E3%81%8C%E6%9C%AC%E6%97%A54-30/,100円ローソン 閉店,0,1,0.0%,1.0
https://urayasu-portal.com/posts/%E6%B5%A6%E5%AE%89%E3%83%AD%E3%83%BC%E3%82%BD%E3%83%B3%E3%82%B9%E3%83%88%E3%82%A2100%E6%B5%A6%E5%AE%89%E5%BD%93%E4%BB%A3%E5%B3%B6%E5%BA%97%E3%81%8C%E6%9C%AC%E6%97%A54-30/,ちゃんと答えて。,0,1,0.0%,1.0
https://urayasu-portal.com/posts/%E6%B5%A6%E5%AE%89%E3%83%AD%E3%83%BC%E3%82%BD%E3%83%B3%E3%82%B9%E3%83%88%E3%82%A2100%E6%B5%A6%E5%AE%89%E5%BD%93%E4%BB%A3%E5%B3%B6%E5%BA%97%E3%81%8C%E6%9C%AC%E6%97%A54-30/,ローソン 100 近く,0,1,0.0%,1.0
https://urayasu-portal.com/posts/%E6%B5%A6%E5%AE%89%E3%83%AD%E3%83%BC%E3%82%BD%E3%83%B3%E3%82%B9%E3%83%88%E3%82%A2100%E6%B5%A6%E5%AE%89%E5%BD%93%E4%BB%A3%E5%B3%B6%E5%BA%97%E3%81%8C%E6%9C%AC%E6%97%A54-30/,ローソン 100 閉店 予定 店舗,0,1,0.0%,10.0
https://urayasu-portal.com/posts/%E6%B5%A6%E5%AE%89%E3%83%AD%E3%83%BC%E3%82%BD%E3%83%B3%E3%82%B9%E3%83%88%E3%82%A2100%E6%B5%A6%E5%AE%89%E5%BD%93%E4%BB%A3%E5%B3%B6%E5%BA%97%E3%81%8C%E6%9C%AC%E6%97%A54-30/,ローソン 休業店舗一覧,0,1,0.0%,9.0
https://urayasu-portal.com/posts/%E6%B5%A6%E5%AE%89%E3%83%AD%E3%83%BC%E3%82%BD%E3%83%B3%E3%82%B9%E3%83%88%E3%82%A2100%E6%B5%A6%E5%AE%89%E5%BD%93%E4%BB%A3%E5%B3%B6%E5%BA%97%E3%81%8C%E6%9C%AC%E6%97%A54-30/,ローソン 千葉宮崎町店 閉店,0,1,0.0%,4.0
https://urayasu-portal.com/posts/%E6%B5%A6%E5%AE%89%E3%83%AD%E3%83%BC%E3%82%BD%E3%83%B3%E3%82%B9%E3%83%88%E3%82%A2100%E6%B5%A6%E5%AE%89%E5%BD%93%E4%BB%A3%E5%B3%B6%E5%BA%97%E3%81%8C%E6%9C%AC%E6%97%A54-30/,ローソン 閉店 予定 店舗 2026,0,1,0.0%,17.0
https://urayasu-portal.com/posts/%E6%B5%A6%E5%AE%89%E3%83%AD%E3%83%BC%E3%82%BD%E3%83%B3%E3%82%B9%E3%83%88%E3%82%A2100%E6%B5%A6%E5%AE%89%E5%BD%93%E4%BB%A3%E5%B3%B6%E5%BA%97%E3%81%8C%E6%9C%AC%E6%97%A54-30/,ローソンストア100 閉店 2026,0,1,0.0%,8.0
https://urayasu-portal.com/posts/%E6%B5%A6%E5%AE%89%E3%83%AD%E3%83%BC%E3%82%BD%E3%83%B3%E3%82%B9%E3%83%88%E3%82%A2100%E6%B5%A6%E5%AE%89%E5%BD%93%E4%BB%A3%E5%B3%B6%E5%BA%97%E3%81%8C%E6%9C%AC%E6%97%A54-30/,千葉県,0,1,0.0%,2.0
https://urayasu-portal.com/posts/%E6%B5%A6%E5%AE%89%E3%83%AD%E3%83%BC%E3%82%BD%E3%83%B3%E3%82%B9%E3%83%88%E3%82%A2100%E6%B5%A6%E5%AE%89%E5%BD%93%E4%BB%A3%E5%B3%B6%E5%BA%97%E3%81%8C%E6%9C%AC%E6%97%A54-30/,新浦安 ローソン,0,1,0.0%,36.0
https://urayasu-portal.com/posts/%E6%B5%A6%E5%AE%89%E3%83%AD%E3%83%BC%E3%82%BD%E3%83%B3%E3%82%B9%E3%83%88%E3%82%A2100%E6%B5%A6%E5%AE%89%E5%BD%93%E4%BB%A3%E5%B3%B6%E5%BA%97%E3%81%8C%E6%9C%AC%E6%97%A54-30/,新浦安ローソン,0,1,0.0%,30.0
https://urayasu-portal.com/posts/%E6%B5%A6%E5%AE%89%E3%83%AD%E3%83%BC%E3%82%BD%E3%83%B3%E3%82%B9%E3%83%88%E3%82%A2100%E6%B5%A6%E5%AE%89%E5%BD%93%E4%BB%A3%E5%B3%B6%E5%BA%97%E3%81%8C%E6%9C%AC%E6%97%A54-30/,百円ローソン 閉店,0,1,0.0%,1.0
https://urayasu-portal.com/posts/%E6%B5%A6%E5%AE%89%E4%B8%87%E8%8F%AF%E9%83%B7%E8%B7%A1%E5%9C%B0%E6%B4%BB%E7%94%A8%E6%96%B9%E9%87%9D%E3%81%8C%E6%B1%BA%E5%AE%9A/,大江戸温泉浦安 閉店 跡地,0,1,0.0%,16.0
https://urayasu-portal.com/posts/%E6%B5%A6%E5%AE%89%E4%B8%87%E8%8F%AF%E9%83%B7%E8%B7%A1%E5%9C%B0%E6%B4%BB%E7%94%A8%E6%96%B9%E9%87%9D%E3%81%8C%E6%B1%BA%E5%AE%9A/,浦安万華郷 跡地,0,1,0.0%,11.0
https://urayasu-portal.com/posts/%E6%B5%A6%E5%AE%89%E4%B9%97%E5%90%88%E5%B1%8B%E5%BD%A2%E8%88%B96%E6%9C%888%E6%97%A5%E9%96%8B%E5%82%AC%E5%A4%9C%E6%99%AF%E3%81%A8%E6%97%AC%E3%81%AE%E5%91%B3%E8%A6%9A%E3%82%92/,浦安 乗合 屋形船,0,1,0.0%,48.0
https://urayasu-portal.com/posts/%E6%B5%A6%E5%AE%89%E5%A0%80%E6%B1%9F%E3%81%AE%E4%B9%85%E5%8A%A9%E7%A8%B2%E8%8D%B7%E7%A5%9E%E7%A4%BE%E3%81%A7%E5%A4%A7%E7%A5%AD5%E6%9C%8823%E6%97%A524%E6%97%A5/,久助稲荷神社,0,1,0.0%,41.0
https://urayasu-portal.com/posts/%E6%B5%A6%E5%AE%89%E5%B8%82%E3%81%8C2025%E5%B9%B4%E5%BA%A6%E8%81%B7%E5%93%A1%E6%8E%A1%E7%94%A8%E8%A9%A6%E9%A8%93%E5%90%88%E6%A0%BC%E8%80%85%E3%82%92%E7%99%BA%E8%A1%A8/,浦安市職員,0,1,0.0%,68.0
https://urayasu-portal.com/posts/%E6%B5%A6%E5%AE%89%E5%B8%82%E5%8C%97%E6%A0%84%E3%81%AB%E3%83%8F%E3%83%B3%E3%83%90%E3%83%BC%E3%82%AC%E3%83%BC%E5%BA%97perch-diner%E3%81%8C4%E6%9C%8821%E6%97%A5/,perch burger,0,1,0.0%,10.0
https://urayasu-portal.com/posts/%E6%B5%A6%E5%AE%89%E5%B8%82%E5%8C%97%E6%A0%84%E3%81%AB%E3%83%8F%E3%83%B3%E3%83%90%E3%83%BC%E3%82%AC%E3%83%BC%E5%BA%97perch-diner%E3%81%8C4%E6%9C%8821%E6%97%A5/,ハンバーガー 浦安,0,1,0.0%,43.0
https://urayasu-portal.com/posts/%E6%B5%A6%E5%AE%89%E5%B8%82%E5%8C%97%E6%A0%84%E3%81%AB%E3%83%8F%E3%83%B3%E3%83%90%E3%83%BC%E3%82%AC%E3%83%BC%E5%BA%97perch-diner%E3%81%8C4%E6%9C%8821%E6%97%A5/,パーチダイナー 浦安,0,1,0.0%,17.0
https://urayasu-portal.com/posts/%E6%B5%A6%E5%AE%89%E5%B8%82%E5%8C%97%E6%A0%84%E3%81%AB%E3%83%8F%E3%83%B3%E3%83%90%E3%83%BC%E3%82%AC%E3%83%BC%E5%BA%97perch-diner%E3%81%8C4%E6%9C%8821%E6%97%A5/,浦安 バーガー,0,1,0.0%,81.0
https://urayasu-portal.com/posts/%E6%B5%A6%E5%AE%89%E5%B8%82%E5%8C%97%E6%A0%84%E3%81%AB%E3%83%8F%E3%83%B3%E3%83%90%E3%83%BC%E3%82%AC%E3%83%BC%E5%BA%97perch-diner%E3%81%8C4%E6%9C%8821%E6%97%A5/,浦安 ピーチダイナー,0,1,0.0%,30.0
https://urayasu-portal.com/posts/%E6%B5%A6%E5%AE%89%E5%B8%82%E5%96%B6%E6%9D%B1%E9%87%8E%E3%83%97%E3%83%BC%E3%83%AB2025%E5%B9%B4%E5%A4%8F%E5%AD%A3%E5%96%B6%E6%A5%AD%E9%96%8B%E5%A7%8B-9%E6%9C%887%E6%97%A5%E3%81%BE%E3%81%A7/,東野プール いつから,0,1,0.0%,19.0
https://urayasu-portal.com/posts/%E6%B5%A6%E5%AE%89%E5%B8%82%E5%96%B6%E6%9D%B1%E9%87%8E%E3%83%97%E3%83%BC%E3%83%AB2025%E5%B9%B4%E5%A4%8F%E5%AD%A3%E5%96%B6%E6%A5%AD%E9%96%8B%E5%A7%8B-9%E6%9C%887%E6%97%A5%E3%81%BE%E3%81%A7/,浦安東野プール,0,1,0.0%,47.0
https://urayasu-portal.com/posts/%E6%B5%A6%E5%AE%89%E5%B8%82%E5%B8%82%E6%B0%91%E6%B4%BB%E5%8B%95%E3%82%BB%E3%83%B3%E3%82%BF%E3%83%BC%E3%81%8C%E5%90%84%E7%A8%AE%E3%82%A4%E3%83%99%E3%83%B3%E3%83%88%E6%83%85%E5%A0%B1%E3%82%92%E5%85%AC/,市民活動センター 浦安,0,1,0.0%,12.0
https://urayasu-portal.com/posts/%E6%B5%A6%E5%AE%89%E5%B8%82%E6%96%87%E5%8C%96%E4%BC%9A%E9%A4%A8%E3%81%A7%E5%A4%8F%E4%BC%91%E3%81%BF%E3%83%95%E3%82%A1%E3%83%9F%E3%83%AA%E3%83%BC%E3%82%B3%E3%83%B3%E3%82%B5%E3%83%BC%E3%83%88/,浦安市文化会館 イベント 今日,0,1,0.0%,56.0
https://urayasu-portal.com/posts/%E6%B5%A6%E5%AE%89%E5%B8%82%E6%B5%A6%E5%AE%89%E3%82%B7%E3%83%86%E3%82%A3%E3%82%AA%E3%83%BC%E3%82%B1%E3%82%B9%E3%83%88%E3%83%A9%E7%AC%AC65%E5%9B%9E%E5%AE%9A%E6%9C%9F%E6%BC%94%E5%A5%8F/,浦安 シティ オーケストラ,0,1,0.0%,23.0
https://urayasu-portal.com/posts/%E6%B5%A6%E5%AE%89%E5%B8%82%E6%B5%A6%E5%AE%89%E9%A7%85%E5%89%8D%E3%81%AB%E7%84%BC%E8%82%89%E3%81%8D%E3%82%93%E3%81%90%E3%81%8C2026%E5%B9%B46%E6%9C%88%E4%B8%8B/,新浦安 焼肉 きん ぐ,0,1,0.0%,19.0
https://urayasu-portal.com/posts/%E6%B5%A6%E5%AE%89%E5%B8%82%E6%B5%A6%E5%AE%89%E9%A7%85%E5%89%8D%E3%81%AB%E7%84%BC%E8%82%89%E3%81%8D%E3%82%93%E3%81%90%E3%81%8C2026%E5%B9%B46%E6%9C%88%E4%B8%8B/,焼肉 キング 浦安,0,1,0.0%,38.0
https://urayasu-portal.com/posts/%E6%B5%A6%E5%AE%89%E5%B8%82%E6%B5%A6%E5%AE%89%E9%A7%85%E5%89%8D%E3%81%AB%E7%84%BC%E8%82%89%E3%81%8D%E3%82%93%E3%81%90%E3%81%8C2026%E5%B9%B46%E6%9C%88%E4%B8%8B/,焼肉きんぐ 新浦安,0,1,0.0%,12.0
https://urayasu-portal.com/posts/%E6%B5%A6%E5%AE%89%E5%B8%82%E7%89%A9%E4%BE%A1%E9%AB%98%E9%A8%B0%E5%AF%BE%E7%AD%96%E7%B5%A6%E4%BB%98%E9%87%91%E7%94%B3%E8%AB%8B%E6%9C%9F%E9%99%90%E8%BF%AB%E3%82%8B-6%E6%9C%8830%E6%97%A5/,浦安市,0,1,0.0%,8.0
https://urayasu-portal.com/posts/%E6%B5%A6%E5%AE%89%E5%B8%82%E7%89%A9%E4%BE%A1%E9%AB%98%E9%A8%B0%E5%AF%BE%E7%AD%96%E7%B5%A6%E4%BB%98%E9%87%91%E7%94%B3%E8%AB%8B%E6%9C%9F%E9%99%90%E8%BF%AB%E3%82%8B-6%E6%9C%8830%E6%97%A5/,浦安市 商品券,0,1,0.0%,73.0
https://urayasu-portal.com/posts/%E6%B5%A6%E5%AE%89%E5%B8%82%E7%AC%AC28%E5%9B%9E%E6%B5%A6%E5%AE%89%E5%B8%82%E6%B0%91%E3%81%BE%E3%81%A4%E3%82%8A%E3%81%8C4-25%E5%9C%9F26%E6%97%A5%E9%96%8B%E5%82%AC/,浦安市民まつり,0,1,0.0%,36.0
https://urayasu-portal.com/posts/%E6%B5%A6%E5%AE%89%E5%B8%82%E7%AC%AC28%E5%9B%9E%E6%B5%A6%E5%AE%89%E5%B8%82%E6%B0%91%E3%81%BE%E3%81%A4%E3%82%8A%E3%81%8C4-25%E5%9C%9F26%E6%97%A5%E9%96%8B%E5%82%AC/,浦安市民祭り,0,1,0.0%,53.0
https://urayasu-portal.com/posts/%E6%B5%A6%E5%AE%89%E5%B8%82%E7%AC%AC28%E5%9B%9E%E6%B5%A6%E5%AE%89%E5%B8%82%E6%B0%91%E3%81%BE%E3%81%A4%E3%82%8A-4%E6%9C%8825%E6%97%A526%E6%97%A5%E9%96%8B%E5%82%AC/,浦安市民祭り,0,1,0.0%,37.0
https://urayasu-portal.com/posts/%E6%B5%A6%E5%AE%89%E5%B8%82%E7%AC%AC28%E5%9B%9E%E6%B5%A6%E5%AE%89%E5%B8%82%E6%B0%91%E3%81%BE%E3%81%A4%E3%82%8A-4%E6%9C%8825%E6%97%A526%E6%97%A5%E9%96%8B%E5%82%AC/,浦安市民祭り 2026,0,1,0.0%,64.0
https://urayasu-portal.com/posts/%E6%B5%A6%E5%AE%89%E8%A5%BF%E5%8F%8B%E6%B5%A6%E5%AE%89%E5%BA%97%E3%81%8C5%E6%9C%8831%E6%97%A5%E3%81%AB%E4%B8%80%E6%99%82%E9%96%89%E5%BA%97%E5%A4%8F%E3%81%AB/,seiyu 浦安,0,1,0.0%,5.0
https://urayasu-portal.com/posts/%E6%B5%A6%E5%AE%89%E8%A5%BF%E5%8F%8B%E6%B5%A6%E5%AE%89%E5%BA%97%E3%81%8C5%E6%9C%8831%E6%97%A5%E3%81%AB%E4%B8%80%E6%99%82%E9%96%89%E5%BA%97%E5%A4%8F%E3%81%AB/,浦安 西友,0,1,0.0%,54.0
https://urayasu-portal.com/posts/%E6%B5%A6%E5%AE%89%E8%A5%BF%E5%8F%8B%E6%B5%A6%E5%AE%89%E5%BA%97%E3%81%8C5%E6%9C%8831%E6%97%A5%E3%81%AB%E4%B8%80%E6%99%82%E9%96%89%E5%BA%97%E5%A4%8F%E3%81%AB/,浦安 西友 リニューアル,0,1,0.0%,30.0
https://urayasu-portal.com/posts/%E6%B5%A6%E5%AE%89%E8%A5%BF%E5%8F%8B%E6%B5%A6%E5%AE%89%E5%BA%97%E3%81%8C5%E6%9C%8831%E6%97%A5%E3%81%AB%E4%B8%80%E6%99%82%E9%96%89%E5%BA%97%E5%A4%8F%E3%81%AB/,浦安 西友 閉店,0,1,0.0%,7.0
https://urayasu-portal.com/posts/%E6%B5%A6%E5%AE%89%E8%A5%BF%E5%8F%8B%E6%B5%A6%E5%AE%89%E5%BA%97%E3%81%8C5%E6%9C%8831%E6%97%A5%E3%81%AB%E4%B8%80%E6%99%82%E9%96%89%E5%BA%97%E5%A4%8F%E3%81%AB/,西友 浦安 店,0,1,0.0%,58.0
https://urayasu-portal.com/posts/%E6%B5%A6%E5%AE%89%E8%A5%BF%E5%8F%8B%E6%B5%A6%E5%AE%89%E5%BA%97%E3%81%8C5%E6%9C%8831%E6%97%A5%E3%81%AB%E4%B8%80%E6%99%82%E9%96%89%E5%BA%97%E5%A4%8F%E3%81%AB/,西友 浦安店,0,1,0.0%,3.0
https://urayasu-portal.com/posts/%E6%B5%A6%E5%AE%89%E8%A5%BF%E5%8F%8B%E6%B5%A6%E5%AE%89%E5%BA%97%E3%81%8C5%E6%9C%8831%E6%97%A5%E3%81%AB%E4%B8%80%E6%99%82%E9%96%89%E5%BA%97%E5%A4%8F%E3%81%AB/,西友浦安 閉店,0,1,0.0%,11.0
https://urayasu-portal.com/posts/%E6%B5%A6%E5%AE%89%E8%A5%BF%E5%8F%8B%E6%B5%A6%E5%AE%89%E5%BA%97%E3%81%8C5%E6%9C%8831%E6%97%A5%E3%81%AB%E4%B8%80%E6%99%82%E9%96%89%E5%BA%97%E5%A4%8F%E3%81%AB/,西友浦安店,0,1,0.0%,51.0
https://urayasu-portal.com/posts/%E6%B5%A6%E5%AE%89grand-monday-resort-%E6%9D%B1%E4%BA%AC%E3%83%99%E3%82%A4%E8%88%9E%E6%B5%9C7%E6%9C%8818%E6%97%A5%E3%82%B0%E3%83%A9%E3%83%B3%E3%83%89%E3%82%AA/,grand monday resort,0,1,0.0%,15.0
https://urayasu-portal.com/posts/%E7%A8%B2%E5%BA%AD%E3%81%86%E3%81%A9%E3%82%93x%E4%B8%BC%E3%82%81%E3%81%97%E9%87%91%E5%AD%90%E5%8D%8A%E4%B9%8B%E5%8A%A9%E3%81%8C%E3%82%A4%E3%82%AF%E3%82%B9%E3%83%94%E3%82%A2/,金子半之助 イクスピアリ,0,1,0.0%,54.0
https://urayasu-portal.com/posts/%E7%A8%B2%E5%BA%AD%E3%81%86%E3%81%A9%E3%82%93x%E4%B8%BC%E3%82%81%E3%81%97%E9%87%91%E5%AD%90%E5%8D%8A%E4%B9%8B%E5%8A%A9%E3%81%8C%E3%82%A4%E3%82%AF%E3%82%B9%E3%83%94%E3%82%A2/,金子半之助 舞浜,0,1,0.0%,13.0
https://urayasu-portal.com/posts/%E8%88%9E%E6%B5%9C%E3%82%A4%E3%82%AF%E3%82%B9%E3%83%94%E3%82%A2%E3%83%AA%E6%9C%88%E5%B3%B6%E3%82%82%E3%82%93%E3%81%98%E3%82%83%E3%83%A2%E3%83%98%E3%82%B8/,もへじ イクスピアリ,0,1,0.0%,5.0
https://urayasu-portal.com/posts/%E8%88%9E%E6%B5%9C%E3%82%A4%E3%82%AF%E3%82%B9%E3%83%94%E3%82%A2%E3%83%AA%E6%9C%88%E5%B3%B6%E3%82%82%E3%82%93%E3%81%98%E3%82%83%E3%83%A2%E3%83%98%E3%82%B8/,もんじゃ もへじ イクスピアリ,0,1,0.0%,22.0
https://urayasu-portal.com/posts/%E8%88%9E%E6%B5%9C%E3%82%A4%E3%82%AF%E3%82%B9%E3%83%94%E3%82%A2%E3%83%AA%E6%9C%88%E5%B3%B6%E3%82%82%E3%82%93%E3%81%98%E3%82%83%E3%83%A2%E3%83%98%E3%82%B8/,イクスピアリ もへじ,0,1,0.0%,3.0
https://urayasu-portal.com/posts/%E8%88%9E%E6%B5%9C%E3%82%A4%E3%82%AF%E3%82%B9%E3%83%94%E3%82%A2%E3%83%AA%E6%9C%88%E5%B3%B6%E3%82%82%E3%82%93%E3%81%98%E3%82%83%E3%83%A2%E3%83%98%E3%82%B8/,イクスピアリ もんじゃ,0,1,0.0%,36.0
https://urayasu-portal.com/posts/%E8%88%9E%E6%B5%9C%E3%82%A4%E3%82%AF%E3%82%B9%E3%83%94%E3%82%A2%E3%83%AA%E6%9C%88%E5%B3%B6%E3%82%82%E3%82%93%E3%81%98%E3%82%83%E3%83%A2%E3%83%98%E3%82%B8/,舞浜 もへじ,0,1,0.0%,28.0
https://urayasu-portal.com/posts/%E8%A1%8C%E5%BE%B3%E8%A1%8C%E5%BE%B3%E8%A1%97%E3%83%90%E3%83%AB2026%E3%81%8C4-2324%E9%96%8B%E5%82%AC35%E5%BA%97%E8%88%97%E3%81%A7%E3%83%81%E3%82%B1%E3%83%83/,行徳夜イチ,0,1,0.0%,35.0
https://urayasu-portal.com/posts/%E8%A1%8C%E5%BE%B3%E8%A1%8C%E5%BE%B3%E8%A1%97%E3%83%90%E3%83%AB2026%E3%81%8C4-2324%E9%96%8B%E5%82%AC35%E5%BA%97%E8%88%97%E3%81%A7%E3%83%81%E3%82%B1%E3%83%83/,行徳町バル,0,1,0.0%,9.0
https://urayasu-portal.com/posts/%E8%A1%8C%E5%BE%B3%E8%A1%8C%E5%BE%B3%E8%A1%97%E3%83%90%E3%83%AB2026%E3%81%8C4-2324%E9%96%8B%E5%82%AC35%E5%BA%97%E8%88%97%E3%81%A7%E3%83%81%E3%82%B1%E3%83%83/,街バル 2026,0,1,0.0%,142.0
https://urayasu-portal.com/posts/826aska-urayasu-concert-20260808/,今日 この近くでやっ てる イベント,0,1,0.0%,1.0
https://urayasu-portal.com/posts/all-japan-id-volleyball-urayasu-2026/,2026年8月10日,0,1,0.0%,1.0
https://urayasu-portal.com/posts/all-japan-id-volleyball-urayasu-2026/,8月10日です,0,1,0.0%,1.0
https://urayasu-portal.com/posts/all-japan-id-volleyball-urayasu-2026/,idバレーボール大会 2026,0,1,0.0%,1.0
https://urayasu-portal.com/posts/all-japan-id-volleyball-urayasu-2026/,今日バレーの試合ありますか,0,1,0.0%,1.0
https://urayasu-portal.com/posts/all-japan-id-volleyball-urayasu-2026/,男子バレー 今日,0,1,0.0%,1.0
https://urayasu-portal.com/posts/all-japan-id-volleyball-urayasu-2026/,組み合わせ,0,1,0.0%,2.0
https://urayasu-portal.com/posts/all-japan-id-volleyball-urayasu-2026/,結果を知りたい,0,1,0.0%,2.0
https://urayasu-portal.com/posts/ambassador-hotel-tropical-summer-festival-2026/,舞浜 フェス,0,1,0.0%,9.0
https://urayasu-portal.com/posts/artgrace-ristorante-mare-blu-2026/,新浦安 音楽ホール レストラン,0,1,0.0%,24.0
https://urayasu-portal.com/posts/artgrace-ristorante-mare-blu-2026/,浦安 レストランウェディング,0,1,0.0%,19.0
https://urayasu-portal.com/posts/atre-shinurayasu-boulmich-temporary-closure/,くりこ庵 新浦安,0,1,0.0%,2.0
https://urayasu-portal.com/posts/atre-shinurayasu-boulmich-temporary-closure/,駅周辺,0,1,0.0%,7.0
https://urayasu-portal.com/posts/atre-shinurayasu-closed-20260817/,アトレ新浦安 転職,0,1,0.0%,42.0
https://urayasu-portal.com/posts/atre-shinurayasu-closed-20260817/,新浦安 アトレ,0,1,0.0%,55.0
https://urayasu-portal.com/posts/atre-shinurayasu-closed-20260817/,新浦安 アトレ 営業時間,0,1,0.0%,6.0
https://urayasu-portal.com/posts/atre-shinurayasu-closed-20260817/,新浦安アトレ 営業時間,0,1,0.0%,8.0
https://urayasu-portal.com/posts/atre-shinurayasu-food-renewal-20260709/,アトレ新浦安 リニューアル,0,1,0.0%,21.0
https://urayasu-portal.com/posts/atre-shinurayasu-food-renewal-20260709/,新浦安 アトレ 改装,0,1,0.0%,10.0
https://urayasu-portal.com/posts/atre-shinurayasu-kasei-close-20260820/,新浦安 テイクアウト,0,1,0.0%,32.0
https://urayasu-portal.com/posts/atre-shinurayasu-true-tree-popup-2026/,新浦安駅 ポップアップショップ,0,1,0.0%,10.0
https://urayasu-portal.com/posts/atre-shinurayasu-true-tree-popup-2026/,新浦安駅 ポップアップストア,0,1,0.0%,9.0
https://urayasu-portal.com/posts/bardral-las-chulas-higashikurume-20260718/,カフリンガ東久留米,0,1,0.0%,1.0
https://urayasu-portal.com/posts/bardral-tercero-u18-runner-up-2026/,バルドラール浦安 u18,0,1,0.0%,7.0
https://urayasu-portal.com/posts/bardral-tercero-u18-runner-up-2026/,フットサルu18,0,1,0.0%,12.0
https://urayasu-portal.com/posts/bardral-urayasu-nagoya-free-invitation-20260905/,スポーツ 招待,0,1,0.0%,77.0
https://urayasu-portal.com/posts/bardral-urayasu-nagoya-free-invitation-20260905/,観戦 招待,0,1,0.0%,13.0
https://urayasu-portal.com/posts/bardral-urayasu-segundo-tochigi-20260711-result/,セグンド フットサル,0,1,0.0%,8.0
https://urayasu-portal.com/posts/bardral-urayasu-tachikawa-draw-20260718/,カフリンガ東久留米,0,1,0.0%,8.0
https://urayasu-portal.com/posts/bardral-urayasu-tachikawa-draw-20260718/,何対何,0,1,0.0%,3.0
https://urayasu-portal.com/posts/beams-japan-popup-tour-maihama-2026/,イクスピアリ beams,0,1,0.0%,11.0
https://urayasu-portal.com/posts/benten-fureai-mini-festa-202607/,夏祭り 明日,0,1,0.0%,3.0
https://urayasu-portal.com/posts/benten-fureai-mini-festa-202607/,子供 イベント 今日,0,1,0.0%,4.0
https://urayasu-portal.com/posts/benten-fureai-mini-festa-202607/,昨日 イベント,0,1,0.0%,1.0
https://urayasu-portal.com/posts/benten-fureai-mini-festa-202607/,浦安 お祭り 今日,0,1,0.0%,1.0
https://urayasu-portal.com/posts/benten-fureai-mini-festa-202607/,浦安 祭り 今日,0,1,0.0%,2.0
https://urayasu-portal.com/posts/benten-fureai-mini-festa-202607/,浦安市 イベント 明日,0,1,0.0%,3.0
https://urayasu-portal.com/posts/benten-fureai-mini-festa-202607/,浦安市 水遊び,0,1,0.0%,2.0
https://urayasu-portal.com/posts/benten-fureai-mini-festa-202607/,近くのお祭り 今日,0,1,0.0%,1.0
https://urayasu-portal.com/posts/brighton-hotel-treasure-hunt-2026/,今日,0,1,0.0%,10.0
https://urayasu-portal.com/posts/briobecca-tochigi-emperors-cup-result-2026/,ブリオベッカ浦安 j3,0,1,0.0%,11.0
https://urayasu-portal.com/posts/briobecca-tochigi-emperors-cup-result-2026/,栃木sc 対 ブリオベッカ浦安・市川,0,1,0.0%,11.0
https://urayasu-portal.com/posts/cafe-kaila-new-pancakes-2026/,シェラトン グランカフェ,0,1,0.0%,7.0
https://urayasu-portal.com/posts/cafe-kaila-new-pancakes-2026/,シェラトン 舞浜,0,1,0.0%,41.0
https://urayasu-portal.com/posts/cafe-kaila-new-pancakes-2026/,シェラトン・グランデ・トーキョーベイ・ホテル,0,1,0.0%,49.0
https://urayasu-portal.com/posts/cafe-kaila-new-pancakes-2026/,浦安 パンケーキ,0,1,0.0%,12.0
https://urayasu-portal.com/posts/caps-clinic-ichikawa-myoden-open/,キャップス市川妙典,0,1,0.0%,9.0
https://urayasu-portal.com/posts/caps-clinic-ichikawa-myoden-open/,キャプスクリニック 妙典,0,1,0.0%,4.0
https://urayasu-portal.com/posts/chiba-cashless-campaign-202608/,aeonpay,0,1,0.0%,9.0
https://urayasu-portal.com/posts/chiba-cashless-campaign-202608/,アトレ新浦安,0,1,0.0%,2.0
https://urayasu-portal.com/posts/chiba-cashless-campaign-202608/,キャッシュレス 還元,0,1,0.0%,5.0
https://urayasu-portal.com/posts/chiba-cashless-campaign-202608/,スギ薬局 千葉県キャッシュレスキャンペーン,0,1,0.0%,1.0
https://urayasu-portal.com/posts/chiba-cashless-campaign-202608/,スーパーはある？,0,1,0.0%,7.0
https://urayasu-portal.com/posts/chiba-cashless-campaign-202608/,マルエツは？,0,1,0.0%,3.0
https://urayasu-portal.com/posts/chiba-cashless-campaign-202608/,浦安店,0,1,0.0%,5.0
https://urayasu-portal.com/posts/cinema-ikspiari-disney-revival-2026/,イクスピアリ 映画 ディズニー リバイバル,0,1,0.0%,5.0
https://urayasu-portal.com/posts/cinema-ikspiari-disney-revival-2026/,リメンバーミー リバイバル上映,0,1,0.0%,11.0
https://urayasu-portal.com/posts/cinema-ikspiari-disney-revival-2026/,舞浜,0,1,0.0%,1.0
https://urayasu-portal.com/posts/cinema-ikspiari-with-kids-toystory5/,イクスピアリ キッズシネマ,0,1,0.0%,8.0
https://urayasu-portal.com/posts/cinema-ikspiari-with-kids-toystory5/,イクスピアリ 赤ちゃん 映画,0,1,0.0%,11.0
https://urayasu-portal.com/posts/cinema-ikspiari-with-kids-toystory5/,キッズシネマ 店舗,0,1,0.0%,23.0
https://urayasu-portal.com/posts/cinema-ikspiari-with-kids-toystory5/,シェラトン・グランデ・トーキョーベイ・ホテル,0,1,0.0%,38.0
https://urayasu-portal.com/posts/cinema-ikspiari-with-kids-toystory5/,トイストーリー 子連れ上映,0,1,0.0%,17.0
https://urayasu-portal.com/posts/cinema-ikspiari-with-kids-toystory5/,トイストーリー 親子上映,0,1,0.0%,31.0
https://urayasu-portal.com/posts/curves-aeon-shinurayasu-open/,カーブス イオン,0,1,0.0%,8.0
https://urayasu-portal.com/posts/curves-aeon-shinurayasu-open/,カーブス ニューコースト新浦安,0,1,0.0%,17.0
https://urayasu-portal.com/posts/curves-aeon-shinurayasu-open/,カーブス 新浦安 料金,0,1,0.0%,18.0
https://urayasu-portal.com/posts/curves-aeon-shinurayasu-open/,カーブス新店舗予定,0,1,0.0%,11.0
https://urayasu-portal.com/posts/daiso-maruesu-gyotoku-close/,どうなるの？,0,1,0.0%,2.0
https://urayasu-portal.com/posts/daiso-maruesu-gyotoku-close/,ダイソー 市ヶ谷 閉店,0,1,0.0%,11.0
https://urayasu-portal.com/posts/daiso-maruesu-gyotoku-close/,ダイソー 行徳駅前店,0,1,0.0%,6.0
https://urayasu-portal.com/posts/daiso-maruesu-gyotoku-close/,マルエツ 南行徳,0,1,0.0%,5.0
https://urayasu-portal.com/posts/daiso-maruesu-gyotoku-close/,マルエツ 行徳 店,0,1,0.0%,24.0
https://urayasu-portal.com/posts/daiso-maruesu-gyotoku-close/,マルエツ 行徳 駅前,0,1,0.0%,56.0
https://urayasu-portal.com/posts/daiso-maruesu-gyotoku-close/,マルエツ 近く,0,1,0.0%,3.0
https://urayasu-portal.com/posts/daiso-maruesu-gyotoku-close/,今ある？,0,1,0.0%,4.0
https://urayasu-portal.com/posts/daiso-maruesu-gyotoku-close/,行徳 マルエツ,0,1,0.0%,9.0
https://urayasu-portal.com/posts/daiso-maruesu-gyotoku-close/,行徳閉店,0,1,0.0%,5.0
https://urayasu-portal.com/posts/disney-halloween-2026/,9月 ハロウィン ディズニー,0,1,0.0%,11.0
https://urayasu-portal.com/posts/disney-halloween-2026/,9月ハロウィン ディズニー,0,1,0.0%,11.0
https://urayasu-portal.com/posts/disney-halloween-2026/,ディズニー 9月 イベント 2026,0,1,0.0%,36.0
https://urayasu-portal.com/posts/disney-halloween-2026/,ディズニーハロウィン期間,0,1,0.0%,37.0
https://urayasu-portal.com/posts/disney-halloween-2026/,ハロウィン いつから ディズニー,0,1,0.0%,35.0
https://urayasu-portal.com/posts/disney-hotels-halloween-menu-2026/,シェラトン・グランデ・トーキョーベイ・ホテル,0,1,0.0%,46.0
https://urayasu-portal.com/posts/disney-hotels-halloween-menu-2026/,シャーウッドガーデンレストラン メニュー,0,1,0.0%,5.0
https://urayasu-portal.com/posts/disney-premier-access-price-change-202609/,dpa 値上げ,0,1,0.0%,8.0
https://urayasu-portal.com/posts/disney-premier-access-price-change-202609/,ディズニー プレミアアクセス 値上げ,0,1,0.0%,10.0
https://urayasu-portal.com/posts/disney-premier-access-price-change-202609/,ディズニー 値上げ アトラクション,0,1,0.0%,10.0
https://urayasu-portal.com/posts/disney-premier-access-price-change-202609/,ディズニーの優先パスが9月から値上げされる詳細と対象アトラクションを教えて,0,1,0.0%,8.0
https://urayasu-portal.com/posts/disney-premier-access-price-change-202609/,プレミアアクセス値上げ,0,1,0.0%,20.0
https://urayasu-portal.com/posts/disney-resort-line-25th-anniversary-events/,25周年 リゾートライン 時間,0,1,0.0%,8.0
https://urayasu-portal.com/posts/disney-resort-line-25th-anniversary-events/,リゾートライナー 貸切,0,1,0.0%,11.0
https://urayasu-portal.com/posts/duffy-friends-autumn-surprise-goods-2026/,ダッフィー 8月25日,0,1,0.0%,9.0
https://urayasu-portal.com/posts/duffy-friends-autumn-surprise-goods-2026/,ダッフィー 秋 2026,0,1,0.0%,10.0
https://urayasu-portal.com/posts/duoscene-shin-urayasu-higashino/,デュオセーヌ 新浦安,0,1,0.0%,11.0
https://urayasu-portal.com/posts/duoscene-shin-urayasu-higashino/,デュオセーヌ 浦安,0,1,0.0%,6.0
https://urayasu-portal.com/posts/duoscene-shin-urayasu-higashino/,トライアル 浦安,0,1,0.0%,15.0
https://urayasu-portal.com/posts/duoscene-shin-urayasu-higashino/,新浦安 新築マンション 計画,0,1,0.0%,8.0
https://urayasu-portal.com/posts/duoscene-shin-urayasu-higashino/,浦安 トライアル 西友,0,1,0.0%,10.0
https://urayasu-portal.com/posts/eyecarelabo-urayasu-open/,アイケア 整体,0,1,0.0%,6.0
https://urayasu-portal.com/posts/eyecarelabo-urayasu-open/,アイケアラボ 店舗,0,1,0.0%,7.0
https://urayasu-portal.com/posts/eyecarelabo-urayasu-open/,目の整体院,0,1,0.0%,10.0
https://urayasu-portal.com/posts/familymart-shinurayasu-mare-open/,コンビニ,0,1,0.0%,1.0
https://urayasu-portal.com/posts/familymart-shinurayasu-mare-open/,ファミマ 開店,0,1,0.0%,5.0
https://urayasu-portal.com/posts/familymart-shinurayasu-mare-open/,ファミマちかく,0,1,0.0%,1.0
https://urayasu-portal.com/posts/familymart-shinurayasu-mare-open/,ファミリーマート,0,1,0.0%,3.0
https://urayasu-portal.com/posts/familymart-shinurayasu-mare-open/,ファミリーマート 新店舗,0,1,0.0%,8.0
https://urayasu-portal.com/posts/familymart-shinurayasu-mare-open/,ファミリーマート 新浦安,0,1,0.0%,11.0
https://urayasu-portal.com/posts/familymart-shinurayasu-mare-open/,マーレ 新浦安,0,1,0.0%,46.0
https://urayasu-portal.com/posts/familymart-shinurayasu-mare-open/,マーレ新浦安,0,1,0.0%,45.0
https://urayasu-portal.com/posts/familymart-shinurayasu-mare-open/,新浦安 ガチャガチャ,0,1,0.0%,8.0
https://urayasu-portal.com/posts/familymart-shinurayasu-mare-open/,新浦安 コンビニ,0,1,0.0%,7.0
https://urayasu-portal.com/posts/familymart-shinurayasu-mare-open/,新浦安コンビニ,0,1,0.0%,25.0
https://urayasu-portal.com/posts/familymart-shinurayasu-mare-open/,新浦安マーレ,0,1,0.0%,55.0
https://urayasu-portal.com/posts/familymart-shinurayasu-mare-open/,新浦安駅前プラザマーレ,0,1,0.0%,44.0
https://urayasu-portal.com/posts/gongcha-ikspiari-renewal/,ごんちゃイクスピアリ,0,1,0.0%,10.0
https://urayasu-portal.com/posts/gongcha-ikspiari-renewal/,イクスピアリ ゴンチャ 行き方,0,1,0.0%,16.0
https://urayasu-portal.com/posts/gongcha-ikspiari-renewal/,ソフトドリンク,0,1,0.0%,3.0
https://urayasu-portal.com/posts/gongcha-ikspiari-renewal/,ピアリ ごんちゃ,0,1,0.0%,11.0
https://urayasu-portal.com/posts/gongcha-ikspiari-renewal/,舞浜ごんちゃ,0,1,0.0%,10.0
https://urayasu-portal.com/posts/grand-nikko-summer-festival-2026/,グランドニッコー東京ベイ 夏祭り,0,1,0.0%,14.0
https://urayasu-portal.com/posts/grand-nikko-summer-festival-2026/,シェラトン 舞浜,0,1,0.0%,26.0
https://urayasu-portal.com/posts/grand-nikko-summer-festival-2026/,シェラトン・グランデ・トーキョーベイ・ホテル,0,1,0.0%,41.0
https://urayasu-portal.com/posts/grand-nikko-world-gourmet-sweets-festa/,シェラトン グランカフェ,0,1,0.0%,4.0
https://urayasu-portal.com/posts/grand-nikko-world-gourmet-sweets-festa/,シェラトン・グランデ・トーキョーベイ・ホテル,0,1,0.0%,36.0
https://urayasu-portal.com/posts/gyotoku-horumon-shoryuen-open-2026/,そば 開店,0,1,0.0%,49.0
https://urayasu-portal.com/posts/gyotoku-machinocyuuka-kasumi-open-2026/,かすみ 中華,0,1,0.0%,6.0
https://urayasu-portal.com/posts/gyotoku-turkish-restaurant-saray-open/,saray サライ 行徳,0,1,0.0%,18.0
https://urayasu-portal.com/posts/gyotoku-turkish-restaurant-saray-open/,saray 行徳,0,1,0.0%,12.0
https://urayasu-portal.com/posts/hakurei-match-maihama-events-2026/,将棋 大盤解説 申し込み,0,1,0.0%,7.0
https://urayasu-portal.com/posts/hilton-gothic-palace-2026/,シェラトン ガーデンプール,0,1,0.0%,36.0
https://urayasu-portal.com/posts/hilton-gothic-palace-2026/,シェラトン グランカフェ,0,1,0.0%,11.0
https://urayasu-portal.com/posts/hilton-gothic-palace-2026/,シェラトン 舞浜,0,1,0.0%,35.0
https://urayasu-portal.com/posts/hilton-gothic-palace-2026/,シェラトン・グランデ・トーキョーベイ・ホテル,0,1,0.0%,49.0
https://urayasu-portal.com/posts/hilton-gothic-palace-2026/,ヒルトン東京ベイ ハロウィン,0,1,0.0%,8.0
https://urayasu-portal.com/posts/hilton-gothic-palace-2026/,浦安 スイーツバイキング,0,1,0.0%,33.0
https://urayasu-portal.com/posts/hilton-tokyo-bay-garden-pool-restaurant/,シェラトン ガーデンプール,0,1,0.0%,7.0
https://urayasu-portal.com/posts/hilton-tokyo-bay-garden-pool-restaurant/,シェラトン グランカフェ,0,1,0.0%,11.0
https://urayasu-portal.com/posts/hilton-tokyo-bay-garden-pool-restaurant/,シェラトン 舞浜,0,1,0.0%,23.0
https://urayasu-portal.com/posts/hilton-tokyo-bay-garden-pool-restaurant/,シェラトン・グランデ・トーキョーベイ・ホテル,0,1,0.0%,65.0
https://urayasu-portal.com/posts/horn-onecoin-concert-20260808/,萩原麻未,0,1,0.0%,80.0
https://urayasu-portal.com/posts/hotel-emion-ennichi-2026/,エミオン 夏祭り,0,1,0.0%,4.0
https://urayasu-portal.com/posts/hotel-okura-summer-night-dinner-2026/,ホテルオークラ東京ベイ 夕食 バイキング,0,1,0.0%,1.0
https://urayasu-portal.com/posts/hotel-okura-tokyo-bay-obon-lunch-2026/,5000円くらい,0,1,0.0%,8.0
https://urayasu-portal.com/posts/hotel-okura-tokyo-bay-obon-lunch-2026/,シェラトン グランカフェ,0,1,0.0%,14.0
https://urayasu-portal.com/posts/hotel-okura-tokyo-bay-tohkalin-fair/,シェラトン グランカフェ,0,1,0.0%,11.0
https://urayasu-portal.com/posts/hotel-okura-tokyo-bay-tohkalin-fair/,シェラトン 舞浜,0,1,0.0%,54.0
https://urayasu-portal.com/posts/hotel-okura-tokyo-bay-tohkalin-fair/,シェラトン・グランデ・トーキョーベイ・ホテル,0,1,0.0%,70.0
https://urayasu-portal.com/posts/hyatt-tokyo-bay-moomin-collaboration-2026/,料金知りたいです。,0,1,0.0%,6.0
https://urayasu-portal.com/posts/ichikawa-myoden-ogawa-clinic-open/,ウロギネコロジー外来,0,1,0.0%,4.0
https://urayasu-portal.com/posts/ichikawa-myoden-ogawa-clinic-open/,妙典 内科,0,1,0.0%,6.0
https://urayasu-portal.com/posts/ichikawa-myoden-ogawa-clinic-open/,市川市 泌尿器科,0,1,0.0%,1.0
https://urayasu-portal.com/posts/ichikawa-myoden-ogawa-clinic-open/,江戸川区 泌尿器科,0,1,0.0%,1.0
https://urayasu-portal.com/posts/ichikawa-myoden-ogawa-clinic-open/,行徳 泌尿器科,0,1,0.0%,1.0
https://urayasu-portal.com/posts/ichikawa-myoden-ogawa-clinic-open/,行徳 泌尿器科 おすすめ,0,1,0.0%,1.0
https://urayasu-portal.com/posts/ichikawa-myoden-ogawa-clinic-open/,行徳泌尿器科,0,1,0.0%,1.0
https://urayasu-portal.com/posts/ichikawa-road-flooding-20260814/,南行徳 浸水,0,1,0.0%,24.0
https://urayasu-portal.com/posts/ichikawa-road-flooding-20260814/,浦安 冠水情報,0,1,0.0%,10.0
https://urayasu-portal.com/posts/ichikawa-road-flooding-20260814/,行徳 冠水情報,0,1,0.0%,47.0
https://urayasu-portal.com/posts/ikspiari-club-cpla-open-20260717/,c-pla,0,1,0.0%,2.0
https://urayasu-portal.com/posts/ikspiari-club-cpla-open-20260717/,cpla 池袋,0,1,0.0%,2.0
https://urayasu-portal.com/posts/ikspiari-club-cpla-open-20260717/,♯c-pla,0,1,0.0%,15.0
https://urayasu-portal.com/posts/ikspiari-club-cpla-open-20260717/,はい,0,1,0.0%,9.0
https://urayasu-portal.com/posts/ikspiari-club-cpla-open-20260717/,イクスピアリ ガチャガチャコーナー,0,1,0.0%,11.0
https://urayasu-portal.com/posts/ikspiari-club-cpla-open-20260717/,イクスピアリにある？,0,1,0.0%,2.0
https://urayasu-portal.com/posts/ikspiari-club-cpla-open-20260717/,ガチャガチャイクスピアリ,0,1,0.0%,12.0
https://urayasu-portal.com/posts/ikspiari-club-cpla-open-20260717/,ガチャガチャ予約,0,1,0.0%,15.0
https://urayasu-portal.com/posts/ikspiari-club-cpla-open-20260717/,ガチャガチャ設置場所検索,0,1,0.0%,1.0
https://urayasu-portal.com/posts/ikspiari-club-cpla-open-20260717/,クラブ イクスピアリ 閉店,0,1,0.0%,25.0
https://urayasu-portal.com/posts/ikspiari-club-cpla-open-20260717/,シープラ,0,1,0.0%,1.0
https://urayasu-portal.com/posts/ikspiari-club-cpla-open-20260717/,シープラ イクスピアリ店,0,1,0.0%,11.0
https://urayasu-portal.com/posts/ikspiari-club-cpla-open-20260717/,ピアリ ガチャ,0,1,0.0%,17.0
https://urayasu-portal.com/posts/ikspiari-club-cpla-open-20260717/,浦安 ガチャガチャ,0,1,0.0%,1.0
https://urayasu-portal.com/posts/ikspiari-club-cpla-open-20260717/,舞浜イクスピアリガチャツィート,0,1,0.0%,10.0
https://urayasu-portal.com/posts/ikspiari-club-cpla-open-20260717/,舞浜ガチャガチャ,0,1,0.0%,12.0
https://urayasu-portal.com/posts/ikspiari-limited-shops-202607/,イクスピアリ オープン,0,1,0.0%,2.0
https://urayasu-portal.com/posts/ikspiari-limited-shops-202607/,イクスピアリ 新店舗,0,1,0.0%,1.0
https://urayasu-portal.com/posts/ikspiari-limited-shops-202607/,イクスピアリ 期間限定出店,0,1,0.0%,9.0
https://urayasu-portal.com/posts/ikspiari-limited-shops-202608/,イクスピアリ 出店,0,1,0.0%,9.0
https://urayasu-portal.com/posts/ikspiari-limited-shops-202608/,イクスピアリ 限定ショップ,0,1,0.0%,8.0
https://urayasu-portal.com/posts/ikspiari-limited-shops-202608/,イクスピアリ催事,0,1,0.0%,11.0
https://urayasu-portal.com/posts/ikspiari-limited-shops-202608/,イクスピアリ期間限定,0,1,0.0%,9.0
https://urayasu-portal.com/posts/ikspiari-limited-shops-june-2026/,イクスピアリ 千葉県民の日,0,1,0.0%,39.0
https://urayasu-portal.com/posts/ikspiari-splash-challenge-2026/,splash challenge,0,1,0.0%,1.0
https://urayasu-portal.com/posts/ikspiari-splash-challenge-2026/,スプラッシュチャレンジ,0,1,0.0%,9.0
https://urayasu-portal.com/posts/ikspiari-splash-challenge-2026/,舞浜 イベント 今日,0,1,0.0%,1.0
https://urayasu-portal.com/posts/ikspiari-sugary-open-2026/,アサイー イクスピアリ,0,1,0.0%,10.0
https://urayasu-portal.com/posts/ikspiari-sugary-open-date-20260728/,イクスピアリ アサイーボウル,0,1,0.0%,10.0
https://urayasu-portal.com/posts/ikspiari-the-sale-2026-summer/,イクスピアリ セール,0,1,0.0%,40.0
https://urayasu-portal.com/posts/ikspiari-tokiiro-popup-2026/,浦安 イベント 今日,0,1,0.0%,2.0
https://urayasu-portal.com/posts/kagurazaka-gojuban-newcoast-shinurayasu/,ニューコースト イベント,0,1,0.0%,43.0
https://urayasu-portal.com/posts/kagurazaka-gojuban-newcoast-shinurayasu/,海楽亭 テイクアウト,0,1,0.0%,10.0
https://urayasu-portal.com/posts/kaitori-daikichi-seiyu-urayasu/,トライアル西友 浦安,0,1,0.0%,19.0
https://urayasu-portal.com/posts/kaitori-daikichi-seiyu-urayasu/,浦安 西友 プレオープン,0,1,0.0%,19.0
https://urayasu-portal.com/posts/kaitori-daikichi-seiyu-urayasu/,西友 浦安 オープン,0,1,0.0%,20.0
https://urayasu-portal.com/posts/kaitori-daikichi-seiyu-urayasu/,買取大吉 西友浦安店,0,1,0.0%,10.0
https://urayasu-portal.com/posts/keiyo-line-heavy-rain-20260814/,京葉線 大雨,0,1,0.0%,10.0
https://urayasu-portal.com/posts/keiyo-line-heavy-rain-20260814/,京葉線 雨で止まる,0,1,0.0%,11.0
https://urayasu-portal.com/posts/keiyo-line-heavy-rain-20260814/,蘇我駅 運行状況 2026年8月14日,0,1,0.0%,7.0
https://urayasu-portal.com/posts/latelier-de-nono-france-patisserie-week-2026/,サウンディング,0,1,0.0%,70.0
https://urayasu-portal.com/posts/little-mermaid-maihama-opening/,シェラトン グランカフェ,0,1,0.0%,25.0
https://urayasu-portal.com/posts/little-mermaid-maihama-opening/,リトルマーメイド 浦安,0,1,0.0%,13.0
https://urayasu-portal.com/posts/little-mermaid-maihama-opening/,リトルマーメイド 開幕,0,1,0.0%,11.0
https://urayasu-portal.com/posts/maihama-eurasia-train-festival-2026/,シェラトン 舞浜,0,1,0.0%,34.0
https://urayasu-portal.com/posts/maihama-eurasia-train-festival-2026/,シェラトン・グランデ・トーキョーベイ・ホテル,0,1,0.0%,53.0
https://urayasu-portal.com/posts/maihama-eurasia-urayasu-spa-plus-free-202608/,舞浜ユーラシア 浦安市民,0,1,0.0%,6.0
https://urayasu-portal.com/posts/maihama-first-resort-autumn-sweets-buffet-2026/,シェラトン グランカフェ,0,1,0.0%,2.0
https://urayasu-portal.com/posts/maihama-first-resort-autumn-sweets-buffet-2026/,シェラトン 舞浜,0,1,0.0%,27.0
https://urayasu-portal.com/posts/maihama-first-resort-autumn-sweets-buffet-2026/,シェラトン・グランデ・トーキョーベイ・ホテル,0,1,0.0%,46.0
https://urayasu-portal.com/posts/maihama-first-resort-halloween-2026/,ファーストリゾート,0,1,0.0%,18.0
https://urayasu-portal.com/posts/maihama-view-hotel-balloon-2026/,東京ベイ舞浜ホテル ファーストリゾート 誕生日 バルーン,0,1,0.0%,11.0
https://urayasu-portal.com/posts/maihama-view-hotel-halloween-2026/,舞浜ビューホテル ハロウィン,0,1,0.0%,9.0
https://urayasu-portal.com/posts/maihama-view-hotel-halloween-afternoon-tea-2026/,シェラトン グランカフェ,0,1,0.0%,7.0
https://urayasu-portal.com/posts/malatang-tenpo-newcoast-shinurayasu-open/,はい,0,1,0.0%,6.0
https://urayasu-portal.com/posts/malatang-tenpo-newcoast-shinurayasu-open/,アトレ新浦安 催事,0,1,0.0%,9.0
https://urayasu-portal.com/posts/malatang-tenpo-newcoast-shinurayasu-open/,ニュー コースト 新浦安,0,1,0.0%,20.0
https://urayasu-portal.com/posts/malatang-tenpo-newcoast-shinurayasu-open/,ニューコースト,0,1,0.0%,37.0
https://urayasu-portal.com/posts/malatang-tenpo-newcoast-shinurayasu-open/,ニューコースト 新浦安 麻辣湯,0,1,0.0%,12.0
https://urayasu-portal.com/posts/malatang-tenpo-newcoast-shinurayasu-open/,天宝,0,1,0.0%,17.0
https://urayasu-portal.com/posts/malatang-tenpo-newcoast-shinurayasu-open/,浦安 麻辣担,0,1,0.0%,21.0
https://urayasu-portal.com/posts/malatang-tenpo-newcoast-shinurayasu-open/,独一処餃子 ニューコースト新浦安店,0,1,0.0%,45.0
https://urayasu-portal.com/posts/malatang-tenpo-newcoast-shinurayasu-open/,麻辣湯 天宝 店舗,0,1,0.0%,17.0
https://urayasu-portal.com/posts/marines-giants-farm-urayasu-2026/,ロッテ ファーム 浦安,0,1,0.0%,6.0
https://urayasu-portal.com/posts/marines-giants-farm-urayasu-2026/,京葉ガス くらしも スタジアム 浦安,0,1,0.0%,11.0
https://urayasu-portal.com/posts/maruetsu-gyotoku-close-2026/,マルエツ チラシ 行徳,0,1,0.0%,28.0
https://urayasu-portal.com/posts/maruetsu-gyotoku-close-2026/,マルエツ 行徳 チラシ,0,1,0.0%,31.0
https://urayasu-portal.com/posts/maruetsu-gyotoku-close-2026/,マルエツ 行徳 駅前,0,1,0.0%,30.0
https://urayasu-portal.com/posts/maruetsu-gyotoku-close-2026/,マルエツ 行徳店 閉店,0,1,0.0%,1.0
https://urayasu-portal.com/posts/maruetsu-gyotoku-close-2026/,マルエツ 閉店ラッシュ,0,1,0.0%,26.0
https://urayasu-portal.com/posts/maruetsu-gyotoku-close-2026/,マルエツ 閉店情報,0,1,0.0%,28.0
https://urayasu-portal.com/posts/maruetsu-gyotoku-close-2026/,マルエツ上本郷閉店,0,1,0.0%,47.0
https://urayasu-portal.com/posts/maruetsu-gyotoku-close-2026/,マルエツ行徳,0,1,0.0%,32.0
https://urayasu-portal.com/posts/maruetsu-gyotoku-close-2026/,マルエツ閉店予定,0,1,0.0%,12.0
https://urayasu-portal.com/posts/maruetsu-gyotoku-close-2026/,行徳 マルエツ 跡地,0,1,0.0%,31.0
https://urayasu-portal.com/posts/maruetsu-gyotoku-close-2026/,行徳 中華 おがわ,0,1,0.0%,4.0
https://urayasu-portal.com/posts/mav-urayasu-west-grand-open-stores/,"""きんとうん"" 事業終了 or 閉鎖 or 閉店 or 撤退",0,1,0.0%,20.0
https://urayasu-portal.com/posts/mav-urayasu-west-grand-open-stores/,m’av（マーヴ）浦安west,0,1,0.0%,10.0
https://urayasu-portal.com/posts/mav-urayasu-west-grand-open-stores/,マーヴ浦安 ウエスト 店舗,0,1,0.0%,12.0
https://urayasu-portal.com/posts/mav-urayasu-west-open-2026/,"""きんとうん"" 事業終了 or 閉鎖 or 閉店 or 撤退",0,1,0.0%,30.0
https://urayasu-portal.com/posts/mav-urayasu-west-open-2026/,mav 浦安 west,0,1,0.0%,19.0
https://urayasu-portal.com/posts/mav-urayasu-west-open-2026/,マーヴ浦安 ウエスト,0,1,0.0%,42.0
https://urayasu-portal.com/posts/mav-urayasu-west-open-2026/,マーヴ浦安ウエスト,0,1,0.0%,45.0
https://urayasu-portal.com/posts/mav-urayasu-west-open-2026/,浦安 mav,0,1,0.0%,12.0
https://urayasu-portal.com/posts/mav-urayasu-west-open-2026/,浦安 オープン予定,0,1,0.0%,24.0
https://urayasu-portal.com/posts/mitsui-garden-prana-tokyo-bay-renewal-closure/,三井ガーデンホテルプラナ東京ベイ,0,1,0.0%,20.0
https://urayasu-portal.com/posts/mitsui-garden-prana-tokyo-bay-renewal-closure/,三井ガーデンホテルプラナ東京ベイ リニューアル,0,1,0.0%,8.0
https://urayasu-portal.com/posts/myoden-3chome-bonodori-ennichi-2026/,妙典三丁目 春日神社,0,1,0.0%,9.0
https://urayasu-portal.com/posts/n-clinic-maihama-insurance-2026/,nクリニック 舞浜,0,1,0.0%,11.0
https://urayasu-portal.com/posts/n-clinic-maihama-insurance-2026/,nクリニック東京ベイ舞浜,0,1,0.0%,20.0
https://urayasu-portal.com/posts/n-clinic-tokyo-bay-maihama-insurance/,シェラトン グランカフェ,0,1,0.0%,17.0
https://urayasu-portal.com/posts/n-clinic-tokyo-bay-maihama-insurance/,シェラトン 舞浜,0,1,0.0%,33.0
https://urayasu-portal.com/posts/nekogo-matsuri-urayasu-2026/,浦安猫実 祭り,0,1,0.0%,3.0
https://urayasu-portal.com/posts/newcoast-anime-soshizaiten-20260720/,シェラトン 舞浜,0,1,0.0%,80.0
https://urayasu-portal.com/posts/newcoast-dental-festa-2026/,ニューコースト トミカ,0,1,0.0%,9.0
https://urayasu-portal.com/posts/newcoast-kiyoken-202607/,クイーンズ伊勢丹 新浦安,0,1,0.0%,26.0
https://urayasu-portal.com/posts/newcoast-shikoku-aji-meguri-202607/,しんうら音楽文化祭,0,1,0.0%,23.0
https://urayasu-portal.com/posts/newcoast-shinurayasu-kodomo-ennichi-2026/,新浦安 イベント 明日,0,1,0.0%,1.0
https://urayasu-portal.com/posts/newcoast-shinurayasu-kodomo-ennichi-2026/,浦安 縁日,0,1,0.0%,11.0
https://urayasu-portal.com/posts/newcoast-shinurayasu-kodomo-ennichi-2026/,縁日,0,1,0.0%,3.0
https://urayasu-portal.com/posts/nishidaba-minami-gyotoku-open/,やきとり にしだ場,0,1,0.0%,24.0
https://urayasu-portal.com/posts/nisyakugosun-urayasuekimae/,二尺,0,1,0.0%,16.0
https://urayasu-portal.com/posts/nisyakugosun-urayasuekimae/,二尺五寸 店舗,0,1,0.0%,8.0
https://urayasu-portal.com/posts/nisyakugosun-urayasuekimae/,二尺五寸 焼き鳥,0,1,0.0%,12.0
https://urayasu-portal.com/posts/nisyakugosun-urayasuekimae/,浦安 新規オープン,0,1,0.0%,3.0
https://urayasu-portal.com/posts/nisyakugosun-urayasuekimae/,焼鳥蕎麦 二尺五寸 マーヴ浦安店,0,1,0.0%,18.0
https://urayasu-portal.com/posts/oriental-hotel-family-chapel-concert-summer-2026/,ほかにもだして,0,1,0.0%,3.0
https://urayasu-portal.com/posts/oriental-hotel-family-chapel-concert-summer-2026/,新浦安 イベント 明日,0,1,0.0%,1.0
https://urayasu-portal.com/posts/oriental-hotel-tokyo-bay-hokkaido-buffet-2026/,シェラトン グランカフェ,0,1,0.0%,23.0
https://urayasu-portal.com/posts/osouzai-bovi-horie-open/,おむすび,0,1,0.0%,1.0
https://urayasu-portal.com/posts/osouzai-bovi-horie-open/,お得 テイクアウト,0,1,0.0%,5.0
https://urayasu-portal.com/posts/osouzai-bovi-horie-open/,さっぱりした惣菜,0,1,0.0%,12.0
https://urayasu-portal.com/posts/osouzai-bovi-horie-open/,オードブル テイクアウト,0,1,0.0%,2.0
https://urayasu-portal.com/posts/osouzai-bovi-horie-open/,テイクアウト 浦安,0,1,0.0%,1.0
https://urayasu-portal.com/posts/osouzai-bovi-horie-open/,弁当屋,0,1,0.0%,10.0
https://urayasu-portal.com/posts/osouzai-bovi-horie-open/,惣菜屋 近く,0,1,0.0%,4.0
https://urayasu-portal.com/posts/osouzai-bovi-horie-open/,浦安 お弁当,0,1,0.0%,1.0
https://urayasu-portal.com/posts/osouzai-bovi-horie-open/,浦安 お惣菜,0,1,0.0%,11.0
https://urayasu-portal.com/posts/osouzai-bovi-horie-open/,浦安 テイクアウト,0,1,0.0%,1.0
https://urayasu-portal.com/posts/osouzai-bovi-horie-open/,浦安 テイクアウト 人気,0,1,0.0%,2.0
https://urayasu-portal.com/posts/osouzai-bovi-horie-open/,浦安 テイクアウト 弁当,0,1,0.0%,1.0
https://urayasu-portal.com/posts/osouzai-bovi-horie-open/,浦安唐揚げ,0,1,0.0%,1.0
https://urayasu-portal.com/posts/pooch-you-coffee-tomioka-open/,メニュー,0,1,0.0%,3.0
https://urayasu-portal.com/posts/pooch-you-coffee-tomioka-open/,メニュー教えて,0,1,0.0%,1.0
https://urayasu-portal.com/posts/prague-cello-republic-urayasu-2026/,プラハ チェロ リ パブリック 2026,0,1,0.0%,10.0
https://urayasu-portal.com/posts/sakaigawa-amanogawa-2026/,画像,0,1,0.0%,6.0
https://urayasu-portal.com/posts/sakaigawa-kawamachi-marche-sunset-2026/,地図ある？,0,1,0.0%,3.0
https://urayasu-portal.com/posts/sakaigawa-kawamachi-marche-sunset-2026/,浦安市東野,0,1,0.0%,1.0
https://urayasu-portal.com/posts/sheraton-aloha-2026/,アロハシェラトン2026,0,1,0.0%,5.0
https://urayasu-portal.com/posts/sheraton-aloha-2026/,シェラトン ガーデンプール,0,1,0.0%,3.0
https://urayasu-portal.com/posts/sheraton-aloha-2026/,シェラトン グランカフェ,0,1,0.0%,3.0
https://urayasu-portal.com/posts/sheraton-aloha-2026/,シェラトン 舞浜,0,1,0.0%,3.0
https://urayasu-portal.com/posts/sheraton-hawaiian-friday-sweets-buffet-2026/,シェラトン トスティーナ,0,1,0.0%,1.0
https://urayasu-portal.com/posts/sheraton-hawaiian-friday-sweets-buffet-2026/,シェラトン 舞浜,0,1,0.0%,28.0
https://urayasu-portal.com/posts/sheraton-hawaiian-friday-sweets-buffet-2026/,シェラトン・グランデ・トーキョーベイ・ホテル,0,1,0.0%,49.0
https://urayasu-portal.com/posts/sheraton-thai-food-buffet-2026/,シェラトン トスティーナ,0,1,0.0%,4.0
https://urayasu-portal.com/posts/sheraton-thai-food-buffet-2026/,シェラトン 舞浜,0,1,0.0%,29.0
https://urayasu-portal.com/posts/sheraton-thai-food-buffet-2026/,シェラトン・グランデ・トーキョーベイ・ホテル,0,1,0.0%,49.0
https://urayasu-portal.com/posts/shinura-yorimichi-marche-202608/,イオンマルシェ,0,1,0.0%,6.0
https://urayasu-portal.com/posts/shinura-yorimichi-marche-202608/,シンウラマルシェ,0,1,0.0%,12.0
https://urayasu-portal.com/posts/shinura-yorimichi-marche-202608/,新浦安 イベント 今日,0,1,0.0%,3.0
https://urayasu-portal.com/posts/shinurayasu-station-festival-performers-2026/,他にないですか？,0,1,0.0%,1.0
https://urayasu-portal.com/posts/shinurayasu-station-festival-performers-2026/,新浦安 お祭り,0,1,0.0%,3.0
https://urayasu-portal.com/posts/shinurayasu-station-south-exit-redevelopment-plan/,新浦安,0,1,0.0%,3.0
https://urayasu-portal.com/posts/shinurayasu-station-south-exit-redevelopment-plan/,新浦安南口,0,1,0.0%,7.0
https://urayasu-portal.com/posts/shinurayasu-station-south-exit-redevelopment-plan/,浦安 再開発,0,1,0.0%,10.0
https://urayasu-portal.com/posts/shinurayasu-station-south-exit-redevelopment-plan/,浦安駅 工事,0,1,0.0%,1.0
https://urayasu-portal.com/posts/spalab-urayasu-kairaku-open/,ファミリーマート リニューアル オープン,0,1,0.0%,44.0
https://urayasu-portal.com/posts/sushi-yamaguchi-gyotoku-opening-202608/,すし処やまぐち,0,1,0.0%,22.0
https://urayasu-portal.com/posts/sushi-yamaguchi-gyotoku-opening-202608/,マルエツ 行徳,0,1,0.0%,7.0
https://urayasu-portal.com/posts/sushi-yamaguchi-gyotoku-opening-202608/,寿司やまぐち,0,1,0.0%,1.0
https://urayasu-portal.com/posts/sushi-yamaguchi-gyotoku-opening-202608/,行徳,0,1,0.0%,5.0
https://urayasu-portal.com/posts/tadokoro-shoten-shinurayasu-planned/,いつ閉店した,0,1,0.0%,3.0
https://urayasu-portal.com/posts/taimu-urayasu-closed/,西友 閉店,0,1,0.0%,10.0
https://urayasu-portal.com/posts/tds-duffy-standby-pass-202607/,ダッフィー グッズ スタンバイパス,0,1,0.0%,7.0
https://urayasu-portal.com/posts/the-golf-base-shinurayasu-open-20260813/,浦安 インドアゴルフ,0,1,0.0%,1.0
https://urayasu-portal.com/posts/the-quartet-showa-kayo-concert-2026/,9月は？,0,1,0.0%,3.0
https://urayasu-portal.com/posts/tokyo-bay-maihama-hotel-hokkaido-buffet-2026/,北海道ビュッフェ 東京,0,1,0.0%,21.0
https://urayasu-portal.com/posts/tokyo-bay-maihama-hotel-hokkaido-buffet-2026/,千葉にはない？,0,1,0.0%,5.0
https://urayasu-portal.com/posts/tokyo-bay-maihama-hotel-hokkaido-buffet-2026/,浦安,0,1,0.0%,1.0
https://urayasu-portal.com/posts/tokyo-bay-maihama-hotel-hokkaido-buffet-2026/,舞浜 北海道ビュッフェ,0,1,0.0%,16.0
https://urayasu-portal.com/posts/tsutaya%E6%B5%A6%E5%AE%89%E3%81%95%E3%81%8F%E3%82%89%E9%80%9A%E3%82%8A%E5%BA%97%E3%81%8C7%E6%9C%886%E6%97%A5%E3%81%A7%E9%96%89%E5%BA%976%E6%9C%8814%E6%97%A5%E3%81%8B%E3%82%89%E9%96%89/,"""きんとうん"" 事業終了 or 閉鎖 or 閉店 or 撤退",0,1,0.0%,16.0
https://urayasu-portal.com/posts/tsutaya%E6%B5%A6%E5%AE%89%E3%81%95%E3%81%8F%E3%82%89%E9%80%9A%E3%82%8A%E5%BA%97%E3%81%8C7%E6%9C%886%E6%97%A5%E3%81%A7%E9%96%89%E5%BA%976%E6%9C%8814%E6%97%A5%E3%81%8B%E3%82%89%E9%96%89/,ワイズマート 浦安弁天店 閉店,0,1,0.0%,19.0
https://urayasu-portal.com/posts/undokoen-summer-kids-day-2026/,浦安運動公園 イベント,0,1,0.0%,10.0
https://urayasu-portal.com/posts/urakko-handheld-fireworks-2026/,今日 子供向けイベント,0,1,0.0%,2.0
https://urayasu-portal.com/posts/urakko-handheld-fireworks-2026/,浦安,0,1,0.0%,2.0
https://urayasu-portal.com/posts/urakko-handheld-fireworks-2026/,浦安 手持ち花火できる場所,0,1,0.0%,5.0
https://urayasu-portal.com/posts/urakko-handheld-fireworks-2026/,浦安市 手持ち花火 できる場所,0,1,0.0%,3.0
https://urayasu-portal.com/posts/urakko-handheld-fireworks-2026/,浦安市 花火できる場所,0,1,0.0%,4.0
https://urayasu-portal.com/posts/urakko-handheld-fireworks-2026/,高洲海浜公園 花火,0,1,0.0%,3.0
https://urayasu-portal.com/posts/urayasu-100en-shoten-gai-11/,浦安百縁商店街,0,1,0.0%,52.0
https://urayasu-portal.com/posts/urayasu-accommodation-tax-plan-2026/,いつから？,0,1,0.0%,2.0
https://urayasu-portal.com/posts/urayasu-bonodori-canceled-20260814/,浦安 盆踊り 今日,0,1,0.0%,11.0
https://urayasu-portal.com/posts/urayasu-bonodori-canceled-20260814/,浦安市盆踊り 2026,0,1,0.0%,11.0
https://urayasu-portal.com/posts/urayasu-bonodori-canceled-20260814/,浦安盆踊り,0,1,0.0%,90.0
https://urayasu-portal.com/posts/urayasu-bonodori-canceled-20260814/,浦安盆踊り2026,0,1,0.0%,10.0
https://urayasu-portal.com/posts/urayasu-bonodori-fireworks-2026/,12日は,0,1,0.0%,1.0
https://urayasu-portal.com/posts/urayasu-bonodori-fireworks-2026/,2026年は,0,1,0.0%,4.0
https://urayasu-portal.com/posts/urayasu-bonodori-fireworks-2026/,7月,0,1,0.0%,4.0
https://urayasu-portal.com/posts/urayasu-bonodori-fireworks-2026/,8/13 祭り,0,1,0.0%,1.0
https://urayasu-portal.com/posts/urayasu-bonodori-fireworks-2026/,8/22 祭り,0,1,0.0%,1.0
https://urayasu-portal.com/posts/urayasu-bonodori-fireworks-2026/,8月イベント,0,1,0.0%,1.0
https://urayasu-portal.com/posts/urayasu-bonodori-fireworks-2026/,tanggal berapa,0,1,0.0%,1.0
https://urayasu-portal.com/posts/urayasu-bonodori-fireworks-2026/,いつ,0,1,0.0%,1.0
https://urayasu-portal.com/posts/urayasu-bonodori-fireworks-2026/,う,0,1,0.0%,1.0
https://urayasu-portal.com/posts/urayasu-bonodori-fireworks-2026/,うん,0,1,0.0%,13.0
https://urayasu-portal.com/posts/urayasu-bonodori-fireworks-2026/,おまつり,0,1,0.0%,1.0
https://urayasu-portal.com/posts/urayasu-bonodori-fireworks-2026/,この辺の祭り,0,1,0.0%,5.0
https://urayasu-portal.com/posts/urayasu-bonodori-fireworks-2026/,サンコーポ浦安 夏祭り 2026,0,1,0.0%,9.0
https://urayasu-portal.com/posts/urayasu-bonodori-fireworks-2026/,サンコーポ浦安 祭り,0,1,0.0%,9.0
https://urayasu-portal.com/posts/urayasu-bonodori-fireworks-2026/,サンコーポ祭り,0,1,0.0%,8.0
https://urayasu-portal.com/posts/urayasu-bonodori-fireworks-2026/,レジアスフォート新浦安夏祭り,0,1,0.0%,10.0
https://urayasu-portal.com/posts/urayasu-bonodori-fireworks-2026/,三社祭 浦安,0,1,0.0%,3.0
https://urayasu-portal.com/posts/urayasu-bonodori-fireworks-2026/,今年の開催日は？,0,1,0.0%,1.0
https://urayasu-portal.com/posts/urayasu-bonodori-fireworks-2026/,今日、夏祭り,0,1,0.0%,1.0
https://urayasu-portal.com/posts/urayasu-bonodori-fireworks-2026/,今日の祭り,0,1,0.0%,1.0
https://urayasu-portal.com/posts/urayasu-bonodori-fireworks-2026/,今週,0,1,0.0%,2.0
https://urayasu-portal.com/posts/urayasu-bonodori-fireworks-2026/,今週の木曜日,0,1,0.0%,2.0
https://urayasu-portal.com/posts/urayasu-bonodori-fireworks-2026/,今週末 夏祭り,0,1,0.0%,3.0
https://urayasu-portal.com/posts/urayasu-bonodori-fireworks-2026/,何時から,0,1,0.0%,3.0
https://urayasu-portal.com/posts/urayasu-bonodori-fireworks-2026/,堀江 盆踊り 2026,0,1,0.0%,3.0
https://urayasu-portal.com/posts/urayasu-bonodori-fireworks-2026/,塩焼祭り 2026,0,1,0.0%,3.0
https://urayasu-portal.com/posts/urayasu-bonodori-fireworks-2026/,夏 イベント,0,1,0.0%,1.0
https://urayasu-portal.com/posts/urayasu-bonodori-fireworks-2026/,夏祭り,0,1,0.0%,1.0
https://urayasu-portal.com/posts/urayasu-bonodori-fireworks-2026/,夏祭り 2026,0,1,0.0%,1.0
https://urayasu-portal.com/posts/urayasu-bonodori-fireworks-2026/,妙典 祭り 2026,0,1,0.0%,7.0
https://urayasu-portal.com/posts/urayasu-bonodori-fireworks-2026/,富美浜小学校 お祭り,0,1,0.0%,6.0
https://urayasu-portal.com/posts/urayasu-bonodori-fireworks-2026/,新浦安 お祭り,0,1,0.0%,2.0
https://urayasu-portal.com/posts/urayasu-bonodori-fireworks-2026/,新浦安祭り,0,1,0.0%,27.0
https://urayasu-portal.com/posts/urayasu-bonodori-fireworks-2026/,明日お祭り,0,1,0.0%,3.0
https://urayasu-portal.com/posts/urayasu-bonodori-fireworks-2026/,明海の丘まつり,0,1,0.0%,3.0
https://urayasu-portal.com/posts/urayasu-bonodori-fireworks-2026/,最近だと,0,1,0.0%,1.0
https://urayasu-portal.com/posts/urayasu-bonodori-fireworks-2026/,本八幡駅前 お祭り,0,1,0.0%,4.0
https://urayasu-portal.com/posts/urayasu-bonodori-fireworks-2026/,江戸川区周辺,0,1,0.0%,2.0
https://urayasu-portal.com/posts/urayasu-bonodori-fireworks-2026/,浦安 お盆 祭り,0,1,0.0%,9.0
https://urayasu-portal.com/posts/urayasu-bonodori-fireworks-2026/,浦安 お祭り 今日,0,1,0.0%,1.0
https://urayasu-portal.com/posts/urayasu-bonodori-fireworks-2026/,浦安 まつり,0,1,0.0%,3.0
https://urayasu-portal.com/posts/urayasu-bonodori-fireworks-2026/,浦安 サンコーポ 祭り,0,1,0.0%,7.0
https://urayasu-portal.com/posts/urayasu-bonodori-fireworks-2026/,浦安 バス お盆 ダイヤ,0,1,0.0%,9.0
https://urayasu-portal.com/posts/urayasu-bonodori-fireworks-2026/,浦安 文化会館 コンサート 予定,0,1,0.0%,8.0
https://urayasu-portal.com/posts/urayasu-bonodori-fireworks-2026/,浦安 盆踊り大会,0,1,0.0%,22.0
https://urayasu-portal.com/posts/urayasu-bonodori-fireworks-2026/,浦安 祭り 4年に 一度,0,1,0.0%,3.0
https://urayasu-portal.com/posts/urayasu-bonodori-fireworks-2026/,浦安 祭り 今日,0,1,0.0%,7.0
https://urayasu-portal.com/posts/urayasu-bonodori-fireworks-2026/,浦安 花火大会 2026 抽選,0,1,0.0%,26.0
https://urayasu-portal.com/posts/urayasu-bonodori-fireworks-2026/,浦安イベント,0,1,0.0%,4.0
https://urayasu-portal.com/posts/urayasu-bonodori-fireworks-2026/,浦安スタバ,0,1,0.0%,4.0
https://urayasu-portal.com/posts/urayasu-bonodori-fireworks-2026/,浦安付近,0,1,0.0%,5.0
https://urayasu-portal.com/posts/urayasu-bonodori-fireworks-2026/,浦安周辺,0,1,0.0%,2.0
https://urayasu-portal.com/posts/urayasu-bonodori-fireworks-2026/,浦安小 盆踊り,0,1,0.0%,5.0
https://urayasu-portal.com/posts/urayasu-bonodori-fireworks-2026/,浦安小学校 盆踊り,0,1,0.0%,2.0
https://urayasu-portal.com/posts/urayasu-bonodori-fireworks-2026/,浦安小学校 祭り,0,1,0.0%,4.0
https://urayasu-portal.com/posts/urayasu-bonodori-fireworks-2026/,浦安市,0,1,0.0%,3.0
https://urayasu-portal.com/posts/urayasu-bonodori-fireworks-2026/,浦安市周辺,0,1,0.0%,7.0
https://urayasu-portal.com/posts/urayasu-bonodori-fireworks-2026/,浦安市文化会館 イベント,0,1,0.0%,6.0
https://urayasu-portal.com/posts/urayasu-bonodori-fireworks-2026/,浦安市文化会館 イベント 予定,0,1,0.0%,4.0
https://urayasu-portal.com/posts/urayasu-bonodori-fireworks-2026/,浦安市民祭り 2026,0,1,0.0%,52.0
https://urayasu-portal.com/posts/urayasu-bonodori-fireworks-2026/,浦安市盆踊り大会,0,1,0.0%,4.0
https://urayasu-portal.com/posts/urayasu-bonodori-fireworks-2026/,浦安市納涼盆踊り大会,0,1,0.0%,5.0
https://urayasu-portal.com/posts/urayasu-bonodori-fireworks-2026/,浦安市花火大会,0,1,0.0%,43.0
https://urayasu-portal.com/posts/urayasu-bonodori-fireworks-2026/,浦安花火,0,1,0.0%,1.0
https://urayasu-portal.com/posts/urayasu-bonodori-fireworks-2026/,浦安花火大会,0,1,0.0%,38.0
https://urayasu-portal.com/posts/urayasu-bonodori-fireworks-2026/,浦安駅 祭り,0,1,0.0%,6.0
https://urayasu-portal.com/posts/urayasu-bonodori-fireworks-2026/,浦安駅前 お祭り,0,1,0.0%,3.0
https://urayasu-portal.com/posts/urayasu-bonodori-fireworks-2026/,盆休み,0,1,0.0%,2.0
https://urayasu-portal.com/posts/urayasu-bonodori-fireworks-2026/,盆踊り,0,1,0.0%,2.0
https://urayasu-portal.com/posts/urayasu-bonodori-fireworks-2026/,盆踊り スケジュール 2026,0,1,0.0%,10.0
https://urayasu-portal.com/posts/urayasu-bonodori-fireworks-2026/,祭り この辺,0,1,0.0%,1.0
https://urayasu-portal.com/posts/urayasu-bonodori-fireworks-2026/,祭り 浦安,0,1,0.0%,4.0
https://urayasu-portal.com/posts/urayasu-bonodori-fireworks-2026/,納涼盆踊り大会 2026,0,1,0.0%,1.0
https://urayasu-portal.com/posts/urayasu-bonodori-fireworks-2026/,舞浜 祭り,0,1,0.0%,5.0
https://urayasu-portal.com/posts/urayasu-bonodori-fireworks-2026/,行徳 祭り 2026,0,1,0.0%,6.0
https://urayasu-portal.com/posts/urayasu-bonodori-fireworks-2026/,観光,0,1,0.0%,8.0
https://urayasu-portal.com/posts/urayasu-bonodori-fireworks-2026/,調べて、,0,1,0.0%,10.0
https://urayasu-portal.com/posts/urayasu-bonodori-fireworks-2026/,貝塚祭り 2026,0,1,0.0%,3.0
https://urayasu-portal.com/posts/urayasu-bonodori-fireworks-2026/,車で20分以内,0,1,0.0%,1.0
https://urayasu-portal.com/posts/urayasu-bonodori-fireworks-2026/,近く お祭り,0,1,0.0%,1.0
https://urayasu-portal.com/posts/urayasu-bonodori-fireworks-2026/,近くでお祭り,0,1,0.0%,1.0
https://urayasu-portal.com/posts/urayasu-bonodori-fireworks-2026/,近くの お祭り,0,1,0.0%,1.0
https://urayasu-portal.com/posts/urayasu-bonodori-fireworks-2026/,近くの お祭り 今日 屋台,0,1,0.0%,1.0
https://urayasu-portal.com/posts/urayasu-bonodori-fireworks-2026/#sec-1,2026浦安花火大会,0,1,0.0%,12.0
https://urayasu-portal.com/posts/urayasu-bonodori-fireworks-2026/#sec-1,サンコーポ浦安 夏祭り 2026,0,1,0.0%,9.0
https://urayasu-portal.com/posts/urayasu-bonodori-fireworks-2026/#sec-1,浦安 お盆 祭り,0,1,0.0%,9.0
https://urayasu-portal.com/posts/urayasu-bonodori-fireworks-2026/#sec-1,浦安 市 花火 大会 2026 申し込み,0,1,0.0%,11.0
https://urayasu-portal.com/posts/urayasu-bonodori-fireworks-2026/#sec-1,浦安市盆踊り,0,1,0.0%,10.0
https://urayasu-portal.com/posts/urayasu-bonodori-fireworks-2026/#sec-1,浦安市盆踊り大会,0,1,0.0%,4.0
https://urayasu-portal.com/posts/urayasu-bonodori-fireworks-2026/#sec-2,2026浦安花火大会,0,1,0.0%,12.0
https://urayasu-portal.com/posts/urayasu-bonodori-fireworks-2026/#sec-2,サンコーポ浦安 夏祭り 2026,0,1,0.0%,9.0
https://urayasu-portal.com/posts/urayasu-bonodori-fireworks-2026/#sec-2,浦安 お盆 祭り,0,1,0.0%,9.0
https://urayasu-portal.com/posts/urayasu-bonodori-fireworks-2026/#sec-2,浦安 市 花火 大会 2026 申し込み,0,1,0.0%,11.0
https://urayasu-portal.com/posts/urayasu-bonodori-fireworks-2026/#sec-2,浦安市盆踊り,0,1,0.0%,10.0
https://urayasu-portal.com/posts/urayasu-bonodori-fireworks-2026/#sec-2,浦安市盆踊り大会,0,1,0.0%,4.0
https://urayasu-portal.com/posts/urayasu-bonodori-fireworks-2026/#sec-3,2026浦安花火大会,0,1,0.0%,12.0
https://urayasu-portal.com/posts/urayasu-bonodori-fireworks-2026/#sec-3,サンコーポ浦安 夏祭り 2026,0,1,0.0%,9.0
https://urayasu-portal.com/posts/urayasu-bonodori-fireworks-2026/#sec-3,浦安 お盆 祭り,0,1,0.0%,9.0
https://urayasu-portal.com/posts/urayasu-bonodori-fireworks-2026/#sec-3,浦安 市 花火 大会 2026 申し込み,0,1,0.0%,11.0
https://urayasu-portal.com/posts/urayasu-bonodori-fireworks-2026/#sec-3,浦安 花火 大会 2026,0,1,0.0%,8.0
https://urayasu-portal.com/posts/urayasu-bonodori-fireworks-2026/#sec-3,浦安市 花火 2026,0,1,0.0%,11.0
https://urayasu-portal.com/posts/urayasu-bonodori-fireworks-2026/#sec-3,浦安市盆踊り,0,1,0.0%,10.0
https://urayasu-portal.com/posts/urayasu-bonodori-fireworks-2026/#sec-3,浦安市盆踊り大会,0,1,0.0%,4.0
https://urayasu-portal.com/posts/urayasu-bonodori-fireworks-2026/#sec-4,2026浦安花火大会,0,1,0.0%,12.0
https://urayasu-portal.com/posts/urayasu-bonodori-fireworks-2026/#sec-4,サンコーポ浦安 夏祭り 2026,0,1,0.0%,9.0
https://urayasu-portal.com/posts/urayasu-bonodori-fireworks-2026/#sec-4,浦安 市 花火 大会 2026 申し込み,0,1,0.0%,11.0
https://urayasu-portal.com/posts/urayasu-bonodori-fireworks-2026/#sec-4,浦安市盆踊り,0,1,0.0%,10.0
https://urayasu-portal.com/posts/urayasu-bonodori-fireworks-2026/#sec-4,浦安市盆踊り大会,0,1,0.0%,4.0
https://urayasu-portal.com/posts/urayasu-bonodori-report-20260815/,浦安小学校 お祭り,0,1,0.0%,8.0
https://urayasu-portal.com/posts/urayasu-bonodori-report-20260815/,浦安小学校 祭り,0,1,0.0%,10.0
https://urayasu-portal.com/posts/urayasu-bonodori-report-20260815/,浦安盆踊り,0,1,0.0%,74.0
https://urayasu-portal.com/posts/urayasu-bonodori-report-20260815/,浦安盆踊り 2026,0,1,0.0%,21.0
https://urayasu-portal.com/posts/urayasu-bonodori-report-20260815/,浦安盆踊り2026,0,1,0.0%,10.0
https://urayasu-portal.com/posts/urayasu-cemetery-shuttle-bus-202608/,8/14,0,1,0.0%,3.0
https://urayasu-portal.com/posts/urayasu-cemetery-shuttle-bus-202608/,お願いします,0,1,0.0%,16.0
https://urayasu-portal.com/posts/urayasu-cemetery-shuttle-bus-202608/,時間は何時ですか,0,1,0.0%,3.0
https://urayasu-portal.com/posts/urayasu-city-marathon-shop-recruitment-2027/,エビデンスは？,0,1,0.0%,2.0
https://urayasu-portal.com/posts/urayasu-city-marathon-shop-recruitment-2027/,千葉だと？,0,1,0.0%,9.0
https://urayasu-portal.com/posts/urayasu-disaster-radio-digital-2027/,浦安市防災無線,0,1,0.0%,8.0
https://urayasu-portal.com/posts/urayasu-dog-run-temporary-closure-20260901/,浦安公園ドッグラン,0,1,0.0%,6.0
https://urayasu-portal.com/posts/urayasu-dpark-summer-open-2026/,浦安dパーク,0,1,0.0%,8.0
https://urayasu-portal.com/posts/urayasu-geidai-kuso-kingyo-workshop/,西友 浦安店,0,1,0.0%,7.0
https://urayasu-portal.com/posts/urayasu-hanabi-taikai-2026/,お願いします,0,1,0.0%,8.0
https://urayasu-portal.com/posts/urayasu-hanabi-taikai-2026/,呉安浦花火大会,0,1,0.0%,6.0
https://urayasu-portal.com/posts/urayasu-hanabi-taikai-2026/,安浦花火大会 2026,0,1,0.0%,6.0
https://urayasu-portal.com/posts/urayasu-hanabi-taikai-2026/,新浦安花火大会 2026,0,1,0.0%,3.0
https://urayasu-portal.com/posts/urayasu-hanabi-taikai-2026/,浦安 花火 大会 2026 抽選,0,1,0.0%,5.0
https://urayasu-portal.com/posts/urayasu-hanabi-taikai-2026/,浦安 花火 大会 2026 申し込み,0,1,0.0%,5.0
https://urayasu-portal.com/posts/urayasu-hanabi-taikai-2026/,浦安 花火大会 抽選,0,1,0.0%,9.0
https://urayasu-portal.com/posts/urayasu-hanabi-taikai-2026/,浦安お祭り 2026,0,1,0.0%,6.0
https://urayasu-portal.com/posts/urayasu-hanabi-taikai-2026/,浦安の花火大会はいつ,0,1,0.0%,10.0
https://urayasu-portal.com/posts/urayasu-hanabi-taikai-2026/,浦安花火大会 2026 開催日,0,1,0.0%,11.0
https://urayasu-portal.com/posts/urayasu-hanabi-taikai-2026/,第43回浦安市花火大会,0,1,0.0%,2.0
https://urayasu-portal.com/posts/urayasu-hanabi-taikai-2026/,花火大会 浦安 2026,0,1,0.0%,3.0
https://urayasu-portal.com/posts/urayasu-heavy-rain-20260814/,大雨 浦安市,0,1,0.0%,21.0
https://urayasu-portal.com/posts/urayasu-heavy-rain-20260814/,浦安 冠水情報,0,1,0.0%,18.0
https://urayasu-portal.com/posts/urayasu-heavy-rain-20260814/,浦安 大雨,0,1,0.0%,28.0
https://urayasu-portal.com/posts/urayasu-heavy-rain-20260814/,浦安 市 冠水 情報,0,1,0.0%,33.0
https://urayasu-portal.com/posts/urayasu-heavy-rain-20260814/,浦安 雨,0,1,0.0%,30.0
https://urayasu-portal.com/posts/urayasu-heavy-rain-20260814/,浦安 雨被害,0,1,0.0%,20.0
https://urayasu-portal.com/posts/urayasu-heavy-rain-20260814/,浦安市 冠水 情報,0,1,0.0%,17.0
https://urayasu-portal.com/posts/urayasu-heavy-rain-20260814/,浦安市 冠水情報,0,1,0.0%,17.0
https://urayasu-portal.com/posts/urayasu-heavy-rain-20260814/,浦安市 雨被害,0,1,0.0%,20.0
https://urayasu-portal.com/posts/urayasu-heavy-rain-20260814/,浦安市冠水情報,0,1,0.0%,22.0
https://urayasu-portal.com/posts/urayasu-inflation-voucher-deadline-2026/,アトレユニクロ,0,1,0.0%,3.0
https://urayasu-portal.com/posts/urayasu-inflation-voucher-deadline-2026/,今日までだよね？,0,1,0.0%,5.0
https://urayasu-portal.com/posts/urayasu-inflation-voucher-deadline-2026/,浦安 物価高騰対策商品券,0,1,0.0%,16.0
https://urayasu-portal.com/posts/urayasu-inflation-voucher-deadline-2026/,浦安商品券,0,1,0.0%,10.0
https://urayasu-portal.com/posts/urayasu-inflation-voucher-deadline-2026/,浦安市 商品券,0,1,0.0%,12.0
https://urayasu-portal.com/posts/urayasu-inflation-voucher-deadline-2026/,浦安市 商品券 対象 店舗,0,1,0.0%,13.0
https://urayasu-portal.com/posts/urayasu-inflation-voucher-deadline-2026/,浦安市 物価 高騰 対策商品券 イオン,0,1,0.0%,21.0
https://urayasu-portal.com/posts/urayasu-inflation-voucher-deadline-2026/,浦安市 物価 高騰 対策商品券 使い方,0,1,0.0%,22.0
https://urayasu-portal.com/posts/urayasu-inflation-voucher-deadline-2026/,浦安市物価高騰対策商品券,0,1,0.0%,10.0
https://urayasu-portal.com/posts/urayasu-inflation-voucher-deadline-2026/,浦安市物価高騰対策商品券特設サイト,0,1,0.0%,5.0
https://urayasu-portal.com/posts/urayasu-jichikai-study-space-2026/,自習室 浦安,0,1,0.0%,13.0
https://urayasu-portal.com/posts/urayasu-kominkan-summer-study-space-2026/,日の出公民館 体育館 開放,0,1,0.0%,12.0
https://urayasu-portal.com/posts/urayasu-kourai-closed/,浦安幸来 移転,0,1,0.0%,3.0
https://urayasu-portal.com/posts/urayasu-kyodo-tsukudani-workshop-20260731/,浦安郷土博物館,0,1,0.0%,10.0
https://urayasu-portal.com/posts/urayasu-museum-summer-exhibition-research-2026/,中学生です,0,1,0.0%,9.0
https://urayasu-portal.com/posts/urayasu-museum-summer-exhibition-research-2026/,柄,0,1,0.0%,2.0
https://urayasu-portal.com/posts/urayasu-museum-summer-exhibition-research-2026/,浦安 駅 イベント 今日,0,1,0.0%,4.0
https://urayasu-portal.com/posts/urayasu-museum-summer-exhibition-research-2026/,浦安市郷土博物館 写真,0,1,0.0%,2.0
https://urayasu-portal.com/posts/urayasu-museum-summer-exhibition-research-2026/,絵,0,1,0.0%,1.0
https://urayasu-portal.com/posts/urayasu-neighborhood-summer-festivals-2026/,8月30日は？,0,1,0.0%,1.0
https://urayasu-portal.com/posts/urayasu-neighborhood-summer-festivals-2026/,8月8日,0,1,0.0%,9.0
https://urayasu-portal.com/posts/urayasu-neighborhood-summer-festivals-2026/,8月8日 夏祭り,0,1,0.0%,1.0
https://urayasu-portal.com/posts/urayasu-neighborhood-summer-festivals-2026/,これから,0,1,0.0%,2.0
https://urayasu-portal.com/posts/urayasu-neighborhood-summer-festivals-2026/,それどこ情報？,0,1,0.0%,1.0
https://urayasu-portal.com/posts/urayasu-neighborhood-summer-festivals-2026/,サンコーポ 夏祭り,0,1,0.0%,10.0
https://urayasu-portal.com/posts/urayasu-neighborhood-summer-festivals-2026/,サンコーポ浦安 夏祭り,0,1,0.0%,15.0
https://urayasu-portal.com/posts/urayasu-neighborhood-summer-festivals-2026/,三社祭 浦安,0,1,0.0%,3.0
https://urayasu-portal.com/posts/urayasu-neighborhood-summer-festivals-2026/,主催は？,0,1,0.0%,3.0
https://urayasu-portal.com/posts/urayasu-neighborhood-summer-festivals-2026/,今日,0,1,0.0%,1.0
https://urayasu-portal.com/posts/urayasu-neighborhood-summer-festivals-2026/,今日お祭り近く,0,1,0.0%,1.0
https://urayasu-portal.com/posts/urayasu-neighborhood-summer-festivals-2026/,今日のまつり,0,1,0.0%,6.0
https://urayasu-portal.com/posts/urayasu-neighborhood-summer-festivals-2026/,今週末のイベント,0,1,0.0%,1.0
https://urayasu-portal.com/posts/urayasu-neighborhood-summer-festivals-2026/,写真,0,1,0.0%,7.0
https://urayasu-portal.com/posts/urayasu-neighborhood-summer-festivals-2026/,后天呢？,0,1,0.0%,15.0
https://urayasu-portal.com/posts/urayasu-neighborhood-summer-festivals-2026/,堀江 お祭り,0,1,0.0%,2.0
https://urayasu-portal.com/posts/urayasu-neighborhood-summer-festivals-2026/,堀江 祭り,0,1,0.0%,8.0
https://urayasu-portal.com/posts/urayasu-neighborhood-summer-festivals-2026/,堀江お祭り,0,1,0.0%,7.0
https://urayasu-portal.com/posts/urayasu-neighborhood-summer-festivals-2026/,夏祭り,0,1,0.0%,4.0
https://urayasu-portal.com/posts/urayasu-neighborhood-summer-festivals-2026/,夏祭りで,0,1,0.0%,5.0
https://urayasu-portal.com/posts/urayasu-neighborhood-summer-festivals-2026/,屋台何時から？,0,1,0.0%,4.0
https://urayasu-portal.com/posts/urayasu-neighborhood-summer-festivals-2026/,当代島 お祭り,0,1,0.0%,9.0
https://urayasu-portal.com/posts/urayasu-neighborhood-summer-festivals-2026/,当代島公民館 お祭り,0,1,0.0%,7.0
https://urayasu-portal.com/posts/urayasu-neighborhood-summer-festivals-2026/,当代島公民館 盆踊り,0,1,0.0%,6.0
https://urayasu-portal.com/posts/urayasu-neighborhood-summer-festivals-2026/,日時,0,1,0.0%,6.0
https://urayasu-portal.com/posts/urayasu-neighborhood-summer-festivals-2026/,時間は？,0,1,0.0%,2.0
https://urayasu-portal.com/posts/urayasu-neighborhood-summer-festivals-2026/,本当にそこ？,0,1,0.0%,2.0
https://urayasu-portal.com/posts/urayasu-neighborhood-summer-festivals-2026/,東の祭り,0,1,0.0%,4.0
https://urayasu-portal.com/posts/urayasu-neighborhood-summer-festivals-2026/,東沖公園 祭り,0,1,0.0%,21.0
https://urayasu-portal.com/posts/urayasu-neighborhood-summer-festivals-2026/,浦安,0,1,0.0%,3.0
https://urayasu-portal.com/posts/urayasu-neighborhood-summer-festivals-2026/,浦安 おまつり,0,1,0.0%,3.0
https://urayasu-portal.com/posts/urayasu-neighborhood-summer-festivals-2026/,浦安 お盆 祭り,0,1,0.0%,1.0
https://urayasu-portal.com/posts/urayasu-neighborhood-summer-festivals-2026/,浦安 神輿,0,1,0.0%,4.0
https://urayasu-portal.com/posts/urayasu-neighborhood-summer-festivals-2026/,浦安は？,0,1,0.0%,1.0
https://urayasu-portal.com/posts/urayasu-neighborhood-summer-festivals-2026/,浦安まつり,0,1,0.0%,1.0
https://urayasu-portal.com/posts/urayasu-neighborhood-summer-festivals-2026/,浦安フェスティバル,0,1,0.0%,7.0
https://urayasu-portal.com/posts/urayasu-neighborhood-summer-festivals-2026/,浦安三社例大祭,0,1,0.0%,3.0
https://urayasu-portal.com/posts/urayasu-neighborhood-summer-festivals-2026/,浦安周辺,0,1,0.0%,2.0
https://urayasu-portal.com/posts/urayasu-neighborhood-summer-festivals-2026/,浦安小学校 盆踊り,0,1,0.0%,2.0
https://urayasu-portal.com/posts/urayasu-neighborhood-summer-festivals-2026/,浦安小学校お祭り,0,1,0.0%,4.0
https://urayasu-portal.com/posts/urayasu-neighborhood-summer-festivals-2026/,浦安小学校盆踊り 2026,0,1,0.0%,16.0
https://urayasu-portal.com/posts/urayasu-neighborhood-summer-festivals-2026/,浦安市 盆踊り,0,1,0.0%,7.0
https://urayasu-portal.com/posts/urayasu-neighborhood-summer-festivals-2026/,浦安市 盆踊り大会,0,1,0.0%,5.0
https://urayasu-portal.com/posts/urayasu-neighborhood-summer-festivals-2026/,浦安市周辺,0,1,0.0%,6.0
https://urayasu-portal.com/posts/urayasu-neighborhood-summer-festivals-2026/,浦安市民祭り 2026,0,1,0.0%,27.0
https://urayasu-portal.com/posts/urayasu-neighborhood-summer-festivals-2026/,浦安市盆踊り,0,1,0.0%,8.0
https://urayasu-portal.com/posts/urayasu-neighborhood-summer-festivals-2026/,浦安総合公園 イベント,0,1,0.0%,6.0
https://urayasu-portal.com/posts/urayasu-neighborhood-summer-festivals-2026/,浦安駅祭り,0,1,0.0%,11.0
https://urayasu-portal.com/posts/urayasu-neighborhood-summer-festivals-2026/,盆踊り大会,0,1,0.0%,4.0
https://urayasu-portal.com/posts/urayasu-neighborhood-summer-festivals-2026/,祭り,0,1,0.0%,2.0
https://urayasu-portal.com/posts/urayasu-neighborhood-summer-festivals-2026/,舞浜 夏祭り,0,1,0.0%,17.0
https://urayasu-portal.com/posts/urayasu-neighborhood-summer-festivals-2026/,船橋駅 祭り,0,1,0.0%,3.0
https://urayasu-portal.com/posts/urayasu-neighborhood-summer-festivals-2026/,近くの お祭り 今日 屋台,0,1,0.0%,1.0
https://urayasu-portal.com/posts/urayasu-neighborhood-summer-festivals-2026/,雨だと中止？,0,1,0.0%,1.0
https://urayasu-portal.com/posts/urayasu-neighborhood-summer-festivals-2026/#sec-1,浦安 お祭り,0,1,0.0%,3.0
https://urayasu-portal.com/posts/urayasu-neighborhood-summer-festivals-2026/#sec-1,浦安 お祭り 2026,0,1,0.0%,2.0
https://urayasu-portal.com/posts/urayasu-neighborhood-summer-festivals-2026/#sec-1,浦安 お祭り 8月,0,1,0.0%,3.0
https://urayasu-portal.com/posts/urayasu-neighborhood-summer-festivals-2026/#sec-1,浦安 堀江 お祭り,0,1,0.0%,2.0
https://urayasu-portal.com/posts/urayasu-neighborhood-summer-festivals-2026/#sec-1,浦安 祭り 2026 7 月,0,1,0.0%,3.0
https://urayasu-portal.com/posts/urayasu-neighborhood-summer-festivals-2026/#sec-1,浦安市 祭り,0,1,0.0%,9.0
https://urayasu-portal.com/posts/urayasu-neighborhood-summer-festivals-2026/#sec-1,浦安市 自治会 イベント,0,1,0.0%,6.0
https://urayasu-portal.com/posts/urayasu-neighborhood-summer-festivals-2026/#sec-2,浦安 お祭り,0,1,0.0%,3.0
https://urayasu-portal.com/posts/urayasu-neighborhood-summer-festivals-2026/#sec-2,浦安 お祭り 2026,0,1,0.0%,2.0
https://urayasu-portal.com/posts/urayasu-neighborhood-summer-festivals-2026/#sec-2,浦安 お祭り 8月,0,1,0.0%,3.0
https://urayasu-portal.com/posts/urayasu-neighborhood-summer-festivals-2026/#sec-2,浦安 堀江 お祭り,0,1,0.0%,2.0
https://urayasu-portal.com/posts/urayasu-neighborhood-summer-festivals-2026/#sec-2,浦安 祭り 2026 7 月,0,1,0.0%,3.0
https://urayasu-portal.com/posts/urayasu-neighborhood-summer-festivals-2026/#sec-2,浦安市 祭り,0,1,0.0%,9.0
https://urayasu-portal.com/posts/urayasu-neighborhood-summer-festivals-2026/#sec-2,浦安市 自治会 イベント,0,1,0.0%,6.0
https://urayasu-portal.com/posts/urayasu-neighborhood-summer-festivals-2026/#sec-3,浦安 お祭り,0,1,0.0%,3.0
https://urayasu-portal.com/posts/urayasu-neighborhood-summer-festivals-2026/#sec-3,浦安 お祭り 2026,0,1,0.0%,2.0
https://urayasu-portal.com/posts/urayasu-neighborhood-summer-festivals-2026/#sec-3,浦安 お祭り 8月,0,1,0.0%,3.0
https://urayasu-portal.com/posts/urayasu-neighborhood-summer-festivals-2026/#sec-3,浦安 堀江 お祭り,0,1,0.0%,2.0
https://urayasu-portal.com/posts/urayasu-neighborhood-summer-festivals-2026/#sec-3,浦安 祭り 2026 7 月,0,1,0.0%,3.0
https://urayasu-portal.com/posts/urayasu-neighborhood-summer-festivals-2026/#sec-3,浦安市 祭り,0,1,0.0%,9.0
https://urayasu-portal.com/posts/urayasu-neighborhood-summer-festivals-2026/#sec-3,浦安市 自治会 イベント,0,1,0.0%,6.0
https://urayasu-portal.com/posts/urayasu-smile-fes-20260809/,イベント,0,1,0.0%,2.0
https://urayasu-portal.com/posts/urayasu-station-bus-stop-e-relocation-plan/,乗り場はどこ,0,1,0.0%,3.0
https://urayasu-portal.com/posts/urayasu-station-bus-stop-e-relocation-plan/,西友 浦安,0,1,0.0%,7.0
https://urayasu-portal.com/posts/urayasu-steel-job-fair-20260822/,浦安 市 鉄鋼 団地 求人,0,1,0.0%,24.0
https://urayasu-portal.com/posts/urayasu-steel-job-fair-20260822/,浦安 鉄鋼 団地 求人,0,1,0.0%,26.0
https://urayasu-portal.com/posts/urayasu-steel-job-fair-20260822/,浦安 鉄鋼団地 求人,0,1,0.0%,28.0
https://urayasu-portal.com/posts/urayasu-steel-job-fair-20260822/,浦安鉄鋼団地 求人,0,1,0.0%,27.0
https://urayasu-portal.com/posts/urayasu-summer-pool-guide-2026/,プールは何時から,0,1,0.0%,6.0
https://urayasu-portal.com/posts/urayasu-summer-pool-guide-2026/,浦安市民プール,0,1,0.0%,30.0
https://urayasu-portal.com/posts/urayasu-suzumidokoro-recruitment-2026/,舞浜フラフェスティバル2026,0,1,0.0%,7.0
https://urayasu-portal.com/posts/wamen-zen-horie-open/,ラーメン処善,0,1,0.0%,25.0
https://urayasu-portal.com/posts/wamen-zen-horie-open/,和麺 白狐,0,1,0.0%,21.0
https://urayasu-portal.com/posts/wamen-zen-horie-open/,善 浦安,0,1,0.0%,5.0
https://urayasu-portal.com/posts/wamen-zen-horie-open/,麺屋善,0,1,0.0%,5.0
https://urayasu-portal.com/posts/yokoyama-daisuke-doyo-concert-20260809/,こどもむけ,0,1,0.0%,4.0
https://urayasu-portal.com/posts/yokoyama-daisuke-doyo-concert-20260809/,横山だいすけ コンサート 2026,0,1,0.0%,10.0
https://urayasu-portal.com/posts/yokoyama-daisuke-doyo-concert-20260809/,浦安 文化会館 コンサート 予定,0,1,0.0%,2.0
https://urayasu-portal.com/tags/,シェラトン 舞浜,0,1,0.0%,34.0
https://urayasu-portal.com/tags/,ベトナム 知事 訪問,0,1,0.0%,49.0
https://urayasu-portal.com/tags/,久留米 焼き鳥フェスタ,0,1,0.0%,14.0
https://urayasu-portal.com/tags/,妙典 事故,0,1,0.0%,8.0
https://urayasu-portal.com/tags/,妙典 冠水,0,1,0.0%,9.0
https://urayasu-portal.com/tags/,浦安ブライトンホテル シャトルバス,0,1,0.0%,19.0
https://urayasu-portal.com/tags/,浦安市運動公園,0,1,0.0%,54.0
https://urayasu-portal.com/tags/,税務トピックス,0,1,0.0%,45.0
https://urayasu-portal.com/tags/,舞浜 事故,0,1,0.0%,56.0
https://urayasu-portal.com/tags/,西友 閉店,0,1,0.0%,39.0
https://urayasu-portal.com/tags/%E3%81%93%E3%81%A9%E3%82%82%E3%81%AE%E5%BA%83%E5%A0%B4/,浦安 水遊び,0,1,0.0%,37.0
https://urayasu-portal.com/tags/%E3%82%B9%E3%82%BF%E3%82%B8%E3%82%A2%E3%83%A0/,クラシモスタジアム浦安,0,1,0.0%,13.0
https://urayasu-portal.com/tags/%E3%82%B9%E3%83%9D%E3%83%BC%E3%83%84%E6%96%BD%E8%A8%AD/,京葉ガスクラシモスタジアム浦安,0,1,0.0%,12.0
https://urayasu-portal.com/tags/%E3%82%B9%E3%83%9D%E3%83%BC%E3%83%84/,バルドラール浦安,0,1,0.0%,87.0
https://urayasu-portal.com/tags/%E3%82%B9%E3%83%9D%E3%83%BC%E3%83%84/,フットサル 浦安,0,1,0.0%,46.0
https://urayasu-portal.com/tags/%E3%82%B9%E3%83%9D%E3%83%BC%E3%83%84/,フットサル浦安,0,1,0.0%,46.0
https://urayasu-portal.com/tags/%E3%82%B9%E3%83%9D%E3%83%BC%E3%83%84/,浦安フットサル,0,1,0.0%,46.0
https://urayasu-portal.com/tags/%E3%83%8B%E3%83%A5%E3%83%BC%E3%82%B3%E3%83%BC%E3%82%B9%E3%83%88%E6%96%B0%E6%B5%A6%E5%AE%89/,6月は？,0,1,0.0%,6.0
https://urayasu-portal.com/tags/%E3%83%8B%E3%83%A5%E3%83%BC%E3%82%B3%E3%83%BC%E3%82%B9%E3%83%88%E6%96%B0%E6%B5%A6%E5%AE%89/,new coast shin-urayasu,0,1,0.0%,56.0
https://urayasu-portal.com/tags/%E3%83%8B%E3%83%A5%E3%83%BC%E3%82%B3%E3%83%BC%E3%82%B9%E3%83%88%E6%96%B0%E6%B5%A6%E5%AE%89/,イベント,0,1,0.0%,5.0
https://urayasu-portal.com/tags/%E3%83%8F%E3%82%B6%E3%83%BC%E3%83%89%E3%83%9E%E3%83%83%E3%83%97/,ハザードマップ 浦安,0,1,0.0%,24.0
https://urayasu-portal.com/tags/%E3%83%8F%E3%82%B6%E3%83%BC%E3%83%89%E3%83%9E%E3%83%83%E3%83%97/,浦安市 ハザードマップ 地震,0,1,0.0%,17.0
https://urayasu-portal.com/tags/%E3%83%8F%E3%82%B6%E3%83%BC%E3%83%89%E3%83%9E%E3%83%83%E3%83%97/,浦安市 津波 ハザードマップ,0,1,0.0%,18.0
https://urayasu-portal.com/tags/%E3%83%8F%E3%83%AD%E3%82%A6%E3%82%A3%E3%83%BC%E3%83%B3/,ニューコースト新浦安 トミカ,0,1,0.0%,11.0
https://urayasu-portal.com/tags/%E3%83%90%E3%83%AB%E3%83%89%E3%83%A9%E3%83%BC%E3%83%AB%E6%B5%A6%E5%AE%89/,バルドラール浦安,0,1,0.0%,64.0
https://urayasu-portal.com/tags/%E3%83%90%E3%83%AB%E3%83%89%E3%83%A9%E3%83%BC%E3%83%AB%E6%B5%A6%E5%AE%89/,フットサル浦安,0,1,0.0%,39.0
https://urayasu-portal.com/tags/%E3%83%90%E3%83%AB%E3%83%89%E3%83%A9%E3%83%BC%E3%83%AB%E6%B5%A6%E5%AE%89/,ラスボニータス 大阪市住吉区苅田,0,1,0.0%,49.0
https://urayasu-portal.com/tags/%E4%BA%AC%E8%91%89%E3%82%AC%E3%82%B9/,クラシモスタジアム浦安,0,1,0.0%,10.0
https://urayasu-portal.com/tags/%E4%BA%AC%E8%91%89%E3%82%AC%E3%82%B9/,京葉ガス クラシモスタジアム,0,1,0.0%,10.0
https://urayasu-portal.com/tags/%E5%85%AC%E5%9C%92/,浦安 水遊び,0,1,0.0%,25.0
https://urayasu-portal.com/tags/%E5%85%AC%E5%9C%92/,浦安市 水遊び,0,1,0.0%,20.0
https://urayasu-portal.com/tags/%E5%85%AC%E5%9C%92/,浦安市交通公園,0,1,0.0%,9.0
https://urayasu-portal.com/tags/%E5%8F%8E%E9%9B%86%E6%97%A5/,浦安市 ゴミ カレンダー,0,1,0.0%,8.0
https://urayasu-portal.com/tags/%E5%A4%8F%E4%BC%91%E3%81%BF/,浦安市 夏休み,0,1,0.0%,1.0
https://urayasu-portal.com/tags/%E5%AD%90%E3%81%A9%E3%82%82%E3%82%A4%E3%83%99%E3%83%B3%E3%83%88/,浦安 イベント,0,1,0.0%,46.0
https://urayasu-portal.com/tags/%E5%B8%82%E5%B7%9D%E5%B8%82/,マルエツ 行徳店 閉店,0,1,0.0%,2.0
https://urayasu-portal.com/tags/%E6%96%B0%E6%B5%A6%E5%AE%89/,新浦安ナビ,0,1,0.0%,23.0
https://urayasu-portal.com/tags/%E6%96%B0%E6%B5%A6%E5%AE%89/,新浦安ナビゲーター,0,1,0.0%,19.0
https://urayasu-portal.com/tags/%E6%A0%83%E6%9C%A8sc/,栃木sc 対 浦安,0,1,0.0%,14.0
https://urayasu-portal.com/tags/%E6%AD%BB%E4%BA%A1%E4%BA%8B%E6%95%85/,浦安入船事故,0,1,0.0%,11.0
https://urayasu-portal.com/tags/%E6%B6%B2%E7%8A%B6%E5%8C%96/,浦安 液状化 マップ,0,1,0.0%,30.0
https://urayasu-portal.com/tags/%E7%8C%AB%E5%AE%9F/,サロンドロキシー 浦安市猫実,0,1,0.0%,17.0
https://urayasu-portal.com/tags/%E7%8C%AB%E5%AE%9F/,浦安 猫実,0,1,0.0%,37.0
https://urayasu-portal.com/tags/%E7%A5%AD%E3%82%8A/,猫五祭,0,1,0.0%,18.0
https://urayasu-portal.com/tags/%E7%B2%97%E5%A4%A7%E3%81%94%E3%81%BF/,浦安 市 粗大 ゴミ,0,1,0.0%,68.0
https://urayasu-portal.com/tags/%E7%B2%97%E5%A4%A7%E3%81%94%E3%81%BF/,浦安粗大ゴミ,0,1,0.0%,68.0
https://urayasu-portal.com/tags/%E8%A1%8C%E5%BE%B3/,鮨山口 行徳,0,1,0.0%,12.0
https://urayasu-portal.com/tags/%E8%A6%AA%E5%AD%90%E5%90%91%E3%81%91/,新浦夜城,0,1,0.0%,12.0
https://urayasu-portal.com/tags/%E9%80%B1%E6%9C%AB%E3%82%A4%E3%83%99%E3%83%B3%E3%83%88/,ニューコースト イベント,0,1,0.0%,28.0
https://urayasu-portal.com/tags/%E9%96%8B%E5%BA%97/,オープンは？,0,1,0.0%,5.0
https://urayasu-portal.com/tags/%E9%96%8B%E5%BA%97/,クイーンズ伊勢丹 新浦安,0,1,0.0%,6.0
https://urayasu-portal.com/tags/%E9%96%8B%E5%BA%97/,トライアル西友 浦安,0,1,0.0%,58.0
https://urayasu-portal.com/tags/%E9%96%8B%E5%BA%97/,トライアル西友浦安,0,1,0.0%,59.0
https://urayasu-portal.com/tags/%E9%96%8B%E5%BA%97/,ファミリーマート リニューアル オープン,0,1,0.0%,77.0
https://urayasu-portal.com/tags/%E9%96%8B%E5%BA%97/,新店,0,1,0.0%,10.0
https://urayasu-portal.com/tags/%E9%96%8B%E5%BA%97/,新浦安 オープン,0,1,0.0%,26.0
https://urayasu-portal.com/tags/%E9%96%8B%E5%BA%97/,新浦安 ニューオープン,0,1,0.0%,21.0
https://urayasu-portal.com/tags/%E9%96%8B%E5%BA%97/,浦安オープン,0,1,0.0%,21.0
https://urayasu-portal.com/tags/%E9%96%8B%E5%BA%97/,浦安新店舗,0,1,0.0%,22.0
https://urayasu-portal.com/tags/%E9%96%8B%E5%BA%97/,浦安駅 オープン,0,1,0.0%,46.0
https://urayasu-portal.com/travel-guide/disney-tickets/,disney sea チケット,0,1,0.0%,40.0
https://urayasu-portal.com/travel-guide/disney-tickets/,ディズニー シー チケット 料金,0,1,0.0%,46.0
https://urayasu-portal.com/travel-guide/disney-tickets/,ディズニー シー チケット 購入,0,1,0.0%,48.0
https://urayasu-portal.com/travel-guide/disney-tickets/,ディズニー チケット 購入 いつから,0,1,0.0%,37.0
https://urayasu-portal.com/travel-guide/disney-tickets/,ディズニーシー ランド チケット,0,1,0.0%,68.0
https://urayasu-portal.com/travel-guide/disney-tickets/,ディズニーシー 料金,0,1,0.0%,48.0
https://urayasu-portal.com/travel-guide/disney-tickets/,ディズニーシーのチケット購入,0,1,0.0%,21.0
https://urayasu-portal.com/travel-guide/disney-tickets/,ディズニーチケット いつまで に買う,0,1,0.0%,39.0
https://urayasu-portal.com/travel-guide/disney-tickets/,ディズニーチケットいつから買える,0,1,0.0%,36.0
https://urayasu-portal.com/travel-guide/disney-tickets/,ディズニーチケットシー,0,1,0.0%,71.0
https://urayasu-portal.com/travel-guide/disney-tickets/,ディズニーランド チケット 何 歳 から,0,1,0.0%,62.0
https://urayasu-portal.com/travel-guide/disney-tickets/,東京 ディズニー シー チケット,0,1,0.0%,64.0
https://urayasu-portal.com/travel-guide/disney-tickets/,東京ディズニーシー 料金,0,1,0.0%,42.0
https://urayasu-portal.com/travel-guide/family-packing/,ディズニー 子供 持ち物,0,1,0.0%,67.0
https://urayasu-portal.com/travel-guide/family-packing/,ディズニー 子連れ 持ち物,0,1,0.0%,73.0
https://urayasu-portal.com/travel-guide/family-packing/,ディズニー 持ち物 子連れ,0,1,0.0%,85.0
https://urayasu-portal.com/travel-guide/family-packing/,ディズニーランド 子連れ 持ち物,0,1,0.0%,80.0
https://urayasu-portal.com/travel-guide/family-packing/,ディズニーランド 持ち物 子連れ,0,1,0.0%,73.0
https://urayasu-portal.com/travel-guide/hotels/,ホテル 醍醐 浦安 閉店,0,1,0.0%,11.0
https://urayasu-portal.com/travel-guide/hotels/access/,浦安サンホテル,0,1,0.0%,5.0
https://urayasu-portal.com/travel-guide/hotels/airport-limousine/,羽田空港 浦安ブライトンホテル リムジンバス,0,1,0.0%,11.0
https://urayasu-portal.com/travel-guide/hotels/ambassador-hotel/,アンバサダーホテル アクセス,0,1,0.0%,2.0
https://urayasu-portal.com/travel-guide/hotels/ambassador-hotel/,シェフミッキー（ディズニーアンバサダーホテル） 浦安市,0,1,0.0%,14.0
https://urayasu-portal.com/travel-guide/hotels/brighton-tokyo-bay/,浦安ブライトンホテル リムジンバス 羽田,0,1,0.0%,8.0
https://urayasu-portal.com/travel-guide/hotels/budget/,浦安 激安 ホテル,0,1,0.0%,31.0
https://urayasu-portal.com/travel-guide/hotels/budget/,浦安格安ホテル,0,1,0.0%,32.0
https://urayasu-portal.com/travel-guide/hotels/celebration-wish/,ウィッシュ,0,1,0.0%,9.0
https://urayasu-portal.com/travel-guide/hotels/celebration-wish/,東京ディズニーセレブレーションホテルウィッシュ,0,1,0.0%,48.0
https://urayasu-portal.com/travel-guide/hotels/facilities/,舞浜 コインランドリー,0,1,0.0%,45.0
https://urayasu-portal.com/travel-guide/hotels/four-stories-hotel/,フォーストーリーズホテル舞浜 東京ベイ レビュー,0,1,0.0%,11.0
https://urayasu-portal.com/travel-guide/hotels/grand-monday-resort-maihama/,評判はどうですか？,0,1,0.0%,1.0
https://urayasu-portal.com/travel-guide/hotels/grand-monday-resort-maihama/,ｇｒａｎｄ ｍｏｎｄａｙ ｒｅｓｏｒｔ 東京ベイ舞浜,0,1,0.0%,47.0
https://urayasu-portal.com/travel-guide/hotels/happy-entry/,ハッピーエントリーとは,0,1,0.0%,34.0
https://urayasu-portal.com/travel-guide/hotels/kids/,ディズニーランド 子連れ ホテル,0,1,0.0%,53.0
https://urayasu-portal.com/travel-guide/hotels/kids/,東京ディズニーランド ホテル 子連れ,0,1,0.0%,101.0
https://urayasu-portal.com/travel-guide/hotels/lagent-tokyo-bay/,ラジェントホテル東京ベイ コンビニ,0,1,0.0%,11.0
https://urayasu-portal.com/travel-guide/hotels/large-public-bath/,ディズニー 周辺 ホテル 大 浴場,0,1,0.0%,43.0
https://urayasu-portal.com/travel-guide/hotels/large-public-bath/,ディズニー 近く 温泉,0,1,0.0%,42.0
https://urayasu-portal.com/travel-guide/hotels/large-public-bath/,ディズニー 近くの温泉,0,1,0.0%,42.0
https://urayasu-portal.com/travel-guide/hotels/large-public-bath/,ディズニーランド ホテル 大 浴場,0,1,0.0%,54.0
https://urayasu-portal.com/travel-guide/hotels/large-public-bath/,ディズニー近くの温泉,0,1,0.0%,41.0
https://urayasu-portal.com/travel-guide/hotels/large-public-bath/,ディズニー近く温泉,0,1,0.0%,42.0
https://urayasu-portal.com/travel-guide/hotels/large-public-bath/,東京ベイ舞浜ホテル 大浴場,0,1,0.0%,56.0
https://urayasu-portal.com/travel-guide/hotels/large-public-bath/,浦安 ホテル 大 浴場,0,1,0.0%,39.0
https://urayasu-portal.com/travel-guide/hotels/luggage/,ホテルマイステイズ舞浜 荷物預かり,0,1,0.0%,8.0
https://urayasu-portal.com/travel-guide/hotels/luggage/,東京ベイ舞浜ホテル ファーストリゾート 荷物 送る,0,1,0.0%,26.0
https://urayasu-portal.com/travel-guide/hotels/miracosta/,ミラコスタ コインランドリー,0,1,0.0%,3.0
https://urayasu-portal.com/travel-guide/hotels/mystays-shin-urayasu/,マイステイズ新浦安コンファレンスセンター 写真,0,1,0.0%,2.0
https://urayasu-portal.com/travel-guide/hotels/shuttle/,シャトルバスで舞浜方面へ楽々アクセス,0,1,0.0%,25.0
https://urayasu-portal.com/travel-guide/hotels/shuttle/,ディズニー 無料 バス ホテル,0,1,0.0%,58.0
https://urayasu-portal.com/travel-guide/hotels/shuttle/,マイステイズ新浦安 シャトルバス,0,1,0.0%,4.0
https://urayasu-portal.com/travel-guide/hotels/types/,ディズニー グッドネイバーホテル,0,1,0.0%,3.0
https://urayasu-portal.com/travel-guide/hotels/types/,ディズニーランド グッドネイバーホテル,0,1,0.0%,3.0
https://urayasu-portal.com/travel-guide/hotels/types/,ディズニーランドオフィシャルホテルとは,0,1,0.0%,3.0
https://urayasu-portal.com/travel-guide/hotels/viewfort-urayasu/,浦安ビューフォートホテル レビュー,0,1,0.0%,5.0
https://urayasu-portal.com/travel-guide/kasai-rinkai-park/,ディズニー 観覧 車 日本,0,1,0.0%,10.0
https://urayasu-portal.com/travel-guide/kasai-rinkai-park/,ディズニー 近く 水族館,0,1,0.0%,21.0
https://urayasu-portal.com/travel-guide/kasai-rinkai-park/,舞浜臨海公園,0,1,0.0%,28.0
https://urayasu-portal.com/travel-guide/kasai-rinkai-park/,葛西臨海水族園 ディズニー,0,1,0.0%,12.0
https://urayasu-portal.com/travel-guide/luggage-howto/,舞浜駅 荷物 ホテルに送る,0,1,0.0%,9.0
https://urayasu-portal.com/travel-guide/luggage-howto/,舞浜駅ウェルカムセンター 荷物,0,1,0.0%,10.0
https://urayasu-portal.com/travel-guide/luggage/,アンバサダーホテル 荷物 舞浜駅,0,1,0.0%,9.0
https://urayasu-portal.com/travel-guide/luggage/,オリエンタルホテル,0,1,0.0%,4.0
https://urayasu-portal.com/travel-guide/luggage/,グランドニッコー 荷物預かり,0,1,0.0%,16.0
https://urayasu-portal.com/travel-guide/luggage/,グランドニッコー東京ベイ 舞浜 荷物 預かり,0,1,0.0%,12.0
https://urayasu-portal.com/travel-guide/luggage/,ディズニー 荷物 預ける,0,1,0.0%,60.0
https://urayasu-portal.com/travel-guide/luggage/,トイストーリーホテルから舞浜駅 荷物,0,1,0.0%,11.0
https://urayasu-portal.com/travel-guide/luggage/,ヒルトン東京ベイ 舞浜駅 荷物,0,1,0.0%,10.0
https://urayasu-portal.com/travel-guide/luggage/,東京ベイ舞浜ホテルファーストリゾート 荷物,0,1,0.0%,15.0
https://urayasu-portal.com/travel-guide/luggage/,東京ベイ舞浜ホテルファーストリゾート 荷物 送る,0,1,0.0%,13.0
https://urayasu-portal.com/travel-guide/luggage/,東京ベイ舞浜ホテルファーストリゾート 荷物配送,0,1,0.0%,11.0
https://urayasu-portal.com/travel-guide/luggage/,浦安ブライトンホテル チェックイン前 荷物 預かり,0,1,0.0%,9.0
https://urayasu-portal.com/travel-guide/luggage/,浦安ブライトンホテル 荷物 預かり チェックイン前,0,1,0.0%,9.0
https://urayasu-portal.com/travel-guide/luggage/,浦安ブライトンホテル東京ベイ ベルデスク 荷物預かり チェックイン前,0,1,0.0%,11.0
https://urayasu-portal.com/travel-guide/luggage/,浦安ブライトンホテル東京ベイ 荷物送る,0,1,0.0%,11.0
https://urayasu-portal.com/travel-guide/luggage/,舞浜 コインロッカー 予約,0,1,0.0%,61.0
https://urayasu-portal.com/travel-guide/luggage/,舞浜 コインロッカー予約,0,1,0.0%,57.0
https://urayasu-portal.com/travel-guide/luggage/,舞浜 ホテル 荷物預け,0,1,0.0%,11.0
https://urayasu-portal.com/travel-guide/luggage/,舞浜 ロッカー 予約,0,1,0.0%,56.0
https://urayasu-portal.com/travel-guide/luggage/,舞浜 ロッカー予約,0,1,0.0%,56.0
https://urayasu-portal.com/travel-guide/luggage/,舞浜 荷物,0,1,0.0%,11.0
https://urayasu-portal.com/travel-guide/luggage/,舞浜ビューホテル by hulic 荷物 預かり,0,1,0.0%,14.0
https://urayasu-portal.com/travel-guide/luggage/,舞浜ビューホテル 荷物預かり,0,1,0.0%,11.0
https://urayasu-portal.com/travel-guide/luggage/,舞浜荷物預かり,0,1,0.0%,9.0
https://urayasu-portal.com/travel-guide/luggage/,舞浜荷物預かり所,0,1,0.0%,10.0
https://urayasu-portal.com/travel-guide/luggage/,舞浜駅 ホテルチェックイン,0,1,0.0%,24.0
https://urayasu-portal.com/travel-guide/luggage/,舞浜駅 ホテル荷物預かり,0,1,0.0%,10.0
https://urayasu-portal.com/travel-guide/luggage/,舞浜駅 荷物預かりサービス,0,1,0.0%,8.0
https://urayasu-portal.com/travel-guide/luggage/,舞浜駅 荷物預け ホテル,0,1,0.0%,20.0
https://urayasu-portal.com/travel-guide/luggage/,電車,0,1,0.0%,2.0
https://urayasu-portal.com/travel-guide/maihama-eurasia-spa/,スパ&ホテル 舞浜ユーラシア 日帰り,0,1,0.0%,2.0
https://urayasu-portal.com/travel-guide/maihama-eurasia-spa/,スパアンドホテル舞浜ユーラシア 日帰り温泉,0,1,0.0%,3.0
https://urayasu-portal.com/travel-guide/maihama-eurasia-spa/,ディズニー 近く 温泉,0,1,0.0%,42.0
https://urayasu-portal.com/travel-guide/maihama-eurasia-spa/,ディズニーランド 近く 温泉,0,1,0.0%,47.0
https://urayasu-portal.com/travel-guide/maihama-eurasia-spa/,ユーラシア 日帰り温泉,0,1,0.0%,3.0
https://urayasu-portal.com/travel-guide/maihama-eurasia-spa/,営業時間は？,0,1,0.0%,11.0
https://urayasu-portal.com/travel-guide/maihama-eurasia-spa/,東京ベイ舞浜ホテル お風呂,0,1,0.0%,2.0
https://urayasu-portal.com/travel-guide/maihama-eurasia-spa/,浦安 日帰り温泉,0,1,0.0%,41.0
https://urayasu-portal.com/travel-guide/maihama-eurasia-spa/,舞浜 日帰り入浴,0,1,0.0%,4.0
https://urayasu-portal.com/travel-guide/maihama-eurasia-spa/,舞浜ユーラシア 朝風呂,0,1,0.0%,24.0
https://urayasu-portal.com/travel-guide/maihama-eurasia-spa/,舞浜ユーラシア 温泉のみ,0,1,0.0%,2.0
https://urayasu-portal.com/travel-guide/maihama-eurasia-spa/,舞浜日帰り温泉,0,1,0.0%,20.0
https://urayasu-portal.com/travel-guide/maihama-eurasia-spa/,舞浜駅 銭湯,0,1,0.0%,39.0
https://urayasu-portal.com/travel-guide/maihama-halloween/,舞浜ビューホテル ハロウィン,0,1,0.0%,17.0
https://urayasu-portal.com/travel-guide/maihama-halloween/,舞浜駅 着替える場所,0,1,0.0%,11.0
https://urayasu-portal.com/travel-guide/rainy-day/,お願いします,0,1,0.0%,1.0
https://urayasu-portal.com/travel-guide/rainy-day/,舞浜は？,0,1,0.0%,4.0
https://urayasu-portal.com/travel-guide/teamlab-planets/,舞浜からチームラボ豊洲,0,1,0.0%,8.0
https://urayasu-portal.com/travel-guide/urayasu-gourmet-souvenir-guide/,新浦安 手土産,0,1,0.0%,10.0
https://urayasu-portal.com/travel-guide/urayasu-maihama-access-guide/,respond in the following language: japanese (日本語) responses should be strictly in the context of the following country: japan. 浦安行きの安い航空券ってどこで見つけられる？,0,1,0.0%,11.0
https://urayasu-portal.com/travel-guide/urayasu-maihama-access-guide/,シャトルバスで舞浜方面へ楽々アクセス,0,1,0.0%,44.0
https://urayasu-portal.com/travel-guide/urayasu-maihama-access-guide/,浦安市舞浜,0,1,0.0%,30.0
https://urayasu-portal.com/zh-tw/,新浦安美食,0,1,0.0%,45.0
https://urayasu-portal.com/zh-tw/,浦安 市,0,1,0.0%,60.0
https://urayasu-portal.com/zh-tw/,浦安市,0,1,0.0%,56.0
https://urayasu-portal.com/zh-tw/posts/tokyo-disneysea-indiana-jones-reopen-20261130/,東京迪士尼 印第安納瓊斯,0,1,0.0%,11.0
https://urayasu-portal.com/zh-tw/tags/%E8%88%9E%E6%BF%B1/,舞 濱,0,1,0.0%,51.0
https://urayasu-portal.com/zh-tw/travel-guide/,浦安旅行,0,1,0.0%,17.0
https://urayasu-portal.com/zh-tw/travel-guide/,舞 濱,0,1,0.0%,32.0
https://urayasu-portal.com/zh-tw/travel-guide/disney-tickets/,東京 迪士尼 門票,0,1,0.0%,49.0
https://urayasu-portal.com/zh-tw/travel-guide/disney-tickets/,東京迪士尼購票,0,1,0.0%,43.0
https://urayasu-portal.com/zh-tw/travel-guide/disney-tickets/,東京迪士尼門票購買,0,1,0.0%,45.0
https://urayasu-portal.com/zh-tw/travel-guide/hotels/access/,舞 濱 車站,0,1,0.0%,46.0
https://urayasu-portal.com/zh-tw/travel-guide/hotels/ambassador-hotel/,大使飯店,0,1,0.0%,60.0
https://urayasu-portal.com/zh-tw/travel-guide/hotels/ambassador-hotel/,迪士尼大使飯店,0,1,0.0%,54.0
https://urayasu-portal.com/zh-tw/travel-guide/hotels/brighton-tokyo-bay/,浦安 飯店服務,0,1,0.0%,45.0
https://urayasu-portal.com/zh-tw/travel-guide/hotels/brighton-tokyo-bay/,浦安布萊頓飯店東京灣,0,1,0.0%,50.0
https://urayasu-portal.com/zh-tw/travel-guide/hotels/eurasia-annex/,千葉 舞濱歐亞annex,0,1,0.0%,10.0
https://urayasu-portal.com/zh-tw/travel-guide/hotels/eurasia-annex/,舞濱歐亞annex附近,0,1,0.0%,44.0
https://urayasu-portal.com/zh-tw/travel-guide/hotels/eurasia-annex/,舞濱歐亞annex飯店,0,1,0.0%,37.0
https://urayasu-portal.com/zh-tw/travel-guide/hotels/fantasy-springs-hotel/,迪士尼夢幻泉鄉飯店價格,0,1,0.0%,39.0
https://urayasu-portal.com/zh-tw/travel-guide/hotels/grand-monday-resort-maihama/,grand monday resort tokyo bay maihama,0,1,0.0%,26.0
https://urayasu-portal.com/zh-tw/travel-guide/hotels/happy-entry/,東京迪士尼飯店 提早入園,0,1,0.0%,11.0
https://urayasu-portal.com/zh-tw/travel-guide/hotels/hilton-tokyo-bay/,東京灣希爾頓,0,1,0.0%,87.0
https://urayasu-portal.com/zh-tw/travel-guide/hotels/hilton-tokyo-bay/,東京灣希爾頓飯店,0,1,0.0%,88.0
https://urayasu-portal.com/zh-tw/travel-guide/hotels/hilton-tokyo-bay/,洗衣機在幾樓,0,1,0.0%,2.0
https://urayasu-portal.com/zh-tw/travel-guide/hotels/hoshinoresorts-1955-tokyo-bay/,住客,0,1,0.0%,5.0
https://urayasu-portal.com/zh-tw/travel-guide/hotels/luggage-howto/,大概費用是多少,0,1,0.0%,8.0
https://urayasu-portal.com/zh-tw/travel-guide/hotels/luggage-howto/,好,0,1,0.0%,1.0
https://urayasu-portal.com/zh-tw/travel-guide/hotels/luggage/,舞濱站 行李寄放,0,1,0.0%,6.0
https://urayasu-portal.com/zh-tw/travel-guide/hotels/miracosta/,迪士尼海洋飯店,0,1,0.0%,80.0
https://urayasu-portal.com/zh-tw/travel-guide/hotels/mystays-maihama/,mystays 舞 濱 酒店,0,1,0.0%,38.0
https://urayasu-portal.com/zh-tw/travel-guide/hotels/mystays-maihama/,mystays舞濱酒店,0,1,0.0%,47.0
https://urayasu-portal.com/zh-tw/travel-guide/hotels/oriental-tokyo-bay/,東京 灣 東方 飯店,0,1,0.0%,66.0
https://urayasu-portal.com/zh-tw/travel-guide/hotels/royal-park-maihama/,the royal park hotel maihama resort tokyo bay,0,1,0.0%,50.0
https://urayasu-portal.com/zh-tw/travel-guide/hotels/shuttle/,東京 迪士尼 接 駁 車 飯店,0,1,0.0%,9.0
https://urayasu-portal.com/zh-tw/travel-guide/hotels/shuttle/,東京迪士尼包車dcard,0,1,0.0%,7.0
https://urayasu-portal.com/zh-tw/travel-guide/hotels/shuttle/,舞濱歐亞annex接駁車,0,1,0.0%,17.0
https://urayasu-portal.com/zh-tw/travel-guide/hotels/shuttle/,迪士尼接駁,0,1,0.0%,9.0
https://urayasu-portal.com/zh-tw/travel-guide/hotels/shuttle/,迪士尼接駁車 飯店,0,1,0.0%,5.0
https://urayasu-portal.com/zh-tw/travel-guide/hotels/shuttle/,迪士尼樂祥飯店接駁車,0,1,0.0%,36.0
https://urayasu-portal.com/zh-tw/travel-guide/hotels/tdl-hotel/,東京迪士尼樂園大飯店,0,1,0.0%,3.0
https://urayasu-portal.com/zh-tw/travel-guide/hotels/tdl-hotel/,迪士尼happy entry,0,1,0.0%,46.0
https://urayasu-portal.com/zh-tw/travel-guide/hotels/toy-story-hotel/,玩具 總動員 飯店,0,1,0.0%,48.0
https://urayasu-portal.com/zh-tw/travel-guide/hotels/toy-story-hotel/,玩具總動員飯店,0,1,0.0%,48.0
https://urayasu-portal.com/zh-tw/travel-guide/hotels/types/,迪士尼合作飯店,0,1,0.0%,32.0
https://urayasu-portal.com/zh-tw/travel-guide/kasai-rinkai-park/,ディズニー 近く 水族館,0,1,0.0%,89.0
https://urayasu-portal.com/zh-tw/travel-guide/luggage-howto/,舞濱站 行李寄放,0,1,0.0%,11.0
https://urayasu-portal.com/zh-tw/travel-guide/maihama-eurasia-spa/,浦安 日帰り温泉,0,1,0.0%,75.0
https://urayasu-portal.com/zh-tw/travel-guide/maihama-eurasia-spa/,浦安 温泉 日帰り,0,1,0.0%,78.0
https://urayasu-portal.com/zh-tw/travel-guide/maihama-eurasia-spa/,浦安日帰り温泉,0,1,0.0%,73.0
https://urayasu-portal.com/zh-tw/travel-guide/rainy-day/,日本東京天氣,0,1,0.0%,2.0
https://urayasu-portal.com/zh-tw/travel-guide/rainy-day/,東京迪士尼天氣,0,1,0.0%,4.0
https://urayasu-portal.com/zh-tw/travel-guide/tokyo-sightseeing-access/,jr新浦安站到淺草,0,1,0.0%,39.0
https://urayasu-portal.com/zh-tw/travel-guide/tokyo-sightseeing-access/,新埔安站,0,1,0.0%,16.0
https://urayasu-portal.com/zh-tw/travel-guide/tokyo-sightseeing-access/,東京迪士尼,0,1,0.0%,2.0
https://urayasu-portal.com/zh-tw/travel-guide/tokyo-sightseeing-access/,都幫我看,0,1,0.0%,1.0
https://urayasu-portal.com/zh-tw/travel-guide/urayasu-maihama-access-guide/,舞浜,0,1,0.0%,100.0
https://urayasu-portal.com/zh-tw/travel-guide/urayasu-maihama-access-guide/,舞濱站,0,1,0.0%,69.0
https://urayasu-portal.com/zh-tw/travel-guide/urayasu-maihama-access-guide/,舞濱站路線,0,1,0.0%,6.0
https://urayasu-portal.com/zh-tw/travel-guide/urayasu-maihama-access-guide/,舞濱車站,0,1,0.0%,34.0
https://urayasu-portal.com/zh-tw/travel-guide/urayasu-maihama-shinurayasu-tourism/,新浦安景點,0,1,0.0%,21.0
https://urayasu-portal.com/zh-tw/travel-guide/urayasu-taxi-airport-flat-rate-guide/,坐計程車多少錢,0,1,0.0%,4.0
https://urayasu-portal.com/zh-tw/travel-guide/urayasu-traffic-park/,新浦安 交通公園,0,1,0.0%,4.0
https://urayasu-portal.com/zh-tw/travel-guide/urayasu-traffic-park/,新浦安 公園,0,1,0.0%,5.0
https://urayasu-portal.com/zh-tw/travel-guide/urayasu-traffic-park/,浦安市 交通公園,0,1,0.0%,3.0
https://urayasu-portal.com/zh/,urayasu 中文,0,1,0.0%,12.0
https://urayasu-portal.com/zh/tags/%E6%96%B0%E6%B5%A6%E5%AE%89/,新浦安,0,1,0.0%,58.0
https://urayasu-portal.com/zh/travel-guide/disney-tickets/,东京迪士尼门票怎么买,0,1,0.0%,7.0
https://urayasu-portal.com/zh/travel-guide/hotels/,東京迪士尼樂園附近酒店,0,1,0.0%,48.0
https://urayasu-portal.com/zh/travel-guide/hotels/,浦安 飯店服務,0,1,0.0%,44.0
https://urayasu-portal.com/zh/travel-guide/hotels/ambassador-hotel/,047-305-1111,0,1,0.0%,5.0
https://urayasu-portal.com/zh/travel-guide/hotels/ambassador-hotel/,迪士尼 大使 大 飯店,0,1,0.0%,73.0
https://urayasu-portal.com/zh/travel-guide/hotels/bayhotel-urayasu/,bay hotel urayasu station,0,1,0.0%,67.0
https://urayasu-portal.com/zh/travel-guide/hotels/bayhotel-urayasu/,bay hotel 浦安 駅前,0,1,0.0%,77.0
https://urayasu-portal.com/zh/travel-guide/hotels/bayhotel-urayasu/,bay hotel 浦安駅前,0,1,0.0%,80.0
https://urayasu-portal.com/zh/travel-guide/hotels/bayhotel-urayasu/,ベイ ホテル 浦安,0,1,0.0%,81.0
https://urayasu-portal.com/zh/travel-guide/hotels/bayhotel-urayasu/,ベイホテル 浦安,0,1,0.0%,79.0
https://urayasu-portal.com/zh/travel-guide/hotels/bayhotel-urayasu/,ベイホテル浦安,0,1,0.0%,82.0
https://urayasu-portal.com/zh/travel-guide/hotels/brighton-tokyo-bay/,浦安布萊頓飯店,0,1,0.0%,57.0
https://urayasu-portal.com/zh/travel-guide/hotels/brighton-tokyo-bay/,浦安布萊頓飯店東京灣,0,1,0.0%,52.0
https://urayasu-portal.com/zh/travel-guide/hotels/brighton-tokyo-bay/,这是什么,0,1,0.0%,4.0
https://urayasu-portal.com/zh/travel-guide/hotels/budget/,浦安酒店,0,1,0.0%,32.0
https://urayasu-portal.com/zh/travel-guide/hotels/celebration-discover/,迪士尼happy entry,0,1,0.0%,16.0
https://urayasu-portal.com/zh/travel-guide/hotels/celebration-wish/,成田ic,0,1,0.0%,48.0
https://urayasu-portal.com/zh/travel-guide/hotels/celebration-wish/,这是什么,0,1,0.0%,5.0
https://urayasu-portal.com/zh/travel-guide/hotels/compare/,酒店比較,0,1,0.0%,17.0
https://urayasu-portal.com/zh/travel-guide/hotels/cvs-bay-hotel/,cvs bay hotel 新館,0,1,0.0%,41.0
https://urayasu-portal.com/zh/travel-guide/hotels/cvs-bay-hotel/,cvs･bay hotel,0,1,0.0%,69.0
https://urayasu-portal.com/zh/travel-guide/hotels/eurasia-annex/,舞濱歐亞annex,0,1,0.0%,79.0
https://urayasu-portal.com/zh/travel-guide/hotels/eurasia-annex/,舞濱歐亞annex飯店,0,1,0.0%,64.0
https://urayasu-portal.com/zh/travel-guide/hotels/fantasy-springs-hotel/,夢幻泉鄉飯店,0,1,0.0%,74.0
https://urayasu-portal.com/zh/travel-guide/hotels/grand-nikko-tokyo-bay/,这是什么,0,1,0.0%,6.0
https://urayasu-portal.com/zh/travel-guide/hotels/happy-entry/,東京迪士尼飯店提早入園,0,1,0.0%,45.0
https://urayasu-portal.com/zh/travel-guide/hotels/happy-entry/,迪士尼海洋提早入園,0,1,0.0%,7.0
https://urayasu-portal.com/zh/travel-guide/hotels/henna-hotel-maihama/,henn na hotel maihama,0,1,0.0%,53.0
https://urayasu-portal.com/zh/travel-guide/hotels/henna-hotel-maihama/,日本恐龍酒店,0,1,0.0%,25.0
https://urayasu-portal.com/zh/travel-guide/hotels/henna-hotel-maihama/,東京恐龍酒店,0,1,0.0%,27.0
https://urayasu-portal.com/zh/travel-guide/hotels/hoshinoresorts-1955-tokyo-bay/,宝宝飯店,0,1,0.0%,41.0
https://urayasu-portal.com/zh/travel-guide/hotels/hotel-lumiere-kasai/,西 葛西 lumiere 飯店,0,1,0.0%,57.0
https://urayasu-portal.com/zh/travel-guide/hotels/hotel-lumiere-kasai/,西葛西盧米埃爾飯店,0,1,0.0%,64.0
https://urayasu-portal.com/zh/travel-guide/hotels/hotel-okura-tokyo-bay/,东京湾大仓酒店,0,1,0.0%,28.0
https://urayasu-portal.com/zh/travel-guide/hotels/hotel-seaside-edogawa/,hotel seaside edogawa,0,1,0.0%,30.0
https://urayasu-portal.com/zh/travel-guide/hotels/hotel-seaside-edogawa/,江戶川飯店,0,1,0.0%,42.0
https://urayasu-portal.com/zh/travel-guide/hotels/hyatt-regency-tokyo-bay/,東京灣凱悅飯店,0,1,0.0%,59.0
https://urayasu-portal.com/zh/travel-guide/hotels/ibis-styles-tokyo-bay/,東京灣宜必思尚品飯店,0,1,0.0%,28.0
https://urayasu-portal.com/zh/travel-guide/hotels/kids/,實惠 (希爾頓中心店),0,1,0.0%,23.0
https://urayasu-portal.com/zh/travel-guide/hotels/maihama-eurasia/,舞濱歐亞annex,0,1,0.0%,63.0
https://urayasu-portal.com/zh/travel-guide/hotels/maihama-eurasia/,舞濱歐亞annex附近,0,1,0.0%,63.0
https://urayasu-portal.com/zh/travel-guide/hotels/maihama-eurasia/,舞濱歐亞annex飯店,0,1,0.0%,77.0
https://urayasu-portal.com/zh/travel-guide/hotels/maihama-eurasia/,舞濱歐亞溫泉飯店,0,1,0.0%,51.0
https://urayasu-portal.com/zh/travel-guide/hotels/maihama-hotel-first-resort/,東京灣舞濱酒店第一度假村,0,1,0.0%,40.0
https://urayasu-portal.com/zh/travel-guide/hotels/maihama-hotel-first-resort/,这是什么,0,1,0.0%,6.0
https://urayasu-portal.com/zh/travel-guide/hotels/miracosta/,东京迪士尼海洋附近酒店,0,1,0.0%,42.0
https://urayasu-portal.com/zh/travel-guide/hotels/mitsui-garden-prana/,東京 灣 普 拉 納 三井 花園 酒店,0,1,0.0%,38.0
https://urayasu-portal.com/zh/travel-guide/hotels/mystays-shin-urayasu/,mystays 新浦安,0,1,0.0%,27.0
https://urayasu-portal.com/zh/travel-guide/hotels/oriental-tokyo-bay/,東京灣東方飯店,0,1,0.0%,66.0
https://urayasu-portal.com/zh/travel-guide/hotels/royal-park-maihama/,the royal park hotel maihama resort tokyo-bay,0,1,0.0%,9.0
https://urayasu-portal.com/zh/travel-guide/hotels/royal-park-maihama/,舞濱皇家花園酒店,0,1,0.0%,50.0
https://urayasu-portal.com/zh/travel-guide/hotels/sheraton-grande-tokyo-bay/,东京湾喜来登,0,1,0.0%,16.0
https://urayasu-portal.com/zh/travel-guide/hotels/sheraton-grande-tokyo-bay/,东京湾喜来登大酒店,0,1,0.0%,18.0
https://urayasu-portal.com/zh/travel-guide/hotels/sheraton-grande-tokyo-bay/,这是什么,0,1,0.0%,4.0
https://urayasu-portal.com/zh/travel-guide/hotels/types/,迪士尼合作夥伴酒店,0,1,0.0%,68.0
https://urayasu-portal.com/zh/travel-guide/kasai-rinkai-park/,葛西 临海 公园,0,1,0.0%,64.0
https://urayasu-portal.com/zh/travel-guide/tokyo-sightseeing-access/,新浦安去淺草,0,1,0.0%,99.0
https://urayasu-portal.com/zh/travel-guide/urayasu-maihama-shinurayasu-tourism/,urayasu 中文,0,1,0.0%,10.0
https://urayasu-portal.com/zh/travel-guide/urayasu-maihama-shinurayasu-tourism/,新浦安,0,1,0.0%,70.0
https://urayasu-portal.com/zh/travel-guide/urayasu-maihama-shinurayasu-tourism/,新浦安景點,0,1,0.0%,14.0
https://urayasu-portal.com/zh/travel-guide/urayasu-maihama-shinurayasu-tourism/,昭和巴士官網,0,1,0.0%,64.0