Query,Country,Device,Clicks,Impressions,CTR,Position
浦安 盆踊り 2026,jpn,MOBILE,445,"3,812",11.7%,2.8
浦安盆踊り2026,jpn,MOBILE,165,"1,899",8.7%,2.8
浦安市 盆踊り 2026,jpn,MOBILE,137,"1,251",11.0%,2.8
浦安 祭り 2026,jpn,MOBILE,118,564,20.9%,3.0
浦安 お祭り 2026,jpn,MOBILE,108,489,22.1%,3.6
浦安 夏祭り 2026,jpn,MOBILE,94,593,15.9%,2.7
浦安市盆踊り2026,jpn,MOBILE,76,865,8.8%,2.7
浦安市花火大会 2026,jpn,MOBILE,73,"3,617",2.0%,6.5
浦安花火大会 2026,jpn,MOBILE,63,"5,366",1.2%,7.7
浦安祭り2026,jpn,MOBILE,61,311,19.6%,2.9
浦安 花火大会 2026,jpn,MOBILE,60,"2,980",2.0%,7.3
猫五祭,jpn,MOBILE,50,151,33.1%,3.2
浦安市 祭り 2026,jpn,MOBILE,33,162,20.4%,3.9
浦安市 花火大会 2026,jpn,MOBILE,31,"1,183",2.6%,6.5
浦安お祭り 2026,jpn,MOBILE,29,170,17.1%,3.3
サンコーポ 浦安 夏 祭り 2026,jpn,MOBILE,24,142,16.9%,3.5
全日本idバレーボール選手権大会,jpn,MOBILE,24,124,19.4%,4.5
マルエツ 行徳 店 閉店,jpn,MOBILE,22,279,7.9%,7.1
浦安 祭り,jpn,MOBILE,22,147,15.0%,3.1
浦安 開店閉店,jpn,MOBILE,22,103,21.4%,3.2
妙典 盆踊り,jpn,MOBILE,22,44,50.0%,1.6
田所商店 浦安,jpn,MOBILE,21,200,10.5%,5.9
浦安 盆踊り 2026,jpn,DESKTOP,19,146,13.0%,2.6
猫五祭り,jpn,MOBILE,19,64,29.7%,3.3
浦安市 お祭り 2026,jpn,MOBILE,18,91,19.8%,3.0
浦安 閉店,jpn,MOBILE,17,59,28.8%,3.5
浦安 夏祭り,jpn,MOBILE,16,185,8.6%,3.2
新浦安 お祭り 2026,jpn,MOBILE,16,92,17.4%,4.9
和麺 善,jpn,MOBILE,15,380,3.9%,8.4
浦安盆踊り 2026,jpn,MOBILE,15,158,9.5%,2.9
浦安市 夏祭り,jpn,MOBILE,15,68,22.1%,3.4
ダイソー 行徳,jpn,MOBILE,11,239,4.6%,8.4
行徳マルエツ閉店,jpn,MOBILE,11,141,7.8%,6.6
浦安市 夏祭り 2026,jpn,MOBILE,11,66,16.7%,2.8
行徳 マルエツ 閉店,jpn,MOBILE,10,228,4.4%,7.3
浦安 お祭り,jpn,MOBILE,10,72,13.9%,2.8
浦安市 キャッシュレス キャンペーン,jpn,MOBILE,10,23,43.5%,1.9
町の中華かすみ,jpn,MOBILE,9,43,20.9%,5.8
サンコーポ浦安 夏祭り 2026,jpn,MOBILE,9,21,42.9%,2.9
浦安 自治会祭り,jpn,MOBILE,9,15,60.0%,1.8
春日神社 市川 お祭り,jpn,MOBILE,9,14,64.3%,2.0
マルエツ 行徳 閉店,jpn,MOBILE,8,177,4.5%,7.4
浦安市祭り 2026,jpn,MOBILE,8,53,15.1%,3.5
猫実5丁目 祭り,jpn,MOBILE,8,34,23.5%,2.9
妙典 春日神社 お祭り,jpn,MOBILE,8,13,61.5%,2.0
鮨山口 行徳,jpn,MOBILE,7,95,7.4%,5.2
浦安 夏 祭り 2026,jpn,MOBILE,7,90,7.8%,2.7
鮨やまぐち 行徳,jpn,MOBILE,7,76,9.2%,6.0
妙典 祭り 2026,jpn,MOBILE,7,16,43.8%,3.3
行徳 ダイソー,jpn,MOBILE,6,355,1.7%,8.4
新浦安 麻辣湯,jpn,MOBILE,6,226,2.7%,10.0
浦安小学校盆踊り 2026,jpn,MOBILE,6,150,4.0%,6.1
マルエツ行徳店 閉店,jpn,MOBILE,6,134,4.5%,7.3
マルエツ行徳店閉店,jpn,MOBILE,6,96,6.3%,6.9
浦安 盆踊り,jpn,MOBILE,6,64,9.4%,11.8
夏祭り 浦安,jpn,MOBILE,6,40,15.0%,4.8
イクスピアリ ゴンチャ,jpn,MOBILE,5,980,0.5%,8.2
ニューコースト 麻辣湯,jpn,MOBILE,5,301,1.7%,9.0
ニューコースト新浦安 麻辣湯,jpn,MOBILE,5,258,1.9%,8.7
イクスピアリ ガチャガチャ,jpn,MOBILE,5,202,2.5%,10.7
観戦 場所 栃木sc 対 ブリオベッカ浦安・市川,jpn,MOBILE,5,161,3.1%,8.6
ダイソー 行徳駅前,jpn,MOBILE,5,121,4.1%,4.7
新浦安駅前まつり,jpn,MOBILE,5,78,6.4%,5.9
浦安 墓地公園無料 バス,jpn,MOBILE,5,75,6.7%,4.7
浦安夏祭り2026,jpn,MOBILE,5,63,7.9%,2.9
浦安祭り 2026,jpn,MOBILE,5,63,7.9%,2.7
イクスピアリ シープラ オープン,jpn,MOBILE,5,62,8.1%,5.6
浦安夏祭り,jpn,MOBILE,5,51,9.8%,3.3
浦安市盆踊り 2026,jpn,MOBILE,5,49,10.2%,3.0
浦安市 盆踊り 2026,jpn,DESKTOP,5,47,10.6%,2.7
マルエツ 行徳店 閉店,jpn,MOBILE,5,37,13.5%,6.5
アイシティ 妙典,jpn,MOBILE,5,25,20.0%,5.0
浦安市 自治会 イベント,jpn,MOBILE,5,11,45.5%,4.4
浦安花火大会 2026,jpn,DESKTOP,4,215,1.9%,7.4
浦安市花火大会 2026,jpn,DESKTOP,4,207,1.9%,6.4
マルエツ 閉店予定,jpn,MOBILE,4,203,2.0%,8.1
浦安市花火大会2026,jpn,MOBILE,4,171,2.3%,6.2
浦安 花火大会 2026,jpn,DESKTOP,4,151,2.6%,7.4
ニューコースト マーラータン,jpn,MOBILE,4,94,4.3%,7.2
町の中華 かすみ,jpn,DESKTOP,4,48,8.3%,4.9
浦安 田所 商店,jpn,MOBILE,4,45,8.9%,6.0
浦安マラソン 2027,jpn,MOBILE,4,43,9.3%,3.4
行徳 鮨やまぐち,jpn,MOBILE,4,39,10.3%,7.1
しんうらよりみちマルシェ,jpn,MOBILE,4,21,19.0%,4.2
全日本idバレーボール選手権大会,jpn,DESKTOP,4,13,30.8%,5.1
浦安 夏祭り 2026,jpn,TABLET,4,6,66.7%,3.0
舞浜 ゴンチャ,jpn,MOBILE,3,196,1.5%,7.5
新浦安 花火大会 2026,jpn,MOBILE,3,177,1.7%,6.9
田所商店 新浦安,jpn,MOBILE,3,87,3.4%,6.9
クラブシープラ イクスピアリ,jpn,MOBILE,3,77,3.9%,9.2
浦安 マラソン 2027,jpn,MOBILE,3,65,4.6%,3.7
和麺 善,jpn,DESKTOP,3,56,5.4%,7.4
鮨やまぐち,jpn,MOBILE,3,54,5.6%,7.2
浦安市 お祭り,jpn,MOBILE,3,53,5.7%,5.4
イクスピアリ 期間限定出店,jpn,MOBILE,3,47,6.4%,8.1
町の中華 かすみ,jpn,MOBILE,3,43,7.0%,6.3
二尺五寸浦安,jpn,MOBILE,3,38,7.9%,8.6
マルエツ 行徳 店 跡地 何 が できる,jpn,MOBILE,3,36,8.3%,9.9
浦安市 手持ち花火,jpn,MOBILE,3,36,8.3%,5.6
浦安盆踊り2026,jpn,DESKTOP,3,35,8.6%,2.4
浦安 盆踊り 2026,jpn,TABLET,3,31,9.7%,3.0
浦安市夏祭り,jpn,MOBILE,3,28,10.7%,3.1
レボイスト 浦安,jpn,MOBILE,3,24,12.5%,8.0
新浦安 夏祭り,jpn,MOBILE,3,24,12.5%,4.5
浦安市 盆踊り,jpn,MOBILE,3,23,13.0%,12.3
浦安 夏祭り,jpn,DESKTOP,3,18,16.7%,3.2
猫五祭,jpn,DESKTOP,3,18,16.7%,3.4
行徳 マルエツ 跡地,jpn,DESKTOP,3,18,16.7%,8.4
浦安 祭り 2026,jpn,DESKTOP,3,17,17.6%,3.8
シェラトン グランカフェ,jpn,DESKTOP,3,15,20.0%,13.7
浦安市お祭り2026,jpn,MOBILE,3,14,21.4%,3.1
祭り 浦安,jpn,MOBILE,3,14,21.4%,2.6
マルエツ行徳店閉店,jpn,DESKTOP,3,11,27.3%,6.6
浦安市 盆踊り 2026,jpn,TABLET,3,10,30.0%,2.6
浦安市 夏祭り,jpn,DESKTOP,3,7,42.9%,3.4
浦安 閉店,jpn,DESKTOP,3,6,50.0%,2.3
堀江 祭り 2026,jpn,MOBILE,3,5,60.0%,3.0
浦安d-rocks,jpn,MOBILE,3,5,60.0%,1.0
浦安 堀江 お祭り,jpn,MOBILE,3,4,75.0%,2.0
浦安ブライトンホテル東京ベイ 荷物預かり,jpn,MOBILE,3,4,75.0%,3.5
浦安盆踊り 2026,jpn,DESKTOP,3,3,100.0%,2.0
ゴンチャ イクスピアリ,jpn,MOBILE,2,635,0.3%,8.3
ゴンチャ 舞浜,jpn,MOBILE,2,162,1.2%,7.4
ダイソー行徳駅前店,jpn,MOBILE,2,105,1.9%,6.6
ダイソー 行徳駅,jpn,MOBILE,2,98,2.0%,7.1
イクスピアリ ゴンチャ 休業,jpn,MOBILE,2,89,2.2%,6.3
sugary イクスピアリ,jpn,MOBILE,2,87,2.3%,11.0
浦安市 花火大会 2026,jpn,DESKTOP,2,87,2.3%,6.8
市川妙典おがわ泌尿器科・内科,jpn,MOBILE,2,81,2.5%,7.8
行徳 マルエツ 跡地,jpn,MOBILE,2,73,2.7%,7.6
麻辣湯天宝 新浦安店 浦安市 レビュー,jpn,MOBILE,2,69,2.9%,9.7
ニューコースト新浦安 マーラータン,jpn,MOBILE,2,66,3.0%,6.1
浦安小学校 盆踊り 2026,jpn,MOBILE,2,64,3.1%,5.5
浦安市 古着 回収 日,jpn,MOBILE,2,43,4.7%,8.2
浦安祭り,jpn,MOBILE,2,42,4.8%,3.4
焼鳥 蕎麦 二尺五寸,jpn,MOBILE,2,42,4.8%,8.5
ダイソーマルエツ行徳店,jpn,MOBILE,2,41,4.9%,8.3
イクスピアリ 期間限定 出店,jpn,MOBILE,2,39,5.1%,8.0
浦安花火大会 2026,jpn,TABLET,2,38,5.3%,7.2
行徳 マルエツ 閉店,jpn,DESKTOP,2,35,5.7%,7.3
マルエツ行徳店 閉店,jpn,DESKTOP,2,33,6.1%,7.6
浦安 手持ち花火,jpn,MOBILE,2,33,6.1%,5.5
行徳 ダイソー,jpn,DESKTOP,2,30,6.7%,8.7
鮨やまぐち 行徳,jpn,DESKTOP,2,28,7.1%,4.7
行徳マルエツ 閉店,jpn,MOBILE,2,27,7.4%,7.2
ニューコースト トミカ,jpn,MOBILE,2,25,8.0%,3.8
浦安市,jpn,MOBILE,2,23,8.7%,8.3
猫実 祭り,jpn,MOBILE,2,23,8.7%,5.5
浦安,jpn,MOBILE,2,21,9.5%,23.6
vegego メニュー イクスピアリ,jpn,MOBILE,2,20,10.0%,10.2
浦安 夏祭り 2026,jpn,DESKTOP,2,20,10.0%,3.2
鮨やまぐち,jpn,DESKTOP,2,19,10.5%,6.6
マルエツ 閉店 予定,jpn,MOBILE,2,17,11.8%,12.9
浦安市 祭り,jpn,MOBILE,2,17,11.8%,4.2
浦安市盆踊り2026,jpn,DESKTOP,2,17,11.8%,2.6
マジックインモーション,jpn,MOBILE,2,16,12.5%,2.8
二尺五寸 浦安,jpn,DESKTOP,2,15,13.3%,6.4
浦安お祭り,jpn,MOBILE,2,14,14.3%,3.9
田所商店 浦安,jpn,DESKTOP,2,14,14.3%,4.7
浦安 死亡事故,jpn,MOBILE,2,11,18.2%,7.8
浦安 祭り 今日,jpn,MOBILE,2,11,18.2%,1.3
妙典 アイシティ,jpn,MOBILE,2,10,20.0%,4.1
弁天ふれあいの森公園 ザリガニ,jpn,MOBILE,2,10,20.0%,3.8
浦安 開店 閉店,jpn,MOBILE,2,10,20.0%,4.7
浦安祭り2026,jpn,DESKTOP,2,10,20.0%,3.1
行徳 マルエツ 閉店,jpn,TABLET,2,10,20.0%,4.5
市川妙典おがわ泌尿器科・内科 市川市 レビュー,jpn,MOBILE,2,9,22.2%,6.7
浦安交通公園,hkg,DESKTOP,2,9,22.2%,3.2
アロハ シェラトン 2026,jpn,MOBILE,2,8,25.0%,5.0
浦安市 イベントカレンダー,jpn,DESKTOP,2,8,25.0%,9.0
妙典 夏祭り 2026,jpn,MOBILE,2,7,28.6%,3.3
ニューコースト てぃ先生,jpn,MOBILE,2,6,33.3%,1.3
浦安市 死亡事故,jpn,MOBILE,2,6,33.3%,9.8
浦安市盆踊り2026,jpn,TABLET,2,6,33.3%,2.2
浦安駅前こども・青少年プラザ,jpn,MOBILE,2,5,40.0%,11.0
アイシティ 妙典,jpn,DESKTOP,2,4,50.0%,6.8
マルエツ 行徳店,jpn,MOBILE,2,4,50.0%,24.0
妙典 アイシティ,jpn,DESKTOP,2,4,50.0%,4.0
浦安 お弁当 テイクアウト,jpn,MOBILE,2,4,50.0%,1.0
浦安 オープン,jpn,DESKTOP,2,4,50.0%,12.8
浦安 田所 商店,jpn,DESKTOP,2,3,66.7%,3.7
舞濱站 美食,twn,MOBILE,2,3,66.7%,11.7
イクスピアリゴンチャ,jpn,MOBILE,1,239,0.4%,7.8
クラブシープラ,jpn,MOBILE,1,230,0.4%,7.6
二尺五寸 浦安,jpn,MOBILE,1,140,0.7%,8.4
浦安鉄鋼団地就職説明会,jpn,MOBILE,1,138,0.7%,5.4
イクスピアリ ごんちゃ,jpn,MOBILE,1,126,0.8%,8.2
ハイアットリージェンシー東京ベイ ムーミン,jpn,MOBILE,1,95,1.1%,10.0
シープライクスピアリ,jpn,MOBILE,1,74,1.4%,10.9
市川妙典おがわ泌尿器科・内科,jpn,DESKTOP,1,74,1.4%,5.2
浦安盆踊り,jpn,MOBILE,1,67,1.5%,11.5
イクスピアリ ガチャガチャ 新しい,jpn,MOBILE,1,65,1.5%,7.9
浦安 墓地公園 バス 時刻表,jpn,MOBILE,1,64,1.6%,8.5
栃木sc 対 浦安,jpn,MOBILE,1,58,1.7%,10.5
新浦安 サイゼリヤ 営業 時間,jpn,MOBILE,1,57,1.8%,10.4
二尺五寸,jpn,MOBILE,1,52,1.9%,9.7
ニューコースト新浦安 イベント,jpn,MOBILE,1,51,2.0%,6.4
行徳駅 ダイソー,jpn,MOBILE,1,51,2.0%,9.5
浦安花火大会2026,jpn,MOBILE,1,50,2.0%,8.0
ハイアットリージェンシー ムーミン,jpn,MOBILE,1,42,2.4%,10.4
ふるさと浦安研究,jpn,MOBILE,1,38,2.6%,5.3
ダイソー マルエツ行徳店,jpn,MOBILE,1,38,2.6%,8.1
新浦安 祭り,jpn,MOBILE,1,38,2.6%,8.0
浦安 開店閉店,jpn,DESKTOP,1,37,2.7%,4.1
アトレ新浦安 閉店,jpn,MOBILE,1,34,2.9%,5.3
やきとり にしだ場 南行徳店 市川市 メニュー,jpn,MOBILE,1,32,3.1%,6.3
マルエツ行徳 閉店,jpn,MOBILE,1,32,3.1%,7.5
浦安 開店,jpn,MOBILE,1,32,3.1%,7.8
舞浜 アサイーボウル,jpn,MOBILE,1,32,3.1%,10.2
舞浜 雨,jpn,MOBILE,1,31,3.2%,9.9
イクスピアリ ガチャ,jpn,MOBILE,1,29,3.4%,11.8
新浦安祭り,jpn,MOBILE,1,28,3.6%,7.6
舞浜 宿泊税,jpn,DESKTOP,1,28,3.6%,5.8
行徳 マルエツ 閉店 跡地,jpn,MOBILE,1,28,3.6%,8.2
浦安 墓地公園 無料 バス,jpn,MOBILE,1,27,3.7%,4.5
浦安 花火 2026,jpn,MOBILE,1,25,4.0%,7.6
妙典 お祭り 2026,jpn,MOBILE,1,24,4.2%,3.0
小川泌尿器科 妙典,jpn,MOBILE,1,24,4.2%,9.0
麻辣湯 新浦安,jpn,MOBILE,1,22,4.5%,10.3
sugary イクスピアリ店,jpn,DESKTOP,1,19,5.3%,9.6
ふるさと浦安作品展 テーマ,jpn,MOBILE,1,19,5.3%,6.8
浦安市 古着回収 公民館,jpn,MOBILE,1,19,5.3%,5.9
イクスピアリ ゴンチャ,jpn,DESKTOP,1,18,5.6%,7.0
浦安 駅 バス 乗り場 e,jpn,MOBILE,1,18,5.6%,6.0
イオン妙典 小児科,jpn,MOBILE,1,17,5.9%,9.4
マルエツ行徳店 ダイソー,jpn,MOBILE,1,16,6.3%,8.4
焼鳥蕎麦 二尺五寸,jpn,MOBILE,1,16,6.3%,8.0
おそうざいボビ,jpn,MOBILE,1,15,6.7%,5.5
イクスピアリ vegego メニュー,jpn,MOBILE,1,15,6.7%,10.0
ピアリ ゴンチャ,jpn,MOBILE,1,15,6.7%,9.6
浦安 墓地 公園 無料 バス,jpn,MOBILE,1,15,6.7%,4.4
シェラトン・グランデ・トーキョーベイ・ホテル,jpn,DESKTOP,1,14,7.1%,45.8
トルコ料理 saray 行徳店,jpn,MOBILE,1,14,7.1%,8.8
舞浜駅からホテルに荷物を送る,jpn,MOBILE,1,14,7.1%,7.1
イクスピアリ シープラ,jpn,MOBILE,1,13,7.7%,11.3
ダイソー行徳店,jpn,MOBILE,1,13,7.7%,9.0
弁天ふれあいの森公園>イベント,jpn,MOBILE,1,13,7.7%,5.7
新浦安駅前まつり,jpn,DESKTOP,1,13,7.7%,6.0
麻辣湯天宝 新浦安店 浦安市 メニュー,jpn,MOBILE,1,13,7.7%,11.1
ダイソーマルエツ行徳店,jpn,DESKTOP,1,12,8.3%,5.9
新浦安 手持ち花火,jpn,MOBILE,1,12,8.3%,5.9
ゴンチャイクスピアリ店,jpn,MOBILE,1,11,9.1%,9.2
バンビドロップス,jpn,MOBILE,1,11,9.1%,11.6
ホテル エミオン 東京ベイ 荷物 預かり チェックイン前,jpn,MOBILE,1,11,9.1%,10.3
マルエツ 閉店予定,jpn,DESKTOP,1,11,9.1%,7.5
新浦安まつり,jpn,MOBILE,1,11,9.1%,8.5
浦安 オープン,jpn,MOBILE,1,11,9.1%,19.4
浦安 冠水,jpn,MOBILE,1,11,9.1%,15.4
浦安市花火大会 2026 申し込み,jpn,MOBILE,1,11,9.1%,8.9
浦安駅 バス乗り場 e,jpn,MOBILE,1,11,9.1%,6.5
マルエツ 行徳店 閉店,jpn,DESKTOP,1,10,10.0%,8.0
新浦安 南口,jpn,MOBILE,1,10,10.0%,7.3
浦安 マラソン 2027,jpn,DESKTOP,1,10,10.0%,5.4
浦安市祭り,jpn,MOBILE,1,10,10.0%,4.2
行徳 マルエツ 閉店 跡地,jpn,DESKTOP,1,10,10.0%,6.0
grand monday resort 東京ベイ舞浜 レビュー,jpn,MOBILE,1,9,11.1%,22.8
idバレーボール大会2026,jpn,MOBILE,1,9,11.1%,2.9
ガチャガチャ イクスピアリ,jpn,MOBILE,1,9,11.1%,11.2
ディズニー 値上げ dpa,jpn,MOBILE,1,9,11.1%,10.0
新浦安駅 期間限定ショップ スイーツ,jpn,MOBILE,1,9,11.1%,10.4
キャップスクリニック市川妙典,jpn,DESKTOP,1,8,12.5%,5.0
善 ラーメン,jpn,MOBILE,1,8,12.5%,5.3
新浦安カーブス,jpn,MOBILE,1,8,12.5%,8.3
浦安 盆踊り,jpn,DESKTOP,1,8,12.5%,9.3
浦安市 宿泊税 いつから,jpn,DESKTOP,1,8,12.5%,2.8
浦安盆踊り大会,jpn,MOBILE,1,8,12.5%,14.0
鉄鋼通り2-1-9,jpn,MOBILE,1,8,12.5%,5.8
イクスピアリ 靴下 屋 閉店,jpn,MOBILE,1,7,14.3%,8.0
浦安 新規オープン,jpn,MOBILE,1,7,14.3%,13.4
浦安市 祭り 2026,jpn,DESKTOP,1,7,14.3%,3.6
舞濱歐亞annex,twn,MOBILE,1,7,14.3%,18.6
lawson,jpn,MOBILE,1,6,16.7%,1.3
マルエツ行徳 閉店,jpn,DESKTOP,1,6,16.7%,7.5
未来へつなぐ「日本の四季」と童謡コンサート 千葉公演,jpn,MOBILE,1,6,16.7%,6.5
東海大浦安 ラグビー,jpn,DESKTOP,1,6,16.7%,10.0
浦安市 宿泊税 いつから,jpn,MOBILE,1,6,16.7%,1.5
町の中華かすみ,jpn,DESKTOP,1,6,16.7%,4.8
舞浜駅 ミラコスタ 荷物,jpn,MOBILE,1,6,16.7%,9.5
麻辣湯 浦安,jpn,MOBILE,1,6,16.7%,12.7
グランドニッコー 夏祭り,jpn,MOBILE,1,5,20.0%,12.0
ゴンチャ イクスピアリ,jpn,DESKTOP,1,5,20.0%,4.6
ハイアットリージェンシー東京ベイ ムーミン,jpn,DESKTOP,1,5,20.0%,8.6
京葉ガス クラシモスタジアム浦安,jpn,MOBILE,1,5,20.0%,11.8
新浦安 オープン予定,jpn,MOBILE,1,5,20.0%,5.2
新浦安站美食,twn,MOBILE,1,5,20.0%,18.6
浦安 祭り 2026 7 月,jpn,MOBILE,1,5,20.0%,5.0
浦安市 イベント,jpn,MOBILE,1,5,20.0%,23.0
浦安市交通公園,twn,MOBILE,1,5,20.0%,3.4
田所商店 新浦安,jpn,DESKTOP,1,5,20.0%,5.2
行徳マルエツ閉店,jpn,TABLET,1,5,20.0%,4.8
the royal park hotel maihama resort tokyo bay shuttle bus,aus,DESKTOP,1,4,25.0%,8.3
ニューコースト 縁日,jpn,MOBILE,1,4,25.0%,5.0
マルエツ行徳店,jpn,MOBILE,1,4,25.0%,27.3
リメンバーミー 再上映 2026,jpn,MOBILE,1,4,25.0%,5.8
ワイズマート 弁天,jpn,MOBILE,1,4,25.0%,12.3
和麺 善 浦安市 レビュー,jpn,MOBILE,1,4,25.0%,14.8
堀江祭り2026,jpn,MOBILE,1,4,25.0%,3.3
浦安 水遊び,jpn,MOBILE,1,4,25.0%,18.0
おがわ泌尿器科 妙典,jpn,DESKTOP,1,3,33.3%,4.7
ガチャガチャ 浦安,jpn,MOBILE,1,3,33.3%,1.0
ニューコースト新浦安 マーラータン,jpn,DESKTOP,1,3,33.3%,5.0
宿泊税,jpn,MOBILE,1,3,33.3%,4.3
新浦安 ファミマ,jpn,MOBILE,1,3,33.3%,11.7
浦安 トラック事故,jpn,MOBILE,1,3,33.3%,6.7
浦安市 お祭り,jpn,DESKTOP,1,3,33.3%,3.3
行徳 マルエツ 閉店 跡地,jpn,TABLET,1,3,33.3%,5.0
comfort suites tokyo bay shuttle bus,chn,MOBILE,1,2,50.0%,2.0
maihama view hotel by hulic shuttle bus,can,MOBILE,1,2,50.0%,4.5
the royal park hotel maihama resort tokyo bay shuttle bus,can,MOBILE,1,2,50.0%,4.5
tokyo disneyland happy entry,jpn,MOBILE,1,2,50.0%,10.0
バンビドロップス,jpn,DESKTOP,1,2,50.0%,10.5
千葉県 キャッシュレス キャンペーン ディズニー,jpn,MOBILE,1,2,50.0%,12.0
夢幻泉鄉豪華館,twn,DESKTOP,1,2,50.0%,29.5
浦安 こどもまつり,jpn,MOBILE,1,2,50.0%,5.0
浦安 オープン予定,jpn,DESKTOP,1,2,50.0%,18.0
浦安 新店舗,jpn,DESKTOP,1,2,50.0%,12.5
浦安 花火大会 2026 申し込み,jpn,MOBILE,1,2,50.0%,16.5
浦安 開店,jpn,TABLET,1,2,50.0%,7.0
浦安お祭り,jpn,DESKTOP,1,2,50.0%,3.5
浦安市 自治会 イベント,jpn,DESKTOP,1,2,50.0%,2.0
浦安市地域振興券,jpn,MOBILE,1,2,50.0%,8.5
浦安市盆踊り 2026,jpn,DESKTOP,1,2,50.0%,3.5
猫五祭,jpn,TABLET,1,2,50.0%,4.0
舞浜 着替えスペース,jpn,MOBILE,1,2,50.0%,7.0
防災行政無線 更新,jpn,DESKTOP,1,2,50.0%,4.0
8:30,jpn,MOBILE,1,1,100.0%,9.0
c-pla 店舗,jpn,MOBILE,1,1,100.0%,1.0
comfort suites tokyo bay shuttle bus,aus,DESKTOP,1,1,100.0%,4.0
comfort suites tokyo bay shuttle bus,can,MOBILE,1,1,100.0%,5.0
comfort suites tokyo bay shuttle bus timetable,hkg,DESKTOP,1,1,100.0%,5.0
ikspiari 美食,twn,DESKTOP,1,1,100.0%,3.0
お弁当屋さん,jpn,MOBILE,1,1,100.0%,1.0
アロハシェラトン,jpn,MOBILE,1,1,100.0%,8.0
イクスピアリ ガチャガチャ の 森,jpn,MOBILE,1,1,100.0%,16.0
イクスピアリ 新店,jpn,MOBILE,1,1,100.0%,1.0
イクスピアリもんじゃ,jpn,MOBILE,1,1,100.0%,22.0
ガチャガチャ 400m 以内,jpn,MOBILE,1,1,100.0%,1.0
キッズシネマ 千葉,jpn,MOBILE,1,1,100.0%,17.0
クイーンズ伊勢丹 新浦安,jpn,DESKTOP,1,1,100.0%,6.0
ゴンチャ 舞浜,jpn,TABLET,1,1,100.0%,8.0
チェックイン前に荷物を預けたい,jpn,MOBILE,1,1,100.0%,5.0
ファミマ 浦安,jpn,DESKTOP,1,1,100.0%,1.0
マルエツ行徳駅前店,jpn,DESKTOP,1,1,100.0%,3.0
千葉県 宿泊税,jpn,MOBILE,1,1,100.0%,8.0
夏休み 公民館,jpn,MOBILE,1,1,100.0%,3.0
妙典 夏祭り 2026,jpn,DESKTOP,1,1,100.0%,2.0
妙典 泌尿器科,jpn,MOBILE,1,1,100.0%,1.0
弁天ふれあいの森公園 ザリガニ,jpn,TABLET,1,1,100.0%,4.0
新浦安 ポップアップストア,jpn,MOBILE,1,1,100.0%,7.0
新浦安 再開発,jpn,TABLET,1,1,100.0%,1.0
新浦安 冠水,jpn,TABLET,1,1,100.0%,10.0
新浦安 麻辣湯,jpn,TABLET,1,1,100.0%,8.0
明日の混雑状況は,jpn,MOBILE,1,1,100.0%,6.0
有大浴場嗎,twn,DESKTOP,1,1,100.0%,5.0
東京灣喜來登接駁車時刻表,jpn,MOBILE,1,1,100.0%,20.0
東京灣喜來登迪士尼接駁車,jpn,MOBILE,1,1,100.0%,11.0
東京迪士尼 下雨,jpn,MOBILE,1,1,100.0%,8.0
東京迪士尼happy entry,twn,MOBILE,1,1,100.0%,9.0
東京迪士尼夢幻泉鄉飯店,hkg,MOBILE,1,1,100.0%,61.0
東学寺 浦安,jpn,MOBILE,1,1,100.0%,12.0
浦安 お祭り 2026,hkg,MOBILE,1,1,100.0%,4.0
浦安 お祭り 8月,jpn,MOBILE,1,1,100.0%,1.0
浦安 オープン予定,kor,MOBILE,1,1,100.0%,6.0
浦安 公園 水遊び,jpn,MOBILE,1,1,100.0%,3.0
浦安 美富 閉店,jpn,TABLET,1,1,100.0%,13.0
浦安 花火 できる場所,jpn,MOBILE,1,1,100.0%,5.0
浦安市 イベント 今日,jpn,MOBILE,1,1,100.0%,1.0
浦安市 冠水,jpn,DESKTOP,1,1,100.0%,13.0
浦安市です,jpn,MOBILE,1,1,100.0%,6.0
浦安市運動公園 イベント,jpn,DESKTOP,1,1,100.0%,11.0
猫実5丁目 祭り,jpn,TABLET,1,1,100.0%,3.0
舞濱皇家花園酒店,twn,DESKTOP,1,1,100.0%,34.0
近くの夏祭り 2026,jpn,MOBILE,1,1,100.0%,1.0
還有沒有其他,hkg,DESKTOP,1,1,100.0%,3.0
閉院,jpn,MOBILE,1,1,100.0%,11.0
麺屋 善,jpn,MOBILE,1,1,100.0%,4.0
가사이 임해공원,kor,DESKTOP,1,1,100.0%,2.0
イクスピアリ ダイソー 閉店,jpn,MOBILE,0,153,0.0%,9.5
舞濱去東京鐵塔,hkg,MOBILE,0,144,0.0%,13.7
ニューコースト麻辣湯,jpn,MOBILE,0,127,0.0%,9.4
우라야스 호텔,kor,MOBILE,0,109,0.0%,33.9
和麺善,jpn,MOBILE,0,107,0.0%,8.9
hotels in urayasu,usa,MOBILE,0,106,0.0%,30.7
行徳ダイソー,jpn,MOBILE,0,98,0.0%,9.0
ゴンチャイクスピアリ,jpn,MOBILE,0,93,0.0%,8.5
行徳 ダイソー 営業時間,jpn,MOBILE,0,88,0.0%,7.8
tokyo station to urayasu station,jpn,MOBILE,0,85,0.0%,25.5
리조트 파크 도모야마,jpn,MOBILE,0,74,0.0%,35.3
urayasu hotels with shuttle,zaf,MOBILE,0,73,0.0%,8.3
カーブス 新浦安,jpn,MOBILE,0,73,0.0%,9.0
舞浜ゴンチャ,jpn,MOBILE,0,73,0.0%,7.2
tokyo to urayasu,jpn,MOBILE,0,72,0.0%,34.8
urayasu hotels with shuttle,zaf,DESKTOP,0,71,0.0%,8.3
hotels in urayasu,aus,MOBILE,0,69,0.0%,32.7
tokyo station to urayasu station,jpn,DESKTOP,0,67,0.0%,22.6
舞濱去淺草,hkg,MOBILE,0,67,0.0%,23.3
ニューコースト新浦安麻辣湯,jpn,MOBILE,0,65,0.0%,9.3
浦安での移動,jpn,DESKTOP,0,63,0.0%,20.4
にしだ場 南行徳,jpn,MOBILE,0,62,0.0%,9.0
イクスピアリ クラブシープラ,jpn,MOBILE,0,61,0.0%,9.5
新浦安美食,twn,MOBILE,0,61,0.0%,22.7
友来 浦安店,jpn,DESKTOP,0,60,0.0%,37.9
舞浜駅 荷物預かり,jpn,MOBILE,0,60,0.0%,10.5
힐튼 도쿄베이,kor,MOBILE,0,60,0.0%,35.1
ディズニー dpa 値上げ,jpn,MOBILE,0,59,0.0%,10.5
토이 스토리 호텔,kor,MOBILE,0,59,0.0%,33.8
tokyo to urayasu,jpn,DESKTOP,0,58,0.0%,32.4
浦安での移動,jpn,MOBILE,0,56,0.0%,21.7
오리엔탈 호텔 도쿄 베이,kor,MOBILE,0,56,0.0%,36.9
ダイソー行徳,jpn,MOBILE,0,54,0.0%,8.5
新浦安美食,hkg,MOBILE,0,54,0.0%,21.6
焼鳥 大好き 浦安駅前本店,jpn,DESKTOP,0,54,0.0%,47.2
猫実東自治会まつり,jpn,MOBILE,0,54,0.0%,8.1
힐튼 도쿄베이 고객의소리,kor,MOBILE,0,54,0.0%,40.3
肉処 大久保 閉店,jpn,MOBILE,0,53,0.0%,7.0
イクスピアリガチャガチャ,jpn,MOBILE,0,52,0.0%,10.5
ニューコースト イベント,jpn,MOBILE,0,52,0.0%,6.7
东京迪士尼海洋附近酒店,sgp,MOBILE,0,52,0.0%,44.1
도쿄 디즈니시 호텔,kor,MOBILE,0,52,0.0%,20.6
jr舞濱站到東京鐵塔,twn,MOBILE,0,51,0.0%,13.5
浦安 イベント,jpn,MOBILE,0,51,0.0%,32.6
浦安 タピオカ,jpn,MOBILE,0,50,0.0%,32.6
舞浜 シープラ,jpn,MOBILE,0,50,0.0%,11.5
舞浜ユーラシア 日帰り 入浴,jpn,MOBILE,0,50,0.0%,10.5
舞浜駅 ゴンチャ,jpn,MOBILE,0,50,0.0%,7.5
イクスピアリシープラ,jpn,MOBILE,0,47,0.0%,10.8
ゴンチャ舞浜,jpn,MOBILE,0,47,0.0%,7.4
浦安市 イベントカレンダー,jpn,MOBILE,0,47,0.0%,9.3
hotels in urayasu,usa,DESKTOP,0,46,0.0%,30.6
hotels in urayasu-shi,usa,MOBILE,0,46,0.0%,27.9
ニューコースト 麻辣担,jpn,MOBILE,0,46,0.0%,8.2
浦安市花火大会 2026,jpn,TABLET,0,46,0.0%,5.9
hotels in urayasu,sgp,MOBILE,0,45,0.0%,37.6
urayasu brighton hotel tokyo bay location shin-urayasu station,usa,DESKTOP,0,44,0.0%,11.4
hotels in urayasu,phl,MOBILE,0,43,0.0%,28.7
新浦安 ダイソー 閉店,jpn,MOBILE,0,43,0.0%,6.9
浦安 ショッピング,jpn,MOBILE,0,43,0.0%,44.4
hotels in urayasu,gbr,MOBILE,0,42,0.0%,29.4
tokyo comfort stay,usa,DESKTOP,0,41,0.0%,36.2
tokyo comfort stay,usa,MOBILE,0,40,0.0%,37.1
焼鳥蕎麦二尺五寸マーヴ浦安店 浦安市 レビュー,jpn,MOBILE,0,40,0.0%,8.9
hotels in urayasu,hkg,MOBILE,0,39,0.0%,28.3
2025年 浦安 巨人戦,jpn,MOBILE,0,38,0.0%,6.9
東京迪士尼海洋附近酒店,hkg,MOBILE,0,38,0.0%,46.7
코스타 호텔 예약,kor,MOBILE,0,38,0.0%,13.7
浦安酒店,sgp,MOBILE,0,37,0.0%,38.6
浦安 花火 大会 2026 申し込み,jpn,MOBILE,0,36,0.0%,9.9
hilton tokyo bay laundry,usa,MOBILE,0,35,0.0%,16.3
hotels in urayasu,mys,MOBILE,0,35,0.0%,33.2
キャップスクリニック市川妙典,jpn,MOBILE,0,35,0.0%,8.4
新浦安麻辣湯,jpn,MOBILE,0,35,0.0%,10.2
urayasu hotels,sgp,DESKTOP,0,34,0.0%,40.6
东京湾希尔顿酒店,sgp,MOBILE,0,34,0.0%,45.9
新浦安 墓地公園 バス,jpn,MOBILE,0,34,0.0%,7.2
浦安 二尺五寸,jpn,MOBILE,0,33,0.0%,10.7
焼鳥 蕎麦 二尺五寸 浦安市 レビュー,jpn,MOBILE,0,33,0.0%,8.1
리조트 파크 도모야마,jpn,DESKTOP,0,33,0.0%,35.5
新浦安美食,jpn,MOBILE,0,31,0.0%,26.3
浦安市お祭り,jpn,MOBILE,0,31,0.0%,5.1
ごんちゃ イクスピアリ,jpn,MOBILE,0,30,0.0%,8.5
トルコ料理 saray 行徳店,jpn,DESKTOP,0,30,0.0%,7.3
ホテルマイステイズ舞浜 荷物預かり,jpn,MOBILE,0,30,0.0%,8.8
ワイズマート 浦安弁天店 閉店,jpn,MOBILE,0,30,0.0%,7.3
浦安 夜遊び,jpn,MOBILE,0,30,0.0%,31.3
ごんちゃ 舞浜,jpn,MOBILE,0,29,0.0%,7.4
イクスピアリ ガチャガチャ 場所,jpn,MOBILE,0,29,0.0%,10.8
浦安市 古着回収,jpn,MOBILE,0,29,0.0%,9.0
코스타 호텔,kor,MOBILE,0,29,0.0%,14.3
jr舞濱站到淺草,twn,MOBILE,0,28,0.0%,26.1
イクスピアリごんちゃ,jpn,MOBILE,0,28,0.0%,7.8
ダイソー 行徳,jpn,DESKTOP,0,28,0.0%,7.2
新浦安花火大会 2026,jpn,MOBILE,0,28,0.0%,8.3
디즈니 파트너 호텔,kor,DESKTOP,0,28,0.0%,18.9
浦安飯店,twn,MOBILE,0,27,0.0%,46.6
西友 閉店,jpn,DESKTOP,0,27,0.0%,15.7
hotels in urayasu,sgp,DESKTOP,0,26,0.0%,39.9
イクスピアリ sugary,jpn,MOBILE,0,26,0.0%,9.3
泰興 浦安店,jpn,MOBILE,0,26,0.0%,30.5
浦安 ショッピング,jpn,DESKTOP,0,26,0.0%,44.0
麻辣湯 ニューコースト,jpn,MOBILE,0,26,0.0%,9.8
イクスピアリ ゴンチャ 営業時間,jpn,MOBILE,0,25,0.0%,11.6
ウィズキッズシネマ,jpn,MOBILE,0,25,0.0%,9.5
葛西臨海公園 ディズニー,jpn,MOBILE,0,25,0.0%,9.8
浦安 祭り 8月,jpn,MOBILE,0,24,0.0%,6.8
浦安墓地公園 バス,jpn,MOBILE,0,24,0.0%,5.9
アイケアラボ 浦安,jpn,MOBILE,0,23,0.0%,10.4
シープラ 舞浜,jpn,MOBILE,0,23,0.0%,11.3
浦安市花火大会2026,jpn,DESKTOP,0,23,0.0%,5.7
舞浜シープラ,jpn,MOBILE,0,23,0.0%,11.7
サイゼリヤアトレ新浦安店,jpn,MOBILE,0,22,0.0%,27.2
ハイアット ムーミン,jpn,MOBILE,0,22,0.0%,9.7
新浦安駅前祭り,jpn,MOBILE,0,22,0.0%,7.2
浦安,jpn,DESKTOP,0,22,0.0%,43.0
浦安 墓地公園 バス 時刻 表,jpn,MOBILE,0,22,0.0%,8.0
浦安在宅神経内科クリニック,jpn,DESKTOP,0,22,0.0%,8.5
浦安花火 2026,jpn,MOBILE,0,22,0.0%,9.4
花火大会 浦安 2026,jpn,MOBILE,0,22,0.0%,9.0
アイケアラボ浦安,jpn,MOBILE,0,21,0.0%,10.4
マルエツ 行徳 店 閉店,jpn,DESKTOP,0,21,0.0%,8.7
五祭 2026,jpn,MOBILE,0,21,0.0%,8.8
新浦安 サンリオ,jpn,MOBILE,0,21,0.0%,8.6
浦安酒店,hkg,MOBILE,0,21,0.0%,39.5
生粋 浦安店,jpn,MOBILE,0,21,0.0%,26.4
urayasu hotels,usa,MOBILE,0,20,0.0%,17.8
マルエツ 行徳 閉店,jpn,DESKTOP,0,20,0.0%,8.6
麻辣担 ニューコースト,jpn,MOBILE,0,20,0.0%,9.0
드라프 리조트 판타지 다운,kor,MOBILE,0,20,0.0%,16.2
sugary 舞浜,jpn,MOBILE,0,19,0.0%,8.9
urayasu hotels,usa,DESKTOP,0,19,0.0%,24.9
デュオセーヌ新浦安,jpn,MOBILE,0,19,0.0%,10.2
和麺 善 浦安,jpn,MOBILE,0,19,0.0%,9.3
和麺善,jpn,DESKTOP,0,19,0.0%,7.9
妙典 キャップスクリニック,jpn,MOBILE,0,19,0.0%,8.8
新浦安 天宝,jpn,MOBILE,0,19,0.0%,10.3
浦安 花火大会 2026,jpn,TABLET,0,19,0.0%,6.4
浦安市 防災無線,jpn,MOBILE,0,18,0.0%,9.9
浦安駅 祭り,jpn,MOBILE,0,18,0.0%,9.8
hotels in urayasu,ind,DESKTOP,0,17,0.0%,36.1
shin urayasu hotel,deu,MOBILE,0,17,0.0%,13.1
tokyo disneyland urayasu,aus,DESKTOP,0,17,0.0%,46.0
アトレ新浦安 期間限定ショップ,jpn,MOBILE,0,17,0.0%,8.9
イクスピアリ 期間限定ショップ,jpn,MOBILE,0,17,0.0%,8.2
シェラトン 舞浜,jpn,DESKTOP,0,17,0.0%,36.6
新浦安 花火大会,jpn,DESKTOP,0,17,0.0%,28.7
東京ベイ舞浜ホテル 北海道フェア,jpn,MOBILE,0,17,0.0%,9.5
浦安 花火 大会 2026,jpn,MOBILE,0,17,0.0%,7.2
浦安 花火大会 2026 抽選,jpn,MOBILE,0,17,0.0%,6.9
ｇｒａｎｄ ｓａｖｅｕｒ 浦安本店,jpn,MOBILE,0,17,0.0%,33.4
hotel mystays maihama,aus,DESKTOP,0,16,0.0%,30.5
アリス アフタヌーンティー 2026,jpn,MOBILE,0,16,0.0%,7.6
イクスピアリ カプセルトイ,jpn,MOBILE,0,16,0.0%,10.7
イクスピアリ ガチャ オープン,jpn,MOBILE,0,16,0.0%,6.7
ラーメン善,jpn,MOBILE,0,16,0.0%,5.3
妙典 イオン 小児科,jpn,MOBILE,0,16,0.0%,8.3
新浦安 イベント,jpn,MOBILE,0,16,0.0%,38.8
浦安 ビジネスホテル 格安,jpn,MOBILE,0,16,0.0%,36.3
浦安 ホテル 格安,jpn,MOBILE,0,16,0.0%,37.0
浦安在宅神経内科クリニック,jpn,MOBILE,0,16,0.0%,8.3
舞浜 荷物預かり,jpn,MOBILE,0,16,0.0%,10.0
舞浜ビューホテル 荷物送る,jpn,MOBILE,0,16,0.0%,10.4
리조트 파크 도모야마,twn,DESKTOP,0,16,0.0%,38.2
마이하마역 호텔,kor,DESKTOP,0,16,0.0%,48.9
cheap hotels in urayasu,usa,MOBILE,0,15,0.0%,15.7
urayasu brighton hotel luggage storage before check in,usa,DESKTOP,0,15,0.0%,8.7
urayasu brighton hotel tokyo bay,deu,MOBILE,0,15,0.0%,14.9
アイケアラボ,jpn,MOBILE,0,15,0.0%,8.7
ビーパス 浦安店,jpn,MOBILE,0,15,0.0%,36.0
ユーラシア 日帰り,jpn,MOBILE,0,15,0.0%,22.7
新浦安 花火大会 2026,jpn,DESKTOP,0,15,0.0%,6.9
浦安 ジンギスカン,jpn,DESKTOP,0,15,0.0%,40.5
浦安住宿,twn,MOBILE,0,15,0.0%,38.9
浦安市 国民健康保険 手続き,jpn,MOBILE,0,15,0.0%,9.2
舞浜 ごんちゃ,jpn,MOBILE,0,15,0.0%,7.6
行徳ダイソー営業時間,jpn,MOBILE,0,15,0.0%,8.9
防災浦安 放送,jpn,MOBILE,0,15,0.0%,9.5
麻辣担 新浦安,jpn,MOBILE,0,15,0.0%,10.8
cheap hotels in urayasu,phl,DESKTOP,0,14,0.0%,15.0
club #c-pla,jpn,MOBILE,0,14,0.0%,7.7
maihama station,usa,DESKTOP,0,14,0.0%,53.2
urayasu hotels with shuttle,bra,DESKTOP,0,14,0.0%,16.9
イオン 新浦安 カーブス,jpn,MOBILE,0,14,0.0%,6.5
ファミリーマート新浦安マーレ店,jpn,MOBILE,0,14,0.0%,8.2
ホテルマイステイズ舞浜 荷物 送る,jpn,MOBILE,0,14,0.0%,9.9
ムーミン ハイアット,jpn,MOBILE,0,14,0.0%,10.0
ユーラシア 日帰り,jpn,DESKTOP,0,14,0.0%,28.9
ロースト浦安店,jpn,MOBILE,0,14,0.0%,23.9
浦安市 古着 回収 ボックス,jpn,MOBILE,0,14,0.0%,11.1
舞滨 上门服务,jpn,DESKTOP,0,14,0.0%,15.1
cheap hotels in urayasu,bra,MOBILE,0,13,0.0%,20.0
cheap hotels in urayasu,phl,MOBILE,0,13,0.0%,13.8
jungle 浦安,jpn,MOBILE,0,13,0.0%,37.6
urayasu brighton hotel tokyo bay,sgp,MOBILE,0,13,0.0%,19.2
イクスピアリ cプラ,jpn,MOBILE,0,13,0.0%,10.3
イクスピアリ シュガリー,jpn,MOBILE,0,13,0.0%,10.0
二尺五寸 浦安駅店,jpn,MOBILE,0,13,0.0%,5.6
和ふ庵浦安店,jpn,MOBILE,0,13,0.0%,23.2
妙典イオン 小児科,jpn,MOBILE,0,13,0.0%,8.9
浦安 オープン予定,jpn,MOBILE,0,13,0.0%,8.5
浦安市盆踊り,jpn,MOBILE,0,13,0.0%,12.8
浦安鉄鋼団地 就職説明会,jpn,MOBILE,0,13,0.0%,7.1
猫実4丁目 祭り,jpn,MOBILE,0,13,0.0%,3.6
舞浜駅 荷物 ホテル,jpn,MOBILE,0,13,0.0%,9.3
리조트 파크 도모야마,usa,DESKTOP,0,13,0.0%,40.9
urayasu brighton hotel tokyo bay,aus,MOBILE,0,12,0.0%,15.8
イクスピアリ ガチャガチャ オープン,jpn,MOBILE,0,12,0.0%,5.2
イクスピアリ 期間限定,jpn,MOBILE,0,12,0.0%,9.4
カーブス新浦安,jpn,MOBILE,0,12,0.0%,9.3
フォーストーリーズホテル舞浜 東京ベイ,kor,DESKTOP,0,12,0.0%,46.9
ベイ ホテル 浦安 駅前,jpn,DESKTOP,0,12,0.0%,85.1
マイステイズ舞浜 荷物預かり,jpn,MOBILE,0,12,0.0%,9.6
二尺五寸,jpn,DESKTOP,0,12,0.0%,7.2
市役所 国民健康保険加入 浦安市,jpn,MOBILE,0,12,0.0%,7.1
新浦安 お祭り,jpn,MOBILE,0,12,0.0%,5.3
新浦安 ニューコースト 麻辣湯,jpn,MOBILE,0,12,0.0%,9.7
浦安 イベント,jpn,DESKTOP,0,12,0.0%,30.9
浦安 ハンバーガー,jpn,MOBILE,0,12,0.0%,40.3
浦安 バル,jpn,MOBILE,0,12,0.0%,34.7
浦安 商品券,jpn,MOBILE,0,12,0.0%,8.8
浦安市 入船 事故,jpn,MOBILE,0,12,0.0%,7.8
浦安市古着回収,jpn,MOBILE,0,12,0.0%,8.6
浦安市花火大会 2026 チケット,jpn,MOBILE,0,12,0.0%,7.9
浦安駅 ホテル 格安,jpn,MOBILE,0,12,0.0%,38.3
舞浜 宿泊税,jpn,MOBILE,0,12,0.0%,5.8
舞浜ユーラシア 日帰り,jpn,MOBILE,0,12,0.0%,2.3
舞浜駅 温泉,jpn,MOBILE,0,12,0.0%,26.6
舞浜駅ゴンチャ,jpn,MOBILE,0,12,0.0%,7.8
우라야스 호텔,kor,DESKTOP,0,12,0.0%,40.3
cheap hotels in urayasu,bra,DESKTOP,0,11,0.0%,18.9
happy entry,twn,DESKTOP,0,11,0.0%,5.7
hotel mystays maihama,usa,DESKTOP,0,11,0.0%,31.5
things to do in maihama,bra,DESKTOP,0,11,0.0%,12.0
tokyo disney tickets,usa,DESKTOP,0,11,0.0%,52.1
urayasu brighton hotel tokyo bay,can,DESKTOP,0,11,0.0%,21.8
urayasu brighton hotel tokyo bay,can,MOBILE,0,11,0.0%,16.4
urayasu brighton hotel tokyo bay luggage storage before check in,usa,DESKTOP,0,11,0.0%,9.0
さが美 新浦安,jpn,MOBILE,0,11,0.0%,11.5
にしだ場南行徳,jpn,MOBILE,0,11,0.0%,9.2
イクスピアリ タピオカ,jpn,MOBILE,0,11,0.0%,20.5
キャップス 妙典,jpn,MOBILE,0,11,0.0%,6.7
バンビドロップス 浦安,jpn,MOBILE,0,11,0.0%,11.0
ビーパス 浦安店,jpn,DESKTOP,0,11,0.0%,34.7
ローソンストア100 閉店予定,jpn,MOBILE,0,11,0.0%,10.3
和麺,jpn,MOBILE,0,11,0.0%,9.8
新浦夜城,jpn,MOBILE,0,11,0.0%,9.5
新浦安駅 麻辣湯,jpn,MOBILE,0,11,0.0%,9.6
浦安 お祭り 2026,jpn,DESKTOP,0,11,0.0%,4.0
浦安 お祭り 今日,jpn,MOBILE,0,11,0.0%,1.0
浦安市 花火 2026,jpn,MOBILE,0,11,0.0%,9.8
浦安花火大会2026,jpn,DESKTOP,0,11,0.0%,7.8
盆踊り 浦安,jpn,MOBILE,0,11,0.0%,12.4
舞浜 ガチャガチャ 場所,jpn,MOBILE,0,11,0.0%,10.0
舞浜駅 荷物配送,jpn,MOBILE,0,11,0.0%,9.6
舞浜駅荷物預かりサービス,jpn,MOBILE,0,11,0.0%,10.3
舞滨欧亚温泉酒店 岩盘浴,usa,MOBILE,0,11,0.0%,6.6
鮨山口 行徳,jpn,DESKTOP,0,11,0.0%,5.0
ｇｒａｎｄ ｓａｖｅｕｒ 浦安本店,jpn,DESKTOP,0,11,0.0%,36.1
executive suites tokyo bay,jpn,MOBILE,0,10,0.0%,54.3
sugary イクスピアリ,jpn,DESKTOP,0,10,0.0%,8.6
urayasu brighton hotel tokyo bay,usa,DESKTOP,0,10,0.0%,21.7
urayasu brighton hotel tokyo bay location shin-urayasu station connected,usa,DESKTOP,0,10,0.0%,10.4
urayasu brighton hotel tokyo bay shin-urayasu station direct connection,usa,DESKTOP,0,10,0.0%,10.8
urayasu hotels with shuttle,bra,MOBILE,0,10,0.0%,19.2
urayasu 中文,twn,MOBILE,0,10,0.0%,11.4
やきとり にしだ場 南行徳店,jpn,MOBILE,0,10,0.0%,9.8
やきとり にしだ場 南行徳店 市川市 レビュー,jpn,MOBILE,0,10,0.0%,7.7
イクスピアリ c-pla,jpn,MOBILE,0,10,0.0%,10.4
イクスピアリ ガチャガチャ,jpn,DESKTOP,0,10,0.0%,11.2
イクスピアリ期間限定ショップ,jpn,MOBILE,0,10,0.0%,8.4
オイスター＆ダイニングバーibiza143 イビサイチヨンサン 浦安,jpn,MOBILE,0,10,0.0%,39.7
キャップスクリニック 妙典,jpn,MOBILE,0,10,0.0%,8.7
ジョナサン浦安店,jpn,DESKTOP,0,10,0.0%,48.2
ファミリーマート新浦安マーレ店,jpn,DESKTOP,0,10,0.0%,5.5
ホルモン将龍苑,jpn,MOBILE,0,10,0.0%,9.5
マルエツ 閉店予定,jpn,TABLET,0,10,0.0%,9.0
リトルマーメイド いつから,jpn,MOBILE,0,10,0.0%,38.2
リメンバーミー リバイバル,jpn,MOBILE,0,10,0.0%,8.9
上安フォルツァ,jpn,MOBILE,0,10,0.0%,80.7
当代島 盆踊り,jpn,MOBILE,0,10,0.0%,7.6
新浦安 冠水,jpn,MOBILE,0,10,0.0%,10.0
新浦安駅 南口,jpn,MOBILE,0,10,0.0%,8.8
泰興 浦安店,jpn,DESKTOP,0,10,0.0%,32.0
浦安 ジンギスカン,jpn,MOBILE,0,10,0.0%,40.9
浦安 牡蠣 大量発生,jpn,MOBILE,0,10,0.0%,7.5
浦安市 出産祝い金,jpn,MOBILE,0,10,0.0%,9.9
浦安市 古布回収,jpn,MOBILE,0,10,0.0%,7.7
焼鳥 蕎麦 二尺五寸,jpn,DESKTOP,0,10,0.0%,7.6
生粋 浦安店,jpn,DESKTOP,0,10,0.0%,32.0
築地銀だこ西友浦安店,jpn,MOBILE,0,10,0.0%,41.8
舞浜 祭り,jpn,MOBILE,0,10,0.0%,5.9
買取大吉 浦安,jpn,MOBILE,0,10,0.0%,11.4
開店閉店,jpn,MOBILE,0,10,0.0%,4.4
鮨やまぐち 市川市 メニュー,jpn,MOBILE,0,10,0.0%,4.6
１００時間カレーｂ＆ｒ浦安店,jpn,MOBILE,0,10,0.0%,46.9
hotel dream gate maihama,sgp,DESKTOP,0,9,0.0%,23.0
tokyo disneyland tickets,usa,DESKTOP,0,9,0.0%,56.0
urayasu brighton hotel tokyo bay luggage storage before check-in,usa,DESKTOP,0,9,0.0%,10.8
うらっこ広場 花火,jpn,MOBILE,0,9,0.0%,4.1
おがわ泌尿器科 妙典,jpn,MOBILE,0,9,0.0%,7.6
やきとり にしだ場 南行徳店 市川市,jpn,MOBILE,0,9,0.0%,10.7
アイシティ 市川,jpn,MOBILE,0,9,0.0%,6.3
イクスピアリ sugary,jpn,DESKTOP,0,9,0.0%,9.6
イクスピアリ 韓国料理 メニュー,jpn,MOBILE,0,9,0.0%,10.2
キャップスクリニック妙典,jpn,MOBILE,0,9,0.0%,8.3
サイゼリヤアトレ新浦安店,jpn,DESKTOP,0,9,0.0%,27.9
ダイソー マルエツ行徳店,jpn,DESKTOP,0,9,0.0%,6.2
ハイアットリージェンシー東京 ムーミン,jpn,MOBILE,0,9,0.0%,10.0
プラハ チェロ カルテット 2026,jpn,MOBILE,0,9,0.0%,10.3
ホルモン将龍苑,jpn,DESKTOP,0,9,0.0%,8.1
堀江団地 祭り,jpn,MOBILE,0,9,0.0%,7.1
引っ越し 浦安市 2月,jpn,MOBILE,0,9,0.0%,37.8
引っ越し 浦安市 8月,jpn,MOBILE,0,9,0.0%,46.8
新浦安 花火大会,jpn,MOBILE,0,9,0.0%,9.8
東京ベイ舞浜ホテル フェア,jpn,MOBILE,0,9,0.0%,21.4
浦安 100円ローソン,jpn,MOBILE,0,9,0.0%,10.4
浦安 田所商店,jpn,MOBILE,0,9,0.0%,4.7
浦安 酒店服务,jpn,MOBILE,0,9,0.0%,40.0
浦安たぬき,jpn,MOBILE,0,9,0.0%,29.2
浦安三社祭,jpn,MOBILE,0,9,0.0%,3.0
浦安市 物価 高騰 対策商品券 イクスピアリ,jpn,MOBILE,0,9,0.0%,9.9
浦安駅 e乗り場,jpn,MOBILE,0,9,0.0%,10.9
浦安駅 ハンバーガー,jpn,MOBILE,0,9,0.0%,37.9
焼鳥 二尺五寸,jpn,MOBILE,0,9,0.0%,9.2
猫実 お祭り,jpn,MOBILE,0,9,0.0%,6.9
舞 濱 車站,jpn,DESKTOP,0,9,0.0%,36.1
舞浜 荷物 ホテル,jpn,MOBILE,0,9,0.0%,10.8
舞浜駅 オフィシャルホテル 荷物,jpn,MOBILE,0,9,0.0%,10.2
舞浜駅 ホテル 荷物,jpn,MOBILE,0,9,0.0%,9.2
우라야스 호텔 예약,kor,MOBILE,0,9,0.0%,16.2
우라야쓰,kor,MOBILE,0,9,0.0%,18.6
comfort suites tokyo bay,usa,DESKTOP,0,8,0.0%,31.3
hilton tokyo bay convenience store,jpn,MOBILE,0,8,0.0%,8.5
hotel dream gate maihama,usa,MOBILE,0,8,0.0%,16.8
hotel emion tokyo bay,aus,DESKTOP,0,8,0.0%,19.9
hotel emion tokyo bay,aus,MOBILE,0,8,0.0%,14.9
hotel emion tokyo bay,usa,DESKTOP,0,8,0.0%,25.1
things to do in maihama,can,DESKTOP,0,8,0.0%,12.0
urayasu 中文,hkg,MOBILE,0,8,0.0%,9.4
おがわ泌尿器科,jpn,MOBILE,0,8,0.0%,6.8
イクスピアリ あんバター,jpn,MOBILE,0,8,0.0%,10.5
エアーズカフェ浦安店,jpn,MOBILE,0,8,0.0%,34.8
カドショク浦安店飲食コーナー,jpn,MOBILE,0,8,0.0%,27.1
ココ キュット 浦安市舞浜,jpn,MOBILE,0,8,0.0%,42.1
ダイソー行徳,jpn,DESKTOP,0,8,0.0%,7.1
ダイソー行徳駅前店,jpn,DESKTOP,0,8,0.0%,6.5
デュオセーヌ新浦安,jpn,DESKTOP,0,8,0.0%,8.6
ニューコースト まーらーたん,jpn,MOBILE,0,8,0.0%,9.5
ニューコースト新浦安 トミカ,jpn,MOBILE,0,8,0.0%,4.5
バルドラール浦安アリーナ バレーボール,jpn,MOBILE,0,8,0.0%,7.9
ファミリーマート 新浦安マーレ店,jpn,MOBILE,0,8,0.0%,8.8
ロースト浦安店,jpn,DESKTOP,0,8,0.0%,25.1
京葉ガスクラシモスタジアム浦安,jpn,MOBILE,0,8,0.0%,11.3
妙典祭り 2026,jpn,MOBILE,0,8,0.0%,3.3
引っ越し 浦安市 10月,jpn,MOBILE,0,8,0.0%,40.8
引っ越し 浦安市 1月,jpn,MOBILE,0,8,0.0%,37.5
引っ越し 浦安市 5月,jpn,DESKTOP,0,8,0.0%,41.4
新浦安,jpn,DESKTOP,0,8,0.0%,67.3
新浦安站美食,jpn,MOBILE,0,8,0.0%,10.5
新浦安駅 期間限定ショップ,jpn,MOBILE,0,8,0.0%,7.5
新浦安駅南口,jpn,MOBILE,0,8,0.0%,7.8
浦安 スナック,jpn,MOBILE,0,8,0.0%,46.8
浦安マラソン 2027,jpn,DESKTOP,0,8,0.0%,2.4
浦安万華郷,jpn,MOBILE,0,8,0.0%,45.4
浦安市 老後 相談,jpn,MOBILE,0,8,0.0%,25.4
浦安駅 お祭り,jpn,MOBILE,0,8,0.0%,8.1
舞浜 手持ち花火,jpn,MOBILE,0,8,0.0%,4.4
舞浜駅から荷物送る,jpn,MOBILE,0,8,0.0%,9.1
行徳 100均,jpn,MOBILE,0,8,0.0%,11.3
迪士尼大使飯店接駁車,jpn,MOBILE,0,8,0.0%,12.1
開店閉店,jpn,DESKTOP,0,8,0.0%,6.1
우라야스,bra,DESKTOP,0,8,0.0%,20.4
우라야스,ind,DESKTOP,0,8,0.0%,19.3
comfort suites tokyo bay shuttle bus,jpn,MOBILE,0,7,0.0%,9.1
happy entry,twn,MOBILE,0,7,0.0%,6.6
hotel mystays maihama,can,DESKTOP,0,7,0.0%,26.0
hotels in urayasu japan,ind,DESKTOP,0,7,0.0%,23.1
idバレーボール大会,jpn,MOBILE,0,7,0.0%,8.3
jungle 浦安,jpn,DESKTOP,0,7,0.0%,38.0
tokyo disneyland tickets,usa,MOBILE,0,7,0.0%,54.6
true tree 店舗,jpn,MOBILE,0,7,0.0%,5.7
urayasu brighton hotel tokyo bay,sgp,DESKTOP,0,7,0.0%,23.6
urayasu brighton hotel tokyo bay location shin-urayasu station direct connection,usa,DESKTOP,0,7,0.0%,10.4
urayasu hotels,bra,MOBILE,0,7,0.0%,22.9
やきとん558 新浦安ホルモン,jpn,MOBILE,0,7,0.0%,48.0
イオン新浦安 カーブス,jpn,MOBILE,0,7,0.0%,5.7
イクスピアリ ウィズキッズシネマ,jpn,MOBILE,0,7,0.0%,9.3
エアーズカフェ浦安店,jpn,DESKTOP,0,7,0.0%,40.9
カーブス イオン新浦安,jpn,DESKTOP,0,7,0.0%,6.4
カーブス 新浦安,jpn,DESKTOP,0,7,0.0%,8.3
キャップスクリニック 市川妙典,jpn,MOBILE,0,7,0.0%,8.3
クラブシープラ,jpn,DESKTOP,0,7,0.0%,7.4
シェラトン ガーデンプール,jpn,DESKTOP,0,7,0.0%,26.1
ファミリーマート 新浦安マーレ店,jpn,DESKTOP,0,7,0.0%,6.3
マルエツ 行徳店 跡地 何ができる,jpn,MOBILE,0,7,0.0%,11.3
ラーメン 善,jpn,MOBILE,0,7,0.0%,5.6
一風堂 イクスピアリ店,jpn,MOBILE,0,7,0.0%,35.3
三井ガーデンホテルプラナ東京ベイ 工事,jpn,MOBILE,0,7,0.0%,9.0
中華 かすみ,jpn,MOBILE,0,7,0.0%,6.7
京葉線 運行状況 2026年8月15日,jpn,DESKTOP,0,7,0.0%,7.3
堀江 スギ薬局,jpn,MOBILE,0,7,0.0%,9.3
新浦安 カーブス,jpn,MOBILE,0,7,0.0%,6.7
新浦安 岩盤浴,jpn,MOBILE,0,7,0.0%,39.4
東京灣舞濱日航大酒店,twn,MOBILE,0,7,0.0%,79.3
浦安 ニュース,esp,MOBILE,0,7,0.0%,10.6
浦安 ハンバーガー,jpn,DESKTOP,0,7,0.0%,37.3
浦安 九州,jpn,MOBILE,0,7,0.0%,42.1
浦安 地域振興券,jpn,MOBILE,0,7,0.0%,4.6
浦安 花火大会,jpn,MOBILE,0,7,0.0%,16.0
浦安 開店,jpn,DESKTOP,0,7,0.0%,8.6
浦安シティマラソン 2027,jpn,MOBILE,0,7,0.0%,3.3
浦安小学校盆踊り,jpn,MOBILE,0,7,0.0%,9.3
浦安盆踊り中止,jpn,MOBILE,0,7,0.0%,5.1
肉処 大久保 閉店,jpn,DESKTOP,0,7,0.0%,6.7
舞浜駅からウェルカムセンター,jpn,MOBILE,0,7,0.0%,9.9
舞濱溫泉,hkg,DESKTOP,0,7,0.0%,15.4
舞濱溫泉,hkg,MOBILE,0,7,0.0%,15.7
葛西臨海公園ディズニー,jpn,MOBILE,0,7,0.0%,9.3
行徳 弁天 閉店,jpn,MOBILE,0,7,0.0%,9.1
迪士尼下雨怎麼玩,twn,MOBILE,0,7,0.0%,9.9
도쿄 디즈니랜드 호텔,kor,MOBILE,0,7,0.0%,47.6
우라야스,kor,DESKTOP,0,7,0.0%,18.7
"(""신우 "" or ""shinwoo"") and (부패 or 뇌물 or 사기 or 조사 or 범죄 or 불법 or 피고 or 과실 or 스캔들 or 제재 or 공모 or ""입찰 준비"" or 공모)",usa,DESKTOP,0,6,0.0%,125.5
bovi おそうざいボビ 浦安市 レビュー,jpn,MOBILE,0,6,0.0%,7.2
cheap hotels in urayasu,ind,DESKTOP,0,6,0.0%,21.5
comfort suites tokyo bay,aus,DESKTOP,0,6,0.0%,30.2
comfort suites tokyo bay shuttle bus,usa,MOBILE,0,6,0.0%,6.0
emion tokyo bay,can,DESKTOP,0,6,0.0%,25.5
emion tokyo bay,sgp,DESKTOP,0,6,0.0%,28.0
hotel dream gate maihama,hkg,DESKTOP,0,6,0.0%,24.2
hotel emion tokyo bay,can,DESKTOP,0,6,0.0%,28.2
hotels near tokyo disneyland with free shuttle,usa,DESKTOP,0,6,0.0%,19.3
oriental hotel tokyo bay,usa,DESKTOP,0,6,0.0%,53.2
sugary アサイー イクスピアリ,jpn,MOBILE,0,6,0.0%,12.7
sugary イクスピアリ店,jpn,MOBILE,0,6,0.0%,10.7
tokyo disneyland urayasu,usa,DESKTOP,0,6,0.0%,45.3
urayasu brighton hotel,hkg,DESKTOP,0,6,0.0%,11.0
urayasu brighton hotel luggage storage before check-in,usa,DESKTOP,0,6,0.0%,6.5
urayasu brighton hotel tokyo bay,gbr,DESKTOP,0,6,0.0%,11.5
お祭り 浦安,jpn,MOBILE,0,6,0.0%,2.0
ふるさと浦安研究,jpn,DESKTOP,0,6,0.0%,6.0
アトレ新浦安 ポップアップ,jpn,MOBILE,0,6,0.0%,6.3
イクスピアリ アサイーボウル,jpn,MOBILE,0,6,0.0%,14.3
イクスピアリ 期間限定出店,jpn,DESKTOP,0,6,0.0%,8.7
ココ キュット 浦安市舞浜,jpn,DESKTOP,0,6,0.0%,41.8
ディズニー リバイバル 上映 2026,jpn,MOBILE,0,6,0.0%,4.2
ディズニーdpa 値上げ,jpn,MOBILE,0,6,0.0%,11.7
ニューコースト マーラータン,jpn,DESKTOP,0,6,0.0%,8.2
ノックス 浦安市猫実,jpn,DESKTOP,0,6,0.0%,19.3
ファミリーマート 新浦安マーレ,jpn,MOBILE,0,6,0.0%,7.5
フォーストーリーズホテル舞浜 東京ベイ,twn,DESKTOP,0,6,0.0%,47.5
ミラコスタ 舞浜駅 荷物,jpn,MOBILE,0,6,0.0%,9.8
ユーラシア 日帰り入浴,jpn,MOBILE,0,6,0.0%,9.8
ユーラシア 舞浜 日帰り,jpn,MOBILE,0,6,0.0%,9.5
ル タン イクスピアリ店 浦安市舞浜,jpn,MOBILE,0,6,0.0%,41.5
二 尺 五 寸 浦安,jpn,MOBILE,0,6,0.0%,6.8
南行徳 にしだ場,jpn,MOBILE,0,6,0.0%,10.0
南行徳 焼き鳥 オープン,jpn,MOBILE,0,6,0.0%,9.8
和ふ庵浦安店,jpn,DESKTOP,0,6,0.0%,26.5
市川妙典おがわ泌尿器科,jpn,MOBILE,0,6,0.0%,6.8
引っ越し 浦安市,jpn,MOBILE,0,6,0.0%,39.8
引っ越し 浦安市 12月,jpn,MOBILE,0,6,0.0%,33.7
引っ越し 浦安市 6月,jpn,MOBILE,0,6,0.0%,35.2
新浦安 トランクルーム,jpn,MOBILE,0,6,0.0%,18.0
新浦安 麻辣担,jpn,MOBILE,0,6,0.0%,10.7
新浦安 麻辣湯,jpn,DESKTOP,0,6,0.0%,9.0
日の出公民館 自習室,jpn,MOBILE,0,6,0.0%,8.8
浦安 オープニングバイト,jpn,MOBILE,0,6,0.0%,34.8
浦安 ニュース,jpn,MOBILE,0,6,0.0%,10.3
浦安 ヘルス,jpn,MOBILE,0,6,0.0%,45.2
浦安 ユーラシア 日帰り,jpn,MOBILE,0,6,0.0%,6.8
浦安 二尺五寸,jpn,DESKTOP,0,6,0.0%,9.5
浦安 飯店服務,jpn,MOBILE,0,6,0.0%,42.5
浦安市 引越,jpn,MOBILE,0,6,0.0%,34.5
浦安市コミュニティバス,jpn,MOBILE,0,6,0.0%,7.3
浦安花火大会 2026 抽選,jpn,MOBILE,0,6,0.0%,6.5
焼鳥 大好き 浦安駅前本店,jpn,MOBILE,0,6,0.0%,46.7
焼鳥ハンク・マルエツ浦安店,jpn,DESKTOP,0,6,0.0%,36.7
焼鳥ハンク・マルエツ浦安店,jpn,MOBILE,0,6,0.0%,38.7
焼鳥蕎麦二尺五寸,jpn,MOBILE,0,6,0.0%,9.3
猫実四丁目自治会夏祭り,jpn,MOBILE,0,6,0.0%,1.7
甚八浦安北口店,jpn,MOBILE,0,6,0.0%,29.7
舞浜駅 バゲッジデリバリーサービス,jpn,MOBILE,0,6,0.0%,8.5
舞浜駅 荷物 ホテルに送る,jpn,MOBILE,0,6,0.0%,10.2
行徳マルエツ跡地,jpn,MOBILE,0,6,0.0%,10.3
鮨 やまぐち,jpn,MOBILE,0,6,0.0%,7.8
100円ローソン 浦安,jpn,MOBILE,0,5,0.0%,9.6
club #c-pla,jpn,DESKTOP,0,5,0.0%,8.0
comfort suites tokyo bay shuttle bus,twn,DESKTOP,0,5,0.0%,7.4
executive suites tokyo bay,usa,MOBILE,0,5,0.0%,63.0
flexstay inn shin urayasu,aus,DESKTOP,0,5,0.0%,40.6
happy entry tokyo disney,usa,DESKTOP,0,5,0.0%,11.6
hilton tokyo bay convenience store,aus,DESKTOP,0,5,0.0%,4.2
hotel di urayasu,idn,MOBILE,0,5,0.0%,39.0
hotel dream gate,usa,DESKTOP,0,5,0.0%,23.2
hotel dream gate maihama,aus,DESKTOP,0,5,0.0%,30.2
hotel in urayasu,phl,DESKTOP,0,5,0.0%,50.0
lawson hilton tokyo bay,jpn,MOBILE,0,5,0.0%,10.4
maihama station hotels,usa,DESKTOP,0,5,0.0%,28.4
shin urayasu,usa,DESKTOP,0,5,0.0%,23.8
shin-urayasu,can,DESKTOP,0,5,0.0%,20.4
things to do in maihama,idn,DESKTOP,0,5,0.0%,12.0
tokyo disneyland urayasu,bra,MOBILE,0,5,0.0%,29.4
tsutaya 浦安,jpn,DESKTOP,0,5,0.0%,25.6
urayasu,usa,DESKTOP,0,5,0.0%,55.6
urayasu brighton hotel,aus,DESKTOP,0,5,0.0%,21.0
urayasu city access tokyo official,usa,DESKTOP,0,5,0.0%,8.2
urayasu hotels,phl,MOBILE,0,5,0.0%,14.4
urayasu hotels with shuttle,ind,MOBILE,0,5,0.0%,26.2
urayasu to tokyo,jpn,MOBILE,0,5,0.0%,25.8
urayasu 酒店,twn,DESKTOP,0,5,0.0%,18.8
お願いします,jpn,MOBILE,0,5,0.0%,7.0
ふるさと浦安作品展 テーマ,jpn,DESKTOP,0,5,0.0%,5.8
まかない屋なにげ,jpn,MOBILE,0,5,0.0%,36.8
イクスピアリ 限定,jpn,MOBILE,0,5,0.0%,11.2
イクスピアリ 靴下,jpn,MOBILE,0,5,0.0%,8.2
オイスター＆ダイニングバーibiza143 イビサイチヨンサン 浦安,jpn,DESKTOP,0,5,0.0%,39.6
カーブス 浦安,jpn,MOBILE,0,5,0.0%,9.2
キッチンカフェほっぷ,jpn,MOBILE,0,5,0.0%,32.6
グランドニッコー東京ベイ舞浜 夏フェス,jpn,MOBILE,0,5,0.0%,8.8
グリル満天星 新浦安店,jpn,MOBILE,0,5,0.0%,28.8
ゴンチャ イクスピアリ 休業,jpn,MOBILE,0,5,0.0%,8.8
サンルートプラザ東京 フェア,jpn,DESKTOP,0,5,0.0%,46.8
ダイソー 行徳 マルエツ,jpn,MOBILE,0,5,0.0%,9.0
ダーツ酒場 cheers 浦安,jpn,MOBILE,0,5,0.0%,39.0
トランクルーム 新浦安,jpn,MOBILE,0,5,0.0%,16.0
ドリームゲート舞浜 荷物 送る,jpn,MOBILE,0,5,0.0%,10.6
ニューコースト新浦安,jpn,MOBILE,0,5,0.0%,5.2
ニューコースト新浦安 麻辣担,jpn,MOBILE,0,5,0.0%,8.2
ブールミッシュ 新浦安,jpn,MOBILE,0,5,0.0%,7.4
マリヤ 浦安店 浦安市猫実,jpn,DESKTOP,0,5,0.0%,35.2
マルエツ 行徳,jpn,DESKTOP,0,5,0.0%,22.8
ヨゴリーノ ショッパーズプラザ新浦安店,jpn,MOBILE,0,5,0.0%,37.2
上安フォルツァ,jpn,DESKTOP,0,5,0.0%,81.2
东京迪士尼乐园附近酒店,sgp,MOBILE,0,5,0.0%,49.6
京葉ガスクラシモスタジアム浦安,jpn,DESKTOP,0,5,0.0%,12.4
京葉線 運行情報 2026年8月15日,jpn,DESKTOP,0,5,0.0%,8.8
友来 浦安店,jpn,MOBILE,0,5,0.0%,40.0
引っ越し 浦安市 2月,jpn,DESKTOP,0,5,0.0%,40.8
引っ越し 浦安市 3月,jpn,MOBILE,0,5,0.0%,35.4
当代島 祭り,jpn,MOBILE,0,5,0.0%,3.8
新浦安 イベント,jpn,DESKTOP,0,5,0.0%,42.4
新浦安 祭り 2026,jpn,MOBILE,0,5,0.0%,6.6
東京ベイ舞浜ホテル 荷物,jpn,MOBILE,0,5,0.0%,9.8
格安ホテル 浦安,jpn,MOBILE,0,5,0.0%,31.4
浦安 おさんぽバス 料金,jpn,MOBILE,0,5,0.0%,5.4
浦安 スイーツバイキング,jpn,MOBILE,0,5,0.0%,25.0
浦安 バル 街 2026,jpn,MOBILE,0,5,0.0%,4.8
浦安 冠水,jpn,DESKTOP,0,5,0.0%,13.4
浦安 古着回収,jpn,MOBILE,0,5,0.0%,10.8
浦安 善 ラーメン,jpn,MOBILE,0,5,0.0%,11.0
浦安 墓地公園 無料 バス,jpn,TABLET,0,5,0.0%,3.4
浦安 花火 2026,jpn,DESKTOP,0,5,0.0%,7.8
浦安 花火大会,jpn,DESKTOP,0,5,0.0%,45.2
浦安市 お散歩バス,jpn,DESKTOP,0,5,0.0%,9.0
浦安市 引越,jpn,DESKTOP,0,5,0.0%,41.6
浦安市 扶養 相談,jpn,MOBILE,0,5,0.0%,32.4
浦安市 採用試験,jpn,MOBILE,0,5,0.0%,43.6
浦安市 格安ホテル,jpn,MOBILE,0,5,0.0%,28.8
浦安市 老後 相談,jpn,DESKTOP,0,5,0.0%,28.4
浦安市盆踊り 2026,jpn,TABLET,0,5,0.0%,2.8
浦安市運動公園 イベント,jpn,MOBILE,0,5,0.0%,9.2
浦安祭り,jpn,DESKTOP,0,5,0.0%,3.6
浦安花火 2026,jpn,DESKTOP,0,5,0.0%,13.6
玄海 浦安,jpn,MOBILE,0,5,0.0%,41.2
白玲戦 2026,jpn,MOBILE,0,5,0.0%,10.6
肉処 大久保 閉店,jpn,TABLET,0,5,0.0%,4.8
舞浜 スーパー銭湯,jpn,MOBILE,0,5,0.0%,24.4
舞浜 温泉,jpn,DESKTOP,0,5,0.0%,24.4
舞浜ユーラシア 日帰り温泉,jpn,MOBILE,0,5,0.0%,11.6
舞浜駅 トイストーリーホテル 荷物,jpn,MOBILE,0,5,0.0%,9.8
舞浜駅 荷物預かり,jpn,DESKTOP,0,5,0.0%,11.0
舞浜駅荷物預かり,jpn,MOBILE,0,5,0.0%,10.4
行徳 ダイソー 営業時間,jpn,DESKTOP,0,5,0.0%,9.0
行徳 マルエツ ダイソー,jpn,MOBILE,0,5,0.0%,10.4
行徳駅 ダイソー,jpn,DESKTOP,0,5,0.0%,8.4
迪士尼happy entry,jpn,MOBILE,0,5,0.0%,8.2
迪士尼飯店接駁車,jpn,MOBILE,0,5,0.0%,10.6
龍花門新浦安店,jpn,DESKTOP,0,5,0.0%,30.8
도쿄 베이 마이 하마 호텔,kor,DESKTOP,0,5,0.0%,40.6
마이하마 역사 호텔,kor,MOBILE,0,5,0.0%,10.2
마이하마 취사 가능한 호텔,kor,MOBILE,0,5,0.0%,11.6
우라야스 호텔,bra,MOBILE,0,5,0.0%,22.6
１００時間カレーｂ＆ｒ浦安店,jpn,DESKTOP,0,5,0.0%,48.4
"""きんとうん"" 事業終了 or 閉鎖 or 閉店 or 撤退",usa,DESKTOP,0,4,0.0%,21.5
"""ウラヤ"" 事業終了 or 閉鎖 or 閉店 or 撤退",usa,DESKTOP,0,4,0.0%,15.5
bambi drops,jpn,MOBILE,0,4,0.0%,11.3
bambi drops 浦安,jpn,MOBILE,0,4,0.0%,11.8
cheap hotels in urayasu,arg,MOBILE,0,4,0.0%,21.3
cheap hotels in urayasu,ind,MOBILE,0,4,0.0%,13.8
comfort suites tokyo bay,can,DESKTOP,0,4,0.0%,32.3
comfort suites tokyo bay,sgp,DESKTOP,0,4,0.0%,28.8
cvs bay hotel,aus,DESKTOP,0,4,0.0%,44.0
cvs bay hotel,hkg,DESKTOP,0,4,0.0%,34.5
grand monday resort 東京ベイ舞浜,jpn,DESKTOP,0,4,0.0%,50.5
happy entry tokyo disney,usa,MOBILE,0,4,0.0%,11.3
henn na hotel maihama tokyo bay,twn,DESKTOP,0,4,0.0%,54.0
hilton tokyo bay convenience store,can,DESKTOP,0,4,0.0%,10.3
hilton tokyo bay convenience store,usa,DESKTOP,0,4,0.0%,8.8
hilton tokyo bay convenience store,usa,MOBILE,0,4,0.0%,9.8
hilton tokyo bay laundry,usa,DESKTOP,0,4,0.0%,17.5
hotel dream gate maihama,usa,DESKTOP,0,4,0.0%,25.0
hotel dream gate maihama annex,usa,MOBILE,0,4,0.0%,17.3
hotel dream gate maihama official website,usa,DESKTOP,0,4,0.0%,10.0
hotel mystays maihama,sgp,DESKTOP,0,4,0.0%,26.0
hotel mystays maihama urayasu,usa,DESKTOP,0,4,0.0%,26.3
hotel near shin urayasu station,usa,MOBILE,0,4,0.0%,10.8
maihama view hotel by hulic,usa,DESKTOP,0,4,0.0%,28.3
maihama view hotel by hulic shuttle bus,usa,DESKTOP,0,4,0.0%,7.0
mystays maihama,sgp,DESKTOP,0,4,0.0%,26.5
shin urayasu station,aus,DESKTOP,0,4,0.0%,43.5
shin urayasu station,usa,DESKTOP,0,4,0.0%,34.5
shin-urayasu,usa,DESKTOP,0,4,0.0%,46.8
sugary イクスピアリ メニュー,jpn,MOBILE,0,4,0.0%,12.8
things to do in maihama,ind,DESKTOP,0,4,0.0%,13.5
things to do in urayasu japan,usa,DESKTOP,0,4,0.0%,26.0
things to do near tokyo disneyland,jpn,MOBILE,0,4,0.0%,20.0
tokyo disneyland tickets online,usa,DESKTOP,0,4,0.0%,48.3
tokyo disneyland urayasu,bra,DESKTOP,0,4,0.0%,41.3
tokyo disneysea urayasu,bra,MOBILE,0,4,0.0%,28.3
urayasu brighton hotel tokyo bay,aus,DESKTOP,0,4,0.0%,10.5
urayasu brighton hotel tokyo bay,usa,MOBILE,0,4,0.0%,15.0
urayasu brighton hotel tokyo bay direct connection to shin-urayasu station,usa,DESKTOP,0,4,0.0%,11.3
urayasu brighton hotel tokyo bay official website,sgp,DESKTOP,0,4,0.0%,8.8
urayasu hotels,fra,MOBILE,0,4,0.0%,17.5
urayasu hotels with shuttle,idn,DESKTOP,0,4,0.0%,14.8
urayasu to tokyo,jpn,DESKTOP,0,4,0.0%,25.5
おそうざいボビ,jpn,DESKTOP,0,4,0.0%,4.0
はい,jpn,MOBILE,0,4,0.0%,6.5
ひみり屋 舞浜店,jpn,DESKTOP,0,4,0.0%,45.8
ふるさと浦安作品展,jpn,MOBILE,0,4,0.0%,11.5
べら安,jpn,MOBILE,0,4,0.0%,34.3
やきとり にしだ場 南行徳店,jpn,DESKTOP,0,4,0.0%,7.5
アサイーボウル イクスピアリ,jpn,MOBILE,0,4,0.0%,12.3
アメリカンキッチン 浦安,jpn,MOBILE,0,4,0.0%,36.3
アンバサダーホテル プール 2026,jpn,MOBILE,0,4,0.0%,12.3
イクスピアリ シープラ 営業 時間,jpn,MOBILE,0,4,0.0%,11.8
イクスピアリ ベジゴー メニュー,jpn,MOBILE,0,4,0.0%,10.3
イクスピアリ 期間限定,jpn,DESKTOP,0,4,0.0%,9.5
イクスピアリ 期間限定ショップ,jpn,DESKTOP,0,4,0.0%,9.5
イクスピアリカプセルトイ,jpn,MOBILE,0,4,0.0%,8.5
イクスピアリガチャ,jpn,MOBILE,0,4,0.0%,12.0
ウィズキッズシネマ イクスピアリ,jpn,MOBILE,0,4,0.0%,9.8
カシュカシュ 7 土浦市真鍋,jpn,MOBILE,0,4,0.0%,49.0
カーブスイオン新浦安,jpn,MOBILE,0,4,0.0%,8.3
キャップス 妙典,jpn,DESKTOP,0,4,0.0%,4.8
キャップスクリニック妙典,jpn,DESKTOP,0,4,0.0%,5.5
グランドニッコー東京ベイ舞浜 夏フェス,jpn,DESKTOP,0,4,0.0%,8.3
グランドニッコー東京ベイ舞浜 荷物送る,jpn,MOBILE,0,4,0.0%,11.0
グランドニッコー東京ベイ舞浜 荷物預かり,jpn,MOBILE,0,4,0.0%,13.0
ゴンチャイクスピアリ,jpn,DESKTOP,0,4,0.0%,8.3
サンルートプラザ東京 フェア,jpn,MOBILE,0,4,0.0%,47.8
シープラ イクスピアリ,jpn,MOBILE,0,4,0.0%,16.5
ジョナサン浦安店,jpn,MOBILE,0,4,0.0%,49.3
スギ薬局 浦安 オープン,jpn,MOBILE,0,4,0.0%,12.8
ダイソー 行徳,jpn,TABLET,0,4,0.0%,9.8
ダイソー 行徳駅前,jpn,DESKTOP,0,4,0.0%,3.0
ダイニングバー fest フェス 浦安店,jpn,MOBILE,0,4,0.0%,35.3
ダーツ酒場 cheers 浦安,jpn,DESKTOP,0,4,0.0%,41.8
ディズニーdpa値上げ,jpn,MOBILE,0,4,0.0%,10.3
ディズニーホテル 舞浜駅 荷物,jpn,MOBILE,0,4,0.0%,9.3
トイストーリーホテル 舞浜駅 荷物,jpn,MOBILE,0,4,0.0%,10.3
ニューコースト 麻辣湯,jpn,DESKTOP,0,4,0.0%,9.5
ニューコースト麻辣湯,jpn,DESKTOP,0,4,0.0%,9.3
ホテルエミオン東京ベイ 荷物預かり,jpn,MOBILE,0,4,0.0%,10.8
ホテルビュッフェ 北海道フェア 2026,jpn,MOBILE,0,4,0.0%,23.5
マジックインモーション,jpn,DESKTOP,0,4,0.0%,3.5
ムーミン ハイアット,jpn,DESKTOP,0,4,0.0%,9.0
ユーラシア舞浜 日帰り,jpn,MOBILE,0,4,0.0%,10.3
ユーラシア舞浜 日帰り入浴,jpn,MOBILE,0,4,0.0%,10.5
ラナシア 浦安市猫実,jpn,MOBILE,0,4,0.0%,22.5
リゾートライン 開業日,jpn,MOBILE,0,4,0.0%,10.5
三井ガーデンホテルプラナ東京ベイ 休館,jpn,MOBILE,0,4,0.0%,5.5
三井ガーデンホテルプラナ東京ベイ 改修工事,jpn,MOBILE,0,4,0.0%,9.0
东京迪士尼门票怎么买,twn,DESKTOP,0,4,0.0%,19.5
二尺五寸浦安,jpn,DESKTOP,0,4,0.0%,6.5
京葉ガス クラシモスタジアム浦安,jpn,DESKTOP,0,4,0.0%,15.3
京葉線 運行状況 2026年8月23日,jpn,DESKTOP,0,4,0.0%,8.3
今日,jpn,MOBILE,0,4,0.0%,5.0
味和麺,jpn,MOBILE,0,4,0.0%,12.5
和麺 善,jpn,TABLET,0,4,0.0%,6.3
団十郎 沖浜店,jpn,MOBILE,0,4,0.0%,44.0
堀江団地 お祭り,jpn,MOBILE,0,4,0.0%,7.8
境川で天の川,jpn,MOBILE,0,4,0.0%,1.0
大江戸温泉 浦安 閉店 跡地,jpn,MOBILE,0,4,0.0%,13.0
大金星 浦安店,jpn,MOBILE,0,4,0.0%,25.5
天宝 新浦安,jpn,MOBILE,0,4,0.0%,10.5
富士韓海焔,jpn,DESKTOP,0,4,0.0%,56.3
市原碧人,jpn,MOBILE,0,4,0.0%,6.8
広島お好み焼き じゅん平 浦安本店,jpn,MOBILE,0,4,0.0%,49.8
引っ越し 浦安市 12月,jpn,DESKTOP,0,4,0.0%,39.5
引っ越し 浦安市 1月,jpn,DESKTOP,0,4,0.0%,38.3
引っ越し 浦安市 3月,jpn,DESKTOP,0,4,0.0%,37.0
引っ越し 浦安市 4月,jpn,DESKTOP,0,4,0.0%,35.0
引っ越し 浦安市 4月,jpn,MOBILE,0,4,0.0%,25.5
引っ越し 浦安市 5月,jpn,MOBILE,0,4,0.0%,39.5
救急フェア,jpn,MOBILE,0,4,0.0%,16.8
新浦安 イベント 今日,jpn,DESKTOP,0,4,0.0%,58.0
新浦安 ファミリーマート,jpn,MOBILE,0,4,0.0%,11.3
新浦安 温泉 跡地,jpn,MOBILE,0,4,0.0%,11.5
新浦安 美食,hkg,MOBILE,0,4,0.0%,11.8
新浦安花火大会,jpn,MOBILE,0,4,0.0%,10.5
東京灣宜必思尚品飯店,twn,DESKTOP,0,4,0.0%,26.3
東京迪士尼happy entry,jpn,MOBILE,0,4,0.0%,8.8
東京迪士尼門票,twn,MOBILE,0,4,0.0%,52.5
東野プール いつまで,jpn,MOBILE,0,4,0.0%,7.0
栃木sc 対 ブリオベッカ浦安・市川 試合,jpn,MOBILE,0,4,0.0%,7.5
泌尿器科,jpn,MOBILE,0,4,0.0%,1.8
浦安 クリーンセンター 営業 時間,jpn,MOBILE,0,4,0.0%,8.8
浦安 コミュニティバス,jpn,MOBILE,0,4,0.0%,6.8
浦安 トラック 事故,jpn,MOBILE,0,4,0.0%,7.5
浦安 バル,jpn,DESKTOP,0,4,0.0%,32.3
浦安 三社祭,jpn,MOBILE,0,4,0.0%,3.0
浦安 墓地公園 バス 時刻表,jpn,TABLET,0,4,0.0%,8.8
浦安 夏祭り 2026,usa,DESKTOP,0,4,0.0%,6.3
浦安 市 花火 大会 2026 申し込み,jpn,MOBILE,0,4,0.0%,10.8
浦安 格安ホテル,jpn,MOBILE,0,4,0.0%,30.3
浦安 花火 大会 2026 抽選,jpn,MOBILE,0,4,0.0%,10.8
浦安 花火できる場所,jpn,MOBILE,0,4,0.0%,3.8
浦安 麻辣湯,jpn,MOBILE,0,4,0.0%,16.8
浦安たぬき,jpn,DESKTOP,0,4,0.0%,30.8
浦安マルシェ えんじん,jpn,MOBILE,0,4,0.0%,24.3
浦安二尺五寸,jpn,MOBILE,0,4,0.0%,11.5
浦安小学校 夏祭り,jpn,MOBILE,0,4,0.0%,12.3
浦安小学校 祭り,jpn,MOBILE,0,4,0.0%,11.8
浦安市 umi,jpn,MOBILE,0,4,0.0%,4.8
浦安市 おさんぽバス,jpn,DESKTOP,0,4,0.0%,8.8
浦安市 お祭り 2026,jpn,DESKTOP,0,4,0.0%,3.0
浦安市 古布回収,jpn,DESKTOP,0,4,0.0%,10.0
浦安市 古着回収,jpn,DESKTOP,0,4,0.0%,9.0
浦安市 救命講習,jpn,MOBILE,0,4,0.0%,5.8
浦安市 水道料金,jpn,MOBILE,0,4,0.0%,5.8
浦安市 盆踊り大会,jpn,MOBILE,0,4,0.0%,8.8
浦安市 花火大会 2026,jpn,TABLET,0,4,0.0%,5.8
浦安市 花火大会 抽選,jpn,MOBILE,0,4,0.0%,8.5
浦安百縁商店街 2026,jpn,MOBILE,0,4,0.0%,9.0
浦安盆踊り2026,jpn,TABLET,0,4,0.0%,3.0
浦安駅 ハンバーガー,jpn,DESKTOP,0,4,0.0%,35.3
浦安駅 バス 乗り場 e,jpn,MOBILE,0,4,0.0%,8.0
浦安駅 地域包括ケアセンター 求人,jpn,MOBILE,0,4,0.0%,40.5
浦安駅 格安ホテル,jpn,MOBILE,0,4,0.0%,36.8
浦安駅前こども・青少年プラザ,jpn,DESKTOP,0,4,0.0%,10.0
海鮮うまかもんや はなの舞 浦安店,jpn,MOBILE,0,4,0.0%,38.8
田所商店,jpn,MOBILE,0,4,0.0%,9.3
盛安,jpn,DESKTOP,0,4,0.0%,77.8
舎鈴 ニューコースト新浦安店 メニュー,jpn,MOBILE,0,4,0.0%,12.0
舞浜 ゴンチャ,jpn,DESKTOP,0,4,0.0%,6.8
舞浜 ディズニーホテル 荷物預かり,jpn,MOBILE,0,4,0.0%,10.0
舞浜 日帰り温泉,jpn,MOBILE,0,4,0.0%,19.0
舞浜 温泉,jpn,MOBILE,0,4,0.0%,28.8
舞浜 温泉 日帰り,jpn,DESKTOP,0,4,0.0%,16.3
舞浜 荷物預ける,jpn,MOBILE,0,4,0.0%,9.8
舞浜 雨,jpn,DESKTOP,0,4,0.0%,11.5
舞浜駅 ディズニーホテル 荷物,jpn,MOBILE,0,4,0.0%,10.3
舞浜駅 ホテルに荷物を送る,jpn,MOBILE,0,4,0.0%,10.8
葛南教育事務所 所長,jpn,DESKTOP,0,4,0.0%,7.8
葛西臨海公園 ディズニー,jpn,DESKTOP,0,4,0.0%,9.8
行徳 ドンキ,jpn,MOBILE,0,4,0.0%,5.8
行徳ダイソー,jpn,DESKTOP,0,4,0.0%,7.0
西友 浦安,jpn,DESKTOP,0,4,0.0%,39.5
観戦 場所 栃木sc 対 ブリオベッカ浦安・市川,jpn,TABLET,0,4,0.0%,9.0
这是什么,sgp,DESKTOP,0,4,0.0%,5.3
閉店,jpn,DESKTOP,0,4,0.0%,97.0
青少年プラザ,jpn,MOBILE,0,4,0.0%,10.3
龍花門新浦安店,jpn,MOBILE,0,4,0.0%,30.3
도시마 호텔,kor,MOBILE,0,4,0.0%,49.5
디즈니 앰버서더 호텔,kor,DESKTOP,0,4,0.0%,36.8
라젠트 호텔 도쿄 베이,kor,MOBILE,0,4,0.0%,29.5
오리엔탈 호텔 도쿄 베이,kor,DESKTOP,0,4,0.0%,37.3
우라야쓰,bra,MOBILE,0,4,0.0%,23.0
우라야쓰,ind,MOBILE,0,4,0.0%,24.3
2026,jpn,MOBILE,0,3,0.0%,2.7
826aska 浦安,jpn,MOBILE,0,3,0.0%,6.3
bambi drops,jpn,DESKTOP,0,3,0.0%,10.0
barefoot museum,usa,MOBILE,0,3,0.0%,9.7
brighton hotel maihama station,usa,DESKTOP,0,3,0.0%,8.0
c-pla イクスピアリ,jpn,MOBILE,0,3,0.0%,11.0
can i find family-friendly hotel packages with proximity to tokyo disneyland?,usa,DESKTOP,0,3,0.0%,11.0
cheap hotels in urayasu,col,DESKTOP,0,3,0.0%,21.7
cheap hotels in urayasu,esp,DESKTOP,0,3,0.0%,16.7
cheap hotels in urayasu,vnm,DESKTOP,0,3,0.0%,21.7
cheap hotels near tokyo disneyland,usa,DESKTOP,0,3,0.0%,47.3
club c-pla,jpn,MOBILE,0,3,0.0%,10.7
comfort suites tokyo bay shuttle bus,twn,MOBILE,0,3,0.0%,8.3
cvs bay hotel tokyo,usa,DESKTOP,0,3,0.0%,49.0
d nest,jpn,MOBILE,0,3,0.0%,6.0
emion hotel tokyo bay,gbr,DESKTOP,0,3,0.0%,26.7
emion hotel tokyo bay,kor,DESKTOP,0,3,0.0%,23.7
emion tokyo bay,usa,DESKTOP,0,3,0.0%,27.7
go to イート 浦安 バル,jpn,DESKTOP,0,3,0.0%,38.0
go to イート 浦安 バル,jpn,MOBILE,0,3,0.0%,27.0
happy entry,ind,MOBILE,0,3,0.0%,9.3
happy entry tokyo disney,aus,MOBILE,0,3,0.0%,10.7
happy entry tokyo disney,bra,MOBILE,0,3,0.0%,9.7
happy entry tokyo disney,jpn,MOBILE,0,3,0.0%,10.0
happy entry tokyo disney,twn,DESKTOP,0,3,0.0%,9.7
hiyori hotel maihama,aus,DESKTOP,0,3,0.0%,31.0
hotel dream gate,aus,DESKTOP,0,3,0.0%,24.3
hotel dream gate maihama,mex,DESKTOP,0,3,0.0%,13.0
hotel dream gate maihama annex,usa,DESKTOP,0,3,0.0%,27.3
hotel emion tokyo,usa,DESKTOP,0,3,0.0%,29.7
hotel near shin urayasu station,usa,DESKTOP,0,3,0.0%,11.0
hotels in urayasu japan,usa,DESKTOP,0,3,0.0%,29.3
hotels near tokyo disneyland with free shuttle,gbr,MOBILE,0,3,0.0%,11.3
how to buy tokyo disney tickets,usa,DESKTOP,0,3,0.0%,49.7
karte mit hotels in fujimi-machi,bra,DESKTOP,0,3,0.0%,23.0
maihama,aus,DESKTOP,0,3,0.0%,30.7
maihama,usa,DESKTOP,0,3,0.0%,34.0
maihama eurasia onsen,jpn,DESKTOP,0,3,0.0%,7.7
maihama to shin-urayasu travel time jr keiyo line 3 minutes,usa,DESKTOP,0,3,0.0%,8.3
mie mihama hotels with views,usa,DESKTOP,0,3,0.0%,80.0
mystays maihama,aus,DESKTOP,0,3,0.0%,31.0
mystays 舞 濱,twn,DESKTOP,0,3,0.0%,18.7
porky's kitchen 浦安店,jpn,MOBILE,0,3,0.0%,44.7
saray サライ 行徳店,jpn,MOBILE,0,3,0.0%,22.7
shin urayasu,aus,DESKTOP,0,3,0.0%,38.0
shin urayasu,can,DESKTOP,0,3,0.0%,25.3
shin urayasu,gbr,DESKTOP,0,3,0.0%,23.7
shin urayasu,usa,MOBILE,0,3,0.0%,21.3
shin-urayasu to maihama travel time 3 minutes jr keiyo line,usa,DESKTOP,0,3,0.0%,8.3
the royal park hotel maihama resort tokyo bay shuttle bus,jpn,MOBILE,0,3,0.0%,11.7
things to do in maihama,jpn,MOBILE,0,3,0.0%,10.3
things to do in maihama,vnm,DESKTOP,0,3,0.0%,12.0
tokyo disney happy entry,twn,MOBILE,0,3,0.0%,9.7
tokyo disney resort access route map maihama rose town kasai exit urayasu exit official,usa,DESKTOP,0,3,0.0%,10.3
tokyo disney resort access route map maihama rose town urayasu exit kasai exit official,usa,DESKTOP,0,3,0.0%,7.7
tokyo disney tickets,gbr,MOBILE,0,3,0.0%,49.0
tokyo disneyland urayasu,kor,MOBILE,0,3,0.0%,27.3
urayasu brighton hotel luggage storage before check in free,usa,DESKTOP,0,3,0.0%,10.0
urayasu brighton hotel tokyo bay,twn,DESKTOP,0,3,0.0%,13.0
urayasu brighton hotel tokyo bay location shin-urayasu station,usa,MOBILE,0,3,0.0%,11.0
urayasu brighton hotel tokyo bay location shin-urayasu station directly connected,usa,DESKTOP,0,3,0.0%,10.7
urayasu brighton hotel tokyo bay official website,aus,DESKTOP,0,3,0.0%,8.0
urayasu brighton hotel tokyo bay shin-urayasu station direct connection,are,DESKTOP,0,3,0.0%,9.3
urayasu city official access tokyo,usa,DESKTOP,0,3,0.0%,9.0
urayasu hotels,vnm,MOBILE,0,3,0.0%,26.7
urayasu shi,can,DESKTOP,0,3,0.0%,70.3
urayasu station,usa,DESKTOP,0,3,0.0%,37.7
urayasu tokyo access jr keiyo line tokyo metro tozai official,usa,DESKTOP,0,3,0.0%,9.0
vegego 予約 イクスピアリ,jpn,MOBILE,0,3,0.0%,9.3
"what hotels are available near tokyo disneyland® in urayasu, chiba prefecture, japan?",usa,DESKTOP,0,3,0.0%,11.0
where can i buy tokyo disneyland tickets,usa,DESKTOP,0,3,0.0%,51.3
where to buy tokyo disney sea tickets,usa,DESKTOP,0,3,0.0%,50.0
where to buy tokyo disneysea tickets,gbr,DESKTOP,0,3,0.0%,45.3
おがわ泌尿器科,jpn,DESKTOP,0,3,0.0%,7.0
おさんぽバス 料金,jpn,MOBILE,0,3,0.0%,5.7
ひみり屋 舞浜店,jpn,MOBILE,0,3,0.0%,48.3
やきとりにしだ場 南行徳店,jpn,MOBILE,0,3,0.0%,10.0
よってこやらーめん浦安店,jpn,MOBILE,0,3,0.0%,45.3
アトレ新浦安 閉店,jpn,DESKTOP,0,3,0.0%,5.3
アメリカンキッチン 浦安,jpn,DESKTOP,0,3,0.0%,33.0
アリスのゴシックファンタジーアフタヌーンティー,jpn,MOBILE,0,3,0.0%,8.3
アロハ浦安 2026,jpn,MOBILE,0,3,0.0%,11.3
イクスピアリ いちご飴,jpn,MOBILE,0,3,0.0%,12.7
イクスピアリ ごんちゃ,jpn,DESKTOP,0,3,0.0%,8.7
イクスピアリ ガチャ,jpn,DESKTOP,0,3,0.0%,10.3
イクスピアリ ガチャガチャ 営業時間,jpn,MOBILE,0,3,0.0%,10.7
イクスピアリ ゴンチャ 休業,jpn,DESKTOP,0,3,0.0%,6.0
イクスピアリ リメンバーミー 上映時間,jpn,MOBILE,0,3,0.0%,11.3
イクスピアリ 催事,jpn,MOBILE,0,3,0.0%,11.0
イクスピアリ 催事出店,jpn,MOBILE,0,3,0.0%,8.7
イクスピアリ 雨の日,jpn,MOBILE,0,3,0.0%,9.0
イクスピアリ 韓国料理,jpn,MOBILE,0,3,0.0%,19.0
イクスピアリガチャガチャオープン,jpn,MOBILE,0,3,0.0%,6.3
カーブスイオン新浦安,jpn,DESKTOP,0,3,0.0%,5.3
キッチンカフェほっぷ,jpn,DESKTOP,0,3,0.0%,33.3
クラシモスタジアム,jpn,MOBILE,0,3,0.0%,12.0
グランドニッコー東京ベイ舞浜荷物預かり,jpn,DESKTOP,0,3,0.0%,11.0
ゴンチャ イクスピアリ店,jpn,MOBILE,0,3,0.0%,9.3
ゴンチャ ピアリ,jpn,MOBILE,0,3,0.0%,7.3
ゴンチャ 舞浜駅,jpn,MOBILE,0,3,0.0%,10.0
サティシア 浦安市猫実,jpn,MOBILE,0,3,0.0%,21.0
サンコーポ 浦安 夏 祭り 2026,jpn,DESKTOP,0,3,0.0%,3.7
サンコーポ 浦安 祭り 2026,jpn,MOBILE,0,3,0.0%,4.3
ダイソー 行徳駅,jpn,DESKTOP,0,3,0.0%,5.7
ダイニングバー fest フェス 浦安店,jpn,DESKTOP,0,3,0.0%,34.0
ディズニー dpa 値上げ,jpn,DESKTOP,0,3,0.0%,10.0
ディズニー オフィシャルホテル パートナーホテル 特典 違い 表,jpn,MOBILE,0,3,0.0%,22.7
ディズニー オフィシャルホテル 特典,jpn,MOBILE,0,3,0.0%,2.0
ディズニー シー チケット,jpn,DESKTOP,0,3,0.0%,52.0
ディズニーオフィシャルホテル 特典,jpn,MOBILE,0,3,0.0%,2.0
トイストーリーホテル 荷物 舞浜駅,jpn,MOBILE,0,3,0.0%,11.0
ニューコースト新浦安 麻辣湯,jpn,DESKTOP,0,3,0.0%,11.0
ニューコースト新浦安 麻辣湯,jpn,TABLET,0,3,0.0%,9.7
ハイアット ムーミン,jpn,DESKTOP,0,3,0.0%,9.3
パーチダイナー,jpn,MOBILE,0,3,0.0%,11.0
ヒルトン東京ベイ ハッピーエントリー,jpn,MOBILE,0,3,0.0%,9.0
ファミマ,jpn,MOBILE,0,3,0.0%,8.7
ファミリーマート 新浦安マーレ,jpn,DESKTOP,0,3,0.0%,6.3
フォーストーリーズホテル舞浜東京ベイ 朝食,jpn,MOBILE,0,3,0.0%,2.0
プラハチェロカルテット 2026,jpn,MOBILE,0,3,0.0%,5.7
プラハチェロリパブリック 2026,jpn,MOBILE,0,3,0.0%,9.3
ベジゴー メニュー イクスピアリ,jpn,MOBILE,0,3,0.0%,8.3
ボンヌシャンス浦安メトロピア店,jpn,DESKTOP,0,3,0.0%,32.0
ボンヌシャンス浦安メトロピア店,jpn,MOBILE,0,3,0.0%,41.7
マイステイズ新浦安コンファレンスセンター 概要,jpn,MOBILE,0,3,0.0%,2.0
マリヤ 浦安店 浦安市猫実,jpn,MOBILE,0,3,0.0%,46.3
マルエツ 行徳 閉店,jpn,TABLET,0,3,0.0%,8.3
マルエツ 閉店 予定,jpn,DESKTOP,0,3,0.0%,10.3
マルエツ行徳店 閉店,jpn,TABLET,0,3,0.0%,6.3
マルエツ行徳閉店,jpn,MOBILE,0,3,0.0%,8.3
マーラータン 新浦安,jpn,MOBILE,0,3,0.0%,11.0
ムーミン ハイアットリージェンシー,jpn,MOBILE,0,3,0.0%,9.0
ラスボニータス 大阪市住吉区苅田,jpn,MOBILE,0,3,0.0%,34.3
ラーメン大統領浦安店,jpn,MOBILE,0,3,0.0%,44.3
レジーナ 浦安,jpn,DESKTOP,0,3,0.0%,29.7
ローソン 閉店予定 店舗,jpn,MOBILE,0,3,0.0%,10.7
ローソンストア100 閉店 予定,jpn,DESKTOP,0,3,0.0%,18.7
ワイズマート 浦安弁天店 閉店,jpn,DESKTOP,0,3,0.0%,5.3
ワイズマート 浦安弁天店 閉店,jpn,TABLET,0,3,0.0%,2.0
ワインのまいん伊坂,jpn,MOBILE,0,3,0.0%,39.0
一口茶屋浦安店,jpn,MOBILE,0,3,0.0%,42.3
一風堂 イクスピアリ店,jpn,DESKTOP,0,3,0.0%,31.0
三番瀬 カニ釣り,jpn,MOBILE,0,3,0.0%,5.0
中華かすみ,jpn,MOBILE,0,3,0.0%,6.0
二尺五寸 浦安駅店,jpn,DESKTOP,0,3,0.0%,6.7
京 葉 ガ ス ク ラ シ モ ス タ ジ ア ム 浦 安,jpn,MOBILE,0,3,0.0%,10.3
京葉ガスクラシモスタジアム,jpn,MOBILE,0,3,0.0%,13.3
京葉線 運行情報 2026年8月23日,jpn,DESKTOP,0,3,0.0%,7.3
全国少年消防クラブ交流大会 2026,jpn,MOBILE,0,3,0.0%,6.7
千葉 浦安 冠水,jpn,MOBILE,0,3,0.0%,15.0
千葉県 水道料金 減免 延長,jpn,MOBILE,0,3,0.0%,7.7
喜安食堂,jpn,MOBILE,0,3,0.0%,41.7
国民健康保険 浦安,jpn,MOBILE,0,3,0.0%,10.0
夏祭り 浦安,jpn,DESKTOP,0,3,0.0%,3.0
小川泌尿器科,jpn,MOBILE,0,3,0.0%,9.7
引っ越し 浦安市 10月,jpn,DESKTOP,0,3,0.0%,44.0
引っ越し 浦安市 6月,jpn,DESKTOP,0,3,0.0%,38.0
引っ越し 浦安市 9月,jpn,DESKTOP,0,3,0.0%,47.0
新浦安,hkg,DESKTOP,0,3,0.0%,41.7
新浦安,jpn,MOBILE,0,3,0.0%,2.3
新浦安 お土産,jpn,MOBILE,0,3,0.0%,10.0
新浦安 アトレ レストラン 営業 時間,jpn,MOBILE,0,3,0.0%,9.0
新浦安 ハザードマップ,jpn,DESKTOP,0,3,0.0%,9.7
新浦安 墓地公園 バス,jpn,TABLET,0,3,0.0%,5.3
新浦安 天宝,jpn,DESKTOP,0,3,0.0%,8.3
新浦安 岩盤浴,jpn,DESKTOP,0,3,0.0%,40.0
新浦安 浸水,jpn,MOBILE,0,3,0.0%,10.3
新浦安 液状化 マップ,jpn,MOBILE,0,3,0.0%,15.0
新浦安 祭り,jpn,DESKTOP,0,3,0.0%,8.7
新浦安 美食,twn,DESKTOP,0,3,0.0%,20.0
新浦安ナビ,jpn,DESKTOP,0,3,0.0%,25.3
新浦安美食,gbr,MOBILE,0,3,0.0%,24.0
新浦安駅,jpn,MOBILE,0,3,0.0%,5.0
新浦安駅前祭り,jpn,DESKTOP,0,3,0.0%,7.3
明治サンテオレ新浦安店,jpn,MOBILE,0,3,0.0%,48.7
春日神社 盆踊り 2026,jpn,MOBILE,0,3,0.0%,4.3
東京 灣 大倉 酒店,hkg,DESKTOP,0,3,0.0%,58.3
東京 灣 大倉 酒店,jpn,DESKTOP,0,3,0.0%,64.0
東京灣舞濱日航大酒店,twn,DESKTOP,0,3,0.0%,77.3
東京迪士尼 happy entry,hkg,MOBILE,0,3,0.0%,9.0
東京迪士尼免費接駁車,jpn,MOBILE,0,3,0.0%,8.7
東京迪士尼免費接駁車,twn,DESKTOP,0,3,0.0%,5.7
東京迪士尼接駁車飯店,jpn,MOBILE,0,3,0.0%,8.7
松屋 浦安駅前店,jpn,MOBILE,0,3,0.0%,46.0
浦安 5000 円 券,jpn,MOBILE,0,3,0.0%,5.0
浦安 たこ焼き,jpn,MOBILE,0,3,0.0%,47.0
浦安 サンドイッチ,jpn,MOBILE,0,3,0.0%,49.0
浦安 ドッグラン,jpn,MOBILE,0,3,0.0%,20.3
浦安 ニュース,jpn,DESKTOP,0,3,0.0%,11.7
浦安 ピンサロ,jpn,MOBILE,0,3,0.0%,41.0
浦安 ホテル 子連れ,jpn,MOBILE,0,3,0.0%,42.0
浦安 ホテル 安い,jpn,DESKTOP,0,3,0.0%,35.7
浦安 九州,jpn,DESKTOP,0,3,0.0%,45.7
浦安 二次会,jpn,MOBILE,0,3,0.0%,37.3
浦安 古着回収,jpn,DESKTOP,0,3,0.0%,8.0
浦安 墓地公園 バス 時刻 表,jpn,TABLET,0,3,0.0%,9.3
浦安 墓地公園無料 バス,jpn,DESKTOP,0,3,0.0%,2.7
浦安 市 冠水 情報,jpn,MOBILE,0,3,0.0%,17.3
浦安 幸楽苑,jpn,DESKTOP,0,3,0.0%,59.3
浦安 新規オープン,jpn,DESKTOP,0,3,0.0%,11.7
浦安 格安ホテル,jpn,DESKTOP,0,3,0.0%,32.3
浦安 泰興 閉店,jpn,MOBILE,0,3,0.0%,9.7
浦安 田所商店,jpn,DESKTOP,0,3,0.0%,3.3
浦安 祭り,jpn,DESKTOP,0,3,0.0%,3.0
浦安 祭り 今日,jpn,DESKTOP,0,3,0.0%,26.3
浦安 花火 大会 2026 申し込み,jpn,DESKTOP,0,3,0.0%,10.0
浦安ブライトンホテル東京ベイ チェックイン前 荷物 預かり,usa,DESKTOP,0,3,0.0%,11.0
浦安夏祭り2026,jpn,DESKTOP,0,3,0.0%,2.3
浦安市 おさんぽバス,jpn,MOBILE,0,3,0.0%,6.3
浦安市 商品券 2026,jpn,MOBILE,0,3,0.0%,5.3
浦安市 夏祭り 2026,jpn,DESKTOP,0,3,0.0%,3.7
浦安市 年金 相談,jpn,MOBILE,0,3,0.0%,26.7
浦安市 水遊び,jpn,MOBILE,0,3,0.0%,10.3
浦安市 水道料金,jpn,DESKTOP,0,3,0.0%,7.0
浦安市 花火大会 2026,phl,MOBILE,0,3,0.0%,6.0
浦安市 衣類回収,jpn,MOBILE,0,3,0.0%,7.3
浦安市ホームページ,jpn,DESKTOP,0,3,0.0%,27.0
浦安市花火大会 2026 チケット,jpn,DESKTOP,0,3,0.0%,8.0
浦安市花火大会2026,jpn,TABLET,0,3,0.0%,5.7
浦安死亡事故,jpn,MOBILE,0,3,0.0%,8.3
浦安納涼盆踊り大会,jpn,MOBILE,0,3,0.0%,6.3
浦安花火大会,jpn,MOBILE,0,3,0.0%,3.0
浦安花火大会 2026 チケット,jpn,MOBILE,0,3,0.0%,4.7
浦安花火大会 抽選,jpn,MOBILE,0,3,0.0%,7.0
浦安駅 リニューアル,jpn,MOBILE,0,3,0.0%,3.7
浦安駅 麻辣湯,jpn,MOBILE,0,3,0.0%,13.3
焼肉レストラン ソウル 浦安店,jpn,DESKTOP,0,3,0.0%,41.0
焼鳥 蕎麦 二尺五寸,jpn,TABLET,0,3,0.0%,9.3
焼鳥 蕎麦（そば） 二尺五寸,jpn,MOBILE,0,3,0.0%,5.3
焼鳥蕎麦 二尺五寸,jpn,DESKTOP,0,3,0.0%,8.7
肉汁餃子製作所ダンダダン酒場浦安店,jpn,MOBILE,0,3,0.0%,29.0
舞浜,twn,DESKTOP,0,3,0.0%,50.3
舞浜 ごんちゃ,jpn,DESKTOP,0,3,0.0%,5.7
舞浜 イクスピアリ ガチャガチャ,jpn,MOBILE,0,3,0.0%,12.0
舞浜 ホテル荷物預かり,jpn,MOBILE,0,3,0.0%,10.0
舞浜 手土産,jpn,MOBILE,0,3,0.0%,10.3
舞浜 日帰り温泉,jpn,DESKTOP,0,3,0.0%,19.7
舞浜 着替え,jpn,MOBILE,0,3,0.0%,9.7
舞浜 荷物預かり,jpn,DESKTOP,0,3,0.0%,9.3
舞浜ビューホテル ハロウィン,jpn,MOBILE,0,3,0.0%,10.0
舞浜ファーストリゾート 荷物預かり,jpn,MOBILE,0,3,0.0%,10.7
舞浜雨,jpn,MOBILE,0,3,0.0%,10.7
舞浜駅 ホテル 荷物預け,jpn,MOBILE,0,3,0.0%,21.7
舞浜駅 荷物 ホテル,jpn,DESKTOP,0,3,0.0%,8.3
舞浜駅 荷物預かり ホテル,jpn,MOBILE,0,3,0.0%,10.0
舞濱去東京鐵塔,hkg,TABLET,0,3,0.0%,16.0
舞濱去淺草,hkg,TABLET,0,3,0.0%,28.3
葛西臨海公園 観覧車 ディズニー,jpn,DESKTOP,0,3,0.0%,10.3
葛西臨海公園 観覧車 ディズニー,jpn,MOBILE,0,3,0.0%,9.3
行徳マルエツ閉店,jpn,DESKTOP,0,3,0.0%,5.7
西友 浦安店 フロア マップ,jpn,MOBILE,0,3,0.0%,9.7
近くのお祭り,jpn,MOBILE,0,3,0.0%,1.0
酒店比較,hkg,DESKTOP,0,3,0.0%,51.3
마이하마 흡연 호텔,kor,MOBILE,0,3,0.0%,12.7
미츠이 가든 호텔 프라나 도쿄 베이,kor,DESKTOP,0,3,0.0%,33.3
신우라야스 데리헤루,jpn,DESKTOP,0,3,0.0%,41.3
우라 야스,kor,DESKTOP,0,3,0.0%,45.0
우라야스 브라이튼 호텔 도쿄베이,kor,MOBILE,0,3,0.0%,28.7
"저는 한국에 있습니다. 출장객인 저에게는 편리함, 신뢰성, 업무 편의 시설, 그리고 신속한 서비스가 무엇보다 중요합니다. 힐튼은 아이 동반 가족을 위한 특별 혜택이 있나요?",kor,DESKTOP,0,3,0.0%,78.7
토이 스토리 호텔,kor,DESKTOP,0,3,0.0%,32.7
호텔 에미온 도쿄 베이,kor,DESKTOP,0,3,0.0%,28.7
힐튼 도쿄 베이,kor,DESKTOP,0,3,0.0%,45.0
"""きんとうん"" 事業終了 or 閉鎖 or 閉店 or 撤退",idn,DESKTOP,0,2,0.0%,29.5
"""ウラヤ"" 逮捕 or 訴訟 or 詐欺 or 送検",can,DESKTOP,0,2,0.0%,25.5
1.5次会 浦安,jpn,MOBILE,0,2,0.0%,33.0
2026浦安花火大会,jpn,MOBILE,0,2,0.0%,11.0
6bancho_ ロクバンチョウ,jpn,MOBILE,0,2,0.0%,41.5
barefoot museum,nor,MOBILE,0,2,0.0%,5.0
bay hotel urayasu station,usa,DESKTOP,0,2,0.0%,45.0
bay hotel urayasu station,usa,MOBILE,0,2,0.0%,20.0
brighton hotel maihama,usa,DESKTOP,0,2,0.0%,10.0
buy disneysea tickets,gbr,DESKTOP,0,2,0.0%,42.0
buy disneysea tickets,usa,DESKTOP,0,2,0.0%,31.5
c-pla 舞浜,jpn,MOBILE,0,2,0.0%,14.0
cheap hotel near tokyo disneyland,usa,DESKTOP,0,2,0.0%,48.5
cheap hotels in urayasu,arg,DESKTOP,0,2,0.0%,19.0
cheap hotels in urayasu,chl,DESKTOP,0,2,0.0%,25.0
cheap hotels in urayasu,chl,MOBILE,0,2,0.0%,16.5
cheap hotels in urayasu,col,MOBILE,0,2,0.0%,16.0
cheap hotels in urayasu,gbr,MOBILE,0,2,0.0%,21.5
cheap hotels in urayasu,mar,MOBILE,0,2,0.0%,22.0
cheap hotels in urayasu,ury,DESKTOP,0,2,0.0%,17.5
cheap hotels in urayasu,ven,MOBILE,0,2,0.0%,21.5
cheap hotels in urayasu,vnm,MOBILE,0,2,0.0%,22.0
cheap hotels near tokyo disneyland,sgp,DESKTOP,0,2,0.0%,26.5
cheapest tokyo disney hotel,usa,DESKTOP,0,2,0.0%,41.5
closest airport to tokyo disney,usa,DESKTOP,0,2,0.0%,53.0
comfort suites tokyo bay,hkg,DESKTOP,0,2,0.0%,39.5
comfort suites tokyo bay,ind,DESKTOP,0,2,0.0%,34.0
comfort suites tokyo bay,twn,DESKTOP,0,2,0.0%,21.5
comfort suites tokyo bay shuttle bus,mac,MOBILE,0,2,0.0%,7.0
convenience store near me,jpn,MOBILE,0,2,0.0%,1.0
cvs bay hotel,twn,DESKTOP,0,2,0.0%,52.0
denbaラウンジ 新浦安,jpn,MOBILE,0,2,0.0%,13.5
disney happy entry,jpn,MOBILE,0,2,0.0%,9.5
disney happy entry,rus,MOBILE,0,2,0.0%,7.5
disney happy entry,twn,MOBILE,0,2,0.0%,7.0
disney japan tickets,gbr,DESKTOP,0,2,0.0%,44.5
disneyland tokyo early entry,vnm,DESKTOP,0,2,0.0%,20.5
emion hotel tokyo,usa,DESKTOP,0,2,0.0%,28.0
emion tokyo bay,aus,DESKTOP,0,2,0.0%,28.5
emion tokyo bay hotel,usa,DESKTOP,0,2,0.0%,27.5
family friendly hotel in miyazaki,usa,DESKTOP,0,2,0.0%,68.5
family friendly hotel in miyazaki,usa,MOBILE,0,2,0.0%,81.0
family friendly hotel in susami,usa,DESKTOP,0,2,0.0%,89.5
family friendly hotels in asakusa,usa,DESKTOP,0,2,0.0%,53.5
family resort fifty's for maihama,gbr,DESKTOP,0,2,0.0%,41.5
fantasy springs check out time,usa,DESKTOP,0,2,0.0%,23.0
fantasy springs grand chateau,usa,DESKTOP,0,2,0.0%,42.5
fantasy springs hotel phone number,usa,DESKTOP,0,2,0.0%,27.5
flexstay inn shin urayasu,usa,DESKTOP,0,2,0.0%,36.5
foodies deli フーディーズデリ,jpn,MOBILE,0,2,0.0%,50.0
free shuttle bus to tokyo disneyland,usa,MOBILE,0,2,0.0%,10.0
grand monday resort tokyo bay maihama,usa,DESKTOP,0,2,0.0%,13.0
grand monday resort 東京ベイ舞浜,twn,DESKTOP,0,2,0.0%,10.5
happy entry,hkg,DESKTOP,0,2,0.0%,8.0
happy entry,jpn,MOBILE,0,2,0.0%,8.5
happy entry disneysea,rus,MOBILE,0,2,0.0%,11.0
happy entry tokyo disney,can,MOBILE,0,2,0.0%,10.5
happy entry tokyo disney,idn,DESKTOP,0,2,0.0%,6.0
happy entry tokyo disney,twn,MOBILE,0,2,0.0%,7.0
hilton tokyo bay convenience store,aus,MOBILE,0,2,0.0%,7.5
hilton tokyo bay lawson,jpn,MOBILE,0,2,0.0%,10.5
hilton tokyo bay phone number,usa,DESKTOP,0,2,0.0%,35.0
hiyori hotel maihama,usa,DESKTOP,0,2,0.0%,30.5
hotel dream gate maihama,mex,MOBILE,0,2,0.0%,14.0
hotel emion tokyo,aus,DESKTOP,0,2,0.0%,28.0
hotel emion tokyo bay,hkg,DESKTOP,0,2,0.0%,31.0
hotel emion tokyo bay,sgp,DESKTOP,0,2,0.0%,35.5
hotel emion tokyo bay japan,can,DESKTOP,0,2,0.0%,30.5
hotel mystays maihama,gbr,DESKTOP,0,2,0.0%,28.5
hotel mystays maihama,mys,DESKTOP,0,2,0.0%,28.5
hotel mystays maihama,nzl,DESKTOP,0,2,0.0%,23.5
hotel mystays maihama tokyo,nld,DESKTOP,0,2,0.0%,25.0
hotel mystays maihama tokyo,usa,DESKTOP,0,2,0.0%,27.0
hotels in urayasu,jpn,MOBILE,0,2,0.0%,31.0
hotels near maihama station,jpn,DESKTOP,0,2,0.0%,23.5
hotels near saga ninja village,usa,DESKTOP,0,2,0.0%,60.5
hotels near tokyo disneyland with free shuttle,sgp,DESKTOP,0,2,0.0%,21.5
how far is urayasu from tokyo,usa,DESKTOP,0,2,0.0%,34.0
ibis styles tokyo bay,kor,DESKTOP,0,2,0.0%,55.0
jr東日本 京葉線 運行情報 2026年8月15日,jpn,DESKTOP,0,2,0.0%,11.0
karte mit hotels in fujimi-machi,arg,DESKTOP,0,2,0.0%,26.0
karte mit hotels in fujimi-machi,bra,MOBILE,0,2,0.0%,27.0
karte mit hotels in fujimi-machi,chl,DESKTOP,0,2,0.0%,24.5
karte mit hotels in fujimi-machi,idn,DESKTOP,0,2,0.0%,24.0
karte mit hotels in fujimi-machi,ind,DESKTOP,0,2,0.0%,25.5
lawson near me,jpn,MOBILE,0,2,0.0%,1.0
lawsons near me,jpn,MOBILE,0,2,0.0%,1.0
maihama,gbr,DESKTOP,0,2,0.0%,26.5
maihama station,gbr,DESKTOP,0,2,0.0%,43.0
maihama station,ind,DESKTOP,0,2,0.0%,57.0
maihama to shin-urayasu travel time jr keiyo line,usa,DESKTOP,0,2,0.0%,11.0
maihama view hotel by hulic shuttle bus,usa,MOBILE,0,2,0.0%,12.0
max wash & cafe,hkg,DESKTOP,0,2,0.0%,3.0
mystay maihama,aus,DESKTOP,0,2,0.0%,24.5
mystays maihama hotel,can,DESKTOP,0,2,0.0%,26.0
mystays 舞 濱,twn,MOBILE,0,2,0.0%,18.0
mystays 舞 濱 酒店,hkg,DESKTOP,0,2,0.0%,34.0
mystays 舞 濱 酒店,twn,DESKTOP,0,2,0.0%,40.5
nクリニック,jpn,MOBILE,0,2,0.0%,11.5
n響,jpn,TABLET,0,2,0.0%,50.0
n響 浦安,jpn,MOBILE,0,2,0.0%,10.5
oriental hotel tokyo bay,aus,DESKTOP,0,2,0.0%,59.5
oriental hotel tokyo bay,sgp,DESKTOP,0,2,0.0%,54.0
perch diner,jpn,DESKTOP,0,2,0.0%,14.5
porky's kitchen 浦安店,jpn,DESKTOP,0,2,0.0%,42.5
premium hotel monday maihama view i,usa,DESKTOP,0,2,0.0%,49.0
sheraton grande tokyo bay hotel urayasu,gbr,DESKTOP,0,2,0.0%,45.0
shin urayasu station,idn,DESKTOP,0,2,0.0%,29.5
shin urayasu station,jpn,DESKTOP,0,2,0.0%,26.5
shin urayasu station,sgp,DESKTOP,0,2,0.0%,29.0
shin-urayasu,gbr,DESKTOP,0,2,0.0%,22.5
shin-urayasu station,aus,DESKTOP,0,2,0.0%,27.0
shin-urayasu station to maihama station travel time,usa,DESKTOP,0,2,0.0%,6.5
shin-urayasu to maihama train time,usa,DESKTOP,0,2,0.0%,10.0
shin-urayasu to maihama travel time 3 minutes,usa,DESKTOP,0,2,0.0%,9.0
shin-urayasu to maihama travel time jr keiyo line 3 minutes,usa,DESKTOP,0,2,0.0%,8.0
supermarket near me,jpn,MOBILE,0,2,0.0%,1.0
the golf base,jpn,MOBILE,0,2,0.0%,6.0
the royal park hotel maihama resort tokyo bay shuttle bus,aus,MOBILE,0,2,0.0%,9.5
things to do in maihama,are,DESKTOP,0,2,0.0%,13.5
things to do in maihama,arg,DESKTOP,0,2,0.0%,12.0
things to do in maihama,col,DESKTOP,0,2,0.0%,12.0
things to do in urayasu,usa,MOBILE,0,2,0.0%,20.0
things to do near me,jpn,MOBILE,0,2,0.0%,1.0
tokyo disney celebration hotel discover,twn,MOBILE,0,2,0.0%,10.0
tokyo disney resort official access maihama urayasu chiba,usa,DESKTOP,0,2,0.0%,10.5
tokyo disney tickets,usa,MOBILE,0,2,0.0%,57.5
tokyo disneyland happy entry,ita,DESKTOP,0,2,0.0%,11.0
tokyo disneyland hotel happy entry,can,MOBILE,0,2,0.0%,9.0
tokyo disneyland hotel happy entry,kor,MOBILE,0,2,0.0%,11.0
tokyo disneyland hotels map,ind,DESKTOP,0,2,0.0%,25.0
tokyo disneyland ticket,usa,MOBILE,0,2,0.0%,55.0
tokyo disneyland tickets,phl,DESKTOP,0,2,0.0%,34.5
tokyo disneyland urayasu,arg,MOBILE,0,2,0.0%,28.0
tokyo urayasu,usa,DESKTOP,0,2,0.0%,37.5
toy story hotel official website,kor,DESKTOP,0,2,0.0%,10.0
urayasu,gbr,DESKTOP,0,2,0.0%,52.0
urayasu,twn,MOBILE,0,2,0.0%,10.0
urayasu beaufort hotel,twn,DESKTOP,0,2,0.0%,34.0
urayasu brighton hotel,can,DESKTOP,0,2,0.0%,29.5
urayasu brighton hotel,sgp,DESKTOP,0,2,0.0%,15.0
urayasu brighton hotel,usa,DESKTOP,0,2,0.0%,34.5
urayasu brighton hotel baggage storage before check-in,usa,DESKTOP,0,2,0.0%,8.0
urayasu brighton hotel luggage storage before check-in,are,DESKTOP,0,2,0.0%,6.0
urayasu brighton hotel tokyo bay,hkg,DESKTOP,0,2,0.0%,11.5
urayasu brighton hotel tokyo bay,idn,MOBILE,0,2,0.0%,11.5
urayasu brighton hotel tokyo bay,tha,DESKTOP,0,2,0.0%,14.0
urayasu brighton hotel tokyo bay connected to shin-urayasu station,are,DESKTOP,0,2,0.0%,7.0
urayasu brighton hotel tokyo bay connected to shin-urayasu station,usa,DESKTOP,0,2,0.0%,10.5
urayasu brighton hotel tokyo bay directly connected to shin-urayasu station,usa,DESKTOP,0,2,0.0%,11.5
urayasu brighton hotel tokyo bay location connected to shin-urayasu station,usa,DESKTOP,0,2,0.0%,9.5
urayasu brighton hotel tokyo bay location shin-urayasu station,mex,DESKTOP,0,2,0.0%,10.5
urayasu brighton hotel tokyo bay luggage storage before check-in bell desk,usa,DESKTOP,0,2,0.0%,3.0
urayasu brighton hotel tokyo bay official website,twn,DESKTOP,0,2,0.0%,8.0
urayasu brighton hotel tokyo bay shin-urayasu station connected,usa,DESKTOP,0,2,0.0%,10.0
urayasu brighton hotel tokyo bay shin-urayasu station directly connected,usa,DESKTOP,0,2,0.0%,11.0
urayasu city traffic park,usa,DESKTOP,0,2,0.0%,3.0
urayasu hotels,bgd,MOBILE,0,2,0.0%,28.5
urayasu hotels,col,MOBILE,0,2,0.0%,26.5
urayasu hotels,idn,MOBILE,0,2,0.0%,27.5
urayasu hotels,ind,MOBILE,0,2,0.0%,28.5
urayasu hotels with shuttle,are,DESKTOP,0,2,0.0%,18.0
urayasu hotels with shuttle,arg,DESKTOP,0,2,0.0%,17.0
urayasu hotels with shuttle,col,DESKTOP,0,2,0.0%,17.0
urayasu hotels with shuttle,ind,DESKTOP,0,2,0.0%,20.5
urayasu hotels with shuttle,kor,DESKTOP,0,2,0.0%,25.0
urayasu hotels with shuttle,pak,DESKTOP,0,2,0.0%,25.0
urayasu mangekyo,usa,DESKTOP,0,2,0.0%,30.5
urayasu seaside park,sgp,MOBILE,0,2,0.0%,7.0
urayasu station,jpn,DESKTOP,0,2,0.0%,24.5
urayasu sun hotel,usa,DESKTOP,0,2,0.0%,35.0
urayasu tokyo,usa,DESKTOP,0,2,0.0%,46.0
urayasu traffic park,usa,DESKTOP,0,2,0.0%,4.0
urayasu 中文,gbr,MOBILE,0,2,0.0%,9.0
vegego イクスピアリ メニュー,jpn,MOBILE,0,2,0.0%,11.0
vegego 舞浜イクスピアリ メニュー,jpn,MOBILE,0,2,0.0%,15.0
what are the most family-friendly hotels in tokyo near disneyland?,usa,DESKTOP,0,2,0.0%,10.0
where do you buy disneyland tickets,idn,DESKTOP,0,2,0.0%,48.0
where to buy tokyo disneysea tickets,can,DESKTOP,0,2,0.0%,42.0
yes,aus,MOBILE,0,2,0.0%,5.0
おいしんぼくずは美咲店,jpn,DESKTOP,0,2,0.0%,35.5
おいしんぼくずは美咲店,jpn,MOBILE,0,2,0.0%,38.5
お祭り,jpn,DESKTOP,0,2,0.0%,1.0
くし安本店,jpn,MOBILE,0,2,0.0%,41.5
こさる滝野店,jpn,MOBILE,0,2,0.0%,39.0
どんどんまるや,jpn,MOBILE,0,2,0.0%,47.0
にしだ場 南行徳,jpn,DESKTOP,0,2,0.0%,7.0
にしだ場南行徳,jpn,DESKTOP,0,2,0.0%,8.0
のとじま食堂矢田新店,jpn,DESKTOP,0,2,0.0%,49.5
ふるさと浦安作品展,jpn,DESKTOP,0,2,0.0%,5.5
ふるさと浦安作品展 受賞 作品,jpn,MOBILE,0,2,0.0%,12.0
べら安,jpn,DESKTOP,0,2,0.0%,32.5
まどマギ 舞台挨拶中継,jpn,MOBILE,0,2,0.0%,10.0
まどマギ舞台挨拶中継,jpn,MOBILE,0,2,0.0%,10.0
みんくる 浦安駅前店 浦安市猫実,jpn,DESKTOP,0,2,0.0%,10.5
アイケア 浦安,jpn,MOBILE,0,2,0.0%,11.0
アイケアラボ 浦安,jpn,DESKTOP,0,2,0.0%,9.0
アイス 浦安市北栄,jpn,MOBILE,0,2,0.0%,42.5
アサイー イクスピアリ,jpn,MOBILE,0,2,0.0%,11.0
アトレ新浦安 ガーデンテラス,jpn,MOBILE,0,2,0.0%,9.5
アトレ新浦安 リニューアル,jpn,MOBILE,0,2,0.0%,21.0
イオン 妙典 小児科,jpn,MOBILE,0,2,0.0%,8.5
イオン新浦安 カーブス,jpn,DESKTOP,0,2,0.0%,6.0
イクスピアリ まどマギ,jpn,MOBILE,0,2,0.0%,8.5
イクスピアリ アサイー,jpn,MOBILE,0,2,0.0%,9.5
イクスピアリ ガチャガチャ ディズニー,jpn,MOBILE,0,2,0.0%,5.0
イクスピアリ ガチャガチャ 営業 時間,jpn,MOBILE,0,2,0.0%,9.0
イクスピアリ クラブシープラ,jpn,TABLET,0,2,0.0%,10.0
イクスピアリ シープラ 営業時間,jpn,MOBILE,0,2,0.0%,11.5
イクスピアリ スプラッシュ,jpn,MOBILE,0,2,0.0%,6.5
イクスピアリ セール,jpn,DESKTOP,0,2,0.0%,46.0
イクスピアリ 一風堂,jpn,MOBILE,0,2,0.0%,5.5
イクスピアリ 新店舗,jpn,DESKTOP,0,2,0.0%,32.0
イクスピアリガチャガチャ,jpn,DESKTOP,0,2,0.0%,10.5
イクスピアリゴンチャ営業時間,jpn,MOBILE,0,2,0.0%,10.0
イクスピアリ限定,jpn,MOBILE,0,2,0.0%,10.0
ウィズキッズシネマ,jpn,DESKTOP,0,2,0.0%,11.0
ウラヤスマーケッツ,jpn,DESKTOP,0,2,0.0%,22.0
エビアン・グローイングアツプ,jpn,DESKTOP,0,2,0.0%,32.0
カシュカシュ 7 土浦市真鍋,jpn,DESKTOP,0,2,0.0%,44.0
カドショク浦安店飲食コーナー,jpn,DESKTOP,0,2,0.0%,28.5
カーブス イオン新浦安,jpn,MOBILE,0,2,0.0%,7.5
ガチャガチャ 舞浜,jpn,MOBILE,0,2,0.0%,11.5
クラシモスタジアム浦安,jpn,MOBILE,0,2,0.0%,11.5
クラブシープラ イクスピアリ,jpn,DESKTOP,0,2,0.0%,8.0
グッドネイバーホテル,jpn,MOBILE,0,2,0.0%,4.0
グランドニッコー東京ベイ 荷物配送,jpn,MOBILE,0,2,0.0%,14.5
グランドニッコー東京ベイ 荷物預かり,jpn,MOBILE,0,2,0.0%,11.0
グランドニッコー東京ベイ舞浜 夏祭り,jpn,MOBILE,0,2,0.0%,10.5
グランドニッコー東京ベイ舞浜荷物送る,jpn,MOBILE,0,2,0.0%,11.0
グリル満天星 新浦安店,jpn,DESKTOP,0,2,0.0%,25.5
ゴンチャ 舞浜,jpn,DESKTOP,0,2,0.0%,7.5
ゴンチャ舞浜,jpn,TABLET,0,2,0.0%,12.0
サミット 浦安,jpn,DESKTOP,0,2,0.0%,69.5
サンコーポ夏祭り,jpn,MOBILE,0,2,0.0%,7.0
サンコーポ浦安 夏祭り 2026,jpn,DESKTOP,0,2,0.0%,3.0
シェラトン トスティーナ,jpn,DESKTOP,0,2,0.0%,2.5
シェラトングランデ東京ベイ ハッピーエントリー,jpn,MOBILE,0,2,0.0%,8.0
シュガリー イクスピアリ,jpn,MOBILE,0,2,0.0%,11.0
セリア 行徳駅,jpn,MOBILE,0,2,0.0%,2.0
ダイソー マルエツ 行徳 店,jpn,DESKTOP,0,2,0.0%,11.5
ダイソー マルエツ 行徳 店,jpn,MOBILE,0,2,0.0%,7.0
ダイソー行徳店,jpn,DESKTOP,0,2,0.0%,8.5
チュラス,jpn,MOBILE,0,2,0.0%,9.0
チームラボ ディズニー,jpn,MOBILE,0,2,0.0%,2.0
ディズニー dpa値上げ,jpn,MOBILE,0,2,0.0%,10.5
ディズニー 周辺 プール,jpn,DESKTOP,0,2,0.0%,49.5
ディズニー 近く 水族館,jpn,DESKTOP,0,2,0.0%,55.0
ディズニー 近く 温泉,jpn,DESKTOP,0,2,0.0%,42.0
ディズニーシー チケット,jpn,DESKTOP,0,2,0.0%,67.5
ディズニーシー チケット 購入,jpn,MOBILE,0,2,0.0%,37.5
ディズニープレミアアクセス 値上げ,jpn,MOBILE,0,2,0.0%,9.5
ディズニーランド シー チケット,jpn,DESKTOP,0,2,0.0%,51.5
ディズニー値上げ dpa,jpn,MOBILE,0,2,0.0%,46.5
デュオセーヌ浦安,jpn,DESKTOP,0,2,0.0%,15.0
トライアル西友 浦安,jpn,DESKTOP,0,2,0.0%,38.5
ドトール 浦安,jpn,DESKTOP,0,2,0.0%,68.0
ドンキ 行徳,jpn,DESKTOP,0,2,0.0%,23.5
ニューコースト新浦安麻辣湯,jpn,DESKTOP,0,2,0.0%,9.0
ニューコースト麻辣湯,jpn,TABLET,0,2,0.0%,9.0
ノックス 浦安市猫実,jpn,MOBILE,0,2,0.0%,20.0
ハイアットリージェンシー東京 ムーミン,jpn,DESKTOP,0,2,0.0%,10.0
バルドラール,jpn,DESKTOP,0,2,0.0%,40.0
バルドラール浦安,jpn,MOBILE,0,2,0.0%,31.5
ヒュッテベルク松新店,jpn,MOBILE,0,2,0.0%,48.5
ピアリ ガチャガチャ,jpn,MOBILE,0,2,0.0%,11.5
ピアリ シープラ,jpn,MOBILE,0,2,0.0%,12.0
ファーストリゾート 荷物預かり,jpn,MOBILE,0,2,0.0%,10.5
フォーストーリーズホテル舞浜 東京ベイ,jpn,DESKTOP,0,2,0.0%,53.5
フォーストーリーズホテル舞浜東京ベイ,jpn,DESKTOP,0,2,0.0%,72.5
フォーストーリーズホテル舞浜東京ベイ シャトルバス,jpn,DESKTOP,0,2,0.0%,24.5
フットサル 浦安,jpn,DESKTOP,0,2,0.0%,34.5
ブリオベッカ浦安 天皇杯,jpn,MOBILE,0,2,0.0%,6.5
プラハチェロリパブリック 2026,jpn,TABLET,0,2,0.0%,10.0
ヘア ポリッシュ 浦安店 浦安市猫実,jpn,DESKTOP,0,2,0.0%,27.5
ヘア ポリッシュ 浦安店 浦安市猫実,jpn,MOBILE,0,2,0.0%,27.0
ベジゴー イクスピアリ,jpn,MOBILE,0,2,0.0%,13.5
ベストシーン エルシティ新浦安七番館店 浦安市美浜,jpn,DESKTOP,0,2,0.0%,43.5
ホテル エミオン 東京ベイ 荷物 預かり,jpn,MOBILE,0,2,0.0%,10.0
ホテル 醍醐 浦安,jpn,DESKTOP,0,2,0.0%,50.5
ホテル 醍醐 浦安 閉店,jpn,MOBILE,0,2,0.0%,7.0
ホテルユーラシア 日帰り温泉,jpn,MOBILE,0,2,0.0%,11.5
マイステイズ新浦安 朝食,jpn,MOBILE,0,2,0.0%,2.0
マインド 浦安,jpn,DESKTOP,0,2,0.0%,31.5
マクドナルド 新浦安,jpn,DESKTOP,0,2,0.0%,49.0
マクドナルド 新浦安駅前店 mcdonalds shin-urayasu eki-mae,jpn,DESKTOP,0,2,0.0%,44.5
マクドナルド 新浦安駅前店 mcdonalds shin-urayasu eki-mae,jpn,MOBILE,0,2,0.0%,46.5
マルエツ 浦安,jpn,DESKTOP,0,2,0.0%,55.5
マルエツ 行徳,jpn,MOBILE,0,2,0.0%,22.0
マルエツ 行徳 店 跡地 何 が できる,jpn,DESKTOP,0,2,0.0%,10.0
マルエツ 行徳 駅前,jpn,DESKTOP,0,2,0.0%,43.0
マルエツ 行徳店,jpn,DESKTOP,0,2,0.0%,23.0
マルエツ 行徳店 閉店,jpn,TABLET,0,2,0.0%,7.0
マルエツ 閉店,jpn,DESKTOP,0,2,0.0%,67.0
マルエツ行徳店閉店,jpn,TABLET,0,2,0.0%,8.0
マーラー タン 新浦安,jpn,MOBILE,0,2,0.0%,11.0
マーレ 新浦安,jpn,DESKTOP,0,2,0.0%,59.0
マーヴ浦安,jpn,DESKTOP,0,2,0.0%,45.0
ユーラシア 浦安市民デー,jpn,MOBILE,0,2,0.0%,1.0
ユーラシア 温泉,jpn,DESKTOP,0,2,0.0%,38.5
ヨゴリーノ ショッパーズプラザ新浦安店,jpn,DESKTOP,0,2,0.0%,36.0
ラーメン 善,jpn,DESKTOP,0,2,0.0%,4.0
ラーメン大統領浦安店,jpn,DESKTOP,0,2,0.0%,43.5
リゾートライン 貸切イベント,jpn,MOBILE,0,2,0.0%,14.5
リンコス ベイタウン,jpn,DESKTOP,0,2,0.0%,66.0
リンツ 浦安,jpn,MOBILE,0,2,0.0%,21.5
レストランウェディング 浦安,jpn,MOBILE,0,2,0.0%,18.0
ロッテ 浦安,jpn,MOBILE,0,2,0.0%,7.5
ローソンストア100 浦安,jpn,MOBILE,0,2,0.0%,9.5
ワイズマート 弁天,jpn,DESKTOP,0,2,0.0%,25.5
ワイズマート 浦安弁天店,jpn,MOBILE,0,2,0.0%,15.0
三ツ星和麺,jpn,MOBILE,0,2,0.0%,25.5
三井花園飯店prana東京灣,twn,DESKTOP,0,2,0.0%,49.5
三社祭 浦安,jpn,MOBILE,0,2,0.0%,3.0
世安,jpn,DESKTOP,0,2,0.0%,58.5
东京 湾 希尔顿 酒店,hkg,DESKTOP,0,2,0.0%,61.0
五祭 2026,jpn,DESKTOP,0,2,0.0%,8.0
今日 この 近くで やっ てる イベント 千葉県,jpn,MOBILE,0,2,0.0%,1.0
保険 浦安市,jpn,DESKTOP,0,2,0.0%,20.0
入船東エステート 夏祭り,jpn,MOBILE,0,2,0.0%,9.0
北栄 ハンバーガー,jpn,MOBILE,0,2,0.0%,11.5
千葉県浦安市東野一丁目136番,jpn,DESKTOP,0,2,0.0%,8.0
双葉 浦安,jpn,DESKTOP,0,2,0.0%,48.0
和麺,jpn,DESKTOP,0,2,0.0%,10.0
和麺善,jpn,TABLET,0,2,0.0%,9.5
善 ラーメン 浦安,jpn,MOBILE,0,2,0.0%,8.5
夏祭り,jpn,DESKTOP,0,2,0.0%,2.5
夢幻泉鄉飯店,twn,DESKTOP,0,2,0.0%,46.0
妙典 キャップスクリニック,jpn,DESKTOP,0,2,0.0%,7.5
妙典 盆踊り,jpn,DESKTOP,0,2,0.0%,3.0
子連れ ディズニー 持ち物,jpn,MOBILE,0,2,0.0%,71.0
市川市 泌尿器科 おすすめ,jpn,MOBILE,0,2,0.0%,1.0
平城苑 garden 浦安店,jpn,MOBILE,0,2,0.0%,38.0
引っ越し 浦安市 11月,jpn,DESKTOP,0,2,0.0%,48.5
引っ越し 浦安市 7月,jpn,DESKTOP,0,2,0.0%,28.0
引っ越し 浦安市 7月,jpn,MOBILE,0,2,0.0%,26.5
引っ越し 浦安市 9月,jpn,MOBILE,0,2,0.0%,48.5
引越し 浦安市,jpn,DESKTOP,0,2,0.0%,39.5
新店閉店,jpn,MOBILE,0,2,0.0%,3.0
新浦安,twn,DESKTOP,0,2,0.0%,49.5
新浦安 お祭り 2026,jpn,DESKTOP,0,2,0.0%,7.5
新浦安 イベント 明日,jpn,MOBILE,0,2,0.0%,1.0
新浦安 オープン,jpn,MOBILE,0,2,0.0%,17.5
新浦安 サイゼリヤ 営業 時間,jpn,DESKTOP,0,2,0.0%,10.5
新浦安 マクドナルド,jpn,DESKTOP,0,2,0.0%,50.5
新浦安 マーラータン,jpn,MOBILE,0,2,0.0%,15.0
新浦安 再開発,usa,MOBILE,0,2,0.0%,2.0
新浦安 墓地公園 バス,jpn,DESKTOP,0,2,0.0%,7.5
新浦安 天宝,jpn,TABLET,0,2,0.0%,16.0
新浦安 花火,jpn,DESKTOP,0,2,0.0%,20.0
新浦安 花火,jpn,MOBILE,0,2,0.0%,3.0
新浦安 遊び,jpn,MOBILE,0,2,0.0%,37.5
新浦安まつり,jpn,DESKTOP,0,2,0.0%,7.0
新浦安ファミマ,jpn,MOBILE,0,2,0.0%,11.0
新浦安祭り,jpn,DESKTOP,0,2,0.0%,16.5
新浦安花火大会 2026,jpn,DESKTOP,0,2,0.0%,8.0
新浦安駅 コンビニ,jpn,DESKTOP,0,2,0.0%,23.5
日の出公民館 自習室,jpn,DESKTOP,0,2,0.0%,7.0
昼からアルコイリス,jpn,MOBILE,0,2,0.0%,43.5
東京 灣 東方 飯店,jpn,DESKTOP,0,2,0.0%,82.5
東京ベイ舞浜ホテル ファーストリゾート 荷物 預かり,usa,MOBILE,0,2,0.0%,17.0
東京ベイ舞浜ホテル フェア,jpn,DESKTOP,0,2,0.0%,25.0
東京ベイ舞浜ホテル 北海道フェア,jpn,DESKTOP,0,2,0.0%,9.0
東京灣喜來登接駁車,jpn,DESKTOP,0,2,0.0%,16.5
東京灣喜來登接駁車,twn,DESKTOP,0,2,0.0%,20.5
東京灣喜來登接駁車時刻表,twn,MOBILE,0,2,0.0%,9.5
東京灣大倉酒店,twn,DESKTOP,0,2,0.0%,63.5
東京灣大倉飯店,twn,DESKTOP,0,2,0.0%,76.0
東京灣希爾頓接駁車時刻表,twn,DESKTOP,0,2,0.0%,1.0
東京迪士尼 門票,twn,MOBILE,0,2,0.0%,63.5
東京迪士尼下雨,twn,MOBILE,0,2,0.0%,7.0
東京迪士尼下雨怎麼玩,twn,MOBILE,0,2,0.0%,9.5
東京迪士尼免費接駁車,twn,MOBILE,0,2,0.0%,8.5
東京迪士尼接駁車飯店,hkg,MOBILE,0,2,0.0%,10.0
東海大浦安 野球,jpn,DESKTOP,0,2,0.0%,8.0
東野プールいつまで,jpn,MOBILE,0,2,0.0%,12.0
栃木sc 対 浦安,jpn,DESKTOP,0,2,0.0%,13.0
格安ホテル 浦安,jpn,DESKTOP,0,2,0.0%,32.0
横山だいすけ 浦安,jpn,MOBILE,0,2,0.0%,9.0
江户川酒店,sgp,MOBILE,0,2,0.0%,37.5
泌尿器科 江戸川区,jpn,MOBILE,0,2,0.0%,2.5
泰興 浦安,jpn,DESKTOP,0,2,0.0%,50.0
浦安 1.5次会,jpn,MOBILE,0,2,0.0%,44.5
浦安 tsutaya,jpn,DESKTOP,0,2,0.0%,25.0
浦安 かき氷,jpn,DESKTOP,0,2,0.0%,70.0
浦安 イベント,ita,MOBILE,0,2,0.0%,41.0
浦安 オムライス,jpn,MOBILE,0,2,0.0%,41.5
浦安 カルディ,jpn,DESKTOP,0,2,0.0%,41.0
浦安 コミュニティバス,jpn,DESKTOP,0,2,0.0%,6.0
浦安 ゴミ,jpn,DESKTOP,0,2,0.0%,53.5
浦安 ジョナサン,jpn,DESKTOP,0,2,0.0%,51.0
浦安 ニューオープン,jpn,MOBILE,0,2,0.0%,12.5
浦安 ハンバーガー オープン,jpn,MOBILE,0,2,0.0%,12.0
浦安 バンビドロップス,jpn,MOBILE,0,2,0.0%,11.0
浦安 ビリヤード,jpn,MOBILE,0,2,0.0%,48.0
浦安 フォアグラ,jpn,DESKTOP,0,2,0.0%,42.5
浦安 フォアグラ,jpn,MOBILE,0,2,0.0%,42.5
浦安 ヘルス,jpn,DESKTOP,0,2,0.0%,41.0
浦安 ホットヨガ,jpn,MOBILE,0,2,0.0%,78.5
浦安 マインド,jpn,DESKTOP,0,2,0.0%,40.5
浦安 マラソン 2027,jpn,TABLET,0,2,0.0%,3.0
浦安 マーケット,jpn,DESKTOP,0,2,0.0%,44.0
浦安 万華鏡 跡地 何 ができる,jpn,MOBILE,0,2,0.0%,12.5
浦安 入船 事故,jpn,MOBILE,0,2,0.0%,7.5
浦安 冠水情報,jpn,MOBILE,0,2,0.0%,14.0
浦安 和麺 善,jpn,MOBILE,0,2,0.0%,9.0
浦安 墓地公園 バス 時刻表,jpn,DESKTOP,0,2,0.0%,9.0
浦安 夏 祭り 2026,jpn,DESKTOP,0,2,0.0%,2.5
浦安 大江戸温泉 跡地,jpn,MOBILE,0,2,0.0%,14.5
浦安 岩盤浴,jpn,MOBILE,0,2,0.0%,38.0
浦安 市 ゴミ,jpn,DESKTOP,0,2,0.0%,42.0
浦安 市 粗大 ゴミ,jpn,DESKTOP,0,2,0.0%,68.0
浦安 手持ち花火,jpn,DESKTOP,0,2,0.0%,5.0
浦安 文化会館 コンサート 予定,jpn,MOBILE,0,2,0.0%,5.0
浦安 新しい 店,jpn,MOBILE,0,2,0.0%,10.5
浦安 新店,jpn,DESKTOP,0,2,0.0%,12.5
浦安 新店舗,jpn,MOBILE,0,2,0.0%,14.5
浦安 旅行,jpn,MOBILE,0,2,0.0%,39.5
浦安 温泉 日帰り,jpn,DESKTOP,0,2,0.0%,39.5
浦安 百縁商店街,jpn,DESKTOP,0,2,0.0%,40.0
浦安 盆踊り 2026,kor,MOBILE,0,2,0.0%,3.0
浦安 祭り 2026,jpn,TABLET,0,2,0.0%,2.0
浦安 祭り 8月,jpn,DESKTOP,0,2,0.0%,3.5
浦安 納涼盆踊り大会,jpn,MOBILE,0,2,0.0%,4.5
浦安 結婚式 海,jpn,MOBILE,0,2,0.0%,37.0
浦安 花火 大会 2026,jpn,DESKTOP,0,2,0.0%,9.0
浦安 萬 華 鄉,jpn,DESKTOP,0,2,0.0%,34.5
浦安 運動公園 イベント,jpn,MOBILE,0,2,0.0%,10.0
浦安 雨 被害,jpn,MOBILE,0,2,0.0%,18.0
浦安お祭り 2026,jpn,TABLET,0,2,0.0%,2.0
浦安は？,jpn,MOBILE,0,2,0.0%,2.0
浦安イベント,jpn,DESKTOP,0,2,0.0%,29.5
浦安イベント,jpn,MOBILE,0,2,0.0%,12.5
浦安クリーンセンター営業時間,jpn,MOBILE,0,2,0.0%,9.0
浦安サンホテル,jpn,MOBILE,0,2,0.0%,4.5
浦安サンホテルから舞浜駅,jpn,MOBILE,0,2,0.0%,15.5
浦安バル街,jpn,DESKTOP,0,2,0.0%,8.0
浦安ブライトンホテル 東京ベイ 荷物 預かり チェックイン前,usa,DESKTOP,0,2,0.0%,10.0
浦安ブライトンホテル東京ベイ チェックイン前 荷物 預かり,are,DESKTOP,0,2,0.0%,7.5
浦安ブライトンホテル東京ベイ 荷物 預かり チェックイン前,usa,DESKTOP,0,2,0.0%,10.0
浦安ブライトンホテル東京ベイ ケーキ,jpn,MOBILE,0,2,0.0%,39.0
浦安万華鏡 跡地,jpn,MOBILE,0,2,0.0%,22.0
浦安交通公園,twn,MOBILE,0,2,0.0%,4.0
浦安周辺,jpn,MOBILE,0,2,0.0%,2.0
浦安夏祭り2026,phl,MOBILE,0,2,0.0%,3.0
浦安小学校 盆踊り,jpn,MOBILE,0,2,0.0%,2.0
浦安小学校盆踊り 2026,jpn,DESKTOP,0,2,0.0%,4.5
浦安市 お散歩バス,jpn,MOBILE,0,2,0.0%,9.5
浦安市 お祭り 今日,jpn,MOBILE,0,2,0.0%,2.5
浦安市 ひとり親 支援,jpn,MOBILE,0,2,0.0%,8.0
浦安市 キャッシュレス キャンペーン,jpn,DESKTOP,0,2,0.0%,2.0
浦安市 ハザードマップ 液状化,jpn,MOBILE,0,2,0.0%,12.0
浦安市 プロポーザル,jpn,MOBILE,0,2,0.0%,18.0
浦安市 保険 相談,jpn,MOBILE,0,2,0.0%,39.5
浦安市 冠水,jpn,MOBILE,0,2,0.0%,15.5
浦安市 出産 プレゼント,jpn,MOBILE,0,2,0.0%,12.5
浦安市 出産祝い金,jpn,DESKTOP,0,2,0.0%,9.5
浦安市 古着 回収 公民館,jpn,MOBILE,0,2,0.0%,5.5
浦安市 夏祭り,jpn,TABLET,0,2,0.0%,3.5
浦安市 救命講習,jpn,DESKTOP,0,2,0.0%,6.0
浦安市 格安ホテル,jpn,DESKTOP,0,2,0.0%,30.0
浦安市 物価 高騰 対策商品券 イクスピアリ,jpn,DESKTOP,0,2,0.0%,6.5
浦安市 盆踊り,jpn,DESKTOP,0,2,0.0%,8.5
浦安市 県民の日,jpn,MOBILE,0,2,0.0%,6.5
浦安市 祭り 今日,jpn,MOBILE,0,2,0.0%,5.0
浦安市 花火 2026,jpn,DESKTOP,0,2,0.0%,9.5
浦安市 花火大会 抽選,jpn,TABLET,0,2,0.0%,9.0
浦安市入船 事故,jpn,MOBILE,0,2,0.0%,7.0
浦安市入船事故,jpn,MOBILE,0,2,0.0%,8.0
浦安市冠水情報,jpn,MOBILE,0,2,0.0%,18.5
浦安市祭り 2026,jpn,DESKTOP,0,2,0.0%,4.0
浦安市総合公園 花火,jpn,MOBILE,0,2,0.0%,3.0
浦安市花火大会 抽選,jpn,MOBILE,0,2,0.0%,8.5
浦安市鉄鋼通り2-1-9,jpn,MOBILE,0,2,0.0%,3.5
浦安布萊頓飯店東京灣,twn,DESKTOP,0,2,0.0%,51.0
浦安祭り2026,jpn,TABLET,0,2,0.0%,2.5
浦安花火大会 2026,usa,DESKTOP,0,2,0.0%,8.5
浦安花火大会 2026,usa,MOBILE,0,2,0.0%,3.0
浦安酒店,gbr,MOBILE,0,2,0.0%,37.0
浦安鉄鋼団地就職説明会,jpn,TABLET,0,2,0.0%,5.5
浦安駅,jpn,MOBILE,0,2,0.0%,3.5
浦安駅 オープン予定,jpn,MOBILE,0,2,0.0%,9.0
浦安駅 テイクアウト,jpn,DESKTOP,0,2,0.0%,45.0
浦安駅 格安ホテル,jpn,DESKTOP,0,2,0.0%,37.5
海の食堂ベイアルセ 結婚式,jpn,MOBILE,0,2,0.0%,35.0
温泉 舞浜,jpn,DESKTOP,0,2,0.0%,27.0
炭火焼肉食道園新浦安店,jpn,DESKTOP,0,2,0.0%,38.0
炭火焼肉食道園新浦安店,jpn,MOBILE,0,2,0.0%,40.0
焼肉 キング 浦安,jpn,DESKTOP,0,2,0.0%,45.0
焼鳥 蕎麦 二尺五寸 浦安,jpn,DESKTOP,0,2,0.0%,8.0
猫実,jpn,DESKTOP,0,2,0.0%,39.5
猫実東自治会集会所,jpn,MOBILE,0,2,0.0%,12.5
甚八浦安北口店,jpn,DESKTOP,0,2,0.0%,30.0
白玲戦 日程,jpn,DESKTOP,0,2,0.0%,2.0
盆踊り 浦安,jpn,DESKTOP,0,2,0.0%,12.5
石黒産婦人科 行徳,jpn,MOBILE,0,2,0.0%,7.0
砂っぱたき じろう 浦安店,jpn,DESKTOP,0,2,0.0%,48.5
祭り 近く,jpn,MOBILE,0,2,0.0%,1.0
築地銀だこ西友浦安店,jpn,DESKTOP,0,2,0.0%,46.0
粗大ごみ 浦安市,jpn,DESKTOP,0,2,0.0%,65.0
舞 濱,twn,DESKTOP,0,2,0.0%,41.5
舞 濱 站,jpn,DESKTOP,0,2,0.0%,29.5
舞 濱 站,twn,DESKTOP,0,2,0.0%,57.5
舞浜 アサイー,jpn,MOBILE,0,2,0.0%,11.0
舞浜 イベント,jpn,DESKTOP,0,2,0.0%,33.5
舞浜 ガチャガチャ,jpn,MOBILE,0,2,0.0%,10.5
舞浜 ゴンチャ 営業時間,jpn,MOBILE,0,2,0.0%,10.0
舞浜 スパ 日帰り,jpn,MOBILE,0,2,0.0%,6.0
舞浜 スーパー,jpn,DESKTOP,0,2,0.0%,45.5
舞浜 ドッグラン,jpn,MOBILE,0,2,0.0%,18.5
舞浜 ハロウィン 着替え,jpn,MOBILE,0,2,0.0%,10.0
舞浜 水族館,jpn,DESKTOP,0,2,0.0%,35.5
舞浜 温浴施設,jpn,MOBILE,0,2,0.0%,5.0
舞浜 荷物配送,jpn,MOBILE,0,2,0.0%,10.5
舞浜 荷物預かり,jpn,TABLET,0,2,0.0%,10.0
舞浜ゴンチャ 営業時間,jpn,MOBILE,0,2,0.0%,11.0
舞浜ビューホテル ハロウィン,jpn,DESKTOP,0,2,0.0%,17.0
舞浜ホテル子連れ,jpn,MOBILE,0,2,0.0%,49.0
舞浜ユーラシア 日帰り 料金,jpn,MOBILE,0,2,0.0%,11.0
舞浜温泉,jpn,MOBILE,0,2,0.0%,29.5
舞浜駅 ウェルカムセンター 荷物,jpn,MOBILE,0,2,0.0%,10.0
舞浜駅 ディズニーホテル 荷物預かり,jpn,MOBILE,0,2,0.0%,11.0
舞浜駅 ミラコスタ 荷物,jpn,TABLET,0,2,0.0%,9.0
舞浜駅 温泉,jpn,DESKTOP,0,2,0.0%,26.5
舞浜駅 荷物,jpn,DESKTOP,0,2,0.0%,10.0
舞浜駅 運転見合わせ,jpn,MOBILE,0,2,0.0%,6.5
舞濱,twn,DESKTOP,0,2,0.0%,29.0
舞濱去東京鐵塔,hkg,DESKTOP,0,2,0.0%,7.0
舞濱歐亞annex,twn,DESKTOP,0,2,0.0%,22.5
舞濱站 行李寄放,twn,MOBILE,0,2,0.0%,8.5
舞濱站美食,jpn,MOBILE,0,2,0.0%,8.5
舞风馆旅馆,hkg,DESKTOP,0,2,0.0%,8.5
花火大会 浦安 2026,jpn,DESKTOP,0,2,0.0%,6.5
花火大会 浦安 2026,jpn,TABLET,0,2,0.0%,9.5
葛西臨海公園,twn,DESKTOP,0,2,0.0%,38.0
葛西臨海公園ディズニー,jpn,DESKTOP,0,2,0.0%,8.5
蕎麦前処 二尺五寸,jpn,DESKTOP,0,2,0.0%,29.5
蕎麦前処 二尺五寸,jpn,MOBILE,0,2,0.0%,35.5
行徳 ショッピングモール オープン,jpn,MOBILE,0,2,0.0%,16.5
行徳 トルコ料理,jpn,MOBILE,0,2,0.0%,31.0
行徳 祭り 2026,jpn,MOBILE,0,2,0.0%,5.5
行徳 鮨やまぐち,jpn,DESKTOP,0,2,0.0%,4.0
行徳マルエツ 閉店,jpn,DESKTOP,0,2,0.0%,6.5
西友 浦安 閉店,jpn,MOBILE,0,2,0.0%,15.5
西友 浦安店,jpn,DESKTOP,0,2,0.0%,5.0
西友 閉店 予定 2026,jpn,DESKTOP,0,2,0.0%,23.0
西友行徳店 ディレクトリ,jpn,MOBILE,0,2,0.0%,3.0
買取大吉 浦安,jpn,DESKTOP,0,2,0.0%,9.0
赤ちゃん ディズニー 持ち物,jpn,DESKTOP,0,2,0.0%,85.5
近くの お祭り 今日 屋台,jpn,MOBILE,0,2,0.0%,1.0
迪士尼大使飯店接駁車,twn,MOBILE,0,2,0.0%,10.0
迪士尼海洋住宿,twn,MOBILE,0,2,0.0%,71.5
迪士尼飯店接駁車,hkg,MOBILE,0,2,0.0%,8.5
鉄鋼通り2-1-9,jpn,DESKTOP,0,2,0.0%,6.0
閉店開店,jpn,MOBILE,0,2,0.0%,3.5
防災浦安 放送,jpn,DESKTOP,0,2,0.0%,9.5
韓流居酒屋食堂おんどる,jpn,MOBILE,0,2,0.0%,48.5
麻辣担 ニューコースト,jpn,DESKTOP,0,2,0.0%,8.0
麻辣湯 天宝 新浦安,jpn,MOBILE,0,2,0.0%,13.5
마이 하마,kor,DESKTOP,0,2,0.0%,32.0
마이 하마 역,kor,DESKTOP,0,2,0.0%,34.5
마이하마,kor,DESKTOP,0,2,0.0%,19.0
마이하마 특급 호텔,kor,MOBILE,0,2,0.0%,13.0
마이하마 흡연 가능 호텔,kor,MOBILE,0,2,0.0%,11.5
신우라야스 풍속,jpn,DESKTOP,0,2,0.0%,30.0
우라야스,arg,DESKTOP,0,2,0.0%,18.0
우라야스 브라이튼 호텔 도쿄 베이,kor,MOBILE,0,2,0.0%,11.0
우라야스 호텔,arg,MOBILE,0,2,0.0%,30.0
우라야스 호텔,bgd,MOBILE,0,2,0.0%,20.5
우라야스 호텔,fra,MOBILE,0,2,0.0%,23.0
우라야스 호텔,pak,MOBILE,0,2,0.0%,27.5
"저는 한국에 있습니다. 해외에서 편안함과 안전은 기본이고, 어디서든 믿을 수 있는 일관된 서비스를 제공하는 호텔 브랜드를 선호합니다. 힐튼은 아이 동반 가족을 위한 특별 혜택이 있나요?",kor,DESKTOP,0,2,0.0%,70.0
토이 스토리 앤디 방,kor,DESKTOP,0,2,0.0%,31.0
토이 스토리 호텔,kor,TABLET,0,2,0.0%,25.5
판타지 스프링스 리조트,kor,MOBILE,0,2,0.0%,15.0
호텔 오쿠라 도쿄 베이,kor,MOBILE,0,2,0.0%,22.5
"""きんとうん"" 事業終了 or 閉鎖 or 閉店 or 撤退",irq,DESKTOP,0,1,0.0%,22.0
"""ウラヤ"" 事業終了 or 閉鎖 or 閉店 or 撤退",fra,DESKTOP,0,1,0.0%,30.0
"""ウラヤ"" 事業終了 or 閉鎖 or 閉店 or 撤退",mex,DESKTOP,0,1,0.0%,26.0
"""ウラヤ"" 逮捕 or 訴訟 or 詐欺 or 送検",kor,DESKTOP,0,1,0.0%,35.0
"""ウラヤ"" 逮捕 or 訴訟 or 詐欺 or 送検",lva,DESKTOP,0,1,0.0%,25.0
"""医療法人社団緑友会"" 事業終了 or 閉鎖 or 閉店 or 撤退",aze,DESKTOP,0,1,0.0%,29.0
"""医療法人社団緑友会"" 事業終了 or 閉鎖 or 閉店 or 撤退",gbr,DESKTOP,0,1,0.0%,26.0
"""医療法人社団緑友会"" 事業終了 or 閉鎖 or 閉店 or 撤退",prt,DESKTOP,0,1,0.0%,29.0
"""医療法人社団緑友会"" 事業終了 or 閉鎖 or 閉店 or 撤退",usa,DESKTOP,0,1,0.0%,29.0
047-305-1111,twn,DESKTOP,0,1,0.0%,5.0
047-355-5000,phl,DESKTOP,0,1,0.0%,23.0
047-381-1188,twn,DESKTOP,0,1,0.0%,7.0
047-381-1188,twn,MOBILE,0,1,0.0%,8.0
473811188,mys,DESKTOP,0,1,0.0%,52.0
100ローソン 閉店,jpn,MOBILE,0,1,0.0%,1.0
100円ローソン 閉店,jpn,MOBILE,0,1,0.0%,1.0
12日は,jpn,MOBILE,0,1,0.0%,1.0
17時から,jpn,MOBILE,0,1,0.0%,3.0
2026年8月10日,jpn,MOBILE,0,1,0.0%,1.0
2026年は,jpn,MOBILE,0,1,0.0%,4.0
24 hour shop near me,jpn,MOBILE,0,1,0.0%,1.0
25周年 リゾートライン 時間,jpn,MOBILE,0,1,0.0%,8.0
2かな,jpn,MOBILE,0,1,0.0%,5.0
5000円くらい,jpn,MOBILE,0,1,0.0%,8.0
6bancho_ ロクバンチョウ,jpn,DESKTOP,0,1,0.0%,27.0
6月は？,jpn,MOBILE,0,1,0.0%,6.0
7月,jpn,MOBILE,0,1,0.0%,4.0
8/13 祭り,jpn,MOBILE,0,1,0.0%,1.0
8/14,jpn,MOBILE,0,1,0.0%,3.0
8/22 祭り,jpn,MOBILE,0,1,0.0%,1.0
8/27號,twn,DESKTOP,0,1,0.0%,10.0
8月10日です,jpn,MOBILE,0,1,0.0%,1.0
8月30日は？,jpn,MOBILE,0,1,0.0%,1.0
8月8日,jpn,MOBILE,0,1,0.0%,9.0
8月8日 夏祭り,jpn,MOBILE,0,1,0.0%,1.0
8月の休みは？,jpn,DESKTOP,0,1,0.0%,9.0
8月イベント,jpn,MOBILE,0,1,0.0%,1.0
9月 ハロウィン ディズニー,jpn,MOBILE,0,1,0.0%,11.0
9月は？,jpn,MOBILE,0,1,0.0%,3.0
9月ハロウィン ディズニー,jpn,DESKTOP,0,1,0.0%,11.0
aeonpay,jpn,MOBILE,0,1,0.0%,9.0
any other,jpn,MOBILE,0,1,0.0%,4.0
are the pools heated,aus,MOBILE,0,1,0.0%,1.0
barefoot museum,bgd,DESKTOP,0,1,0.0%,9.0
barefoot museum,ind,MOBILE,0,1,0.0%,10.0
barefoot museum,sgp,MOBILE,0,1,0.0%,8.0
bay hotel urayasu,aus,DESKTOP,0,1,0.0%,46.0
bay hotel urayasu ekimae,aus,DESKTOP,0,1,0.0%,21.0
bay hotel urayasu ekimae,usa,DESKTOP,0,1,0.0%,55.0
bay hotel urayasu station,twn,DESKTOP,0,1,0.0%,18.0
bay hotel urayasu-ekimae,usa,DESKTOP,0,1,0.0%,25.0
bay hotel urayasu-ekimae,usa,MOBILE,0,1,0.0%,27.0
bay hotel 浦安 駅前,jpn,DESKTOP,0,1,0.0%,77.0
bay hotel 浦安駅前,jpn,DESKTOP,0,1,0.0%,80.0
bay plaza hotel oriental bay,usa,DESKTOP,0,1,0.0%,75.0
beach ビーチ 浦安,jpn,DESKTOP,0,1,0.0%,17.0
beer near me open now,jpn,DESKTOP,0,1,0.0%,1.0
best airport for tokyo disney,usa,DESKTOP,0,1,0.0%,54.0
best place to buy disneysea tickets,rus,DESKTOP,0,1,0.0%,37.0
best place to buy tokyo disneyland tickets,jor,DESKTOP,0,1,0.0%,36.0
best way to buy tokyo disney tickets,dza,DESKTOP,0,1,0.0%,38.0
best way to buy tokyo disney tickets,idn,DESKTOP,0,1,0.0%,44.0
bon voyage urayasu,usa,DESKTOP,0,1,0.0%,30.0
book tokyo disneyland,usa,DESKTOP,0,1,0.0%,52.0
both,jpn,MOBILE,0,1,0.0%,6.0
both plz,mys,MOBILE,0,1,0.0%,16.0
bovi おそうざいボビ 浦安市 レビュー,jpn,TABLET,0,1,0.0%,6.0
brighton hotel maihama station,are,DESKTOP,0,1,0.0%,6.0
brighton hotel tokyo,usa,DESKTOP,0,1,0.0%,23.0
budget hotel near tokyo disneyland,aus,DESKTOP,0,1,0.0%,29.0
budget hotel near tokyo disneyland,can,DESKTOP,0,1,0.0%,24.0
budget hotel near tokyo disneyland,sgp,DESKTOP,0,1,0.0%,15.0
budget hotel near tokyo disneyland,usa,DESKTOP,0,1,0.0%,23.0
buy disney tickets,jpn,DESKTOP,0,1,0.0%,39.0
buy disneyland tickets tokyo,aus,DESKTOP,0,1,0.0%,49.0
buy disneysea tickets,aus,DESKTOP,0,1,0.0%,37.0
buy disneysea tickets,phl,DESKTOP,0,1,0.0%,36.0
buy disneysea tickets,sgp,DESKTOP,0,1,0.0%,41.0
buy disneysea tokyo tickets,mys,DESKTOP,0,1,0.0%,45.0
buy tokyo disney sea tickets,phl,DESKTOP,0,1,0.0%,37.0
buy tokyo disney tickets,usa,DESKTOP,0,1,0.0%,44.0
buy tokyo disneyland tickets,isr,DESKTOP,0,1,0.0%,40.0
buy tokyo disneyland tickets,tha,DESKTOP,0,1,0.0%,35.0
buy tokyo disneysea tickets,phl,DESKTOP,0,1,0.0%,40.0
buying tokyo disney tickets,rus,DESKTOP,0,1,0.0%,34.0
buying tokyo disney tickets,ukr,DESKTOP,0,1,0.0%,30.0
buzz cafe by anella 浦安店,jpn,DESKTOP,0,1,0.0%,66.0
c-pla,jpn,MOBILE,0,1,0.0%,2.0
c-pla イクスピアリ,jpn,DESKTOP,0,1,0.0%,10.0
can i buy tickets at disneyland tokyo,esp,DESKTOP,0,1,0.0%,40.0
can i buy tickets at disneyland tokyo,ind,DESKTOP,0,1,0.0%,48.0
can i buy tokyo disney tickets online?,usa,DESKTOP,0,1,0.0%,45.0
can i buy tokyo disney tickets online?,usa,MOBILE,0,1,0.0%,46.0
can i buy tokyo disneyland tickets at the gate,ind,DESKTOP,0,1,0.0%,31.0
can i buy tokyo disneyland tickets at the gate,usa,DESKTOP,0,1,0.0%,35.0
can i buy tokyo disneyland tickets at the gate?,usa,DESKTOP,0,1,0.0%,42.0
can i buy tokyo disneyland tickets at the gate?,usa,MOBILE,0,1,0.0%,45.0
can you buy disneysea tickets at the gate,mex,DESKTOP,0,1,0.0%,28.0
can you buy tokyo disney premier access in advance,usa,DESKTOP,0,1,0.0%,42.0
can you buy tokyo disneyland tickets at the gate,ind,DESKTOP,0,1,0.0%,30.0
can you buy tokyo disneyland tickets at the gate,mys,DESKTOP,0,1,0.0%,32.0
can you buy tokyo disneyland tickets at the gate,usa,DESKTOP,0,1,0.0%,32.0
cheap hotel near disneyland tokyo,usa,DESKTOP,0,1,0.0%,41.0
cheap hotel near tokyo disneyland,vnm,DESKTOP,0,1,0.0%,39.0
cheap hotels in urayasu,aus,DESKTOP,0,1,0.0%,18.0
cheap hotels in urayasu,aut,MOBILE,0,1,0.0%,28.0
cheap hotels in urayasu,bgd,DESKTOP,0,1,0.0%,13.0
cheap hotels in urayasu,bgr,DESKTOP,0,1,0.0%,18.0
cheap hotels in urayasu,bih,DESKTOP,0,1,0.0%,13.0
cheap hotels in urayasu,che,MOBILE,0,1,0.0%,12.0
cheap hotels in urayasu,cze,MOBILE,0,1,0.0%,20.0
cheap hotels in urayasu,ecu,DESKTOP,0,1,0.0%,12.0
cheap hotels in urayasu,hnd,DESKTOP,0,1,0.0%,24.0
cheap hotels in urayasu,idn,MOBILE,0,1,0.0%,20.0
cheap hotels in urayasu,ita,DESKTOP,0,1,0.0%,29.0
cheap hotels in urayasu,ita,MOBILE,0,1,0.0%,24.0
cheap hotels in urayasu,kaz,MOBILE,0,1,0.0%,29.0
cheap hotels in urayasu,ken,DESKTOP,0,1,0.0%,11.0
cheap hotels in urayasu,ken,MOBILE,0,1,0.0%,16.0
cheap hotels in urayasu,kor,DESKTOP,0,1,0.0%,29.0
cheap hotels in urayasu,kor,MOBILE,0,1,0.0%,27.0
cheap hotels in urayasu,ltu,MOBILE,0,1,0.0%,11.0
cheap hotels in urayasu,mex,DESKTOP,0,1,0.0%,16.0
cheap hotels in urayasu,mys,MOBILE,0,1,0.0%,24.0
cheap hotels in urayasu,pan,MOBILE,0,1,0.0%,22.0
cheap hotels in urayasu,per,DESKTOP,0,1,0.0%,25.0
cheap hotels in urayasu,per,MOBILE,0,1,0.0%,16.0
cheap hotels in urayasu,pry,MOBILE,0,1,0.0%,15.0
cheap hotels in urayasu,qat,DESKTOP,0,1,0.0%,30.0
cheap hotels in urayasu,rou,DESKTOP,0,1,0.0%,13.0
cheap hotels in urayasu,rus,DESKTOP,0,1,0.0%,12.0
cheap hotels in urayasu,rus,MOBILE,0,1,0.0%,24.0
cheap hotels in urayasu,sau,DESKTOP,0,1,0.0%,12.0
cheap hotels in urayasu,sau,MOBILE,0,1,0.0%,18.0
cheap hotels in urayasu,sgp,MOBILE,0,1,0.0%,22.0
cheap hotels in urayasu,syr,DESKTOP,0,1,0.0%,23.0
cheap hotels in urayasu,syr,MOBILE,0,1,0.0%,12.0
cheap hotels in urayasu,tgo,DESKTOP,0,1,0.0%,26.0
cheap hotels in urayasu,uzb,DESKTOP,0,1,0.0%,26.0
cheap hotels in urayasu,ven,DESKTOP,0,1,0.0%,23.0
cheap hotels in urayasu,zaf,DESKTOP,0,1,0.0%,12.0
cheap hotels in urayasu,zaf,MOBILE,0,1,0.0%,23.0
cheap hotels near disneyland tokyo,esp,DESKTOP,0,1,0.0%,41.0
cheap hotels near disneyland tokyo,tha,DESKTOP,0,1,0.0%,37.0
cheap hotels near disneyland tokyo,usa,DESKTOP,0,1,0.0%,51.0
cheap hotels near tokyo disney,jam,DESKTOP,0,1,0.0%,43.0
cheap hotels near tokyo disneyland,aus,DESKTOP,0,1,0.0%,48.0
cheap hotels near tokyo disneyland,ukr,DESKTOP,0,1,0.0%,25.0
cheap hotels near tokyo disneyland with free shuttle,usa,DESKTOP,0,1,0.0%,21.0
cheaper price,jpn,MOBILE,0,1,0.0%,7.0
cheapest tokyo disneyland hotel,usa,DESKTOP,0,1,0.0%,44.0
city bus,phl,MOBILE,0,1,0.0%,2.0
climate control?,hkg,DESKTOP,0,1,0.0%,6.0
closes what time,sgp,MOBILE,0,1,0.0%,2.0
closing time,aus,MOBILE,0,1,0.0%,4.0
club c-pla,jpn,DESKTOP,0,1,0.0%,8.0
comfort inn tokyo bay,usa,DESKTOP,0,1,0.0%,38.0
comfort suite tokyo bay,aus,DESKTOP,0,1,0.0%,34.0
comfort suite tokyo bay,idn,DESKTOP,0,1,0.0%,33.0
comfort suite tokyo bay,sgp,DESKTOP,0,1,0.0%,16.0
comfort suite tokyo bay,twn,DESKTOP,0,1,0.0%,34.0
comfort suite tokyo bay,usa,DESKTOP,0,1,0.0%,35.0
comfort suites tokyo bay,gbr,DESKTOP,0,1,0.0%,37.0
comfort suites tokyo bay,kor,DESKTOP,0,1,0.0%,32.0
comfort suites tokyo bay,mys,DESKTOP,0,1,0.0%,38.0
comfort suites tokyo bay,phl,DESKTOP,0,1,0.0%,35.0
comfort suites tokyo bay,tur,DESKTOP,0,1,0.0%,32.0
comfort suites tokyo bay,twn,MOBILE,0,1,0.0%,14.0
comfort suites tokyo bay shuttle bus,aia,MOBILE,0,1,0.0%,4.0
comfort suites tokyo bay shuttle bus,aus,MOBILE,0,1,0.0%,6.0
comfort suites tokyo bay shuttle bus,chn,DESKTOP,0,1,0.0%,2.0
comfort suites tokyo bay shuttle bus,deu,MOBILE,0,1,0.0%,4.0
comfort suites tokyo bay shuttle bus,hkg,MOBILE,0,1,0.0%,6.0
comfort suites tokyo bay shuttle bus,idn,DESKTOP,0,1,0.0%,24.0
comfort suites tokyo bay shuttle bus,idn,MOBILE,0,1,0.0%,1.0
comfort suites tokyo bay shuttle bus,nld,DESKTOP,0,1,0.0%,4.0
comfort suites tokyo bay shuttle bus,sgp,MOBILE,0,1,0.0%,6.0
comfort suites tokyo bay shuttle bus,usa,DESKTOP,0,1,0.0%,5.0
comfort suites tokyo bay urayasu,phl,DESKTOP,0,1,0.0%,36.0
comfort suites tokyo bay urayasu,tur,DESKTOP,0,1,0.0%,30.0
convenience store near me,jpn,DESKTOP,0,1,0.0%,1.0
cost of taxi,usa,DESKTOP,0,1,0.0%,4.0
cpla 池袋,jpn,MOBILE,0,1,0.0%,2.0
cualquiera,jpn,MOBILE,0,1,0.0%,8.0
cvs bay hotel,pak,DESKTOP,0,1,0.0%,42.0
cvs bay hotel chiba,jor,DESKTOP,0,1,0.0%,43.0
cvs bay hotel tokyo,tun,DESKTOP,0,1,0.0%,50.0
cvs bay hotel 新館,twn,DESKTOP,0,1,0.0%,41.0
cvs･bay hotel,phl,DESKTOP,0,1,0.0%,69.0
delccs tokyo bay,ind,DESKTOP,0,1,0.0%,49.0
disney ambassador hotel happy entry,dza,DESKTOP,0,1,0.0%,11.0
disney celebration hotel discover,gbr,DESKTOP,0,1,0.0%,7.0
disney discovery hotel,sgp,DESKTOP,0,1,0.0%,12.0
disney happy entry,aus,DESKTOP,0,1,0.0%,8.0
disney happy entry,can,DESKTOP,0,1,0.0%,10.0
disney happy entry,egy,MOBILE,0,1,0.0%,9.0
disney happy entry,gbr,MOBILE,0,1,0.0%,10.0
disney happy entry,mex,DESKTOP,0,1,0.0%,11.0
disney happy entry,nzl,MOBILE,0,1,0.0%,10.0
disney happy entry,tha,MOBILE,0,1,0.0%,9.0
disney happy entry,usa,MOBILE,0,1,0.0%,11.0
disney happy entry,vnm,DESKTOP,0,1,0.0%,12.0
disney japan tickets,usa,MOBILE,0,1,0.0%,58.0
disney sea tickets,gbr,DESKTOP,0,1,0.0%,46.0
disney sea tickets,usa,DESKTOP,0,1,0.0%,50.0
disney sea チケット,jpn,DESKTOP,0,1,0.0%,40.0
disney tokyo early entry,tur,DESKTOP,0,1,0.0%,12.0
disney tokyo happy entry,bel,DESKTOP,0,1,0.0%,10.0
disney tokyo happy entry,idn,DESKTOP,0,1,0.0%,11.0
disney tokyo happy entry,isr,MOBILE,0,1,0.0%,10.0
disney tokyo happy entry,nld,MOBILE,0,1,0.0%,9.0
disney tokyo tickets,gbr,DESKTOP,0,1,0.0%,49.0
disney tokyo tickets,gbr,MOBILE,0,1,0.0%,68.0
disney tokyo tickets,usa,MOBILE,0,1,0.0%,58.0
disneyland happy entry,idn,DESKTOP,0,1,0.0%,11.0
disneyland happy entry,sgp,DESKTOP,0,1,0.0%,9.0
disneyland hotel tokyo pool,pak,DESKTOP,0,1,0.0%,37.0
disneyland japan tickets,usa,MOBILE,0,1,0.0%,58.0
disneyland ticket buy,mys,DESKTOP,0,1,0.0%,53.0
disneyland tokyo,ind,DESKTOP,0,1,0.0%,8.0
disneyland tokyo entrance fee,can,DESKTOP,0,1,0.0%,56.0
disneyland tokyo happy entry,esp,DESKTOP,0,1,0.0%,18.0
disneyland tokyo ticket,isr,DESKTOP,0,1,0.0%,64.0
disneyland tokyo tickets,usa,DESKTOP,0,1,0.0%,57.0
disneysea tickets,ind,DESKTOP,0,1,0.0%,44.0
disneysea tickets,usa,DESKTOP,0,1,0.0%,57.0
do disneysea tickets sell out,mex,DESKTOP,0,1,0.0%,23.0
do you need to buy tokyo disneyland tickets in advance?,sgp,DESKTOP,0,1,0.0%,28.0
does hilton tokyo bay have laundry,jpn,MOBILE,0,1,0.0%,15.0
does hilton tokyo bay have laundry,phl,DESKTOP,0,1,0.0%,22.0
does hilton tokyo bay have laundry,usa,DESKTOP,0,1,0.0%,1.0
does tokyo disney celebration hotel have happy entry,esp,DESKTOP,0,1,0.0%,11.0
does tokyo disney celebration hotel have happy entry,phl,MOBILE,0,1,0.0%,9.0
dpa 値上げ,twn,MOBILE,0,1,0.0%,8.0
dream gate stand,ind,DESKTOP,0,1,0.0%,51.0
dreamgate maihama,idn,DESKTOP,0,1,0.0%,12.0
early entry disneyland tokyo,idn,DESKTOP,0,1,0.0%,15.0
early entry tokyo disneyland,jor,DESKTOP,0,1,0.0%,13.0
early morning and late evening,aus,MOBILE,0,1,0.0%,4.0
emion hotel tokyo bay,aus,DESKTOP,0,1,0.0%,26.0
emion hotel tokyo bay,phl,DESKTOP,0,1,0.0%,29.0
emion tokyo bay,kor,DESKTOP,0,1,0.0%,45.0
emion tokyo bay,phl,DESKTOP,0,1,0.0%,30.0
emion tokyo bay,twn,DESKTOP,0,1,0.0%,39.0
emion tokyo bay hotel,hkg,DESKTOP,0,1,0.0%,30.0
emion tokyo bay hotel,idn,DESKTOP,0,1,0.0%,27.0
emion tokyo bay hotel,kor,DESKTOP,0,1,0.0%,49.0
emion tokyo bay hotel,mys,DESKTOP,0,1,0.0%,29.0
exact daily timetable,jpn,MOBILE,0,1,0.0%,5.0
exact time,jpn,MOBILE,0,1,0.0%,3.0
fantasy spring grand chateau,usa,DESKTOP,0,1,0.0%,37.0
fantasy spring hotel price,mys,MOBILE,0,1,0.0%,6.0
fantasy spring resort,mar,DESKTOP,0,1,0.0%,42.0
fantasy springs,ltu,DESKTOP,0,1,0.0%,45.0
fantasy springs address,mar,DESKTOP,0,1,0.0%,51.0
fantasy springs chateau,pak,DESKTOP,0,1,0.0%,30.0
fantasy springs hotel,tur,MOBILE,0,1,0.0%,46.0
fantasy springs hotel and casino,can,DESKTOP,0,1,0.0%,38.0
fantasy springs hotel cost,gbr,DESKTOP,0,1,0.0%,22.0
fantasy springs hotel disneysea,mar,DESKTOP,0,1,0.0%,41.0
fantasy springs hotel grand chateau,sau,DESKTOP,0,1,0.0%,26.0
fantasy springs hotel map,ind,DESKTOP,0,1,0.0%,32.0
fantasy springs hotel official website,brn,DESKTOP,0,1,0.0%,9.0
fantasy springs hotel official website,isr,DESKTOP,0,1,0.0%,11.0
fantasy springs hotel phone number,gbr,DESKTOP,0,1,0.0%,18.0
fantasy springs hotel rooms,mar,DESKTOP,0,1,0.0%,34.0
fantasy springs resort,dnk,DESKTOP,0,1,0.0%,41.0
fantasy springs tickets,mex,DESKTOP,0,1,0.0%,30.0
flexstay inn shin urayasu,fin,DESKTOP,0,1,0.0%,23.0
flexstay inn shin urayasu,idn,DESKTOP,0,1,0.0%,27.0
flexstay inn shin-urayasu,esp,DESKTOP,0,1,0.0%,50.0
flexstay inn shin-urayasu,mex,DESKTOP,0,1,0.0%,51.0
flexstay inn shin-urayasu,usa,DESKTOP,0,1,0.0%,40.0
foodies deli フーディーズデリ,jpn,DESKTOP,0,1,0.0%,47.0
four stories hotel maihama tokyo bay,twn,DESKTOP,0,1,0.0%,19.0
free shuttle bus to tokyo disneyland,aus,DESKTOP,0,1,0.0%,31.0
free shuttle bus to tokyo disneyland,jor,DESKTOP,0,1,0.0%,17.0
free shuttle to disneyland,mys,DESKTOP,0,1,0.0%,47.0
fun places near me,jpn,MOBILE,0,1,0.0%,1.0
grand monday resort,jpn,MOBILE,0,1,0.0%,15.0
grand monday resort tokyo bay maihama,nld,DESKTOP,0,1,0.0%,10.0
grand monday resort tokyo bay maihama,tha,MOBILE,0,1,0.0%,3.0
grand monday resort tokyo bay maihama,twn,MOBILE,0,1,0.0%,26.0
grand monday resort 東京 ベイ 舞浜 レビュー,jpn,DESKTOP,0,1,0.0%,24.0
grand monday resort 東京 ベイ 舞浜 レビュー,jpn,TABLET,0,1,0.0%,30.0
grand monday resort 東京ベイ舞浜,jpn,MOBILE,0,1,0.0%,50.0
grand monday resort 東京ベイ舞浜,twn,MOBILE,0,1,0.0%,10.0
grocery store near me,jpn,MOBILE,0,1,0.0%,1.0
haneda to maihama station,dza,DESKTOP,0,1,0.0%,25.0
haneda to maihama station,usa,DESKTOP,0,1,0.0%,5.0
happy enter,twn,DESKTOP,0,1,0.0%,8.0
happy enter,twn,MOBILE,0,1,0.0%,9.0
happy entry,arg,MOBILE,0,1,0.0%,8.0
happy entry,aus,DESKTOP,0,1,0.0%,11.0
happy entry,aus,MOBILE,0,1,0.0%,10.0
happy entry,tha,DESKTOP,0,1,0.0%,9.0
happy entry,vnm,DESKTOP,0,1,0.0%,16.0
happy entry disneyland tokyo,fra,MOBILE,0,1,0.0%,9.0
happy entry disneyland tokyo,idn,DESKTOP,0,1,0.0%,11.0
happy entry tokyo disney,cze,DESKTOP,0,1,0.0%,14.0
happy entry tokyo disney,fra,DESKTOP,0,1,0.0%,11.0
happy entry tokyo disney,gbr,MOBILE,0,1,0.0%,10.0
happy entry tokyo disney,hkg,MOBILE,0,1,0.0%,11.0
happy entry tokyo disney,isr,MOBILE,0,1,0.0%,6.0
happy entry tokyo disney,jpn,DESKTOP,0,1,0.0%,10.0
happy entry tokyo disney,mar,DESKTOP,0,1,0.0%,13.0
happy entry tokyo disney,mex,DESKTOP,0,1,0.0%,7.0
happy entry tokyo disney,mex,MOBILE,0,1,0.0%,10.0
happy entry tokyo disney,sgp,DESKTOP,0,1,0.0%,11.0
happy entry tokyo disneyland,hkg,MOBILE,0,1,0.0%,11.0
happy entry tokyo disneyland,jor,DESKTOP,0,1,0.0%,12.0
happy entry tokyo disneyland,mys,MOBILE,0,1,0.0%,7.0
happy entry tokyo disneysea,sen,DESKTOP,0,1,0.0%,13.0
henn na hotel maihama,hkg,DESKTOP,0,1,0.0%,53.0
hilton convenience store,jpn,MOBILE,0,1,0.0%,5.0
hilton tokyo bay,mys,MOBILE,0,1,0.0%,48.0
hilton tokyo bay convenience store,can,MOBILE,0,1,0.0%,5.0
hilton tokyo bay convenience store,gbr,MOBILE,0,1,0.0%,1.0
hilton tokyo bay convenience store,kor,MOBILE,0,1,0.0%,5.0
hilton tokyo bay convenience store,nzl,MOBILE,0,1,0.0%,9.0
hilton tokyo bay convenience store,sgp,DESKTOP,0,1,0.0%,5.0
hilton tokyo bay convenience store,sgp,MOBILE,0,1,0.0%,7.0
hilton tokyo bay laundry,idn,DESKTOP,0,1,0.0%,16.0
hilton tokyo bay laundry,mys,DESKTOP,0,1,0.0%,11.0
hilton tokyo bay maihama,aus,DESKTOP,0,1,0.0%,37.0
hilton tokyo bay maihama,deu,DESKTOP,0,1,0.0%,27.0
hilton tokyo bay phone number,kor,MOBILE,0,1,0.0%,8.0
hilton tokyo bay phone number,mex,MOBILE,0,1,0.0%,10.0
hilton tokyo bay postal code,bgd,DESKTOP,0,1,0.0%,45.0
hilton tokyo bay postal code,fra,DESKTOP,0,1,0.0%,87.0
hilton tokyo bay prefecture,fra,DESKTOP,0,1,0.0%,50.0
hilton tokyo bay shuttle bus timetable,jpn,MOBILE,0,1,0.0%,1.0
hilton tokyo bay to disneyland,mys,MOBILE,0,1,0.0%,3.0
hilton tokyo bay to disneyland,usa,MOBILE,0,1,0.0%,3.0
hilton tokyo bay urayasu,can,DESKTOP,0,1,0.0%,30.0
hilton tokyo bay urayasu,ind,DESKTOP,0,1,0.0%,36.0
hiyori hotel maihama,idn,DESKTOP,0,1,0.0%,27.0
hoshino resorts 1955 tokyo bay,kor,DESKTOP,0,1,0.0%,54.0
hotel dream gate,gbr,DESKTOP,0,1,0.0%,20.0
hotel dream gate maihama,gbr,DESKTOP,0,1,0.0%,27.0
hotel dream gate maihama,idn,DESKTOP,0,1,0.0%,20.0
hotel dream gate maihama,isr,DESKTOP,0,1,0.0%,17.0
hotel dream gate maihama,mys,DESKTOP,0,1,0.0%,27.0
hotel dream gate maihama,sau,DESKTOP,0,1,0.0%,24.0
hotel dream gate maihama annex,gbr,DESKTOP,0,1,0.0%,42.0
hotel dream gate maihama annex,vnm,DESKTOP,0,1,0.0%,30.0
hotel emion tokyo bay,gbr,DESKTOP,0,1,0.0%,26.0
hotel emion tokyo bay,idn,DESKTOP,0,1,0.0%,24.0
hotel emion tokyo bay,kor,DESKTOP,0,1,0.0%,49.0
hotel emion tokyo bay,phl,DESKTOP,0,1,0.0%,27.0
hotel emion tokyo bay,tha,DESKTOP,0,1,0.0%,27.0
hotel emion tokyo bay,vnm,DESKTOP,0,1,0.0%,27.0
hotel emion tokyo bay japan,aus,DESKTOP,0,1,0.0%,33.0
hotel emion tokyo bay shuttle bus,prt,DESKTOP,0,1,0.0%,25.0
hotel emion tokyo bay urayasu,gbr,DESKTOP,0,1,0.0%,27.0
hotel emion tokyo bay urayasu,usa,DESKTOP,0,1,0.0%,29.0
hotel eurasia maihama,bgd,DESKTOP,0,1,0.0%,44.0
hotel lumiere kasai,tha,DESKTOP,0,1,0.0%,52.0
hotel miracosta official website,kor,DESKTOP,0,1,0.0%,11.0
hotel mystay maihama,sgp,DESKTOP,0,1,0.0%,26.0
hotel mystays maihama,idn,DESKTOP,0,1,0.0%,28.0
hotel mystays maihama,kor,DESKTOP,0,1,0.0%,38.0
hotel mystays maihama,phl,DESKTOP,0,1,0.0%,28.0
hotel mystays maihama urayasu,esp,DESKTOP,0,1,0.0%,25.0
hotel near maihama station,sgp,DESKTOP,0,1,0.0%,27.0
hotel near shin urayasu station,are,DESKTOP,0,1,0.0%,11.0
hotel seaside edogawa,usa,DESKTOP,0,1,0.0%,30.0
hotel trend asakusa,usa,DESKTOP,0,1,0.0%,81.0
hotels in urayasu,esp,MOBILE,0,1,0.0%,43.0
hotels in urayasu,ita,MOBILE,0,1,0.0%,16.0
hotels in urayasu,nzl,DESKTOP,0,1,0.0%,28.0
hotels near tokyo disneyland with free shuttle,are,MOBILE,0,1,0.0%,10.0
hotels near tokyo disneyland with free shuttle,aus,DESKTOP,0,1,0.0%,34.0
hotels near tokyo disneyland with free shuttle,can,DESKTOP,0,1,0.0%,19.0
hotels near tokyo disneyland with free shuttle,gum,DESKTOP,0,1,0.0%,10.0
hotels near tokyo disneyland with free shuttle,gum,MOBILE,0,1,0.0%,11.0
hotels near tokyo disneyland with free shuttle,hkg,DESKTOP,0,1,0.0%,10.0
hotels near tokyo disneyland with free shuttle,jor,DESKTOP,0,1,0.0%,17.0
hotels near tokyo disneyland with free shuttle,kor,DESKTOP,0,1,0.0%,8.0
hotels near tokyo disneyland with free shuttle,mnp,MOBILE,0,1,0.0%,10.0
hotels near tokyo disneyland with free shuttle,nzl,DESKTOP,0,1,0.0%,10.0
hotels near tokyo disneyland with free shuttle,nzl,MOBILE,0,1,0.0%,9.0
hotels near tokyo disneyland with free shuttle,phl,DESKTOP,0,1,0.0%,1.0
how do i book a room at one of the official hotels in the maihama area?,usa,DESKTOP,0,1,0.0%,8.0
how do i find a family-friendly hotel in tokyo near disneyland or major attractions?,gbr,MOBILE,0,1,0.0%,22.0
how do i get to tokyo disneyland from the airport?,usa,DESKTOP,0,1,0.0%,58.0
how far is urayasu from tokyo,mys,DESKTOP,0,1,0.0%,32.0
how far is urayasu from tokyo,sau,DESKTOP,0,1,0.0%,55.0
how much does it cost to get into tokyo disneyland?,sgp,DESKTOP,0,1,0.0%,48.0
how much is a taxi,usa,MOBILE,0,1,0.0%,1.0
how much is the shuttle?,nld,DESKTOP,0,1,0.0%,3.0
how much would the taxi cost?,can,MOBILE,0,1,0.0%,6.0
how to book disneysea tickets,ukr,DESKTOP,0,1,0.0%,26.0
how to buy disney sea tickets,mys,DESKTOP,0,1,0.0%,39.0
how to buy disney tokyo tickets,ind,DESKTOP,0,1,0.0%,44.0
how to buy disney tokyo tickets,pak,DESKTOP,0,1,0.0%,38.0
how to buy disneyland tokyo tickets,nzl,DESKTOP,0,1,0.0%,40.0
how to buy disneyland tokyo tickets,phl,DESKTOP,0,1,0.0%,39.0
how to buy disneyland tokyo tickets,usa,DESKTOP,0,1,0.0%,56.0
how to buy disneysea tickets,aus,DESKTOP,0,1,0.0%,46.0
how to buy tickets for disneyland tokyo,tur,DESKTOP,0,1,0.0%,55.0
how to buy tickets for tokyo disneyland,usa,DESKTOP,0,1,0.0%,53.0
how to buy tokyo disney sea tickets,ven,DESKTOP,0,1,0.0%,43.0
how to buy tokyo disneyland tickets,ind,DESKTOP,0,1,0.0%,41.0
how to buy tokyo disneyland tickets,usa,DESKTOP,0,1,0.0%,59.0
how to get disneysea tickets,phl,DESKTOP,0,1,0.0%,46.0
how to get to disneysea from maihama station,idn,DESKTOP,0,1,0.0%,39.0
how to get to disneysea from maihama station,tha,DESKTOP,0,1,0.0%,41.0
how to get to tokyo disneyland from tokyo station,usa,DESKTOP,0,1,0.0%,41.0
how to purchase tokyo disneyland tickets,gbr,DESKTOP,0,1,0.0%,43.0
hyatt regency tokyo bay to haneda airport,usa,MOBILE,0,1,0.0%,2.0
idバレーボール大会,jpn,DESKTOP,0,1,0.0%,9.0
idバレーボール大会 2026,jpn,MOBILE,0,1,0.0%,1.0
indoor hot pool,aus,MOBILE,0,1,0.0%,3.0
irodori hotel akane,vnm,DESKTOP,0,1,0.0%,79.0
is hilton tokyo bay a disney hotel?,usa,MOBILE,0,1,0.0%,53.0
is there a free shuttle from tokyo to disneyland?,usa,DESKTOP,0,1,0.0%,50.0
is there a free shuttle from tokyo to disneyland?,usa,MOBILE,0,1,0.0%,49.0
ja,nld,MOBILE,0,1,0.0%,2.0
japan disneyland tickets price,can,DESKTOP,0,1,0.0%,49.0
jr keiyo line shin-urayasu to maihama travel time,usa,DESKTOP,0,1,0.0%,11.0
jr maihama station,mar,DESKTOP,0,1,0.0%,38.0
jr新浦安站到淺草,twn,MOBILE,0,1,0.0%,39.0
jr舞濱站到東京鐵塔,twn,TABLET,0,1,0.0%,40.0
jungle 浦安,fra,MOBILE,0,1,0.0%,41.0
karte mit hotels in fujimi-machi,arg,MOBILE,0,1,0.0%,23.0
karte mit hotels in fujimi-machi,bol,DESKTOP,0,1,0.0%,30.0
karte mit hotels in fujimi-machi,bol,MOBILE,0,1,0.0%,20.0
karte mit hotels in fujimi-machi,col,DESKTOP,0,1,0.0%,19.0
karte mit hotels in fujimi-machi,col,MOBILE,0,1,0.0%,22.0
karte mit hotels in fujimi-machi,deu,DESKTOP,0,1,0.0%,12.0
karte mit hotels in fujimi-machi,idn,MOBILE,0,1,0.0%,22.0
karte mit hotels in fujimi-machi,irl,MOBILE,0,1,0.0%,25.0
karte mit hotels in fujimi-machi,lbn,DESKTOP,0,1,0.0%,27.0
karte mit hotels in fujimi-machi,pak,MOBILE,0,1,0.0%,23.0
karte mit hotels in fujimi-machi,pry,DESKTOP,0,1,0.0%,16.0
karte mit hotels in fujimi-machi,tur,MOBILE,0,1,0.0%,22.0
keio plaza disney shuttle,usa,DESKTOP,0,1,0.0%,38.0
keio plaza hotel disney shuttle,usa,DESKTOP,0,1,0.0%,39.0
konbini near me,jpn,MOBILE,0,1,0.0%,1.0
kyotamba hotels with free parking,usa,TABLET,0,1,0.0%,73.0
kyoto hotels large public bath,usa,DESKTOP,0,1,0.0%,72.0
la'gent hotel tokyo bay shuttle bus,jpn,MOBILE,0,1,0.0%,6.0
late night dining options,jpn,MOBILE,0,1,0.0%,10.0
lawson hilton tokyo bay,esp,MOBILE,0,1,0.0%,13.0
lawson hilton tokyo bay,tur,DESKTOP,0,1,0.0%,11.0
lawsons,jpn,DESKTOP,0,1,0.0%,1.0
maihama,deu,MOBILE,0,1,0.0%,5.0
maihama,jpn,MOBILE,0,1,0.0%,2.0
maihama,kor,DESKTOP,0,1,0.0%,51.0
maihama,sgp,DESKTOP,0,1,0.0%,35.0
maihama area,fin,MOBILE,0,1,0.0%,10.0
maihama area,fra,DESKTOP,0,1,0.0%,10.0
maihama area,jpn,MOBILE,0,1,0.0%,12.0
maihama eurasia hotel,ita,DESKTOP,0,1,0.0%,50.0
maihama eurasia hotel,usa,DESKTOP,0,1,0.0%,61.0
maihama hotels,usa,MOBILE,0,1,0.0%,20.0
maihama lagoon,aus,MOBILE,0,1,0.0%,6.0
maihama lagoon,usa,DESKTOP,0,1,0.0%,1.0
maihama station,can,DESKTOP,0,1,0.0%,45.0
maihama station,fra,DESKTOP,0,1,0.0%,44.0
maihama station food,usa,DESKTOP,0,1,0.0%,13.0
maihama station japan,aus,DESKTOP,0,1,0.0%,52.0
maihama station luggage storage,usa,DESKTOP,0,1,0.0%,7.0
maihama station to disneyland,aus,DESKTOP,0,1,0.0%,44.0
maihama station to disneyland,phl,DESKTOP,0,1,0.0%,45.0
maihama station to disneyland,ukr,DESKTOP,0,1,0.0%,31.0
maihama station to disneysea,phl,DESKTOP,0,1,0.0%,36.0
maihama station to disneysea,usa,DESKTOP,0,1,0.0%,45.0
maihama station to tokyo disneyland,phl,DESKTOP,0,1,0.0%,31.0
maihama station to tokyo disneyland,sgp,DESKTOP,0,1,0.0%,29.0
maihama station to tokyo disneyland,vnm,DESKTOP,0,1,0.0%,29.0
maihama to disneysea,bgd,DESKTOP,0,1,0.0%,43.0
maihama to narita airport,usa,DESKTOP,0,1,0.0%,19.0
maihama to shin-urayasu travel time keiyo line,usa,DESKTOP,0,1,0.0%,11.0
maihama to shin-urayasu travel time keiyo line 3 minutes,usa,DESKTOP,0,1,0.0%,8.0
maihama tokyo,ind,DESKTOP,0,1,0.0%,40.0
maihama view hotel by hulic shuttle bus,aus,DESKTOP,0,1,0.0%,11.0
maihama view hotel by hulic shuttle bus,can,DESKTOP,0,1,0.0%,8.0
maihama view hotel by hulic shuttle bus,jpn,MOBILE,0,1,0.0%,7.0
maihama view hotel by hulic shuttle bus,nld,DESKTOP,0,1,0.0%,6.0
maihama view hotel by hulic shuttle bus,phl,MOBILE,0,1,0.0%,9.0
maihama view hotel by hulic shuttle bus,sgp,DESKTOP,0,1,0.0%,4.0
mav 浦安 west,jpn,MOBILE,0,1,0.0%,19.0
mie mihama family friendly hotels,usa,DESKTOP,0,1,0.0%,70.0
mogen kinderen,jpn,MOBILE,0,1,0.0%,5.0
mystay maihama,can,DESKTOP,0,1,0.0%,25.0
mystays maihama,can,DESKTOP,0,1,0.0%,23.0
mystays maihama,gbr,DESKTOP,0,1,0.0%,30.0
mystays maihama,mys,DESKTOP,0,1,0.0%,27.0
mystays shin urayasu conference center,usa,DESKTOP,0,1,0.0%,31.0
mystays 新浦安,twn,DESKTOP,0,1,0.0%,27.0
mystays 舞 濱 酒店,jpn,DESKTOP,0,1,0.0%,45.0
mystays舞濱酒店,twn,DESKTOP,0,1,0.0%,47.0
m’av（マーヴ）浦安west,jpn,DESKTOP,0,1,0.0%,10.0
narita airport fixed fare taxi urayasu official,tha,DESKTOP,0,1,0.0%,9.0
nearest convenience store,jpn,MOBILE,0,1,0.0%,1.0
new coast shin-urayasu,ind,DESKTOP,0,1,0.0%,56.0
nohga hotel,ind,MOBILE,0,1,0.0%,2.0
nクリニック 舞浜,jpn,DESKTOP,0,1,0.0%,11.0
nクリニック東京ベイ舞浜,jpn,DESKTOP,0,1,0.0%,20.0
oriental bay hotel tokyo,aus,DESKTOP,0,1,0.0%,60.0
oriental hotel tokyo,aus,DESKTOP,0,1,0.0%,54.0
oriental hotel tokyo bay,can,DESKTOP,0,1,0.0%,49.0
oriental hotel tokyo bay,deu,DESKTOP,0,1,0.0%,48.0
oriental hotel tokyo bay,idn,DESKTOP,0,1,0.0%,53.0
oriental hotel tokyo bay urayasu,aus,DESKTOP,0,1,0.0%,40.0
oriental tokyo bay,aus,DESKTOP,0,1,0.0%,42.0
oriental tokyo bay,can,DESKTOP,0,1,0.0%,42.0
oriental tokyo bay,sgp,DESKTOP,0,1,0.0%,44.0
oriental tokyo bay,usa,DESKTOP,0,1,0.0%,35.0
oriental+hotel+tokyo+bay,usa,DESKTOP,0,1,0.0%,50.0
other places?,jpn,MOBILE,0,1,0.0%,12.0
perch burger,jpn,DESKTOP,0,1,0.0%,10.0
perch diner,jpn,MOBILE,0,1,0.0%,9.0
phone number,aus,MOBILE,0,1,0.0%,3.0
pinxsurf&cafe,jpn,DESKTOP,0,1,0.0%,43.0
pinxsurf&cafe,jpn,MOBILE,0,1,0.0%,34.0
price per item,aus,MOBILE,0,1,0.0%,4.0
pricing and hours,jpn,MOBILE,0,1,0.0%,3.0
purchase disneyland tokyo tickets,vnm,DESKTOP,0,1,0.0%,32.0
purchase tokyo disneyland tickets,sgp,DESKTOP,0,1,0.0%,47.0
resort gateway station,gbr,DESKTOP,0,1,0.0%,40.0
resort gateway station,irq,DESKTOP,0,1,0.0%,31.0
respond in the following language: japanese (日本語) responses should be strictly in the context of the following country: japan. 新浦安駅の近くで、安いホテルってありますか？,usa,DESKTOP,0,1,0.0%,15.0
respond in the following language: japanese (日本語) responses should be strictly in the context of the following country: japan. 浦安でお手頃なホテルってどこかある？,usa,DESKTOP,0,1,0.0%,23.0
respond in the following language: japanese (日本語) responses should be strictly in the context of the following country: japan. 浦安行きの安い航空券ってどこで見つけられる？,usa,DESKTOP,0,1,0.0%,11.0
rinkai aquarium,usa,DESKTOP,0,1,0.0%,10.0
saray サライ 行徳,jpn,MOBILE,0,1,0.0%,18.0
saray 行徳,jpn,MOBILE,0,1,0.0%,12.0
seiyu 浦安,jpn,DESKTOP,0,1,0.0%,5.0
sheraton grande tokyo bay,jpn,MOBILE,0,1,0.0%,2.0
sheraton grande tokyo bay check out time,dza,DESKTOP,0,1,0.0%,55.0
sheraton grande tokyo bay hotel address,usa,DESKTOP,0,1,0.0%,62.0
sheraton grande tokyo bay hotel check out time,jor,DESKTOP,0,1,0.0%,51.0
sheraton grande tokyo bay hotel prices,usa,DESKTOP,0,1,0.0%,42.0
sheraton grande tokyo bay hotel spa,ind,DESKTOP,0,1,0.0%,39.0
sheraton grande tokyo bay hotel urayasu,deu,DESKTOP,0,1,0.0%,37.0
sheraton grande tokyo bay indoor pool,esp,DESKTOP,0,1,0.0%,29.0
sheraton grande tokyo bay indoor pool,ind,DESKTOP,0,1,0.0%,38.0
sheraton grande tokyo bay indoor pool,jpn,MOBILE,0,1,0.0%,2.0
sheraton maihama,mar,DESKTOP,0,1,0.0%,30.0
shin urayasu,gum,MOBILE,0,1,0.0%,12.0
shin urayasu,nzl,MOBILE,0,1,0.0%,10.0
shin urayasu,phl,DESKTOP,0,1,0.0%,24.0
shin urayasu,tha,DESKTOP,0,1,0.0%,22.0
shin urayasu station,gbr,DESKTOP,0,1,0.0%,28.0
shin urayasu station,phl,DESKTOP,0,1,0.0%,36.0
shin urayasu station to tokyo station,usa,DESKTOP,0,1,0.0%,44.0
shin-urayasu,aus,DESKTOP,0,1,0.0%,25.0
shin-urayasu,jpn,MOBILE,0,1,0.0%,20.0
shin-urayasu,kor,DESKTOP,0,1,0.0%,57.0
shin-urayasu,sgp,DESKTOP,0,1,0.0%,50.0
shin-urayasu station,gbr,DESKTOP,0,1,0.0%,28.0
shin-urayasu station,sgp,DESKTOP,0,1,0.0%,30.0
shin-urayasu station,usa,DESKTOP,0,1,0.0%,31.0
shin-urayasu station area,can,DESKTOP,0,1,0.0%,9.0
shin-urayasu to maihama jr keiyo line travel time,usa,DESKTOP,0,1,0.0%,1.0
shin-urayasu to maihama station travel time,idn,DESKTOP,0,1,0.0%,6.0
shin-urayasu to maihama station travel time,idn,MOBILE,0,1,0.0%,5.0
shin-urayasu to maihama train time,usa,MOBILE,0,1,0.0%,8.0
shin-urayasu to maihama travel time keiyo line,usa,DESKTOP,0,1,0.0%,11.0
shinjuku to disneyland tokyo,sgp,MOBILE,0,1,0.0%,2.0
should i buy disneysea tickets in advance,ukr,DESKTOP,0,1,0.0%,29.0
should i buy tokyo disneyland tickets in advance?,usa,DESKTOP,0,1,0.0%,48.0
should i buy tokyo disneyland tickets in advance?,usa,MOBILE,0,1,0.0%,48.0
shuttle,phl,MOBILE,0,1,0.0%,4.0
shuttle bus times,kor,MOBILE,0,1,0.0%,6.0
spa & hotel maihama eurasia,usa,DESKTOP,0,1,0.0%,46.0
spa & hotel maihama eurasia onsen,usa,MOBILE,0,1,0.0%,11.0
spa & hotel maihama eurasia shuttle bus,usa,MOBILE,0,1,0.0%,6.0
spa&hotel maihama eurasia,sgp,DESKTOP,0,1,0.0%,51.0
splash challenge,jpn,MOBILE,0,1,0.0%,1.0
stores near me,jpn,MOBILE,0,1,0.0%,1.0
sugary,jpn,MOBILE,0,1,0.0%,25.0
sugary イクスピアリ店 浦安市 レビュー,jpn,MOBILE,0,1,0.0%,13.0
supermarkt,nld,MOBILE,0,1,0.0%,3.0
tanggal berapa,jpn,MOBILE,0,1,0.0%,1.0
taxi,sgp,DESKTOP,0,1,0.0%,5.0
taxi station,jpn,MOBILE,0,1,0.0%,1.0
the oriental hotel tokyo bay,usa,DESKTOP,0,1,0.0%,49.0
the royal park hotel maihama resort tokyo bay,twn,DESKTOP,0,1,0.0%,50.0
the royal park hotel maihama resort tokyo bay shuttle bus,jam,DESKTOP,0,1,0.0%,4.0
the royal park hotel maihama resort tokyo bay shuttle bus,mac,MOBILE,0,1,0.0%,5.0
the royal park hotel maihama resort tokyo bay shuttle bus,tha,DESKTOP,0,1,0.0%,7.0
the royal park hotel maihama resort tokyo-bay,twn,DESKTOP,0,1,0.0%,9.0
the town,aus,DESKTOP,0,1,0.0%,14.0
things to do in maihama,bwa,DESKTOP,0,1,0.0%,12.0
things to do in maihama,fra,DESKTOP,0,1,0.0%,11.0
things to do in maihama,gbr,DESKTOP,0,1,0.0%,16.0
things to do in maihama,isr,DESKTOP,0,1,0.0%,12.0
things to do in maihama,ita,DESKTOP,0,1,0.0%,18.0
things to do in maihama,kaz,DESKTOP,0,1,0.0%,12.0
things to do in maihama,ken,DESKTOP,0,1,0.0%,12.0
things to do in maihama,per,DESKTOP,0,1,0.0%,12.0
things to do in maihama,phl,DESKTOP,0,1,0.0%,12.0
things to do in maihama,rus,DESKTOP,0,1,0.0%,12.0
things to do in maihama,sgp,DESKTOP,0,1,0.0%,12.0
things to do in maihama,tun,DESKTOP,0,1,0.0%,12.0
things to do in maihama,uzb,DESKTOP,0,1,0.0%,12.0
things to do in maihama,zaf,DESKTOP,0,1,0.0%,12.0
things to do in maihama,zwe,DESKTOP,0,1,0.0%,12.0
things to do in urayasu,dza,DESKTOP,0,1,0.0%,15.0
things to do in urayasu,gbr,DESKTOP,0,1,0.0%,25.0
things to do in urayasu,idn,DESKTOP,0,1,0.0%,39.0
things to do in urayasu,ind,DESKTOP,0,1,0.0%,50.0
things to do in urayasu,jpn,DESKTOP,0,1,0.0%,23.0
things to do in urayasu japan,phl,DESKTOP,0,1,0.0%,51.0
things to do in urayasu japan,tha,DESKTOP,0,1,0.0%,25.0
things to do in urayasu japan,usa,MOBILE,0,1,0.0%,28.0
things to do near tokyo disneyland,usa,MOBILE,0,1,0.0%,21.0
tickets to disney tokyo,phl,DESKTOP,0,1,0.0%,37.0
tickets tokyo disney,gbr,DESKTOP,0,1,0.0%,45.0
tickets tokyo disney,phl,DESKTOP,0,1,0.0%,39.0
til what time?,jpn,MOBILE,0,1,0.0%,3.0
tokyo,chn,MOBILE,0,1,0.0%,7.0
tokyo bay maihama hotel first resort disney shuttle,can,MOBILE,0,1,0.0%,12.0
tokyo bay maihama hotel first resort shuttle,usa,DESKTOP,0,1,0.0%,9.0
tokyo bay maihama hotel first resort shuttle bus,gbr,DESKTOP,0,1,0.0%,2.0
tokyo bay oriental hotel,can,DESKTOP,0,1,0.0%,40.0
tokyo disney buy tickets,usa,DESKTOP,0,1,0.0%,47.0
tokyo disney celebration hotel discover,chl,DESKTOP,0,1,0.0%,12.0
tokyo disney celebration hotel discover,chl,MOBILE,0,1,0.0%,11.0
tokyo disney celebration hotel discover,gbr,MOBILE,0,1,0.0%,12.0
tokyo disney celebration hotel discover,hkg,MOBILE,0,1,0.0%,11.0
tokyo disney celebration hotel discover,jpn,MOBILE,0,1,0.0%,12.0
tokyo disney celebration hotel discover standard room,ind,DESKTOP,0,1,0.0%,18.0
tokyo disney celebration hotel happy entry,bra,MOBILE,0,1,0.0%,6.0
tokyo disney celebration hotel happy entry,fra,DESKTOP,0,1,0.0%,8.0
tokyo disney celebration hotel happy entry,mys,MOBILE,0,1,0.0%,10.0
tokyo disney celebration hotel happy entry,sgp,DESKTOP,0,1,0.0%,11.0
tokyo disney celebration hotel wish vs discover,idn,DESKTOP,0,1,0.0%,25.0
tokyo disney early entry,sau,DESKTOP,0,1,0.0%,16.0
tokyo disney early entry,usa,DESKTOP,0,1,0.0%,21.0
tokyo disney good neighbor hotels,usa,DESKTOP,0,1,0.0%,64.0
tokyo disney happy entry,bra,MOBILE,0,1,0.0%,11.0
tokyo disney happy entry,can,MOBILE,0,1,0.0%,9.0
tokyo disney happy entry,gbr,DESKTOP,0,1,0.0%,11.0
tokyo disney happy entry,hun,DESKTOP,0,1,0.0%,9.0
tokyo disney happy entry,idn,MOBILE,0,1,0.0%,11.0
tokyo disney happy entry,ind,MOBILE,0,1,0.0%,11.0
tokyo disney happy entry,mar,DESKTOP,0,1,0.0%,13.0
tokyo disney happy entry,nld,DESKTOP,0,1,0.0%,10.0
tokyo disney happy entry,sgp,MOBILE,0,1,0.0%,10.0
tokyo disney happy entry,swe,MOBILE,0,1,0.0%,10.0
tokyo disney happy entry,twn,DESKTOP,0,1,0.0%,8.0
tokyo disney happy entry,usa,DESKTOP,0,1,0.0%,11.0
tokyo disney happy entry,usa,MOBILE,0,1,0.0%,10.0
tokyo disney happy entry eligible hotels 2026,jpn,DESKTOP,0,1,0.0%,11.0
tokyo disney hotel comparison,tur,DESKTOP,0,1,0.0%,35.0
tokyo disney hotel map,can,DESKTOP,0,1,0.0%,22.0
tokyo disney hotel map,usa,DESKTOP,0,1,0.0%,28.0
tokyo disney hotels map,can,DESKTOP,0,1,0.0%,39.0
tokyo disney hotels with early entry,pak,DESKTOP,0,1,0.0%,15.0
tokyo disney land ticket,usa,DESKTOP,0,1,0.0%,62.0
tokyo disney park tickets,usa,DESKTOP,0,1,0.0%,54.0
tokyo disney partner hotels,sgp,DESKTOP,0,1,0.0%,29.0
tokyo disney resort access route map maihama rose town kasai exit urayasu exit official,are,DESKTOP,0,1,0.0%,5.0
tokyo disney resort access route map maihama rose town nekozane 3 chome urayasu undo koen mae official,are,DESKTOP,0,1,0.0%,5.0
tokyo disney resort gateway station,ind,DESKTOP,0,1,0.0%,56.0
tokyo disney resort good neighbor hotels,mex,DESKTOP,0,1,0.0%,13.0
tokyo disney resort happy entry,deu,DESKTOP,0,1,0.0%,10.0
tokyo disney resort happy entry,hkg,DESKTOP,0,1,0.0%,11.0
tokyo disney resort happy entry eligible hotels 2026 official,jpn,DESKTOP,0,1,0.0%,8.0
tokyo disney resort hotel map,ind,DESKTOP,0,1,0.0%,28.0
tokyo disney resort hotel map,ukr,DESKTOP,0,1,0.0%,15.0
tokyo disney resort partner hotels,usa,DESKTOP,0,1,0.0%,49.0
tokyo disney resort tickets,phl,DESKTOP,0,1,0.0%,35.0
tokyo disney resort tickets,usa,DESKTOP,0,1,0.0%,57.0
tokyo disney tickets,gbr,DESKTOP,0,1,0.0%,46.0
tokyo disney tickets,qat,MOBILE,0,1,0.0%,71.0
tokyo disneyland buy tickets,mar,DESKTOP,0,1,0.0%,45.0
tokyo disneyland buy tickets,phl,DESKTOP,0,1,0.0%,40.0
tokyo disneyland buy tickets,usa,DESKTOP,0,1,0.0%,59.0
tokyo disneyland early entry,ukr,DESKTOP,0,1,0.0%,14.0
tokyo disneyland happy entry,aus,MOBILE,0,1,0.0%,10.0
tokyo disneyland happy entry,cze,DESKTOP,0,1,0.0%,14.0
tokyo disneyland happy entry location,jpn,MOBILE,0,1,0.0%,9.0
tokyo disneyland hotel convenience store,idn,DESKTOP,0,1,0.0%,1.0
tokyo disneyland hotel happy entry,ind,MOBILE,0,1,0.0%,8.0
tokyo disneyland hotel happy entry,usa,MOBILE,0,1,0.0%,13.0
tokyo disneyland hotel laundry,sgp,MOBILE,0,1,0.0%,20.0
tokyo disneyland hotel laundry,vnm,DESKTOP,0,1,0.0%,13.0
tokyo disneyland hotel map,are,DESKTOP,0,1,0.0%,29.0
tokyo disneyland hotel map,aus,DESKTOP,0,1,0.0%,30.0
tokyo disneyland hotel map,can,DESKTOP,0,1,0.0%,26.0
tokyo disneyland hotel map,usa,DESKTOP,0,1,0.0%,30.0
tokyo disneyland hotels map,usa,DESKTOP,0,1,0.0%,34.0
tokyo disneyland japan ticket price,can,DESKTOP,0,1,0.0%,51.0
tokyo disneyland partner hotels,esp,DESKTOP,0,1,0.0%,98.0
tokyo disneyland ticket purchase,mar,DESKTOP,0,1,0.0%,39.0
tokyo disneyland ticket purchase,mys,DESKTOP,0,1,0.0%,47.0
tokyo disneyland tickets,ind,DESKTOP,0,1,0.0%,48.0
tokyo disneyland tickets,usa,TABLET,0,1,0.0%,51.0
tokyo disneyland tickets online,gbr,DESKTOP,0,1,0.0%,41.0
tokyo disneyland tickets where to buy,ind,DESKTOP,0,1,0.0%,56.0
tokyo disneyland tickets where to buy,phl,DESKTOP,0,1,0.0%,41.0
tokyo disneyland urayasu,are,MOBILE,0,1,0.0%,29.0
tokyo disneyland urayasu,arg,DESKTOP,0,1,0.0%,27.0
tokyo disneyland urayasu,aus,MOBILE,0,1,0.0%,29.0
tokyo disneyland urayasu,bgr,MOBILE,0,1,0.0%,22.0
tokyo disneyland urayasu,col,MOBILE,0,1,0.0%,29.0
tokyo disneyland urayasu,fra,MOBILE,0,1,0.0%,23.0
tokyo disneyland urayasu,gbr,DESKTOP,0,1,0.0%,25.0
tokyo disneyland urayasu,idn,MOBILE,0,1,0.0%,27.0
tokyo disneyland urayasu,mar,MOBILE,0,1,0.0%,30.0
tokyo disneyland urayasu,mne,MOBILE,0,1,0.0%,30.0
tokyo disneyland urayasu,pan,DESKTOP,0,1,0.0%,27.0
tokyo disneyland urayasu,phl,MOBILE,0,1,0.0%,23.0
tokyo disneyland urayasu,pol,MOBILE,0,1,0.0%,29.0
tokyo disneyland urayasu,tun,DESKTOP,0,1,0.0%,28.0
tokyo disneyland urayasu,ven,MOBILE,0,1,0.0%,30.0
tokyo disneyland urayasu,zaf,DESKTOP,0,1,0.0%,27.0
tokyo disneyland urayasu,zaf,MOBILE,0,1,0.0%,28.0
tokyo disneyland urayasu,zwe,MOBILE,0,1,0.0%,24.0
tokyo disneysea fantasy springs hotel grand chateau,ind,DESKTOP,0,1,0.0%,32.0
tokyo disneysea fantasy springs hotel prices,usa,DESKTOP,0,1,0.0%,33.0
tokyo disneysea fantasy springs hotel prices,usa,MOBILE,0,1,0.0%,3.0
tokyo disneysea taxi stand,jpn,DESKTOP,0,1,0.0%,23.0
tokyo disneysea urayasu,are,MOBILE,0,1,0.0%,28.0
tokyo disneysea urayasu,chl,MOBILE,0,1,0.0%,25.0
tokyo disneysea urayasu,ecu,MOBILE,0,1,0.0%,29.0
tokyo disneysea urayasu,ind,MOBILE,0,1,0.0%,27.0
tokyo disneysea urayasu,mmr,MOBILE,0,1,0.0%,27.0
tokyo disneysea urayasu,nga,MOBILE,0,1,0.0%,26.0
tokyo disneysea urayasu,phl,MOBILE,0,1,0.0%,27.0
tokyo hotel comparison,usa,MOBILE,0,1,0.0%,44.0
tokyo hotels with free shuttle to disneyland,mys,DESKTOP,0,1,0.0%,21.0
tokyo hotels with free shuttle to disneyland,rus,DESKTOP,0,1,0.0%,19.0
tokyo hotels with public bath,mys,DESKTOP,0,1,0.0%,33.0
tokyo hotels with public bath,tur,DESKTOP,0,1,0.0%,27.0
tokyo hotels with public bath,usa,DESKTOP,0,1,0.0%,36.0
tokyo japan disney tickets,usa,DESKTOP,0,1,0.0%,47.0
tokyo narita airport nrt to maihama station bus,usa,DESKTOP,0,1,0.0%,27.0
tokyo station to disney,usa,DESKTOP,0,1,0.0%,35.0
tokyo station to urayasu station,ita,MOBILE,0,1,0.0%,41.0
tokyo station to urayasu station,mex,MOBILE,0,1,0.0%,24.0
tokyo station to urayasu station,svk,DESKTOP,0,1,0.0%,26.0
tokyo station to urayasu station,usa,DESKTOP,0,1,0.0%,9.0
tokyo to maihama,ind,DESKTOP,0,1,0.0%,34.0
tokyo to urayasu,aut,MOBILE,0,1,0.0%,34.0
tokyo to urayasu,che,MOBILE,0,1,0.0%,48.0
tokyo to urayasu,gbr,MOBILE,0,1,0.0%,30.0
tokyo to urayasu,hun,MOBILE,0,1,0.0%,30.0
tokyo to urayasu,ind,DESKTOP,0,1,0.0%,33.0
tokyo to urayasu,ita,MOBILE,0,1,0.0%,33.0
tokyo to urayasu,rou,DESKTOP,0,1,0.0%,31.0
urayasu,aus,DESKTOP,0,1,0.0%,48.0
urayasu,mys,DESKTOP,0,1,0.0%,51.0
urayasu brighton hotel,usa,MOBILE,0,1,0.0%,10.0
urayasu brighton hotel,vnm,DESKTOP,0,1,0.0%,10.0
urayasu brighton hotel baggage storage before check in,usa,DESKTOP,0,1,0.0%,5.0
urayasu brighton hotel connected to shin-urayasu station,are,DESKTOP,0,1,0.0%,10.0
urayasu brighton hotel free shuttle bus to tokyo disney resort 17 minutes,usa,DESKTOP,0,1,0.0%,11.0
urayasu brighton hotel free shuttle bus to tokyo disneyland,usa,DESKTOP,0,1,0.0%,11.0
urayasu brighton hotel luggage storage before check in,are,DESKTOP,0,1,0.0%,8.0
urayasu brighton hotel luggage storage before check-in,sau,DESKTOP,0,1,0.0%,5.0
urayasu brighton hotel tokyo bay,bra,DESKTOP,0,1,0.0%,10.0
urayasu brighton hotel tokyo bay,esp,DESKTOP,0,1,0.0%,8.0
urayasu brighton hotel tokyo bay,kor,DESKTOP,0,1,0.0%,10.0
urayasu brighton hotel tokyo bay,mys,DESKTOP,0,1,0.0%,11.0
urayasu brighton hotel tokyo bay,nzl,DESKTOP,0,1,0.0%,14.0
urayasu brighton hotel tokyo bay,phl,MOBILE,0,1,0.0%,11.0
urayasu brighton hotel tokyo bay,pyf,DESKTOP,0,1,0.0%,11.0
urayasu brighton hotel tokyo bay baggage storage before check-in,usa,DESKTOP,0,1,0.0%,11.0
urayasu brighton hotel tokyo bay connected to shin-urayasu station,jpn,DESKTOP,0,1,0.0%,9.0
urayasu brighton hotel tokyo bay direct access shin-urayasu station,usa,DESKTOP,0,1,0.0%,12.0
urayasu brighton hotel tokyo bay direct connection shin-urayasu station,are,DESKTOP,0,1,0.0%,4.0
urayasu brighton hotel tokyo bay direct connection shin-urayasu station,usa,DESKTOP,0,1,0.0%,9.0
urayasu brighton hotel tokyo bay directly connected to shin-urayasu station,gbr,DESKTOP,0,1,0.0%,11.0
urayasu brighton hotel tokyo bay free shuttle bus to disney,usa,DESKTOP,0,1,0.0%,4.0
urayasu brighton hotel tokyo bay free shuttle bus to tokyo disney resort,usa,DESKTOP,0,1,0.0%,9.0
urayasu brighton hotel tokyo bay location connected to shin-urayasu station,are,DESKTOP,0,1,0.0%,10.0
urayasu brighton hotel tokyo bay location shin-urayasu station,can,DESKTOP,0,1,0.0%,11.0
urayasu brighton hotel tokyo bay location shin-urayasu station,esp,DESKTOP,0,1,0.0%,11.0
urayasu brighton hotel tokyo bay location shin-urayasu station,jpn,DESKTOP,0,1,0.0%,11.0
urayasu brighton hotel tokyo bay location shin-urayasu station connected,kor,DESKTOP,0,1,0.0%,10.0
urayasu brighton hotel tokyo bay location station,usa,DESKTOP,0,1,0.0%,10.0
urayasu brighton hotel tokyo bay luggage storage before check in,are,DESKTOP,0,1,0.0%,7.0
urayasu brighton hotel tokyo bay luggage storage before check-in,usa,MOBILE,0,1,0.0%,9.0
urayasu brighton hotel tokyo bay official website,are,DESKTOP,0,1,0.0%,8.0
urayasu brighton hotel tokyo bay official website,can,DESKTOP,0,1,0.0%,7.0
urayasu brighton hotel tokyo bay official website,idn,DESKTOP,0,1,0.0%,9.0
urayasu brighton hotel tokyo bay official website,isr,DESKTOP,0,1,0.0%,7.0
urayasu brighton hotel tokyo bay official website,tha,DESKTOP,0,1,0.0%,10.0
urayasu brighton hotel tokyo bay official website,usa,DESKTOP,0,1,0.0%,8.0
urayasu brighton hotel tokyo bay shin-urayasu station connected,are,DESKTOP,0,1,0.0%,7.0
urayasu brighton hotel tokyo bay station connected shin-urayasu,are,DESKTOP,0,1,0.0%,8.0
urayasu city traffic park,bgd,DESKTOP,0,1,0.0%,3.0
urayasu city traffic park,jpn,MOBILE,0,1,0.0%,3.0
urayasu comprehensive park,mar,DESKTOP,0,1,0.0%,36.0
urayasu hotel,usa,DESKTOP,0,1,0.0%,34.0
urayasu hotels,arg,MOBILE,0,1,0.0%,30.0
urayasu hotels,bih,MOBILE,0,1,0.0%,28.0
urayasu hotels,ecu,MOBILE,0,1,0.0%,30.0
urayasu hotels,fra,DESKTOP,0,1,0.0%,34.0
urayasu hotels,ind,DESKTOP,0,1,0.0%,62.0
urayasu hotels,kwt,MOBILE,0,1,0.0%,29.0
urayasu hotels,mar,MOBILE,0,1,0.0%,26.0
urayasu hotels,pak,MOBILE,0,1,0.0%,27.0
urayasu hotels,tha,DESKTOP,0,1,0.0%,29.0
urayasu hotels,tha,MOBILE,0,1,0.0%,27.0
urayasu hotels,ven,MOBILE,0,1,0.0%,27.0
urayasu hotels with shuttle,are,MOBILE,0,1,0.0%,29.0
urayasu hotels with shuttle,arg,MOBILE,0,1,0.0%,27.0
urayasu hotels with shuttle,aus,DESKTOP,0,1,0.0%,22.0
urayasu hotels with shuttle,bgd,MOBILE,0,1,0.0%,16.0
urayasu hotels with shuttle,cze,DESKTOP,0,1,0.0%,22.0
urayasu hotels with shuttle,dom,MOBILE,0,1,0.0%,30.0
urayasu hotels with shuttle,ecu,DESKTOP,0,1,0.0%,15.0
urayasu hotels with shuttle,esp,DESKTOP,0,1,0.0%,22.0
urayasu hotels with shuttle,fra,MOBILE,0,1,0.0%,20.0
urayasu hotels with shuttle,irn,MOBILE,0,1,0.0%,24.0
urayasu hotels with shuttle,kaz,MOBILE,0,1,0.0%,15.0
urayasu hotels with shuttle,kgz,MOBILE,0,1,0.0%,11.0
urayasu hotels with shuttle,kor,MOBILE,0,1,0.0%,30.0
urayasu hotels with shuttle,lka,MOBILE,0,1,0.0%,30.0
urayasu hotels with shuttle,mdv,DESKTOP,0,1,0.0%,30.0
urayasu hotels with shuttle,mys,DESKTOP,0,1,0.0%,11.0
urayasu hotels with shuttle,pak,MOBILE,0,1,0.0%,23.0
urayasu hotels with shuttle,phl,DESKTOP,0,1,0.0%,30.0
urayasu hotels with shuttle,prt,DESKTOP,0,1,0.0%,29.0
urayasu hotels with shuttle,prt,MOBILE,0,1,0.0%,10.0
urayasu hotels with shuttle,pry,MOBILE,0,1,0.0%,13.0
urayasu hotels with shuttle,sau,DESKTOP,0,1,0.0%,29.0
urayasu hotels with shuttle,som,MOBILE,0,1,0.0%,15.0
urayasu hotels with shuttle,ven,DESKTOP,0,1,0.0%,21.0
urayasu hotels with shuttle,vnm,MOBILE,0,1,0.0%,13.0
urayasu japan hotels,usa,DESKTOP,0,1,0.0%,28.0
urayasu park,can,DESKTOP,0,1,0.0%,20.0
urayasu seaside park,can,DESKTOP,0,1,0.0%,11.0
urayasu seaside park,jpn,DESKTOP,0,1,0.0%,10.0
urayasu seaside park,tha,DESKTOP,0,1,0.0%,10.0
urayasu station to disneyland,bgd,DESKTOP,0,1,0.0%,85.0
urayasu station to disneyland,ind,DESKTOP,0,1,0.0%,60.0
urayasu station to tokyo station,jor,DESKTOP,0,1,0.0%,19.0
urayasu tokyo access jr keiyo line tokyo metro tozai line official,usa,DESKTOP,0,1,0.0%,7.0
urayasu traffic park,can,DESKTOP,0,1,0.0%,3.0
urayasu traffic park,jpn,DESKTOP,0,1,0.0%,4.0
urayasu traffic park,jpn,MOBILE,0,1,0.0%,4.0
urayasu 中文,can,MOBILE,0,1,0.0%,12.0
urayasu 中文,che,MOBILE,0,1,0.0%,8.0
urayasu 中文,chn,DESKTOP,0,1,0.0%,8.0
urayasu 中文,jpn,MOBILE,0,1,0.0%,11.0
urayasu 中文,mys,DESKTOP,0,1,0.0%,8.0
urayasu 中文,mys,MOBILE,0,1,0.0%,12.0
urayasu 中文,usa,MOBILE,0,1,0.0%,8.0
urayasu+brighton+hotel+tokyo+bay,usa,DESKTOP,0,1,0.0%,36.0
urayasu-shi,aus,DESKTOP,0,1,0.0%,54.0
urayasu-shi,sgp,DESKTOP,0,1,0.0%,65.0
uryasu,tur,DESKTOP,0,1,0.0%,99.0
vegego イクスピアリ,jpn,MOBILE,0,1,0.0%,17.0
vegego メニュー イクスピアリ,jpn,DESKTOP,0,1,0.0%,10.0
walking directions,usa,MOBILE,0,1,0.0%,5.0
what about hnd,usa,MOBILE,0,1,0.0%,2.0
what airport is closest to tokyo disney,usa,DESKTOP,0,1,0.0%,46.0
what airport should i fly into for tokyo disneyland?,usa,MOBILE,0,1,0.0%,68.0
what are the best budget hotels near disneyland tokyo?,usa,DESKTOP,0,1,0.0%,40.0
what are the best budget hotels near disneyland tokyo?,usa,MOBILE,0,1,0.0%,44.0
what are the best family-friendly hotels in tokyo with easy access to tokyo disneyland?,usa,DESKTOP,0,1,0.0%,11.0
what else?,usa,MOBILE,0,1,0.0%,12.0
what hotel is this?,sgp,DESKTOP,0,1,0.0%,6.0
"what hotels are available in tokyo disneysea® urayasu, chiba prefecture, japan?",can,DESKTOP,0,1,0.0%,12.0
what is happy entry at tokyo disney,vnm,MOBILE,0,1,0.0%,10.0
what is happy entry tokyo disney,ind,DESKTOP,0,1,0.0%,21.0
what is happy entry tokyo disney,pak,DESKTOP,0,1,0.0%,14.0
what other shops are there?,sgp,DESKTOP,0,1,0.0%,17.0
what time open until,usa,MOBILE,0,1,0.0%,2.0
what to do in urayasu,bgd,DESKTOP,0,1,0.0%,39.0
what to do in urayasu,idn,DESKTOP,0,1,0.0%,26.0
what to do in urayasu,phl,DESKTOP,0,1,0.0%,43.0
what to do in urayasu japan,can,DESKTOP,0,1,0.0%,37.0
what to do in urayasu japan,ecu,DESKTOP,0,1,0.0%,24.0
what to do in urayasu japan,mex,DESKTOP,0,1,0.0%,49.0
what’s their phone number?,jpn,MOBILE,0,1,0.0%,3.0
when did the hotel open?,jpn,MOBILE,0,1,0.0%,3.0
when do disneysea tickets go on sale,pak,DESKTOP,0,1,0.0%,27.0
when do tokyo disneyland tickets go on sale,tur,DESKTOP,0,1,0.0%,35.0
when to book tickets for tokyo disneyland?,usa,DESKTOP,0,1,0.0%,49.0
when to book tickets for tokyo disneyland?,usa,MOBILE,0,1,0.0%,51.0
when to book tokyo disneyland tickets,sau,DESKTOP,0,1,0.0%,41.0
when to buy disney sea tickets,idn,DESKTOP,0,1,0.0%,34.0
when to buy disneysea tickets,ind,DESKTOP,0,1,0.0%,35.0
where is happy entry tokyo disneyland,mex,DESKTOP,0,1,0.0%,15.0
where is happy entry tokyo disneyland,usa,MOBILE,0,1,0.0%,11.0
where to buy disney sea tickets,fra,DESKTOP,0,1,0.0%,45.0
where to buy disney tokyo tickets,fra,DESKTOP,0,1,0.0%,47.0
where to buy disney tokyo tickets,tur,DESKTOP,0,1,0.0%,36.0
where to buy disneyland tokyo tickets,ind,DESKTOP,0,1,0.0%,61.0
where to buy disneyland tokyo tickets,usa,DESKTOP,0,1,0.0%,53.0
where to buy disneysea tickets,bgd,DESKTOP,0,1,0.0%,41.0
where to buy disneysea tickets,mys,DESKTOP,0,1,0.0%,36.0
where to buy tokyo disney tickets,usa,DESKTOP,0,1,0.0%,50.0
where to buy tokyo disneyland tickets,bgd,DESKTOP,0,1,0.0%,43.0
where to buy tokyo disneyland tickets,gbr,DESKTOP,0,1,0.0%,47.0
where to buy tokyo disneyland tickets,nzl,DESKTOP,0,1,0.0%,39.0
where to buy tokyo disneyland tickets,usa,DESKTOP,0,1,0.0%,45.0
where to stay in tokyo for disneyland,aus,MOBILE,0,1,0.0%,3.0
where?,sgp,DESKTOP,0,1,0.0%,11.0
which airport is closer to tokyo disney,tur,DESKTOP,0,1,0.0%,31.0
which airport is closer to tokyo disney,usa,DESKTOP,0,1,0.0%,52.0
which airport is closer to tokyo disneyland,usa,DESKTOP,0,1,0.0%,45.0
which hotels near disneyland tokyo have free shuttles?,usa,DESKTOP,0,1,0.0%,28.0
which hotels near disneyland tokyo have free shuttles?,usa,MOBILE,0,1,0.0%,31.0
yes,phl,DESKTOP,0,1,0.0%,2.0
yes,phl,MOBILE,0,1,0.0%,3.0
yes,usa,TABLET,0,1,0.0%,7.0
yes both,aus,MOBILE,0,1,0.0%,14.0
yes do they?,aus,MOBILE,0,1,0.0%,5.0
yes for both,mys,MOBILE,0,1,0.0%,10.0
yes please,aus,MOBILE,0,1,0.0%,10.0
yes please,jpn,MOBILE,0,1,0.0%,3.0
yes. september,jpn,MOBILE,0,1,0.0%,1.0
במלון,isr,MOBILE,0,1,0.0%,5.0
דיסני סי,isr,MOBILE,0,1,0.0%,13.0
♯c-pla,jpn,MOBILE,0,1,0.0%,15.0
いつ,jpn,MOBILE,0,1,0.0%,1.0
いつからいつまでやってた？,jpn,MOBILE,0,1,0.0%,2.0
いつから？,jpn,MOBILE,0,1,0.0%,2.0
いつ閉店した,jpn,MOBILE,0,1,0.0%,3.0
う,jpn,DESKTOP,0,1,0.0%,1.0
うらっこ広場 花火,jpn,DESKTOP,0,1,0.0%,3.0
うららめーる,jpn,DESKTOP,0,1,0.0%,42.0
うん,jpn,DESKTOP,0,1,0.0%,13.0
うん,jpn,MOBILE,0,1,0.0%,1.0
お さんぽ バス 浦安,jpn,DESKTOP,0,1,0.0%,11.0
おさんぽバス,chn,DESKTOP,0,1,0.0%,10.0
おさんぽバス 浦安,jpn,MOBILE,0,1,0.0%,10.0
おねがい！,jpn,MOBILE,0,1,0.0%,5.0
おまつり,jpn,MOBILE,0,1,0.0%,1.0
おむすび,jpn,MOBILE,0,1,0.0%,1.0
おるすばん灯,jpn,DESKTOP,0,1,0.0%,36.0
お得 テイクアウト,jpn,DESKTOP,0,1,0.0%,5.0
お散歩バス,jpn,DESKTOP,0,1,0.0%,14.0
お祭り,jpn,MOBILE,0,1,0.0%,1.0
かき氷 浦安,jpn,DESKTOP,0,1,0.0%,63.0
かすみ 中華,jpn,MOBILE,0,1,0.0%,6.0
くりこ庵 新浦安,jpn,MOBILE,0,1,0.0%,2.0
くるまや 浦安,jpn,DESKTOP,0,1,0.0%,38.0
ここからは？,jpn,MOBILE,0,1,0.0%,3.0
こどもむけ,jpn,MOBILE,0,1,0.0%,4.0
この辺の祭り,jpn,MOBILE,0,1,0.0%,5.0
これから,jpn,MOBILE,0,1,0.0%,2.0
これは最新情報？,jpn,MOBILE,0,1,0.0%,2.0
ごんちゃ イクスピアリ,jpn,DESKTOP,0,1,0.0%,7.0
ごんちゃイクスピアリ,jpn,MOBILE,0,1,0.0%,10.0
さが美 新浦安,jpn,DESKTOP,0,1,0.0%,9.0
さっぱりした惣菜,jpn,DESKTOP,0,1,0.0%,12.0
さつま や 浦安,jpn,DESKTOP,0,1,0.0%,61.0
しんうら音楽文化祭,jpn,MOBILE,0,1,0.0%,23.0
すし処やまぐち,jpn,MOBILE,0,1,0.0%,22.0
すべて,jpn,MOBILE,0,1,0.0%,10.0
そば 開店,jpn,DESKTOP,0,1,0.0%,49.0
それどこ情報？,jpn,MOBILE,0,1,0.0%,1.0
それ教えて,jpn,DESKTOP,0,1,0.0%,13.0
たい夢 浦安店,jpn,DESKTOP,0,1,0.0%,2.0
たい夢 浦安店,jpn,MOBILE,0,1,0.0%,6.0
たぬき 浦安,jpn,DESKTOP,0,1,0.0%,31.0
ちゃんと答えて。,jpn,MOBILE,0,1,0.0%,1.0
とんかつ やまだ 浦安 閉店,jpn,MOBILE,0,1,0.0%,10.0
どうなるの？,jpn,MOBILE,0,1,0.0%,2.0
どんどんまるや,gbr,MOBILE,0,1,0.0%,49.0
なんで閉店？,jpn,MOBILE,0,1,0.0%,2.0
のとじま食堂矢田新店,jpn,MOBILE,0,1,0.0%,41.0
は ま 寿司 ライフ ガーデン 新浦安 店,jpn,DESKTOP,0,1,0.0%,79.0
はい,jpn,DESKTOP,0,1,0.0%,6.0
ばくだん大将新浦安店,jpn,MOBILE,0,1,0.0%,36.0
ひとくち餃子 ひろやす,jpn,DESKTOP,0,1,0.0%,50.0
ふるさと浦安作品展,hkg,MOBILE,0,1,0.0%,10.0
べら安食堂,jpn,DESKTOP,0,1,0.0%,48.0
ほかにもだして,jpn,MOBILE,0,1,0.0%,3.0
ほかの選択肢は？,jpn,MOBILE,0,1,0.0%,25.0
ほのか 浦安店,jpn,MOBILE,0,1,0.0%,41.0
ほんとにあってる？,jpn,DESKTOP,0,1,0.0%,5.0
ほんとにできますか？,jpn,MOBILE,0,1,0.0%,4.0
まかない屋なにげ,jpn,DESKTOP,0,1,0.0%,43.0
まちづくり活動プラザ,jpn,DESKTOP,0,1,0.0%,59.0
まるとく新鮮市場,jpn,DESKTOP,0,1,0.0%,67.0
みんくる 浦安駅前店 浦安市猫実,jpn,MOBILE,0,1,0.0%,12.0
もっと,jpn,DESKTOP,0,1,0.0%,17.0
もへじ イクスピアリ,jpn,MOBILE,0,1,0.0%,5.0
もんじゃ もへじ イクスピアリ,jpn,MOBILE,0,1,0.0%,22.0
やきとり にしだ場,jpn,DESKTOP,0,1,0.0%,24.0
やきとり にしだ場 南行徳店,jpn,TABLET,0,1,0.0%,12.0
やきとり にしだ場 南行徳店 市川市 メニュー,jpn,TABLET,0,1,0.0%,5.0
やきとりにしだ場 南行徳店,jpn,DESKTOP,0,1,0.0%,9.0
やきとん558 新浦安ホルモン,swe,MOBILE,0,1,0.0%,47.0
ゆめや 浦安,jpn,DESKTOP,0,1,0.0%,41.0
よってこやらーめん浦安店,jpn,DESKTOP,0,1,0.0%,44.0
わんぱくパーク 浦安,jpn,MOBILE,0,1,0.0%,12.0
アイケア 整体,jpn,MOBILE,0,1,0.0%,6.0
アイケアラボ,jpn,DESKTOP,0,1,0.0%,11.0
アイケアラボ 店舗,jpn,MOBILE,0,1,0.0%,7.0
アイケアラボ浦安,jpn,DESKTOP,0,1,0.0%,10.0
アクロスプラザ浦安東野,jpn,DESKTOP,0,1,0.0%,93.0
アトレユニクロ,jpn,MOBILE,0,1,0.0%,3.0
アトレ新浦安,jpn,MOBILE,0,1,0.0%,2.0
アトレ新浦安 催事,jpn,DESKTOP,0,1,0.0%,9.0
アトレ新浦安 営業時間,jpn,MOBILE,0,1,0.0%,2.0
アトレ新浦安 期間限定ショップ,jpn,DESKTOP,0,1,0.0%,9.0
アトレ新浦安 転職,jpn,DESKTOP,0,1,0.0%,42.0
アロハシェラトン2026,jpn,MOBILE,0,1,0.0%,5.0
アンバサダーホテル アクセス,jpn,MOBILE,0,1,0.0%,2.0
アンバサダーホテル 荷物 舞浜駅,jpn,MOBILE,0,1,0.0%,9.0
アーリーエントリー,jpn,MOBILE,0,1,0.0%,14.0
アール元気 浦安,jpn,DESKTOP,0,1,0.0%,54.0
イオン 新浦安,jpn,MOBILE,0,1,0.0%,4.0
イオンスタイル新浦安,jpn,MOBILE,0,1,0.0%,3.0
イオンマルシェ,jpn,MOBILE,0,1,0.0%,6.0
イオン妙典 小児科,jpn,DESKTOP,0,1,0.0%,8.0
イクスピアリ beams,jpn,MOBILE,0,1,0.0%,11.0
イクスピアリ c-pla,jpn,DESKTOP,0,1,0.0%,7.0
イクスピアリ vegego,jpn,MOBILE,0,1,0.0%,21.0
イクスピアリ vegego メニュー,jpn,DESKTOP,0,1,0.0%,9.0
イクスピアリ もへじ,jpn,MOBILE,0,1,0.0%,3.0
イクスピアリ もんじゃ,jpn,DESKTOP,0,1,0.0%,36.0
イクスピアリ アサイー,jpn,DESKTOP,0,1,0.0%,17.0
イクスピアリ イベント 今日,jpn,DESKTOP,0,1,0.0%,42.0
イクスピアリ オープン,jpn,DESKTOP,0,1,0.0%,53.0
イクスピアリ オープン,jpn,MOBILE,0,1,0.0%,2.0
イクスピアリ ガチャ オープン,jpn,DESKTOP,0,1,0.0%,6.0
イクスピアリ ガチャ オープン,jpn,TABLET,0,1,0.0%,5.0
イクスピアリ ガチャガチャコーナー,jpn,MOBILE,0,1,0.0%,11.0
イクスピアリ キッズシネマ,jpn,MOBILE,0,1,0.0%,8.0
イクスピアリ ゴンチャ,jpn,TABLET,0,1,0.0%,6.0
イクスピアリ ゴンチャ 行き方,jpn,MOBILE,0,1,0.0%,16.0
イクスピアリ スプラッシュ,jpn,DESKTOP,0,1,0.0%,5.0
イクスピアリ ダイソー 閉店,jpn,DESKTOP,0,1,0.0%,12.0
イクスピアリ フェリシモ,jpn,MOBILE,0,1,0.0%,10.0
イクスピアリ ベジゴー,jpn,MOBILE,0,1,0.0%,19.0
イクスピアリ 催事,jpn,DESKTOP,0,1,0.0%,13.0
イクスピアリ 出店,jpn,MOBILE,0,1,0.0%,9.0
イクスピアリ 千葉県民の日,jpn,MOBILE,0,1,0.0%,39.0
イクスピアリ 新店舗,jpn,MOBILE,0,1,0.0%,1.0
イクスピアリ 映画 ディズニー リバイバル,jpn,MOBILE,0,1,0.0%,5.0
イクスピアリ 期間限定 出店,jpn,DESKTOP,0,1,0.0%,9.0
イクスピアリ 赤ちゃん 映画,jpn,MOBILE,0,1,0.0%,11.0
イクスピアリ 限定,jpn,DESKTOP,0,1,0.0%,8.0
イクスピアリ 限定ショップ,jpn,MOBILE,0,1,0.0%,8.0
イクスピアリ 韓国料理,jpn,DESKTOP,0,1,0.0%,24.0
イクスピアリにある？,jpn,MOBILE,0,1,0.0%,2.0
イクスピアリもんじゃ,jpn,DESKTOP,0,1,0.0%,38.0
イクスピアリカプセルトイ,jpn,DESKTOP,0,1,0.0%,11.0
イクスピアリガチャ,jpn,DESKTOP,0,1,0.0%,10.0
イクスピアリガチャガチャ,jpn,TABLET,0,1,0.0%,11.0
イクスピアリゴンチャ,jpn,DESKTOP,0,1,0.0%,7.0
イクスピアリゴンチャ,jpn,TABLET,0,1,0.0%,6.0
イクスピアリシープラ,jpn,DESKTOP,0,1,0.0%,11.0
イクスピアリ催事,jpn,MOBILE,0,1,0.0%,11.0
イクスピアリ新店舗,jpn,DESKTOP,0,1,0.0%,50.0
イクスピアリ期間限定,jpn,MOBILE,0,1,0.0%,9.0
イクスピアリ限定,jpn,DESKTOP,0,1,0.0%,10.0
イクスピアリ韓国料理,jpn,MOBILE,0,1,0.0%,15.0
イトーヨーカドー 浦安,jpn,DESKTOP,0,1,0.0%,17.0
イベント,jpn,DESKTOP,0,1,0.0%,2.0
イベント,jpn,MOBILE,0,1,0.0%,5.0
イベント 浦安,jpn,DESKTOP,0,1,0.0%,27.0
イベント 浦安,jpn,MOBILE,0,1,0.0%,27.0
ウィッシュ,jpn,MOBILE,0,1,0.0%,9.0
ウロギネコロジー外来,jpn,MOBILE,0,1,0.0%,4.0
エアーズカフェ浦安店,est,MOBILE,0,1,0.0%,46.0
エビアン・グローイングアツプ,jpn,MOBILE,0,1,0.0%,35.0
エビデンスは？,jpn,MOBILE,0,1,0.0%,2.0
エミオン 夏祭り,jpn,MOBILE,0,1,0.0%,4.0
オアシス 浦安,jpn,DESKTOP,0,1,0.0%,28.0
オリエンタルホテル,jpn,MOBILE,0,1,0.0%,4.0
オリエンタルランド 新浦安,jpn,DESKTOP,0,1,0.0%,58.0
オードブル テイクアウト,jpn,MOBILE,0,1,0.0%,2.0
オープンはいつ,jpn,MOBILE,0,1,0.0%,3.0
オープンは？,jpn,MOBILE,0,1,0.0%,5.0
カフリンガ東久留米,jpn,MOBILE,0,1,0.0%,1.0
カプセルホテル以外,jpn,MOBILE,0,1,0.0%,9.0
カルディ 浦安,jpn,DESKTOP,0,1,0.0%,40.0
カーブス イオン,jpn,MOBILE,0,1,0.0%,8.0
カーブス ニューコースト新浦安,jpn,MOBILE,0,1,0.0%,17.0
カーブス 新浦安 料金,jpn,MOBILE,0,1,0.0%,18.0
カーブス新店舗予定,jpn,MOBILE,0,1,0.0%,11.0
カーブス新浦安,jpn,DESKTOP,0,1,0.0%,13.0
ガチャガチャ イクスピアリ,jpn,DESKTOP,0,1,0.0%,9.0
ガチャガチャイクスピアリ,jpn,MOBILE,0,1,0.0%,12.0
ガチャガチャ予約,jpn,MOBILE,0,1,0.0%,15.0
ガチャガチャ設置場所検索,jpn,MOBILE,0,1,0.0%,1.0
キッズシネマ 店舗,jpn,MOBILE,0,1,0.0%,23.0
キャッシュレス 還元,jpn,DESKTOP,0,1,0.0%,5.0
キャップスクリニック 妙典,jpn,DESKTOP,0,1,0.0%,10.0
キャップスクリニック 市川妙典,jpn,DESKTOP,0,1,0.0%,5.0
キャップスクリニック妙典,usa,DESKTOP,0,1,0.0%,6.0
キャップスクリニック市川妙典,jpn,TABLET,0,1,0.0%,10.0
キャップス市川妙典,jpn,MOBILE,0,1,0.0%,9.0
キャプスクリニック 妙典,jpn,DESKTOP,0,1,0.0%,4.0
クラシモスタジアム,jpn,DESKTOP,0,1,0.0%,12.0
クラシモスタジアム,jpn,TABLET,0,1,0.0%,12.0
クラシモスタジアム浦安,jpn,DESKTOP,0,1,0.0%,26.0
クラブ イクスピアリ 閉店,jpn,DESKTOP,0,1,0.0%,25.0
クリーンセンター 浦安,jpn,MOBILE,0,1,0.0%,3.0
グランドニッコー 荷物預かり,jpn,MOBILE,0,1,0.0%,16.0
グランドニッコーベイ舞浜,jpn,MOBILE,0,1,0.0%,2.0
グランドニッコー東京ベイ 夏祭り,jpn,MOBILE,0,1,0.0%,14.0
グランドニッコー東京ベイ 舞浜 荷物 預かり,jpn,MOBILE,0,1,0.0%,12.0
グランドニッコー東京ベイ舞浜 荷物送る,jpn,DESKTOP,0,1,0.0%,11.0
グリル満天星 新浦安店,bel,DESKTOP,0,1,0.0%,32.0
コインランドリー,jpn,MOBILE,0,1,0.0%,4.0
ココス浦安,jpn,DESKTOP,0,1,0.0%,59.0
コンビニ,jpn,MOBILE,0,1,0.0%,1.0
コンビニある？,jpn,MOBILE,0,1,0.0%,3.0
ゴンチャ イクスピアリ店,jpn,DESKTOP,0,1,0.0%,5.0
サイゼリヤ 新浦安,jpn,DESKTOP,0,1,0.0%,25.0
サイゼリヤ新浦安,jpn,DESKTOP,0,1,0.0%,31.0
サイゼリヤ浦安パークスクエア店,jpn,MOBILE,0,1,0.0%,41.0
サウンディング,jpn,MOBILE,0,1,0.0%,70.0
サティシア 浦安市猫実,jpn,DESKTOP,0,1,0.0%,21.0
サロンドロキシー 浦安市猫実,jpn,MOBILE,0,1,0.0%,17.0
サンコーポ 夏祭り,jpn,MOBILE,0,1,0.0%,10.0
サンコーポ浦安 夏祭り,jpn,MOBILE,0,1,0.0%,15.0
サンコーポ浦安 祭り,jpn,MOBILE,0,1,0.0%,9.0
サンコーポ祭り,jpn,MOBILE,0,1,0.0%,8.0
シェフミッキー（ディズニーアンバサダーホテル） 浦安市,egy,MOBILE,0,1,0.0%,14.0
シャトルバスで舞浜方面へ楽々アクセス,jpn,DESKTOP,0,1,0.0%,44.0
シャトルバスで舞浜方面へ楽々アクセス,jpn,MOBILE,0,1,0.0%,25.0
シャトルバスは？,jpn,MOBILE,0,1,0.0%,9.0
シャーウッドガーデンレストラン メニュー,jpn,DESKTOP,0,1,0.0%,5.0
シュガリー 舞浜,jpn,DESKTOP,0,1,0.0%,15.0
シュガリー 舞浜,jpn,MOBILE,0,1,0.0%,19.0
シンウラマルシェ,jpn,MOBILE,0,1,0.0%,12.0
シープラ,jpn,MOBILE,0,1,0.0%,1.0
シープラ イクスピアリ店,jpn,DESKTOP,0,1,0.0%,11.0
シープライクスピアリ店,jpn,DESKTOP,0,1,0.0%,12.0
シープライクスピアリ店,jpn,MOBILE,0,1,0.0%,12.0
シープラ舞浜,jpn,DESKTOP,0,1,0.0%,10.0
シープラ舞浜,jpn,MOBILE,0,1,0.0%,11.0
ジョナサン 浦安,jpn,DESKTOP,0,1,0.0%,50.0
スギドラッグ 浦安さくら通り店 写真,jpn,MOBILE,0,1,0.0%,11.0
スギ薬局 千葉県キャッシュレスキャンペーン,jpn,MOBILE,0,1,0.0%,1.0
スギ薬局 浦安,jpn,DESKTOP,0,1,0.0%,18.0
スギ薬局 浦安さくら通り店,jpn,MOBILE,0,1,0.0%,15.0
ステーキハウス リブ 北栄店,jpn,DESKTOP,0,1,0.0%,56.0
スパ&ホテル 舞浜ユーラシア 日帰り,jpn,DESKTOP,0,1,0.0%,2.0
スパアンドホテル舞浜ユーラシア 日帰り温泉,jpn,MOBILE,0,1,0.0%,3.0
スプラッシュチャレンジ,jpn,MOBILE,0,1,0.0%,9.0
スポーツ 招待,jpn,MOBILE,0,1,0.0%,77.0
スーパーはある？,jpn,MOBILE,0,1,0.0%,7.0
セグンド フットサル,jpn,MOBILE,0,1,0.0%,8.0
セダンタイプ,jpn,MOBILE,0,1,0.0%,4.0
セブンイレブン浦安,jpn,MOBILE,0,1,0.0%,4.0
セレブレーションホテル,jpn,MOBILE,0,1,0.0%,3.0
ソフトドリンク,jpn,MOBILE,0,1,0.0%,3.0
ダイソー 市ヶ谷 閉店,jpn,DESKTOP,0,1,0.0%,11.0
ダイソー 行徳駅前,jpn,TABLET,0,1,0.0%,6.0
ダイソー 行徳駅前店,jpn,MOBILE,0,1,0.0%,6.0
ダイソー行徳駅前店,jpn,TABLET,0,1,0.0%,8.0
ダッフィー 8月25日,jpn,MOBILE,0,1,0.0%,9.0
ダッフィー グッズ スタンバイパス,jpn,MOBILE,0,1,0.0%,7.0
ダッフィー 秋 2026,jpn,MOBILE,0,1,0.0%,10.0
ツアクローネ 移転 先,jpn,DESKTOP,0,1,0.0%,48.0
テイクアウト 浦安,jpn,MOBILE,0,1,0.0%,1.0
テディベア 浦安,jpn,DESKTOP,0,1,0.0%,42.0
ディズニー 9月 イベント 2026,jpn,MOBILE,0,1,0.0%,36.0
ディズニー dpa値上げ,mys,MOBILE,0,1,0.0%,6.0
ディズニー グッドネイバーホテル,jpn,MOBILE,0,1,0.0%,3.0
ディズニー シー チケット 料金,jpn,DESKTOP,0,1,0.0%,46.0
ディズニー シー チケット 購入,jpn,DESKTOP,0,1,0.0%,48.0
ディズニー チケット 購入 いつから,jpn,DESKTOP,0,1,0.0%,37.0
ディズニー プレミアアクセス 値上げ,jpn,MOBILE,0,1,0.0%,10.0
ディズニー 値上げ アトラクション,jpn,MOBILE,0,1,0.0%,10.0
ディズニー 周辺 ホテル 大 浴場,jpn,DESKTOP,0,1,0.0%,43.0
ディズニー 子供 持ち物,jpn,DESKTOP,0,1,0.0%,67.0
ディズニー 子連れ 持ち物,jpn,MOBILE,0,1,0.0%,73.0
ディズニー 持ち物 子連れ,jpn,MOBILE,0,1,0.0%,85.0
ディズニー 無料 バス ホテル,jpn,DESKTOP,0,1,0.0%,58.0
ディズニー 荷物 預ける,jpn,DESKTOP,0,1,0.0%,60.0
ディズニー 薬局,jpn,MOBILE,0,1,0.0%,3.0
ディズニー 観覧 車 日本,jpn,MOBILE,0,1,0.0%,10.0
ディズニー 近くの温泉,jpn,DESKTOP,0,1,0.0%,42.0
ディズニーdpa値上げ,jpn,DESKTOP,0,1,0.0%,8.0
ディズニーの優先パスが9月から値上げされる詳細と対象アトラクションを教えて,jpn,MOBILE,0,1,0.0%,8.0
ディズニーシー チケット,aus,DESKTOP,0,1,0.0%,46.0
ディズニーシー チケット購入,chn,MOBILE,0,1,0.0%,15.0
ディズニーシー チケット購入,jpn,DESKTOP,0,1,0.0%,50.0
ディズニーシー ランド チケット,jpn,DESKTOP,0,1,0.0%,68.0
ディズニーシー 料金,jpn,DESKTOP,0,1,0.0%,48.0
ディズニーシーのチケット購入,jpn,DESKTOP,0,1,0.0%,21.0
ディズニーチケット いつまで に買う,jpn,DESKTOP,0,1,0.0%,39.0
ディズニーチケットいつから買える,jpn,DESKTOP,0,1,0.0%,36.0
ディズニーチケットシー,jpn,DESKTOP,0,1,0.0%,71.0
ディズニーハロウィン期間,jpn,DESKTOP,0,1,0.0%,37.0
ディズニーランド グッドネイバーホテル,jpn,MOBILE,0,1,0.0%,3.0
ディズニーランド チケット 何 歳 から,jpn,DESKTOP,0,1,0.0%,62.0
ディズニーランド ホテル 大 浴場,jpn,DESKTOP,0,1,0.0%,54.0
ディズニーランド 子連れ ホテル,jpn,DESKTOP,0,1,0.0%,53.0
ディズニーランド 子連れ 持ち物,jpn,DESKTOP,0,1,0.0%,80.0
ディズニーランド 持ち物 子連れ,jpn,MOBILE,0,1,0.0%,73.0
ディズニーランド 近く 温泉,jpn,DESKTOP,0,1,0.0%,47.0
ディズニーランドオフィシャルホテルとは,jpn,MOBILE,0,1,0.0%,3.0
ディズニー近くの温泉,jpn,DESKTOP,0,1,0.0%,41.0
ディズニー近く温泉,jpn,DESKTOP,0,1,0.0%,42.0
デュオセーヌ 新浦安,jpn,MOBILE,0,1,0.0%,11.0
デュオセーヌ 浦安,jpn,MOBILE,0,1,0.0%,6.0
デュオセーヌ浦安,jpn,MOBILE,0,1,0.0%,11.0
トイストーリー 子連れ上映,jpn,MOBILE,0,1,0.0%,17.0
トイストーリー 親子上映,jpn,MOBILE,0,1,0.0%,31.0
トイストーリーホテルから舞浜駅 荷物,jpn,MOBILE,0,1,0.0%,11.0
トライアル 浦安,jpn,DESKTOP,0,1,0.0%,15.0
トライアル西友浦安,jpn,DESKTOP,0,1,0.0%,59.0
トルコ料理 saray 行徳店,jpn,TABLET,0,1,0.0%,9.0
トレードポート,jpn,DESKTOP,0,1,0.0%,62.0
ドン キホーテ 行徳 駅前 店,jpn,MOBILE,0,1,0.0%,4.0
ドンキ 行徳駅前,jpn,MOBILE,0,1,0.0%,5.0
ドンキホーテ 行徳,jpn,DESKTOP,0,1,0.0%,44.0
ドンキホーテ 行徳 西友,jpn,MOBILE,0,1,0.0%,22.0
ドンキホーテ行徳,jpn,DESKTOP,0,1,0.0%,43.0
ドンキホーテ行徳駅前店,jpn,MOBILE,0,1,0.0%,4.0
ニュー コースト 新浦安,jpn,DESKTOP,0,1,0.0%,20.0
ニューコースト,jpn,DESKTOP,0,1,0.0%,37.0
ニューコースト てぃ先生,jpn,TABLET,0,1,0.0%,1.0
ニューコースト イベント,jpn,DESKTOP,0,1,0.0%,5.0
ニューコースト マーラータン,jpn,TABLET,0,1,0.0%,7.0
ニューコースト マーラータン,sgp,MOBILE,0,1,0.0%,9.0
ニューコースト 新浦安 麻辣湯,jpn,MOBILE,0,1,0.0%,12.0
ニューコースト 縁日,jpn,DESKTOP,0,1,0.0%,2.0
ニューコースト 麻辣担,jpn,DESKTOP,0,1,0.0%,8.0
ニューコースト新浦安,jpn,DESKTOP,0,1,0.0%,3.0
ニューコースト新浦安 イベント,jpn,DESKTOP,0,1,0.0%,7.0
ハイアット ムーミン,twn,MOBILE,0,1,0.0%,8.0
ハイアットリージェンシー ムーミン,jpn,DESKTOP,0,1,0.0%,5.0
ハイアットリージェンシー東京 ムーミン,jpn,TABLET,0,1,0.0%,4.0
ハイアットリージェンシー東京ベイ ムーミン,tha,MOBILE,0,1,0.0%,10.0
ハザードマップ 浦安,jpn,DESKTOP,0,1,0.0%,24.0
ハッピーエントリー,jpn,DESKTOP,0,1,0.0%,5.0
ハッピーエントリーとは,jpn,DESKTOP,0,1,0.0%,34.0
ハッピーエントリーとは,jpn,MOBILE,0,1,0.0%,11.0
ハロウィン いつから ディズニー,jpn,DESKTOP,0,1,0.0%,35.0
ハンバーガー 浦安,jpn,DESKTOP,0,1,0.0%,43.0
バルドラール浦安,jpn,DESKTOP,0,1,0.0%,29.0
バルドラール浦安 u18,jpn,MOBILE,0,1,0.0%,7.0
バルドラール浦安アリーナ バレーボール,jpn,TABLET,0,1,0.0%,5.0
バンビドロップス 浦安,jpn,DESKTOP,0,1,0.0%,9.0
バーアドルーク,jpn,DESKTOP,0,1,0.0%,52.0
パシオス ライフガーデン新浦安店,jpn,DESKTOP,0,1,0.0%,58.0
パラidジャパン・チャンピオンシップ卓球大会2026,jpn,DESKTOP,0,1,0.0%,9.0
パラidジャパン・チャンピオンシップ卓球大会2026,jpn,MOBILE,0,1,0.0%,8.0
パーチダイナー,jpn,DESKTOP,0,1,0.0%,18.0
パーチダイナー 浦安,jpn,MOBILE,0,1,0.0%,17.0
ヒルトン東京ベイ ハロウィン,kor,MOBILE,0,1,0.0%,8.0
ヒルトン東京ベイ 舞浜駅 荷物,jpn,MOBILE,0,1,0.0%,10.0
ビックママ 浦安,jpn,DESKTOP,0,1,0.0%,38.0
ビーパス 浦安店,esp,DESKTOP,0,1,0.0%,46.0
ピアリ ごんちゃ,jpn,MOBILE,0,1,0.0%,11.0
ピアリ ガチャ,jpn,TABLET,0,1,0.0%,17.0
ピアリ ガチャガチャ,jpn,DESKTOP,0,1,0.0%,10.0
ピアリ シープラ,jpn,DESKTOP,0,1,0.0%,11.0
ファミマ 開店,jpn,DESKTOP,0,1,0.0%,5.0
ファミマちかく,jpn,MOBILE,0,1,0.0%,1.0
ファミリーマート,jpn,MOBILE,0,1,0.0%,3.0
ファミリーマート リニューアル オープン,jpn,DESKTOP,0,1,0.0%,44.0
ファミリーマート 新店舗,jpn,MOBILE,0,1,0.0%,8.0
ファミリーマート 新浦安,jpn,MOBILE,0,1,0.0%,11.0
ファーストリゾート,jpn,DESKTOP,0,1,0.0%,18.0
フォーストーリーズホテル舞浜 東京ベイ レビュー,jpn,MOBILE,0,1,0.0%,11.0
フットサルu18,jpn,DESKTOP,0,1,0.0%,12.0
フットサル浦安,jpn,DESKTOP,0,1,0.0%,25.0
ブリオベッカ浦安 j3,jpn,MOBILE,0,1,0.0%,11.0
プラハ チェロ リ パブリック 2026,jpn,MOBILE,0,1,0.0%,10.0
プレミアアクセス値上げ,jpn,MOBILE,0,1,0.0%,20.0
プールは何時から,jpn,MOBILE,0,1,0.0%,6.0
ベイ ホテル 浦安,jpn,DESKTOP,0,1,0.0%,81.0
ベイホテル 浦安,jpn,DESKTOP,0,1,0.0%,79.0
ベイホテル浦安,jpn,DESKTOP,0,1,0.0%,82.0
ベイホテル浦安駅前,jpn,DESKTOP,0,1,0.0%,84.0
ベイホテル浦安駅前,jpn,MOBILE,0,1,0.0%,88.0
ベトナム 知事 訪問,jpn,DESKTOP,0,1,0.0%,49.0
ベンツ カフェ 新浦安,jpn,DESKTOP,0,1,0.0%,60.0
ベンツ カフェ 浦安,jpn,DESKTOP,0,1,0.0%,65.0
ホテル エミオン 東京ベイ 荷物 預かり チェックイン前,jpn,DESKTOP,0,1,0.0%,10.0
ホテル 醍醐 浦安 閉店,jpn,TABLET,0,1,0.0%,5.0
ホテルオークラ東京ベイ ハッピーエントリー,jpn,MOBILE,0,1,0.0%,5.0
ホテルオークラ東京ベイ 夕食 バイキング,jpn,MOBILE,0,1,0.0%,1.0
ホテルマイステイズ舞浜 荷物 送る,jpn,DESKTOP,0,1,0.0%,8.0
ホテルマイステイズ舞浜 荷物預かり,jpn,DESKTOP,0,1,0.0%,9.0
ホテル名は？,jpn,DESKTOP,0,1,0.0%,10.0
ポッポ 新浦安店,jpn,DESKTOP,0,1,0.0%,44.0
ポッポ 新浦安店,jpn,MOBILE,0,1,0.0%,49.0
マイステイズ新浦安 シャトルバス,jpn,MOBILE,0,1,0.0%,4.0
マイステイズ新浦安コンファレンスセンター 写真,jpn,MOBILE,0,1,0.0%,2.0
マイステイズ舞浜 荷物預かり,jpn,DESKTOP,0,1,0.0%,9.0
マインド浦安,jpn,DESKTOP,0,1,0.0%,30.0
マクドナルド 新浦安明海店,jpn,DESKTOP,0,1,0.0%,38.0
マクドナルド新浦安,jpn,DESKTOP,0,1,0.0%,48.0
マクドナルド新浦安明海店,jpn,DESKTOP,0,1,0.0%,36.0
マクドナルド新浦安明海店,jpn,MOBILE,0,1,0.0%,42.0
マクドナルド浦安店,jpn,DESKTOP,0,1,0.0%,49.0
マクドナルド浦安店,jpn,MOBILE,0,1,0.0%,50.0
マスダ湖北,jpn,DESKTOP,0,1,0.0%,73.0
マップを見せて,jpn,MOBILE,0,1,0.0%,10.0
マリナガーデン新浦安,jpn,DESKTOP,0,1,0.0%,62.0
マルエツ チラシ 行徳,jpn,DESKTOP,0,1,0.0%,28.0
マルエツ 南行徳,jpn,MOBILE,0,1,0.0%,5.0
マルエツ 行徳 チラシ,jpn,DESKTOP,0,1,0.0%,31.0
マルエツ 行徳 店,jpn,DESKTOP,0,1,0.0%,24.0
マルエツ 行徳 店 跡地 何 が できる,jpn,TABLET,0,1,0.0%,10.0
マルエツ 行徳 閉店,twn,MOBILE,0,1,0.0%,5.0
マルエツ 行徳店 跡地 何ができる,jpn,DESKTOP,0,1,0.0%,11.0
マルエツ 近く,jpn,DESKTOP,0,1,0.0%,3.0
マルエツ 閉店ラッシュ,jpn,MOBILE,0,1,0.0%,26.0
マルエツ 閉店情報,jpn,DESKTOP,0,1,0.0%,28.0
マルエツは？,jpn,MOBILE,0,1,0.0%,3.0
マルエツ上本郷閉店,jpn,MOBILE,0,1,0.0%,47.0
マルエツ浦安,jpn,DESKTOP,0,1,0.0%,58.0
マルエツ行徳,jpn,DESKTOP,0,1,0.0%,32.0
マルエツ行徳店 ダイソー,jpn,TABLET,0,1,0.0%,6.0
マルエツ閉店予定,jpn,MOBILE,0,1,0.0%,12.0
マルヤス酒場 浦安店,jpn,MOBILE,0,1,0.0%,43.0
マーブ浦安,jpn,MOBILE,0,1,0.0%,62.0
マーレ新浦安,jpn,DESKTOP,0,1,0.0%,45.0
マーヴ浦安 ウエスト,jpn,DESKTOP,0,1,0.0%,42.0
マーヴ浦安 ウエスト 店舗,jpn,MOBILE,0,1,0.0%,12.0
マーヴ浦安ウエスト,jpn,DESKTOP,0,1,0.0%,45.0
ミスタードーナツ浦安ショップ,jpn,MOBILE,0,1,0.0%,50.0
ミラコスタ コインランドリー,jpn,MOBILE,0,1,0.0%,3.0
メニュー,jpn,MOBILE,0,1,0.0%,3.0
メニュー教えて,jpn,MOBILE,0,1,0.0%,1.0
メニーナ,jpn,DESKTOP,0,1,0.0%,10.0
メルキュール浦安,jpn,DESKTOP,0,1,0.0%,24.0
ユーラシア 日帰り温泉,jpn,MOBILE,0,1,0.0%,3.0
ユーラシア 舞浜 日帰り,jpn,DESKTOP,0,1,0.0%,13.0
ユーラシア舞浜 日帰り,jpn,DESKTOP,0,1,0.0%,10.0
ラジェントホテル東京ベイ コンビニ,jpn,MOBILE,0,1,0.0%,11.0
ラスボニータス 大阪市住吉区苅田,jpn,DESKTOP,0,1,0.0%,27.0
ラーメン処善,jpn,MOBILE,0,1,0.0%,25.0
リゾートライナー 貸切,jpn,MOBILE,0,1,0.0%,11.0
リトルブレイバー 浦安,jpn,DESKTOP,0,1,0.0%,49.0
リトルマーメイド 浦安,jpn,MOBILE,0,1,0.0%,13.0
リトルマーメイド 開幕,jpn,DESKTOP,0,1,0.0%,11.0
リバーサイド 浦安,jpn,DESKTOP,0,1,0.0%,36.0
リメンバーミー リバイバル上映,jpn,MOBILE,0,1,0.0%,11.0
リヨン ライズ 浦安,jpn,DESKTOP,0,1,0.0%,51.0
リンコス ベイタウン店,jpn,DESKTOP,0,1,0.0%,60.0
ル タン イクスピアリ店 浦安市舞浜,jpn,DESKTOP,0,1,0.0%,47.0
ルルト 浦安店,jpn,DESKTOP,0,1,0.0%,43.0
レジアスフォート新浦安夏祭り,jpn,MOBILE,0,1,0.0%,10.0
レジーナ 浦安,jpn,MOBILE,0,1,0.0%,28.0
レボイスト 浦安,jpn,DESKTOP,0,1,0.0%,9.0
ロッテ ファーム 浦安,jpn,MOBILE,0,1,0.0%,6.0
ロッテ 浦安,jpn,DESKTOP,0,1,0.0%,43.0
ローソン 100 近く,jpn,MOBILE,0,1,0.0%,1.0
ローソン 100 閉店 予定 店舗,jpn,MOBILE,0,1,0.0%,10.0
ローソン 休業店舗一覧,jpn,MOBILE,0,1,0.0%,9.0
ローソン 千葉宮崎町店 閉店,jpn,MOBILE,0,1,0.0%,4.0
ローソン 閉店 予定 店舗 2026,jpn,MOBILE,0,1,0.0%,17.0
ローソンストア100 閉店 2026,jpn,MOBILE,0,1,0.0%,8.0
ローソンストア100 閉店予定,jpn,DESKTOP,0,1,0.0%,16.0
ローソンストア100 閉店予定,jpn,TABLET,0,1,0.0%,8.0
ワイズマート 浦安本店,jpn,DESKTOP,0,1,0.0%,62.0
ワイズマート浦安本店,jpn,DESKTOP,0,1,0.0%,62.0
ワインのまいん伊坂,jpn,DESKTOP,0,1,0.0%,24.0
ワイン食堂 ヴィンセント 浦安店,jpn,DESKTOP,0,1,0.0%,52.0
一万以下で,jpn,DESKTOP,0,1,0.0%,7.0
一口茶屋浦安店,jpn,DESKTOP,0,1,0.0%,42.0
一風堂 舞浜,jpn,MOBILE,0,1,0.0%,5.0
三井ガーデンホテルプラナ東京ベイ,jpn,DESKTOP,0,1,0.0%,20.0
三井ガーデンホテルプラナ東京ベイ リニューアル,jpn,MOBILE,0,1,0.0%,8.0
三井ガーデンホテルプラナ東京ベイ 休館,jpn,DESKTOP,0,1,0.0%,5.0
三井ガーデンホテルプラナ東京ベイ 休館,usa,DESKTOP,0,1,0.0%,16.0
三井ガーデンホテルプラナ東京ベイ 休館,usa,MOBILE,0,1,0.0%,11.0
三井ガーデンホテルプラナ東京ベイ 工事,jpn,DESKTOP,0,1,0.0%,9.0
三井花園飯店prana東京灣,hkg,DESKTOP,0,1,0.0%,40.0
东京 湾 希尔顿 酒店,jpn,DESKTOP,0,1,0.0%,27.0
东京 湾 希尔顿 酒店,usa,DESKTOP,0,1,0.0%,64.0
东京湾喜来登,jpn,DESKTOP,0,1,0.0%,16.0
东京湾喜来登大酒店,jpn,DESKTOP,0,1,0.0%,18.0
东京湾大仓酒店,aus,DESKTOP,0,1,0.0%,28.0
东京迪士尼海洋附近酒店,deu,MOBILE,0,1,0.0%,47.0
东京迪士尼门票怎么买,irn,DESKTOP,0,1,0.0%,7.0
中学生です,jpn,MOBILE,0,1,0.0%,9.0
中華かすみ,jpn,DESKTOP,0,1,0.0%,6.0
串カツ美安,jpn,DESKTOP,0,1,0.0%,44.0
主催は？,jpn,DESKTOP,0,1,0.0%,3.0
久助稲荷神社,jpn,DESKTOP,0,1,0.0%,41.0
久徳新浦安店,jpn,MOBILE,0,1,0.0%,32.0
久留米 焼き鳥フェスタ,jpn,MOBILE,0,1,0.0%,14.0
乗り場はどこ,jpn,MOBILE,0,1,0.0%,3.0
予算抑えたい,jpn,MOBILE,0,1,0.0%,13.0
二尺,jpn,DESKTOP,0,1,0.0%,16.0
二尺五寸,jpn,TABLET,0,1,0.0%,8.0
二尺五寸 店舗,jpn,MOBILE,0,1,0.0%,8.0
二尺五寸 浦安,jpn,TABLET,0,1,0.0%,5.0
二尺五寸 浦安,tur,DESKTOP,0,1,0.0%,4.0
二尺五寸 浦安,usa,DESKTOP,0,1,0.0%,4.0
二尺五寸 焼き鳥,jpn,MOBILE,0,1,0.0%,12.0
二尺五寸浦安,jpn,TABLET,0,1,0.0%,10.0
京葉ガス くらしも スタジアム 浦安,jpn,MOBILE,0,1,0.0%,11.0
京葉ガス クラシモスタジアム,jpn,MOBILE,0,1,0.0%,10.0
京葉線 大雨,jpn,MOBILE,0,1,0.0%,10.0
京葉線 運行情報 2026年8月15日,usa,DESKTOP,0,1,0.0%,8.0
京葉線 運行状況 2026年8月15日,hkg,DESKTOP,0,1,0.0%,10.0
京葉線 雨で止まる,jpn,MOBILE,0,1,0.0%,11.0
今ある？,jpn,MOBILE,0,1,0.0%,4.0
今夜,jpn,MOBILE,0,1,0.0%,2.0
今年の開催日は？,jpn,MOBILE,0,1,0.0%,1.0
今日 この近くでやっ てる イベント,jpn,MOBILE,0,1,0.0%,1.0
今日 子供向けイベント,jpn,MOBILE,0,1,0.0%,2.0
今日、夏祭り,jpn,MOBILE,0,1,0.0%,1.0
今日お祭り近く,jpn,MOBILE,0,1,0.0%,1.0
今日のまつり,jpn,MOBILE,0,1,0.0%,6.0
今日の祭り,jpn,MOBILE,0,1,0.0%,1.0
今日までだよね？,jpn,MOBILE,0,1,0.0%,5.0
今日バレーの試合ありますか,jpn,MOBILE,0,1,0.0%,1.0
今日祭り,jpn,MOBILE,0,1,0.0%,4.0
今週,jpn,MOBILE,0,1,0.0%,2.0
今週の木曜日,jpn,MOBILE,0,1,0.0%,2.0
今週末 夏祭り,jpn,MOBILE,0,1,0.0%,3.0
今週末のイベント,jpn,MOBILE,0,1,0.0%,1.0
他にある？,jpn,DESKTOP,0,1,0.0%,7.0
他にないですか？,jpn,MOBILE,0,1,0.0%,1.0
他には,jpn,TABLET,0,1,0.0%,10.0
他にホテルは？,jpn,MOBILE,0,1,0.0%,9.0
他のホテル,jpn,MOBILE,0,1,0.0%,5.0
他は？,jpn,MOBILE,0,1,0.0%,5.0
住客,hkg,MOBILE,0,1,0.0%,5.0
何台ある？,jpn,MOBILE,0,1,0.0%,2.0
何対何,jpn,DESKTOP,0,1,0.0%,3.0
何時から,jpn,MOBILE,0,1,0.0%,3.0
何時からやってる？,jpn,MOBILE,0,1,0.0%,5.0
何時まであいてる？,jpn,MOBILE,0,1,0.0%,6.0
何番？,jpn,MOBILE,0,1,0.0%,6.0
何階にあるの？,jpn,MOBILE,0,1,0.0%,2.0
便利商店,jpn,MOBILE,0,1,0.0%,1.0
保険 相談 浦安,jpn,DESKTOP,0,1,0.0%,43.0
全部教えて,jpn,MOBILE,0,1,0.0%,3.0
写真,jpn,MOBILE,0,1,0.0%,7.0
加賀谷 恭子 現在,jpn,MOBILE,0,1,0.0%,5.0
勝花 浦安,jpn,DESKTOP,0,1,0.0%,56.0
北海道ビュッフェ 東京,jpn,MOBILE,0,1,0.0%,21.0
千葉 舞濱歐亞annex,usa,DESKTOP,0,1,0.0%,10.0
千葉だと？,jpn,DESKTOP,0,1,0.0%,9.0
千葉にはない？,jpn,MOBILE,0,1,0.0%,5.0
千葉県,jpn,MOBILE,0,1,0.0%,2.0
千葉県 新浦安,jpn,MOBILE,0,1,0.0%,2.0
千葉県 水道料金 減免 延長,jpn,DESKTOP,0,1,0.0%,9.0
千葉県 水道料金 減免 延長,jpn,TABLET,0,1,0.0%,7.0
千葉県 閉店セール,jpn,TABLET,0,1,0.0%,3.0
南行徳 浸水,jpn,MOBILE,0,1,0.0%,24.0
原因,jpn,MOBILE,0,1,0.0%,3.0
友来 浦安店,grc,DESKTOP,0,1,0.0%,37.0
后天呢？,jpn,DESKTOP,0,1,0.0%,15.0
呉安浦花火大会,jpn,MOBILE,0,1,0.0%,6.0
味の興安,jpn,DESKTOP,0,1,0.0%,67.0
和麺 白狐,jpn,MOBILE,0,1,0.0%,21.0
和麺家,jpn,DESKTOP,0,1,0.0%,11.0
和麺家,jpn,MOBILE,0,1,0.0%,9.0
善 ラーメン,jpn,DESKTOP,0,1,0.0%,3.0
善 浦安,jpn,MOBILE,0,1,0.0%,5.0
喜安食堂,aut,MOBILE,0,1,0.0%,37.0
喜安食堂,jpn,DESKTOP,0,1,0.0%,42.0
営業時間は？,jpn,MOBILE,0,1,0.0%,11.0
嘘じゃないですか？,jpn,MOBILE,0,1,0.0%,2.0
回転閉店,jpn,DESKTOP,0,1,0.0%,4.0
団十郎 沖浜店,jpn,DESKTOP,0,1,0.0%,45.0
国民健康保険 浦安市,jpn,MOBILE,0,1,0.0%,10.0
地図ある？,jpn,MOBILE,0,1,0.0%,3.0
坐計程車多少錢,twn,DESKTOP,0,1,0.0%,4.0
堀江 お祭り,jpn,MOBILE,0,1,0.0%,2.0
堀江 盆踊り 2026,jpn,MOBILE,0,1,0.0%,3.0
堀江 祭り,jpn,DESKTOP,0,1,0.0%,8.0
堀江お祭り,jpn,DESKTOP,0,1,0.0%,7.0
塩焼祭り 2026,jpn,MOBILE,0,1,0.0%,3.0
夏 イベント,jpn,MOBILE,0,1,0.0%,1.0
夏祭り 2026,jpn,MOBILE,0,1,0.0%,1.0
夏祭り 明日,jpn,MOBILE,0,1,0.0%,3.0
夏祭りで,jpn,MOBILE,0,1,0.0%,5.0
夢幻泉鄉飯店,twn,MOBILE,0,1,0.0%,74.0
大使飯店,twn,DESKTOP,0,1,0.0%,60.0
大同 苑 浦安 閉店,jpn,DESKTOP,0,1,0.0%,24.0
大概費用是多少,twn,DESKTOP,0,1,0.0%,8.0
大江戸温泉 浦安 閉店 跡地,gum,MOBILE,0,1,0.0%,11.0
大江戸温泉 浦安 閉店 跡地,jpn,DESKTOP,0,1,0.0%,12.0
大江戸温泉浦安 閉店 跡地,jpn,MOBILE,0,1,0.0%,16.0
大浴場はない？,jpn,DESKTOP,0,1,0.0%,5.0
大雨 浦安市,jpn,MOBILE,0,1,0.0%,21.0
天宝,jpn,MOBILE,0,1,0.0%,17.0
天宝 新浦安,jpn,DESKTOP,0,1,0.0%,9.0
好,jpn,MOBILE,0,1,0.0%,1.0
妙典 お祭り 2026,jpn,DESKTOP,0,1,0.0%,3.0
妙典 イオン 小児科,jpn,DESKTOP,0,1,0.0%,7.0
妙典 事故,jpn,MOBILE,0,1,0.0%,8.0
妙典 内科,jpn,MOBILE,0,1,0.0%,6.0
妙典 冠水,jpn,MOBILE,0,1,0.0%,9.0
妙典イオン 小児科,jpn,DESKTOP,0,1,0.0%,6.0
妙典三丁目 春日神社,jpn,MOBILE,0,1,0.0%,9.0
子供 イベント 今日,jpn,MOBILE,0,1,0.0%,4.0
安い,jpn,MOBILE,0,1,0.0%,9.0
安いのは？,jpn,MOBILE,0,1,0.0%,8.0
安浦花火大会 2026,jpn,MOBILE,0,1,0.0%,6.0
宝宝飯店,jpn,MOBILE,0,1,0.0%,41.0
室内プール,jpn,MOBILE,0,1,0.0%,2.0
富士 韓海焔,jpn,DESKTOP,0,1,0.0%,44.0
富美浜小学校 お祭り,jpn,MOBILE,0,1,0.0%,6.0
實惠 (希爾頓中心店),hkg,DESKTOP,0,1,0.0%,23.0
寿司やまぐち,jpn,MOBILE,0,1,0.0%,1.0
将棋 大盤解説 申し込み,jpn,DESKTOP,0,1,0.0%,7.0
将龍苑 浦安店,jpn,DESKTOP,0,1,0.0%,49.0
将龍苑 浦安店,jpn,MOBILE,0,1,0.0%,50.0
小学生,jpn,MOBILE,0,1,0.0%,5.0
小川泌尿器科 妙典,jpn,DESKTOP,0,1,0.0%,7.0
屋台何時から？,jpn,DESKTOP,0,1,0.0%,4.0
市川妙典おがわ泌尿器科,jpn,DESKTOP,0,1,0.0%,5.0
市川妙典おがわ泌尿器科・内科,aut,DESKTOP,0,1,0.0%,4.0
市川市 泌尿器科,jpn,MOBILE,0,1,0.0%,1.0
市民活動センター 浦安,jpn,MOBILE,0,1,0.0%,12.0
平城苑 garden 浦安店,jpn,DESKTOP,0,1,0.0%,41.0
平日,jpn,MOBILE,0,1,0.0%,2.0
幸楽苑 浦安,jpn,DESKTOP,0,1,0.0%,59.0
幸楽苑浦安,jpn,DESKTOP,0,1,0.0%,66.0
廣安,jpn,DESKTOP,0,1,0.0%,57.0
弁当屋,jpn,MOBILE,0,1,0.0%,10.0
引っ越し 浦安市 11月,jpn,MOBILE,0,1,0.0%,48.0
引っ越し 浦安市 2月,gbr,MOBILE,0,1,0.0%,46.0
引っ越し 浦安市 6月,deu,DESKTOP,0,1,0.0%,48.0
引越し 浦安,jpn,DESKTOP,0,1,0.0%,44.0
引越し 浦安,jpn,MOBILE,0,1,0.0%,43.0
引越し 浦安市,jpn,MOBILE,0,1,0.0%,40.0
当代島 お祭り,jpn,MOBILE,0,1,0.0%,9.0
当代島公民館 お祭り,jpn,MOBILE,0,1,0.0%,7.0
当代島公民館 盆踊り,jpn,MOBILE,0,1,0.0%,6.0
徳安,jpn,DESKTOP,0,1,0.0%,57.0
惣菜屋 近く,jpn,MOBILE,0,1,0.0%,4.0
成田ic,bra,DESKTOP,0,1,0.0%,48.0
我需要時刻表,twn,MOBILE,0,1,0.0%,6.0
改札内？,jpn,MOBILE,0,1,0.0%,4.0
文教堂 浦安,jpn,DESKTOP,0,1,0.0%,58.0
料金知りたいです。,jpn,MOBILE,0,1,0.0%,6.0
新埔安站,jpn,MOBILE,0,1,0.0%,16.0
新店,jpn,DESKTOP,0,1,0.0%,10.0
新浦夜城,jpn,DESKTOP,0,1,0.0%,5.0
新浦安 アトレ,jpn,MOBILE,0,1,0.0%,55.0
新浦安 アトレ 営業時間,jpn,MOBILE,0,1,0.0%,6.0
新浦安 アトレ 改装,jpn,MOBILE,0,1,0.0%,10.0
新浦安 イベント 今日,jpn,MOBILE,0,1,0.0%,3.0
新浦安 カーブス,jpn,DESKTOP,0,1,0.0%,6.0
新浦安 ガチャガチャ,jpn,MOBILE,0,1,0.0%,8.0
新浦安 コンビニ,jpn,MOBILE,0,1,0.0%,7.0
新浦安 サイゼ,jpn,DESKTOP,0,1,0.0%,25.0
新浦安 サイゼリヤ,jpn,DESKTOP,0,1,0.0%,29.0
新浦安 サイゼリヤ,jpn,MOBILE,0,1,0.0%,40.0
新浦安 ジンギスカン,jpn,DESKTOP,0,1,0.0%,20.0
新浦安 ジンギスカン,jpn,MOBILE,0,1,0.0%,19.0
新浦安 セブンイレブン,jpn,MOBILE,0,1,0.0%,3.0
新浦安 タリーズ,jpn,DESKTOP,0,1,0.0%,47.0
新浦安 ダイソー 閉店,jpn,DESKTOP,0,1,0.0%,5.0
新浦安 ダイソー 閉店,jpn,TABLET,0,1,0.0%,6.0
新浦安 テイクアウト,jpn,MOBILE,0,1,0.0%,32.0
新浦安 トランクルーム,jpn,DESKTOP,0,1,0.0%,17.0
新浦安 ニューオープン,jpn,MOBILE,0,1,0.0%,21.0
新浦安 ニューコースト 麻辣湯,jpn,DESKTOP,0,1,0.0%,8.0
新浦安 ニュース,jpn,MOBILE,0,1,0.0%,9.0
新浦安 ファミマ,jpn,DESKTOP,0,1,0.0%,20.0
新浦安 マック,jpn,DESKTOP,0,1,0.0%,50.0
新浦安 マーレ,jpn,DESKTOP,0,1,0.0%,69.0
新浦安 ローソン,jpn,DESKTOP,0,1,0.0%,36.0
新浦安 交通公園,twn,MOBILE,0,1,0.0%,4.0
新浦安 公園,can,MOBILE,0,1,0.0%,5.0
新浦安 再開発,jpn,DESKTOP,0,1,0.0%,4.0
新浦安 再開発,jpn,MOBILE,0,1,0.0%,5.0
新浦安 冠水,ita,MOBILE,0,1,0.0%,7.0
新浦安 冠水,jpn,DESKTOP,0,1,0.0%,11.0
新浦安 夏祭り,gbr,DESKTOP,0,1,0.0%,7.0
新浦安 夏祭り,ken,MOBILE,0,1,0.0%,8.0
新浦安 手土産,jpn,MOBILE,0,1,0.0%,10.0
新浦安 新築マンション 計画,jpn,MOBILE,0,1,0.0%,8.0
新浦安 死亡事故,jpn,MOBILE,0,1,0.0%,13.0
新浦安 死亡事故,usa,MOBILE,0,1,0.0%,10.0
新浦安 池袋,jpn,MOBILE,0,1,0.0%,6.0
新浦安 焼肉 きん ぐ,jpn,MOBILE,0,1,0.0%,19.0
新浦安 祭り 2026,jpn,DESKTOP,0,1,0.0%,5.0
新浦安 祭り 2026,sgp,DESKTOP,0,1,0.0%,6.0
新浦安 美食,jpn,MOBILE,0,1,0.0%,24.0
新浦安 花火,mys,MOBILE,0,1,0.0%,18.0
新浦安 花火大会,jpn,TABLET,0,1,0.0%,11.0
新浦安 花火大会 2026,jpn,TABLET,0,1,0.0%,8.0
新浦安 音楽ホール レストラン,jpn,MOBILE,0,1,0.0%,24.0
新浦安 駅前,jpn,DESKTOP,0,1,0.0%,71.0
新浦安tkビルディング,jpn,DESKTOP,0,1,0.0%,84.0
新浦安は？,jpn,MOBILE,0,1,0.0%,2.0
新浦安アトレ 営業時間,jpn,MOBILE,0,1,0.0%,8.0
新浦安カーブス,jpn,DESKTOP,0,1,0.0%,6.0
新浦安コンビニ,jpn,DESKTOP,0,1,0.0%,25.0
新浦安ナビゲーター,jpn,DESKTOP,0,1,0.0%,19.0
新浦安ブログ,jpn,DESKTOP,0,1,0.0%,2.0
新浦安マクドナルド,jpn,DESKTOP,0,1,0.0%,45.0
新浦安マーレ,jpn,DESKTOP,0,1,0.0%,55.0
新浦安ローソン,jpn,DESKTOP,0,1,0.0%,30.0
新浦安公園,jpn,MOBILE,0,1,0.0%,1.0
新浦安南口,jpn,MOBILE,0,1,0.0%,7.0
新浦安去淺草,hkg,MOBILE,0,1,0.0%,99.0
新浦安明海店,jpn,DESKTOP,0,1,0.0%,28.0
新浦安明海店,jpn,MOBILE,0,1,0.0%,21.0
新浦安景點,hkg,MOBILE,0,1,0.0%,14.0
新浦安景點,twn,MOBILE,0,1,0.0%,21.0
新浦安祭り,jpn,TABLET,0,1,0.0%,6.0
新浦安美食,esp,MOBILE,0,1,0.0%,21.0
新浦安美食,hkg,DESKTOP,0,1,0.0%,21.0
新浦安美食,pol,MOBILE,0,1,0.0%,21.0
新浦安花火大会 2026,jpn,TABLET,0,1,0.0%,9.0
新浦安車站,jpn,MOBILE,0,1,0.0%,4.0
新浦安駅 ファミリーマート,jpn,DESKTOP,0,1,0.0%,19.0
新浦安駅 ファミリーマート,jpn,MOBILE,0,1,0.0%,15.0
新浦安駅 ポップアップショップ,jpn,MOBILE,0,1,0.0%,10.0
新浦安駅 ポップアップストア,jpn,MOBILE,0,1,0.0%,9.0
新浦安駅からお台場,jpn,MOBILE,0,1,0.0%,4.0
新浦安駅から新松戸駅,jpn,MOBILE,0,1,0.0%,7.0
新浦安駅から舞浜駅 電車,jpn,MOBILE,0,1,0.0%,2.0
新浦安駅前まつり,tha,MOBILE,0,1,0.0%,10.0
新浦安駅前プラザマーレ,jpn,DESKTOP,0,1,0.0%,44.0
日の出公民館 体育館 開放,jpn,MOBILE,0,1,0.0%,12.0
日時,jpn,MOBILE,0,1,0.0%,6.0
日本恐龍酒店,hkg,DESKTOP,0,1,0.0%,25.0
日本東京天氣,twn,MOBILE,0,1,0.0%,2.0
日本酒 とりまる 浦安店,jpn,DESKTOP,0,1,0.0%,49.0
早上,jpn,MOBILE,0,1,0.0%,6.0
旬の食卓 富来家 浦安店,jpn,MOBILE,0,1,0.0%,44.0
旬菜zenya えびや 久安本店,jpn,DESKTOP,0,1,0.0%,36.0
旬菜zenya えびや 久安本店,jpn,MOBILE,0,1,0.0%,39.0
明日お祭り,jpn,MOBILE,0,1,0.0%,3.0
明治サンテオレ新浦安店,jpn,DESKTOP,0,1,0.0%,50.0
明海の丘まつり,jpn,MOBILE,0,1,0.0%,3.0
星のリゾート,jpn,MOBILE,0,1,0.0%,6.0
昨日 イベント,jpn,MOBILE,0,1,0.0%,1.0
昭和巴士官網,hkg,DESKTOP,0,1,0.0%,64.0
昼からアルコイリス,jpn,DESKTOP,0,1,0.0%,36.0
時間は何時ですか,jpn,MOBILE,0,1,0.0%,3.0
時間は？,jpn,MOBILE,0,1,0.0%,2.0
最近だと,jpn,MOBILE,0,1,0.0%,1.0
木田屋 浦安,jpn,DESKTOP,0,1,0.0%,70.0
未来へつなぐ「日本の四季」と童謡コンサート 千葉公演,jpn,DESKTOP,0,1,0.0%,6.0
本八幡駅前 お祭り,jpn,MOBILE,0,1,0.0%,4.0
本当にそこ？,jpn,MOBILE,0,1,0.0%,2.0
東の祭り,jpn,MOBILE,0,1,0.0%,4.0
東京 ディズニー シー チケット,jpn,DESKTOP,0,1,0.0%,64.0
東京 灣 普 拉 納 三井 花園 酒店,twn,DESKTOP,0,1,0.0%,38.0
東京 灣 東方 飯店,twn,DESKTOP,0,1,0.0%,66.0
東京 迪士尼 接 駁 車 飯店,twn,DESKTOP,0,1,0.0%,9.0
東京 迪士尼 門票,twn,DESKTOP,0,1,0.0%,49.0
東京ディズニーシー 料金,jpn,MOBILE,0,1,0.0%,42.0
東京ディズニーセレブレーションホテルウィッシュ,jpn,DESKTOP,0,1,0.0%,48.0
東京ディズニーランド ホテル 子連れ,jpn,DESKTOP,0,1,0.0%,101.0
東京ベイ舞浜ホテル お風呂,jpn,MOBILE,0,1,0.0%,2.0
東京ベイ舞浜ホテル ファーストリゾート 荷物 送る,jpn,MOBILE,0,1,0.0%,26.0
東京ベイ舞浜ホテル ファーストリゾート 荷物 預かり,jpn,DESKTOP,0,1,0.0%,16.0
東京ベイ舞浜ホテル ファーストリゾート 荷物 預かり,jpn,MOBILE,0,1,0.0%,15.0
東京ベイ舞浜ホテル ファーストリゾート 誕生日 バルーン,jpn,MOBILE,0,1,0.0%,11.0
東京ベイ舞浜ホテル 大浴場,jpn,MOBILE,0,1,0.0%,56.0
東京ベイ舞浜ホテル 荷物,jpn,DESKTOP,0,1,0.0%,10.0
東京ベイ舞浜ホテルファーストリゾート 荷物,jpn,MOBILE,0,1,0.0%,15.0
東京ベイ舞浜ホテルファーストリゾート 荷物 送る,jpn,MOBILE,0,1,0.0%,13.0
東京ベイ舞浜ホテルファーストリゾート 荷物配送,nzl,MOBILE,0,1,0.0%,11.0
東京ベイ舞浜ホテルファーストリゾート 荷物預かり,jpn,DESKTOP,0,1,0.0%,16.0
東京ベイ舞浜ホテルファーストリゾート 荷物預かり,jpn,MOBILE,0,1,0.0%,19.0
東京恐龍酒店,twn,DESKTOP,0,1,0.0%,27.0
東京灣凱悅飯店,twn,MOBILE,0,1,0.0%,59.0
東京灣喜來登接駁車時刻表,hkg,MOBILE,0,1,0.0%,21.0
東京灣喜來登接駁車時刻表,twn,DESKTOP,0,1,0.0%,10.0
東京灣喜來登迪士尼接駁車,hkg,MOBILE,0,1,0.0%,10.0
東京灣喜來登迪士尼接駁車,jpn,TABLET,0,1,0.0%,15.0
東京灣喜來登迪士尼接駁車,twn,MOBILE,0,1,0.0%,8.0
東京灣希爾頓,twn,DESKTOP,0,1,0.0%,87.0
東京灣希爾頓飯店,jpn,MOBILE,0,1,0.0%,88.0
東京灣東方飯店,hkg,DESKTOP,0,1,0.0%,66.0
東京灣舞濱酒店第一度假村,hkg,DESKTOP,0,1,0.0%,40.0
東京迪士尼,twn,DESKTOP,0,1,0.0%,2.0
東京迪士尼 happy entry,jpn,MOBILE,0,1,0.0%,9.0
東京迪士尼 happy entry,twn,DESKTOP,0,1,0.0%,10.0
東京迪士尼 下雨,twn,MOBILE,0,1,0.0%,8.0
東京迪士尼 印第安納瓊斯,jpn,MOBILE,0,1,0.0%,11.0
東京迪士尼下雨,jpn,MOBILE,0,1,0.0%,8.0
東京迪士尼下雨怎麼玩,jpn,MOBILE,0,1,0.0%,1.0
東京迪士尼免費接駁車,hkg,MOBILE,0,1,0.0%,9.0
東京迪士尼包車dcard,twn,MOBILE,0,1,0.0%,7.0
東京迪士尼夢幻泉鄉飯店,twn,DESKTOP,0,1,0.0%,32.0
東京迪士尼天氣,twn,MOBILE,0,1,0.0%,4.0
東京迪士尼接駁車飯店,mac,MOBILE,0,1,0.0%,8.0
東京迪士尼接駁車飯店,sgp,MOBILE,0,1,0.0%,9.0
東京迪士尼接駁車飯店,twn,MOBILE,0,1,0.0%,20.0
東京迪士尼樂園大飯店,twn,MOBILE,0,1,0.0%,3.0
東京迪士尼樂園附近酒店,hkg,MOBILE,0,1,0.0%,48.0
東京迪士尼購票,hkg,MOBILE,0,1,0.0%,43.0
東京迪士尼門票購買,hkg,DESKTOP,0,1,0.0%,45.0
東京迪士尼飯店 提早入園,jpn,DESKTOP,0,1,0.0%,11.0
東京迪士尼飯店提早入園,can,MOBILE,0,1,0.0%,11.0
東京迪士尼飯店提早入園,twn,DESKTOP,0,1,0.0%,45.0
東京迪士尼飯店提早入園,twn,MOBILE,0,1,0.0%,31.0
東沖公園 祭り,jpn,MOBILE,0,1,0.0%,21.0
東西線,twn,MOBILE,0,1,0.0%,2.0
東西線沿線,jpn,DESKTOP,0,1,0.0%,8.0
東野プール いつから,jpn,MOBILE,0,1,0.0%,19.0
柄,jpn,MOBILE,0,1,0.0%,2.0
栃木sc 対 ブリオベッカ浦安・市川,jpn,MOBILE,0,1,0.0%,11.0
栃木sc 対 ブリオベッカ浦安・市川 試合,jpn,TABLET,0,1,0.0%,9.0
栃木sc 対 浦安,jpn,TABLET,0,1,0.0%,10.0
栄ごん,jpn,MOBILE,0,1,0.0%,44.0
格安ホテル 浦安,col,DESKTOP,0,1,0.0%,29.0
格安ホテル 浦安,gbr,DESKTOP,0,1,0.0%,29.0
格安ホテル 浦安,gbr,MOBILE,0,1,0.0%,28.0
格安ホテル 浦安,ind,DESKTOP,0,1,0.0%,29.0
格安ホテル 浦安,ita,MOBILE,0,1,0.0%,29.0
格安ホテル 浦安,usa,DESKTOP,0,1,0.0%,29.0
横山だいすけ コンサート 2026,jpn,MOBILE,0,1,0.0%,10.0
江戶川飯店,twn,MOBILE,0,1,0.0%,42.0
江戸川区 泌尿器科,jpn,MOBILE,0,1,0.0%,1.0
江戸川区周辺,jpn,MOBILE,0,1,0.0%,2.0
泰興 浦安店,swe,MOBILE,0,1,0.0%,19.0
洗衣機在幾樓,jpn,MOBILE,0,1,0.0%,2.0
浦安,deu,MOBILE,0,1,0.0%,43.0
浦安,gbr,MOBILE,0,1,0.0%,44.0
浦安,hun,MOBILE,0,1,0.0%,41.0
浦安 mav,jpn,MOBILE,0,1,0.0%,12.0
浦安 あさり 串,jpn,DESKTOP,0,1,0.0%,63.0
浦安 おまつり,jpn,MOBILE,0,1,0.0%,3.0
浦安 お弁当,jpn,MOBILE,0,1,0.0%,1.0
浦安 お惣菜,jpn,MOBILE,0,1,0.0%,11.0
浦安 お散歩バス,jpn,DESKTOP,0,1,0.0%,7.0
浦安 お散歩バス,jpn,MOBILE,0,1,0.0%,9.0
浦安 お盆 祭り,jpn,DESKTOP,0,1,0.0%,9.0
浦安 お盆 祭り,jpn,MOBILE,0,1,0.0%,1.0
浦安 お祭り,jpn,DESKTOP,0,1,0.0%,2.0
浦安 からあげ,jpn,DESKTOP,0,1,0.0%,45.0
浦安 からあげ,jpn,MOBILE,0,1,0.0%,46.0
浦安 きんとうん,jpn,MOBILE,0,1,0.0%,42.0
浦安 ごみ,jpn,MOBILE,0,1,0.0%,4.0
浦安 たぬき,jpn,DESKTOP,0,1,0.0%,29.0
浦安 たまりば,jpn,DESKTOP,0,1,0.0%,37.0
浦安 まつり,jpn,MOBILE,0,1,0.0%,3.0
浦安 もつ鍋,jpn,DESKTOP,0,1,0.0%,39.0
浦安 ら てん 休業,jpn,DESKTOP,0,1,0.0%,30.0
浦安 らでん,jpn,DESKTOP,0,1,0.0%,36.0
浦安 アウトレット,jpn,DESKTOP,0,1,0.0%,47.0
浦安 アンジュ 閉店,jpn,DESKTOP,0,1,0.0%,21.0
浦安 アンジュ 閉店,jpn,MOBILE,0,1,0.0%,11.0
浦安 イベント 今日,jpn,DESKTOP,0,1,0.0%,16.0
浦安 イベント 今日,jpn,MOBILE,0,1,0.0%,2.0
浦安 インドアゴルフ,jpn,MOBILE,0,1,0.0%,1.0
浦安 ウニ,jpn,DESKTOP,0,1,0.0%,33.0
浦安 オイスター,jpn,DESKTOP,0,1,0.0%,37.0
浦安 オムライス,jpn,DESKTOP,0,1,0.0%,58.0
浦安 ガチャガチャ,jpn,MOBILE,0,1,0.0%,1.0
浦安 クリーンセンター,jpn,MOBILE,0,1,0.0%,3.0
浦安 クリーンセンター 営業 時間,jpn,DESKTOP,0,1,0.0%,8.0
浦安 ココス,jpn,DESKTOP,0,1,0.0%,53.0
浦安 ゴミ カレンダー,jpn,DESKTOP,0,1,0.0%,63.0
浦安 ゴミ分別,jpn,MOBILE,0,1,0.0%,10.0
浦安 サンコーポ 祭り,jpn,MOBILE,0,1,0.0%,7.0
浦安 シティ オーケストラ,jpn,DESKTOP,0,1,0.0%,23.0
浦安 ジャングル,jpn,DESKTOP,0,1,0.0%,36.0
浦安 スイーツバイキング,jpn,DESKTOP,0,1,0.0%,25.0
浦安 ダイエー,jpn,DESKTOP,0,1,0.0%,76.0
浦安 テイクアウト,jpn,DESKTOP,0,1,0.0%,63.0
浦安 テイクアウト,jpn,MOBILE,0,1,0.0%,1.0
浦安 テイクアウト 人気,jpn,MOBILE,0,1,0.0%,2.0
浦安 テイクアウト 弁当,jpn,MOBILE,0,1,0.0%,1.0
浦安 トライアル 西友,jpn,DESKTOP,0,1,0.0%,10.0
浦安 ドッグラン,jpn,DESKTOP,0,1,0.0%,15.0
浦安 ドトール,jpn,DESKTOP,0,1,0.0%,71.0
浦安 ニュース,usa,MOBILE,0,1,0.0%,9.0
浦安 ニュース 事件,jpn,MOBILE,0,1,0.0%,21.0
浦安 バス お盆 ダイヤ,jpn,MOBILE,0,1,0.0%,9.0
浦安 バス 無料,jpn,DESKTOP,0,1,0.0%,11.0
浦安 バーガー,jpn,MOBILE,0,1,0.0%,81.0
浦安 パンケーキ,jpn,DESKTOP,0,1,0.0%,12.0
浦安 ビアガーデン,jpn,DESKTOP,0,1,0.0%,63.0
浦安 ピンサロ,jpn,DESKTOP,0,1,0.0%,40.0
浦安 ピーチダイナー,jpn,MOBILE,0,1,0.0%,30.0
浦安 ファミレス,jpn,DESKTOP,0,1,0.0%,43.0
浦安 フットサル,jpn,TABLET,0,1,0.0%,50.0
浦安 ホテル 大 浴場,jpn,DESKTOP,0,1,0.0%,39.0
浦安 ホテル 子連れ,jpn,DESKTOP,0,1,0.0%,46.0
浦安 マルエツ,jpn,DESKTOP,0,1,0.0%,55.0
浦安 マーヴ,jpn,MOBILE,0,1,0.0%,83.0
浦安 ユーラシア 日帰り,jpn,DESKTOP,0,1,0.0%,10.0
浦安 レストランウェディング,jpn,MOBILE,0,1,0.0%,19.0
浦安 三社祭,jpn,DESKTOP,0,1,0.0%,3.0
浦安 串揚げ,jpn,MOBILE,0,1,0.0%,50.0
浦安 乗合 屋形船,jpn,DESKTOP,0,1,0.0%,48.0
浦安 二尺五寸,jpn,TABLET,0,1,0.0%,11.0
浦安 二次会,jpn,DESKTOP,0,1,0.0%,36.0
浦安 元町 中町 新町,jpn,MOBILE,0,1,0.0%,5.0
浦安 再開発,jpn,MOBILE,0,1,0.0%,34.0
浦安 再開発,tha,MOBILE,0,1,0.0%,10.0
浦安 善 ラーメン,jpn,DESKTOP,0,1,0.0%,11.0
浦安 地域振興券,jpn,DESKTOP,0,1,0.0%,6.0
浦安 地域振興券,jpn,TABLET,0,1,0.0%,4.0
浦安 墓地公園 バス 時刻 表,jpn,DESKTOP,0,1,0.0%,6.0
浦安 墓地公園 無料 バス,jpn,DESKTOP,0,1,0.0%,3.0
浦安 墓地公園無料 バス,jpn,TABLET,0,1,0.0%,2.0
浦安 夏 祭り 2026,jpn,TABLET,0,1,0.0%,3.0
浦安 夏祭り,jpn,TABLET,0,1,0.0%,3.0
浦安 夏祭り 2026,can,MOBILE,0,1,0.0%,5.0
浦安 夏祭り 2026,esp,DESKTOP,0,1,0.0%,3.0
浦安 夏祭り 2026,nor,DESKTOP,0,1,0.0%,6.0
浦安 夏祭り 2026,twn,DESKTOP,0,1,0.0%,6.0
浦安 大同苑,jpn,DESKTOP,0,1,0.0%,39.0
浦安 大好き,jpn,DESKTOP,0,1,0.0%,50.0
浦安 大雨,jpn,MOBILE,0,1,0.0%,28.0
浦安 定食,jpn,MOBILE,0,1,0.0%,4.0
浦安 岩盤浴,nld,MOBILE,0,1,0.0%,30.0
浦安 市,hkg,DESKTOP,0,1,0.0%,60.0
浦安 市,jpn,DESKTOP,0,1,0.0%,48.0
浦安 市 ハザード マップ,jpn,DESKTOP,0,1,0.0%,37.0
浦安 市 冠水 情報,jpn,DESKTOP,0,1,0.0%,16.0
浦安 市 母子 手帳,jpn,DESKTOP,0,1,0.0%,19.0
浦安 市 花火 大会 2026 申し込み,jpn,TABLET,0,1,0.0%,10.0
浦安 市 鉄鋼 団地 求人,jpn,MOBILE,0,1,0.0%,24.0
浦安 市役所 土日,jpn,DESKTOP,0,1,0.0%,28.0
浦安 市役所 土日,jpn,MOBILE,0,1,0.0%,10.0
浦安 市役所 食堂,jpn,DESKTOP,0,1,0.0%,52.0
浦安 弁天,jpn,DESKTOP,0,1,0.0%,46.0
浦安 弁当,jpn,DESKTOP,0,1,0.0%,2.0
浦安 弁当,jpn,MOBILE,0,1,0.0%,1.0
浦安 引越し,jpn,DESKTOP,0,1,0.0%,46.0
浦安 引越し,jpn,MOBILE,0,1,0.0%,45.0
浦安 手持ち花火できる場所,jpn,MOBILE,0,1,0.0%,5.0
浦安 新オープン,jpn,DESKTOP,0,1,0.0%,10.0
浦安 新オープン,jpn,MOBILE,0,1,0.0%,10.0
浦安 新店,jpn,MOBILE,0,1,0.0%,14.0
浦安 新浦安,jpn,MOBILE,0,1,0.0%,2.0
浦安 新聞,jpn,DESKTOP,0,1,0.0%,45.0
浦安 新規オープン,usa,MOBILE,0,1,0.0%,10.0
浦安 日帰り温泉,jpn,DESKTOP,0,1,0.0%,75.0
浦安 日帰り温泉,jpn,MOBILE,0,1,0.0%,41.0
浦安 春香,jpn,DESKTOP,0,1,0.0%,56.0
浦安 楽,jpn,DESKTOP,0,1,0.0%,33.0
浦安 死亡事故,jpn,DESKTOP,0,1,0.0%,8.0
浦安 母子手帳,jpn,DESKTOP,0,1,0.0%,15.0
浦安 液状化 マップ,jpn,MOBILE,0,1,0.0%,30.0
浦安 激安 ホテル,jpn,DESKTOP,0,1,0.0%,31.0
浦安 無印,jpn,DESKTOP,0,1,0.0%,42.0
浦安 焼肉キング,jpn,MOBILE,0,1,0.0%,41.0
浦安 牛角,jpn,DESKTOP,0,1,0.0%,55.0
浦安 物価高騰対策商品券,jpn,MOBILE,0,1,0.0%,16.0
浦安 猫実,jpn,DESKTOP,0,1,0.0%,37.0
浦安 田所商店,jpn,TABLET,0,1,0.0%,5.0
浦安 盆踊り,idn,DESKTOP,0,1,0.0%,7.0
浦安 盆踊り,kor,MOBILE,0,1,0.0%,11.0
浦安 盆踊り,tha,DESKTOP,0,1,0.0%,7.0
浦安 盆踊り,usa,MOBILE,0,1,0.0%,2.0
浦安 盆踊り 2026,fra,MOBILE,0,1,0.0%,1.0
浦安 盆踊り 2026,twn,DESKTOP,0,1,0.0%,2.0
浦安 盆踊り 2026,usa,DESKTOP,0,1,0.0%,3.0
浦安 盆踊り 今日,jpn,MOBILE,0,1,0.0%,11.0
浦安 盆踊り大会,jpn,DESKTOP,0,1,0.0%,22.0
浦安 神輿,jpn,MOBILE,0,1,0.0%,4.0
浦安 祭り 2026,gbr,MOBILE,0,1,0.0%,5.0
浦安 祭り 4年に 一度,jpn,MOBILE,0,1,0.0%,3.0
浦安 縁日,jpn,MOBILE,0,1,0.0%,11.0
浦安 羅甸,jpn,DESKTOP,0,1,0.0%,40.0
浦安 羅甸,jpn,MOBILE,0,1,0.0%,3.0
浦安 美富 閉店,jpn,DESKTOP,0,1,0.0%,10.0
浦安 自治会祭り,jpn,DESKTOP,0,1,0.0%,1.0
浦安 花火大会,jpn,TABLET,0,1,0.0%,3.0
浦安 花火大会 2026,hkg,TABLET,0,1,0.0%,3.0
浦安 花火大会 2026,twn,MOBILE,0,1,0.0%,4.0
浦安 花火大会 2026,usa,MOBILE,0,1,0.0%,6.0
浦安 花火大会 抽選,jpn,MOBILE,0,1,0.0%,9.0
浦安 西友,jpn,DESKTOP,0,1,0.0%,54.0
浦安 西友 プレオープン,jpn,MOBILE,0,1,0.0%,19.0
浦安 西友 リニューアル,jpn,MOBILE,0,1,0.0%,30.0
浦安 西友 閉店,jpn,MOBILE,0,1,0.0%,7.0
浦安 買い物,jpn,DESKTOP,0,1,0.0%,32.0
浦安 賃貸,jpn,MOBILE,0,1,0.0%,4.0
浦安 越後屋,jpn,DESKTOP,0,1,0.0%,63.0
浦安 鉄鋼 団地 求人,jpn,DESKTOP,0,1,0.0%,26.0
浦安 鉄鋼団地 求人,jpn,MOBILE,0,1,0.0%,28.0
浦安 銀だこ,jpn,DESKTOP,0,1,0.0%,47.0
浦安 開店 閉店,jpn,DESKTOP,0,1,0.0%,11.0
浦安 隠れ家,jpn,MOBILE,0,1,0.0%,5.0
浦安 雨,jpn,DESKTOP,0,1,0.0%,30.0
浦安 雨 被害,jpn,DESKTOP,0,1,0.0%,20.0
浦安 雨被害,jpn,MOBILE,0,1,0.0%,20.0
浦安 飲食店 人気,jpn,DESKTOP,0,1,0.0%,5.0
浦安 駅 イベント 今日,jpn,MOBILE,0,1,0.0%,4.0
浦安 麻辣担,jpn,MOBILE,0,1,0.0%,21.0
浦安dパーク,jpn,MOBILE,0,1,0.0%,8.0
浦安お祭り 2026,jpn,DESKTOP,0,1,0.0%,3.0
浦安の花火大会はいつ,jpn,MOBILE,0,1,0.0%,10.0
浦安まつり,jpn,MOBILE,0,1,0.0%,1.0
浦安オムライス,jpn,DESKTOP,0,1,0.0%,56.0
浦安オープン,jpn,MOBILE,0,1,0.0%,21.0
浦安シティマラソン 2027,jpn,DESKTOP,0,1,0.0%,7.0
浦安スタバ,jpn,MOBILE,0,1,0.0%,4.0
浦安ドッグラン,jpn,DESKTOP,0,1,0.0%,9.0
浦安ドッグラン,jpn,MOBILE,0,1,0.0%,8.0
浦安ニュース,jpn,DESKTOP,0,1,0.0%,17.0
浦安バル街,jpn,MOBILE,0,1,0.0%,7.0
浦安ビューフォートホテル レビュー,jpn,MOBILE,0,1,0.0%,5.0
浦安ブライトンホテル チェックイン前 荷物 預かり,are,DESKTOP,0,1,0.0%,9.0
浦安ブライトンホテル リムジンバス 羽田,usa,DESKTOP,0,1,0.0%,8.0
浦安ブライトンホテル 荷物 預かり チェックイン前,are,DESKTOP,0,1,0.0%,9.0
浦安ブライトンホテル東京ベイ ベルデスク 荷物預かり チェックイン前,usa,DESKTOP,0,1,0.0%,11.0
浦安ブライトンホテル東京ベイ 荷物 預かり チェックイン前,are,DESKTOP,0,1,0.0%,10.0
浦安ファミレス,jpn,DESKTOP,0,1,0.0%,43.0
浦安フェスティバル,jpn,MOBILE,0,1,0.0%,7.0
浦安フットサル,jpn,DESKTOP,0,1,0.0%,46.0
浦安ブライトンホテル シャトルバス,jpn,DESKTOP,0,1,0.0%,19.0
浦安ブライトンホテル東京ベイ,jpn,DESKTOP,0,1,0.0%,4.0
浦安ブライトンホテル東京ベイ ケーキ,jpn,DESKTOP,0,1,0.0%,39.0
浦安ブライトンホテル東京ベイ 荷物送る,jpn,DESKTOP,0,1,0.0%,11.0
浦安マルシェ えんじん,jpn,DESKTOP,0,1,0.0%,25.0
浦安マーケッツ,jpn,DESKTOP,0,1,0.0%,17.0
浦安万華郷,jpn,DESKTOP,0,1,0.0%,41.0
浦安万華郷 跡地,jpn,DESKTOP,0,1,0.0%,11.0
浦安万華鏡 跡地,jpn,DESKTOP,0,1,0.0%,19.0
浦安三社例大祭,jpn,DESKTOP,0,1,0.0%,3.0
浦安付近,jpn,MOBILE,0,1,0.0%,5.0
浦安入船事故,jpn,MOBILE,0,1,0.0%,11.0
浦安公園ドッグラン,jpn,MOBILE,0,1,0.0%,6.0
浦安唐揚げ,jpn,MOBILE,0,1,0.0%,1.0
浦安商品券,jpn,MOBILE,0,1,0.0%,10.0
浦安墓地公園 バス,jpn,TABLET,0,1,0.0%,7.0
浦安夏祭り2026,usa,DESKTOP,0,1,0.0%,3.0
浦安小 盆踊り,jpn,MOBILE,0,1,0.0%,5.0
浦安小学校 お祭り,jpn,MOBILE,0,1,0.0%,8.0
浦安小学校 盆踊り 2026,jpn,DESKTOP,0,1,0.0%,6.0
浦安小学校お祭り,jpn,MOBILE,0,1,0.0%,4.0
浦安小学校祭り,jpn,MOBILE,0,1,0.0%,18.0
浦安小学校祭り,nld,MOBILE,0,1,0.0%,8.0
浦安市,hkg,DESKTOP,0,1,0.0%,56.0
浦安市,jpn,DESKTOP,0,1,0.0%,11.0
浦安市 umi,jpn,DESKTOP,0,1,0.0%,6.0
浦安市 おさんぽバス 路線図,jpn,MOBILE,0,1,0.0%,18.0
浦安市 イベント,jpn,DESKTOP,0,1,0.0%,34.0
浦安市 イベント 明日,jpn,MOBILE,0,1,0.0%,3.0
浦安市 コミュニティバス,jpn,MOBILE,0,1,0.0%,7.0
浦安市 ゴミ カレンダー,jpn,MOBILE,0,1,0.0%,8.0
浦安市 ゴミ 分別,jpn,MOBILE,0,1,0.0%,10.0
浦安市 ゴミ分別,jpn,DESKTOP,0,1,0.0%,33.0
浦安市 ゴミ分別,jpn,MOBILE,0,1,0.0%,11.0
浦安市 ニュース,usa,MOBILE,0,1,0.0%,10.0
浦安市 ハザードマップ,jpn,DESKTOP,0,1,0.0%,37.0
浦安市 ハザードマップ 地震,jpn,MOBILE,0,1,0.0%,17.0
浦安市 ハザードマップ 液状化,jpn,DESKTOP,0,1,0.0%,11.0
浦安市 プロポーザル,jpn,DESKTOP,0,1,0.0%,18.0
浦安市 交通公園,twn,DESKTOP,0,1,0.0%,3.0
浦安市 位置,jpn,MOBILE,0,1,0.0%,3.0
浦安市 保険 相談,jpn,DESKTOP,0,1,0.0%,42.0
浦安市 冠水 情報,jpn,MOBILE,0,1,0.0%,17.0
浦安市 冠水情報,jpn,MOBILE,0,1,0.0%,17.0
浦安市 古着 ゴミ,jpn,MOBILE,0,1,0.0%,8.0
浦安市 古着 回収 公民館,jpn,DESKTOP,0,1,0.0%,7.0
浦安市 古着 回収 日,jpn,DESKTOP,0,1,0.0%,6.0
浦安市 古着回収,jpn,TABLET,0,1,0.0%,8.0
浦安市 古着回収 公民館,jpn,TABLET,0,1,0.0%,9.0
浦安市 商品券,jpn,DESKTOP,0,1,0.0%,73.0
浦安市 商品券,jpn,MOBILE,0,1,0.0%,12.0
浦安市 商品券 2026,jpn,DESKTOP,0,1,0.0%,5.0
浦安市 商品券 対象 店舗,jpn,MOBILE,0,1,0.0%,13.0
浦安市 国民健康保険,jpn,DESKTOP,0,1,0.0%,9.0
浦安市 国民健康保険 手続き,jpn,DESKTOP,0,1,0.0%,7.0
浦安市 夏休み,jpn,MOBILE,0,1,0.0%,1.0
浦安市 夏祭り 2026,usa,DESKTOP,0,1,0.0%,4.0
浦安市 大雨,jpn,DESKTOP,0,1,0.0%,20.0
浦安市 大雨,jpn,MOBILE,0,1,0.0%,20.0
浦安市 大雨,lux,DESKTOP,0,1,0.0%,15.0
浦安市 子ども 医療費 その他,jpn,DESKTOP,0,1,0.0%,12.0
浦安市 子供医療費助成,jpn,MOBILE,0,1,0.0%,10.0
浦安市 年金 相談,jpn,DESKTOP,0,1,0.0%,25.0
浦安市 引越し,jpn,DESKTOP,0,1,0.0%,40.0
浦安市 引越し,jpn,MOBILE,0,1,0.0%,34.0
浦安市 手持ち花火 できる場所,jpn,MOBILE,0,1,0.0%,3.0
浦安市 扶養 相談,jpn,DESKTOP,0,1,0.0%,35.0
浦安市 採用試験,jpn,DESKTOP,0,1,0.0%,36.0
浦安市 死亡事故,jpn,TABLET,0,1,0.0%,11.0
浦安市 津波 ハザードマップ,jpn,MOBILE,0,1,0.0%,18.0
浦安市 物価 高騰 対策商品券 イオン,jpn,MOBILE,0,1,0.0%,21.0
浦安市 物価 高騰 対策商品券 使い方,jpn,DESKTOP,0,1,0.0%,22.0
浦安市 物価 高騰 対策商品券特設サイト,jpn,DESKTOP,0,1,0.0%,9.0
浦安市 物価 高騰 対策商品券特設サイト,jpn,MOBILE,0,1,0.0%,8.0
浦安市 物価高騰対策商品券,jpn,DESKTOP,0,1,0.0%,7.0
浦安市 物価高騰対策商品券,jpn,MOBILE,0,1,0.0%,10.0
浦安市 祭り,jpn,DESKTOP,0,1,0.0%,3.0
浦安市 祭り 2026,jpn,TABLET,0,1,0.0%,2.0
浦安市 花火できる場所,jpn,MOBILE,0,1,0.0%,4.0
浦安市 花火大会,gbr,DESKTOP,0,1,0.0%,4.0
浦安市 花火大会,jpn,DESKTOP,0,1,0.0%,3.0
浦安市 花火大会,jpn,MOBILE,0,1,0.0%,18.0
浦安市 花火大会 2026,lka,MOBILE,0,1,0.0%,9.0
浦安市 衣類回収,jpn,DESKTOP,0,1,0.0%,11.0
浦安市 資源 ごみ 回収 日,jpn,MOBILE,0,1,0.0%,4.0
浦安市 転入届 オンライン,jpn,MOBILE,0,1,0.0%,14.0
浦安市 雨被害,jpn,MOBILE,0,1,0.0%,20.0
浦安市おさんぽバス,jpn,DESKTOP,0,1,0.0%,5.0
浦安市お散歩バス,jpn,MOBILE,0,1,0.0%,10.0
浦安市お祭り,jpn,DESKTOP,0,1,0.0%,11.0
浦安市ごみ分別,jpn,DESKTOP,0,1,0.0%,10.0
浦安市ごみ分別,jpn,MOBILE,0,1,0.0%,8.0
浦安市は？,jpn,MOBILE,0,1,0.0%,5.0
浦安市イベント,jpn,DESKTOP,0,1,0.0%,40.0
浦安市ゴミ分別,jpn,MOBILE,0,1,0.0%,11.0
浦安市ハザードマップ,jpn,DESKTOP,0,1,0.0%,36.0
浦安市ハザードマップ,jpn,MOBILE,0,1,0.0%,5.0
浦安市交通公園,hkg,DESKTOP,0,1,0.0%,3.0
浦安市交通公園,hkg,MOBILE,0,1,0.0%,4.0
浦安市交通公園,jpn,MOBILE,0,1,0.0%,9.0
浦安市交通公園,twn,DESKTOP,0,1,0.0%,3.0
浦安市古着回収,jpn,DESKTOP,0,1,0.0%,9.0
浦安市周辺,jpn,MOBILE,0,1,0.0%,6.0
浦安市国民健康保険料,jpn,DESKTOP,0,1,0.0%,16.0
浦安市国民健康保険料,jpn,MOBILE,0,1,0.0%,17.0
浦安市天気,jpn,DESKTOP,0,1,0.0%,6.0
浦安市役所 国保年金課,jpn,TABLET,0,1,0.0%,13.0
浦安市文化会館 イベント,jpn,MOBILE,0,1,0.0%,6.0
浦安市文化会館 イベント 予定,jpn,MOBILE,0,1,0.0%,4.0
浦安市文化会館 イベント 今日,jpn,MOBILE,0,1,0.0%,56.0
浦安市東野,jpn,MOBILE,0,1,0.0%,1.0
浦安市民まつり,jpn,DESKTOP,0,1,0.0%,36.0
浦安市民プール,jpn,DESKTOP,0,1,0.0%,30.0
浦安市民祭り,jpn,DESKTOP,0,1,0.0%,37.0
浦安市民祭り 2026,jpn,DESKTOP,0,1,0.0%,27.0
浦安市物価高騰対策商品券,jpn,MOBILE,0,1,0.0%,10.0
浦安市物価高騰対策商品券特設サイト,jpn,MOBILE,0,1,0.0%,5.0
浦安市盆踊り,jpn,DESKTOP,0,1,0.0%,9.0
浦安市盆踊り,jpn,TABLET,0,1,0.0%,19.0
浦安市盆踊り2026,usa,MOBILE,0,1,0.0%,3.0
浦安市盆踊り大会,jpn,MOBILE,0,1,0.0%,4.0
浦安市納涼盆踊り大会,jpn,MOBILE,0,1,0.0%,5.0
浦安市職員,jpn,DESKTOP,0,1,0.0%,68.0
浦安市舞浜,jpn,DESKTOP,0,1,0.0%,30.0
浦安市花火大会,jpn,DESKTOP,0,1,0.0%,43.0
浦安市花火大会 2026,can,MOBILE,0,1,0.0%,10.0
浦安市花火大会 2026,deu,MOBILE,0,1,0.0%,3.0
浦安市花火大会 2026,usa,MOBILE,0,1,0.0%,8.0
浦安市運動公園,jpn,DESKTOP,0,1,0.0%,54.0
浦安市郷土博物館 写真,jpn,MOBILE,0,1,0.0%,2.0
浦安市防災無線,jpn,MOBILE,0,1,0.0%,8.0
浦安布萊頓飯店,twn,DESKTOP,0,1,0.0%,57.0
浦安幸来,jpn,MOBILE,0,1,0.0%,3.0
浦安幸来 移転,jpn,MOBILE,0,1,0.0%,3.0
浦安店,jpn,MOBILE,0,1,0.0%,5.0
浦安弁天,jpn,MOBILE,0,1,0.0%,5.0
浦安新店舗,jpn,MOBILE,0,1,0.0%,22.0
浦安旅行,twn,DESKTOP,0,1,0.0%,17.0
浦安日帰り温泉,jpn,DESKTOP,0,1,0.0%,73.0
浦安東野プール,jpn,DESKTOP,0,1,0.0%,47.0
浦安格安ホテル,jpn,DESKTOP,0,1,0.0%,32.0
浦安焼肉キング,jpn,MOBILE,0,1,0.0%,46.0
浦安猫実 祭り,jpn,MOBILE,0,1,0.0%,3.0
浦安百縁商店街,jpn,DESKTOP,0,1,0.0%,52.0
浦安盆踊り,fra,MOBILE,0,1,0.0%,6.0
浦安盆踊り,jpn,DESKTOP,0,1,0.0%,9.0
浦安盆踊り2026,aus,MOBILE,0,1,0.0%,2.0
浦安盆踊り2026,sgp,MOBILE,0,1,0.0%,1.0
浦安盆踊り2026,usa,MOBILE,0,1,0.0%,2.0
浦安盆踊り大会,jpn,DESKTOP,0,1,0.0%,15.0
浦安祭り 2026,jpn,DESKTOP,0,1,0.0%,4.0
浦安粗大ゴミ,jpn,DESKTOP,0,1,0.0%,68.0
浦安総合公園 イベント,jpn,MOBILE,0,1,0.0%,6.0
浦安花火,jpn,MOBILE,0,1,0.0%,1.0
浦安花火大会,jpn,DESKTOP,0,1,0.0%,38.0
浦安花火大会 2026 チケット,jpn,DESKTOP,0,1,0.0%,1.0
浦安花火大会 2026 開催日,jpn,DESKTOP,0,1,0.0%,11.0
浦安運動公園 イベント,jpn,MOBILE,0,1,0.0%,10.0
浦安郷土博物館,jpn,MOBILE,0,1,0.0%,10.0
浦安酒店,jpn,MOBILE,0,1,0.0%,36.0
浦安酒店,usa,MOBILE,0,1,0.0%,50.0
浦安鉄鋼団地 求人,jpn,MOBILE,0,1,0.0%,27.0
浦安鉄鋼団地就職説明会,jpn,DESKTOP,0,1,0.0%,11.0
浦安駅 オープン,jpn,MOBILE,0,1,0.0%,46.0
浦安駅 ダーツ,jpn,MOBILE,0,1,0.0%,49.0
浦安駅 工事,jpn,MOBILE,0,1,0.0%,1.0
浦安駅からディズニーランド,jpn,MOBILE,0,1,0.0%,2.0
浦安駅から三越前駅,jpn,MOBILE,0,1,0.0%,6.0
浦安駅前 お祭り,jpn,MOBILE,0,1,0.0%,3.0
浦安駅祭り,jpn,MOBILE,0,1,0.0%,11.0
海楽亭 テイクアウト,jpn,MOBILE,0,1,0.0%,10.0
混みますか？,jpn,MOBILE,0,1,0.0%,1.0
混む？,jpn,MOBILE,0,1,0.0%,2.0
混雑しやすい時間,jpn,MOBILE,0,1,0.0%,3.0
混雑する？,jpn,MOBILE,0,1,0.0%,2.0
温泉あるの？,jpn,MOBILE,0,1,0.0%,5.0
無料,jpn,DESKTOP,0,1,0.0%,8.0
無料,jpn,MOBILE,0,1,0.0%,6.0
無料はどれ？,jpn,MOBILE,0,1,0.0%,10.0
焼肉 ありらん 浦安店,jpn,DESKTOP,0,1,0.0%,46.0
焼肉きんぐ 新浦安,jpn,MOBILE,0,1,0.0%,12.0
焼肉レストラン ソウル 浦安店,jpn,MOBILE,0,1,0.0%,41.0
焼鳥 二尺五寸,jpn,DESKTOP,0,1,0.0%,14.0
焼鳥 蕎麦（そば） 二尺五寸,jpn,DESKTOP,0,1,0.0%,5.0
焼鳥蕎麦 二尺五寸,jpn,TABLET,0,1,0.0%,8.0
焼鳥蕎麦 二尺五寸 マーヴ浦安店,jpn,DESKTOP,0,1,0.0%,18.0
營業時間,jpn,MOBILE,0,1,0.0%,4.0
牛角 浦安,jpn,DESKTOP,0,1,0.0%,54.0
独一処餃子 ニューコースト新浦安店,jpn,DESKTOP,0,1,0.0%,45.0
玩具 總動員 飯店,twn,DESKTOP,0,1,0.0%,48.0
玩具總動員飯店,twn,DESKTOP,0,1,0.0%,48.0
田所商店 新浦安,jpn,TABLET,0,1,0.0%,7.0
男子バレー 今日,jpn,MOBILE,0,1,0.0%,1.0
町の中華 かすみ,kor,DESKTOP,0,1,0.0%,8.0
町の中華 かすみ,kor,MOBILE,0,1,0.0%,5.0
画像,jpn,MOBILE,0,1,0.0%,6.0
白玲戦 2026,jpn,DESKTOP,0,1,0.0%,5.0
白玲戦 2026,jpn,TABLET,0,1,0.0%,7.0
百円ローソン 閉店,jpn,MOBILE,0,1,0.0%,1.0
盆休み,jpn,MOBILE,0,1,0.0%,2.0
盆踊り,jpn,MOBILE,0,1,0.0%,2.0
盆踊り スケジュール 2026,jpn,MOBILE,0,1,0.0%,10.0
盆踊り大会,jpn,MOBILE,0,1,0.0%,4.0
目の整体院,jpn,MOBILE,0,1,0.0%,10.0
砂っぱたき じろう 浦安店,jpn,MOBILE,0,1,0.0%,48.0
神戸屋 浦安,jpn,DESKTOP,0,1,0.0%,50.0
祭り,jpn,MOBILE,0,1,0.0%,2.0
祭り この辺,jpn,MOBILE,0,1,0.0%,1.0
祭り 浦安,jpn,DESKTOP,0,1,0.0%,4.0
税務トピックス,jpn,DESKTOP,0,1,0.0%,45.0
第43回浦安市花火大会,jpn,MOBILE,0,1,0.0%,2.0
粗大ゴミ 浦安,jpn,DESKTOP,0,1,0.0%,69.0
納涼盆踊り大会 2026,jpn,MOBILE,0,1,0.0%,1.0
組み合わせ,jpn,MOBILE,0,1,0.0%,2.0
結婚 浦安市,gbr,MOBILE,0,1,0.0%,44.0
結婚 浦安市,jpn,MOBILE,0,1,0.0%,49.0
結果を知りたい,jpn,MOBILE,0,1,0.0%,2.0
絵,jpn,MOBILE,0,1,0.0%,1.0
縁日,jpn,MOBILE,0,1,0.0%,3.0
羅甸,jpn,DESKTOP,0,1,0.0%,4.0
美鈴モール,jpn,DESKTOP,0,1,0.0%,66.0
羽田空港 浦安ブライトンホテル リムジンバス,usa,DESKTOP,0,1,0.0%,11.0
肉処 大久保 閉店,chn,DESKTOP,0,1,0.0%,8.0
肉汁餃子製作所ダンダダン酒場浦安店,gbr,MOBILE,0,1,0.0%,31.0
肉汁餃子製作所ダンダダン酒場浦安店,irl,MOBILE,0,1,0.0%,31.0
自習室 浦安,jpn,MOBILE,0,1,0.0%,13.0
興安亭名菜 しん,jpn,MOBILE,0,1,0.0%,46.0
興安園,jpn,MOBILE,0,1,0.0%,41.0
舞 濱 車站,hkg,DESKTOP,0,1,0.0%,62.0
舞浜,jpn,MOBILE,0,1,0.0%,1.0
舞浜 beams,jpn,DESKTOP,0,1,0.0%,9.0
舞浜 beams,jpn,MOBILE,0,1,0.0%,9.0
舞浜 もへじ,jpn,MOBILE,0,1,0.0%,28.0
舞浜 アサイー,jpn,DESKTOP,0,1,0.0%,9.0
舞浜 イベント,jpn,MOBILE,0,1,0.0%,36.0
舞浜 イベント 今日,jpn,MOBILE,0,1,0.0%,1.0
舞浜 コインランドリー,jpn,DESKTOP,0,1,0.0%,45.0
舞浜 コインロッカー 予約,jpn,DESKTOP,0,1,0.0%,61.0
舞浜 コインロッカー予約,jpn,DESKTOP,0,1,0.0%,57.0
舞浜 ゴンチャ,usa,MOBILE,0,1,0.0%,9.0
舞浜 フェス,jpn,DESKTOP,0,1,0.0%,9.0
舞浜 ホテル 荷物預け,jpn,MOBILE,0,1,0.0%,11.0
舞浜 ロッカー 予約,jpn,DESKTOP,0,1,0.0%,56.0
舞浜 ロッカー予約,jpn,DESKTOP,0,1,0.0%,56.0
舞浜 事故,jpn,MOBILE,0,1,0.0%,56.0
舞浜 北海道ビュッフェ,jpn,MOBILE,0,1,0.0%,16.0
舞浜 夏祭り,jpn,MOBILE,0,1,0.0%,17.0
舞浜 日帰り入浴,jpn,MOBILE,0,1,0.0%,4.0
舞浜 温泉 日帰り,jpn,MOBILE,0,1,0.0%,21.0
舞浜 祭り,jpn,DESKTOP,0,1,0.0%,7.0
舞浜 荷物,jpn,MOBILE,0,1,0.0%,11.0
舞浜 荷物配送,jpn,DESKTOP,0,1,0.0%,9.0
舞浜 荷物預ける,jpn,DESKTOP,0,1,0.0%,6.0
舞浜 銭湯,jpn,DESKTOP,0,1,0.0%,37.0
舞浜 銭湯,jpn,MOBILE,0,1,0.0%,38.0
舞浜 風呂,jpn,DESKTOP,0,1,0.0%,11.0
舞浜 風呂,jpn,MOBILE,0,1,0.0%,5.0
舞浜からチームラボ豊洲,jpn,DESKTOP,0,1,0.0%,8.0
舞浜ごんちゃ,jpn,MOBILE,0,1,0.0%,10.0
舞浜は？,jpn,MOBILE,0,1,0.0%,4.0
舞浜イクスピアリガチャツィート,jpn,MOBILE,0,1,0.0%,10.0
舞浜ガチャガチャ,jpn,MOBILE,0,1,0.0%,12.0
舞浜ビューホテル by hulic 荷物 預かり,jpn,MOBILE,0,1,0.0%,14.0
舞浜ビューホテル 荷物預かり,jpn,MOBILE,0,1,0.0%,11.0
舞浜ビューホテルは？,jpn,MOBILE,0,1,0.0%,2.0
舞浜フラフェスティバル2026,jpn,DESKTOP,0,1,0.0%,7.0
舞浜ユーラシア,jpn,MOBILE,0,1,0.0%,4.0
舞浜ユーラシア 日帰り 入浴,jpn,DESKTOP,0,1,0.0%,11.0
舞浜ユーラシア 朝風呂,jpn,MOBILE,0,1,0.0%,24.0
舞浜ユーラシア 浦安市民,jpn,MOBILE,0,1,0.0%,6.0
舞浜ユーラシア 温泉のみ,jpn,MOBILE,0,1,0.0%,2.0
舞浜周辺,jpn,MOBILE,0,1,0.0%,2.0
舞浜日帰り温泉,jpn,DESKTOP,0,1,0.0%,20.0
舞浜臨海公園,jpn,MOBILE,0,1,0.0%,28.0
舞浜荷物預かり,jpn,MOBILE,0,1,0.0%,9.0
舞浜荷物預かり所,jpn,MOBILE,0,1,0.0%,10.0
舞浜駅,jpn,MOBILE,0,1,0.0%,3.0
舞浜駅 ホテル 荷物,jpn,DESKTOP,0,1,0.0%,8.0
舞浜駅 ホテル 荷物,twn,DESKTOP,0,1,0.0%,9.0
舞浜駅 ホテルに荷物を送る,jpn,DESKTOP,0,1,0.0%,10.0
舞浜駅 ホテルチェックイン,jpn,DESKTOP,0,1,0.0%,24.0
舞浜駅 ホテル荷物預かり,jpn,MOBILE,0,1,0.0%,10.0
舞浜駅 着替える場所,jpn,MOBILE,0,1,0.0%,11.0
舞浜駅 荷物,jpn,MOBILE,0,1,0.0%,11.0
舞浜駅 荷物預かり ホテル,jpn,DESKTOP,0,1,0.0%,10.0
舞浜駅 荷物預かりサービス,jpn,MOBILE,0,1,0.0%,8.0
舞浜駅 荷物預け ホテル,jpn,MOBILE,0,1,0.0%,20.0
舞浜駅 銭湯,jpn,MOBILE,0,1,0.0%,39.0
舞浜駅からホテルに荷物を送る,jpn,DESKTOP,0,1,0.0%,8.0
舞浜駅からホテルに荷物を送る,jpn,TABLET,0,1,0.0%,8.0
舞浜駅で荷物預ける,jpn,DESKTOP,0,1,0.0%,11.0
舞浜駅で荷物預ける,jpn,MOBILE,0,1,0.0%,10.0
舞浜駅ウェルカムセンター 荷物,jpn,MOBILE,0,1,0.0%,10.0
舞浜駅前行政サービスセンター,jpn,MOBILE,0,1,0.0%,21.0
舞浜駅荷物預かりサービス,jpn,DESKTOP,0,1,0.0%,11.0
舞濱去淺草,hkg,DESKTOP,0,1,0.0%,20.0
舞濱歐亞annex接駁車,twn,DESKTOP,0,1,0.0%,17.0
舞濱歐亞annex附近,twn,MOBILE,0,1,0.0%,44.0
舞濱歐亞annex飯店,twn,DESKTOP,0,1,0.0%,37.0
舞濱歐亞溫泉飯店,twn,DESKTOP,0,1,0.0%,51.0
舞濱站,twn,DESKTOP,0,1,0.0%,69.0
舞濱站 美食,jpn,MOBILE,0,1,0.0%,16.0
舞濱站 行李寄放,jpn,MOBILE,0,1,0.0%,11.0
舞濱站 行李寄放,twn,DESKTOP,0,1,0.0%,6.0
舞濱站美食,twn,DESKTOP,0,1,0.0%,9.0
舞濱站路線,twn,MOBILE,0,1,0.0%,6.0
舞濱車站,twn,DESKTOP,0,1,0.0%,34.0
船橋駅 祭り,jpn,DESKTOP,0,1,0.0%,3.0
良安食堂,jpn,MOBILE,0,1,0.0%,50.0
荷物は預けられる？,jpn,MOBILE,0,1,0.0%,2.0
萩原麻未,jpn,MOBILE,0,1,0.0%,80.0
葛南教育事務所 所長,jpn,MOBILE,0,1,0.0%,11.0
葛西 临海 公园,twn,DESKTOP,0,1,0.0%,64.0
葛西 盧 米 埃 爾 酒店,hkg,DESKTOP,0,1,0.0%,27.0
葛西 盧 米 埃 爾 酒店,twn,DESKTOP,0,1,0.0%,30.0
葛西臨海水族園 ディズニー,jpn,MOBILE,0,1,0.0%,12.0
蘇我駅 運行状況 2026年8月14日,usa,DESKTOP,0,1,0.0%,7.0
行徳,jpn,MOBILE,0,1,0.0%,5.0
行徳 ケバブ,jpn,DESKTOP,0,1,0.0%,37.0
行徳 ケバブ,jpn,MOBILE,0,1,0.0%,36.0
行徳 ダイソー 営業時間,twn,MOBILE,0,1,0.0%,3.0
行徳 ドンキホーテ,jpn,DESKTOP,0,1,0.0%,46.0
行徳 マルエツ,jpn,MOBILE,0,1,0.0%,9.0
行徳 マルエツ 跡地,jpn,TABLET,0,1,0.0%,1.0
行徳 中華 おがわ,jpn,TABLET,0,1,0.0%,4.0
行徳 冠水情報,jpn,DESKTOP,0,1,0.0%,47.0
行徳 泌尿器科,jpn,MOBILE,0,1,0.0%,1.0
行徳 泌尿器科 おすすめ,jpn,MOBILE,0,1,0.0%,1.0
行徳 西友,jpn,DESKTOP,0,1,0.0%,52.0
行徳 西友 閉店,jpn,DESKTOP,0,1,0.0%,12.0
行徳 西友 閉店,jpn,MOBILE,0,1,0.0%,14.0
行徳ドンキ,jpn,MOBILE,0,1,0.0%,2.0
行徳夜イチ,jpn,MOBILE,0,1,0.0%,35.0
行徳泌尿器科,jpn,MOBILE,0,1,0.0%,1.0
行徳町バル,jpn,MOBILE,0,1,0.0%,9.0
行徳街バル,jpn,DESKTOP,0,1,0.0%,6.0
行徳街バル,jpn,MOBILE,0,1,0.0%,10.0
行徳西友,jpn,DESKTOP,0,1,0.0%,51.0
行徳閉店,jpn,MOBILE,0,1,0.0%,5.0
街バル 2026,jpn,MOBILE,0,1,0.0%,142.0
西 葛西 lumiere 飯店,twn,DESKTOP,0,1,0.0%,57.0
西友 改装,jpn,DESKTOP,0,1,0.0%,40.0
西友 浦安 オープン,jpn,MOBILE,0,1,0.0%,20.0
西友 浦安 店,jpn,DESKTOP,0,1,0.0%,58.0
西友 閉店 予定 2026,jpn,MOBILE,0,1,0.0%,27.0
西友浦安 閉店,jpn,DESKTOP,0,1,0.0%,11.0
西友浦安店,jpn,DESKTOP,0,1,0.0%,51.0
西友行徳店,jpn,DESKTOP,0,1,0.0%,2.0
西松屋 浦安,jpn,DESKTOP,0,1,0.0%,27.0
西葛西盧米埃爾飯店,twn,DESKTOP,0,1,0.0%,64.0
要去哪裡玩,twn,MOBILE,0,1,0.0%,4.0
観光,jpn,MOBILE,0,1,0.0%,8.0
観光は？,jpn,MOBILE,0,1,0.0%,8.0
観戦 招待,jpn,MOBILE,0,1,0.0%,13.0
評判はどうですか？,jpn,DESKTOP,0,1,0.0%,1.0
調べて,jpn,MOBILE,0,1,0.0%,1.0
調べて、,jpn,MOBILE,0,1,0.0%,10.0
貝塚祭り 2026,jpn,MOBILE,0,1,0.0%,3.0
買取大吉 西友浦安店,jpn,DESKTOP,0,1,0.0%,10.0
越後屋 浦安,jpn,DESKTOP,0,1,0.0%,47.0
車 家族,jpn,MOBILE,0,1,0.0%,4.0
車で20分以内,jpn,MOBILE,0,1,0.0%,1.0
転出届 浦安,jpn,MOBILE,0,1,0.0%,15.0
転売,jpn,MOBILE,0,1,0.0%,6.0
近く お祭り,jpn,MOBILE,0,1,0.0%,1.0
近くでお祭り,jpn,MOBILE,0,1,0.0%,1.0
近くの お祭り,jpn,MOBILE,0,1,0.0%,1.0
近くのお祭り 今日,jpn,MOBILE,0,1,0.0%,1.0
这是什么,tha,DESKTOP,0,1,0.0%,4.0
迪士尼 大使 大 飯店,twn,DESKTOP,0,1,0.0%,73.0
迪士尼happy entry,egy,DESKTOP,0,1,0.0%,23.0
迪士尼happy entry,idn,DESKTOP,0,1,0.0%,16.0
迪士尼happy entry,mys,DESKTOP,0,1,0.0%,46.0
迪士尼happy entry,pak,DESKTOP,0,1,0.0%,37.0
迪士尼happy entry,twn,DESKTOP,0,1,0.0%,9.0
迪士尼happy entry,vnm,DESKTOP,0,1,0.0%,24.0
迪士尼下雨安排,chn,MOBILE,0,1,0.0%,5.0
迪士尼下雨安排,hkg,DESKTOP,0,1,0.0%,11.0
迪士尼下雨怎麼玩,hkg,MOBILE,0,1,0.0%,7.0
迪士尼合作夥伴酒店,twn,DESKTOP,0,1,0.0%,68.0
迪士尼合作飯店,twn,DESKTOP,0,1,0.0%,32.0
迪士尼夢幻泉鄉飯店價格,twn,MOBILE,0,1,0.0%,39.0
迪士尼大使飯店,twn,DESKTOP,0,1,0.0%,54.0
迪士尼接駁,twn,MOBILE,0,1,0.0%,9.0
迪士尼接駁車 飯店,sgp,MOBILE,0,1,0.0%,5.0
迪士尼樂祥飯店接駁車,twn,MOBILE,0,1,0.0%,36.0
迪士尼海洋提早入園,jpn,MOBILE,0,1,0.0%,7.0
迪士尼海洋飯店,twn,DESKTOP,0,1,0.0%,80.0
迪士尼飯店 提早入園,sgp,DESKTOP,0,1,0.0%,8.0
迪士尼飯店 提早入園,tha,DESKTOP,0,1,0.0%,9.0
迪士尼飯店接駁車,fra,MOBILE,0,1,0.0%,6.0
迪士尼飯店接駁車,sgp,MOBILE,0,1,0.0%,8.0
都幫我看,twn,DESKTOP,0,1,0.0%,1.0
酒場ヒデユリ,jpn,MOBILE,0,1,0.0%,46.0
重兵衛商店,jpn,DESKTOP,0,1,0.0%,50.0
重兵衛商店,jpn,MOBILE,0,1,0.0%,50.0
金子半之助 イクスピアリ,jpn,DESKTOP,0,1,0.0%,54.0
金子半之助 舞浜,jpn,MOBILE,0,1,0.0%,13.0
金安軒,jpn,MOBILE,0,1,0.0%,47.0
閉店セール 千葉,jpn,MOBILE,0,1,0.0%,2.0
閉店セール 近く,jpn,MOBILE,0,1,0.0%,3.0
開店情報,jpn,DESKTOP,0,1,0.0%,55.0
附近有咩景點,jpn,MOBILE,0,1,0.0%,2.0
雨,jpn,MOBILE,0,1,0.0%,6.0
雨だと中止？,jpn,MOBILE,0,1,0.0%,1.0
雷鳥 浦安,jpn,DESKTOP,0,1,0.0%,27.0
電車,jpn,MOBILE,0,1,0.0%,2.0
韓国料理 イクスピアリ,jpn,MOBILE,0,1,0.0%,14.0
韓流居酒屋食堂おんどる,jpn,DESKTOP,0,1,0.0%,48.0
駅周辺,jpn,DESKTOP,0,1,0.0%,2.0
駐車場,jpn,MOBILE,0,1,0.0%,7.0
高洲海浜公園 花火,jpn,MOBILE,0,1,0.0%,3.0
麺屋善,jpn,MOBILE,0,1,0.0%,5.0
麻辣担 新浦安,jpn,DESKTOP,0,1,0.0%,11.0
麻辣湯 天宝 店舗,jpn,MOBILE,0,1,0.0%,17.0
麻辣湯 新浦安,jpn,DESKTOP,0,1,0.0%,9.0
가사이 임해 수족원,kor,MOBILE,0,1,0.0%,18.0
가사이 임해공원,kor,MOBILE,0,1,0.0%,18.0
그랜드 닛코 도쿄 베이 마이하마,kor,DESKTOP,0,1,0.0%,14.0
너무 비싸네,kor,DESKTOP,0,1,0.0%,6.0
도쿄 디즈니 셀러브레이션 호텔,kor,DESKTOP,0,1,0.0%,30.0
도쿄 디즈니씨 호텔,kor,DESKTOP,0,1,0.0%,14.0
도쿄 디즈니씨 호텔 미라코스타,kor,DESKTOP,0,1,0.0%,19.0
도쿄 토이스토리 호텔,kor,DESKTOP,0,1,0.0%,30.0
디즈니 리조트 라인,kor,DESKTOP,0,1,0.0%,30.0
디즈니 앰배서더 호텔,jpn,DESKTOP,0,1,0.0%,33.0
디즈니 티켓,kor,DESKTOP,0,1,0.0%,32.0
디즈니랜드 디즈니씨 차이,kor,MOBILE,0,1,0.0%,5.0
디즈니랜드 숙소,kor,DESKTOP,0,1,0.0%,43.0
디즈니랜드 토이스토리,kor,DESKTOP,0,1,0.0%,29.0
디즈니리조트라인,kor,DESKTOP,0,1,0.0%,26.0
디즈니씨 토이스토리,kor,DESKTOP,0,1,0.0%,26.0
디즈니씨 호텔,kor,DESKTOP,0,1,0.0%,16.0
리조트 파크 도모야마,esp,DESKTOP,0,1,0.0%,24.0
마이하마 역사 호텔,gbr,MOBILE,0,1,0.0%,11.0
마이하마 출장용 비지니스 호텔,kor,MOBILE,0,1,0.0%,10.0
마이하마 탁아소있는 호텔,kor,MOBILE,0,1,0.0%,13.0
마이하마 프로포즈 호텔,kor,MOBILE,0,1,0.0%,9.0
마이하마 호텔,kor,MOBILE,0,1,0.0%,17.0
미라코스타,jpn,MOBILE,0,1,0.0%,12.0
미라코스타,kor,DESKTOP,0,1,0.0%,10.0
미라코스타 호텔,jpn,DESKTOP,0,1,0.0%,16.0
신우 라 야스 역,jpn,DESKTOP,0,1,0.0%,33.0
신우라야스역,kor,DESKTOP,0,1,0.0%,24.0
오리엔탈 도쿄 베이,kor,DESKTOP,0,1,0.0%,57.0
오리엔탈 호텔 도쿄 베이,kor,TABLET,0,1,0.0%,46.0
오리엔탈 호텔 도쿄베이,kor,DESKTOP,0,1,0.0%,34.0
오쿠라 호텔,kor,MOBILE,0,1,0.0%,50.0
우라야스,aus,DESKTOP,0,1,0.0%,25.0
우라야스,bgd,DESKTOP,0,1,0.0%,18.0
우라야스,bhr,DESKTOP,0,1,0.0%,26.0
우라야스,chl,DESKTOP,0,1,0.0%,17.0
우라야스,civ,DESKTOP,0,1,0.0%,17.0
우라야스,cri,DESKTOP,0,1,0.0%,18.0
우라야스,ecu,DESKTOP,0,1,0.0%,18.0
우라야스,esp,DESKTOP,0,1,0.0%,17.0
우라야스,fra,DESKTOP,0,1,0.0%,12.0
우라야스,gbr,DESKTOP,0,1,0.0%,17.0
우라야스,grc,DESKTOP,0,1,0.0%,17.0
우라야스,idn,DESKTOP,0,1,0.0%,18.0
우라야스,mda,DESKTOP,0,1,0.0%,18.0
우라야스,mex,DESKTOP,0,1,0.0%,17.0
우라야스,nld,DESKTOP,0,1,0.0%,15.0
우라야스,pry,DESKTOP,0,1,0.0%,18.0
우라야스,rou,DESKTOP,0,1,0.0%,17.0
우라야스,rus,DESKTOP,0,1,0.0%,22.0
우라야스,usa,DESKTOP,0,1,0.0%,16.0
우라야스,uzb,DESKTOP,0,1,0.0%,18.0
우라야스,ven,DESKTOP,0,1,0.0%,24.0
우라야스,vnm,DESKTOP,0,1,0.0%,26.0
우라야스,zaf,DESKTOP,0,1,0.0%,17.0
우라야스,zaf,MOBILE,0,1,0.0%,17.0
우라야스 브라이튼 호텔 도쿄 베이,jpn,MOBILE,0,1,0.0%,19.0
우라야스 브라이튼 호텔 도쿄 베이,kor,DESKTOP,0,1,0.0%,10.0
우라야스 사키마,kor,DESKTOP,0,1,0.0%,17.0
우라야스 호텔,che,MOBILE,0,1,0.0%,28.0
우라야스 호텔,col,MOBILE,0,1,0.0%,30.0
우라야스 호텔,grc,MOBILE,0,1,0.0%,49.0
우라야스 호텔,idn,MOBILE,0,1,0.0%,26.0
우라야스 호텔,ita,MOBILE,0,1,0.0%,24.0
우라야스 호텔,khm,MOBILE,0,1,0.0%,25.0
우라야스 호텔,lao,MOBILE,0,1,0.0%,28.0
우라야스 호텔,sau,MOBILE,0,1,0.0%,27.0
우라야스 호텔,zaf,MOBILE,0,1,0.0%,28.0
우라야스시,kor,DESKTOP,0,1,0.0%,30.0
우라야쓰,arg,MOBILE,0,1,0.0%,27.0
우라야쓰,bgd,MOBILE,0,1,0.0%,18.0
우라야쓰,bgr,MOBILE,0,1,0.0%,27.0
우라야쓰,idn,MOBILE,0,1,0.0%,24.0
우라야쓰,kaz,MOBILE,0,1,0.0%,24.0
우라야쓰,mys,MOBILE,0,1,0.0%,26.0
우라야쓰,pak,MOBILE,0,1,0.0%,23.0
우라야쓰,phl,MOBILE,0,1,0.0%,24.0
우라야쓰,tha,MOBILE,0,1,0.0%,27.0
우라야쓰,ukr,MOBILE,0,1,0.0%,27.0
우라야쓰,uzb,MOBILE,0,1,0.0%,23.0
우라야쓰,zaf,MOBILE,0,1,0.0%,23.0
우라야쓰 호텔,kor,MOBILE,0,1,0.0%,29.0
위시 일본 숙소,kor,MOBILE,0,1,0.0%,25.0
이비스 스타일 도쿄 긴자 이스트,kor,DESKTOP,0,1,0.0%,44.0
이비스 스타일 도쿄 베이,kor,DESKTOP,0,1,0.0%,28.0
이비스 스타일스 도쿄 긴자,kor,DESKTOP,0,1,0.0%,44.0
일본 도쿄 갈만한 곳,kor,DESKTOP,0,1,0.0%,1.0
코스타 호텔 예약,ind,MOBILE,0,1,0.0%,17.0
토이스토리 방,kor,DESKTOP,0,1,0.0%,23.0
토이스토리 호텔,kor,DESKTOP,0,1,0.0%,29.0
통로에 있는 호텔,usa,DESKTOP,0,1,0.0%,81.0
판타지 스프링스 호텔,kor,DESKTOP,0,1,0.0%,29.0
편의점은?,usa,MOBILE,0,1,0.0%,14.0
하얏트 리젠시 도쿄 베이,kor,DESKTOP,0,1,0.0%,33.0
호시노 야스,kor,MOBILE,0,1,0.0%,21.0
히요리 호텔 마쓰야마,kor,DESKTOP,0,1,0.0%,43.0
힐튼 도쿄베이,kor,DESKTOP,0,1,0.0%,35.0
힐튼 도쿄베이,pol,MOBILE,0,1,0.0%,42.0
힐튼 도쿄베이 고객의소리,deu,MOBILE,0,1,0.0%,37.0
힐튼 도쿄베이 고객의소리,hun,MOBILE,0,1,0.0%,35.0
ｇｒａｎｄ ｍｏｎｄａｙ ｒｅｓｏｒｔ 東京ベイ舞浜,jpn,DESKTOP,0,1,0.0%,47.0
ｇｒａｎｄ ｓａｖｅｕｒ 浦安本店,gbr,MOBILE,0,1,0.0%,45.0