path	lang	url	title	cat1	cats	date	dateFmt	dateQ	lastmod	lastmodFmt	eventDate	eventDateFmt	eventDateQ	eventDays	eventTiming	eventDates	eventDatesFmt	eventDatesTiming	eventEndDate	eventOngoing	hideEventBox	openDate	notableDate	checkDate	eventMeta
content/posts/20250604-urayasu-mangekyo-site-redevelopment.md	ja	/posts/浦安万華郷跡地活用方針が決定/	「浦安万華郷跡地」活用方針が決定	ニュース	ニュース	2025-06-04T00:00:00+09:00	datetime-tz	bare	2026-10-04	date														2026-09	
content/posts/2025年5月31日-浦安市の主なニュース・トピックスまと.md	ja	/posts/2025年5月31日-浦安市の主なニューストピックスまと/	2025年5月31日 浦安ニュース・トピックス	ニュース	ニュース	2025-06-01T10:54:07+09:00	datetime-tz	bare																	
content/posts/2026-05-19-d-rocks-d1d2-host-game-0530.md	ja	/posts/d-rocks-d1d2-host-game-0530/	【浦安D-Rocks】5/30 D1/D2入替戦ホストゲーム｜浦安市在住・勤務者は1,000円優待あり	スポーツ	スポーツ	2026-05-19T07:00:00+09:00	datetime-tz	bare			2026-05-30	date	quoted	1	before						true				
content/posts/2026-05-19-nisyakugosun-urayasuekimae.md	ja	/posts/nisyakugosun-urayasuekimae/	【浦安】焼鳥・蕎麦居酒屋「二尺五寸 浦安駅前店」が浦安駅直結にオープン予定	開店・閉店	開店・閉店	2026-05-19T07:00:00+09:00	datetime-tz	bare																	
content/posts/2026-05-24-bardral-fleague-2026-27-opener.md	ja	/posts/bardral-fleague-2026-27-opener/	バルドラール浦安、Fリーグ新シーズン開幕戦は5/30ホームゲーム！	スポーツ	スポーツ	2026-05-24T07:00:00+09:00	datetime-tz	bare			2026-05-30	date	quoted	1	before						true				
content/posts/2026-05-24-briobecca-jflcup-final-2026.md	ja	/posts/briobecca-jflcup-final-2026/	ブリオベッカ浦安・市川、JFL CUP最終節は0-2で敗戦——秋春制新シーズンへ	スポーツ	スポーツ	2026-05-24T07:00:00+09:00	datetime-tz	bare			2026-05-17	date	quoted	1	after						true				
content/posts/2026-05-24-d-rocks-replacement-match-1-win.md	ja	/posts/d-rocks-replacement-match-1-win/	浦安D-Rocks、入替戦第1戦を37-15で制しD1残留へ前進	スポーツ	スポーツ	2026-05-24T07:00:00+09:00	datetime-tz	bare			2026-05-23	date	quoted	1	after						true				
content/posts/2026-05-24-ems-urayasu-thai-open.md	ja	/posts/ems-urayasu-thai-open/	浦安・猫実に「生春巻きとタイ料理 エムズ」が4月オープン！	グルメ・カフェ	グルメ・カフェ	2026-05-24T07:00:00+09:00	datetime-tz	bare																	
content/posts/20260411-barrier-free-theater-touch-2026.md	ja	/posts/barrier-free-theater-touch-2026/	【浦安市】文化会館でバリアフリー演劇「Touch」開催	イベント	イベント	2026-04-11T07:00:00+09:00	datetime-tz	bare			2026-06-06	date	quoted	1	before						true				
content/posts/20260412-aoshima-hiroshi-classic-concert-2026.md	ja	/posts/aoshima-hiroshi-classic-concert-2026/	【浦安市】青島広志のクラシック音楽公演開催	イベント	イベント	2026-04-12T07:00:00+09:00	datetime-tz	bare			2026-06-27	date	quoted	1	before						true				
content/posts/20260416-zero-age-orchestra-concert-2026.md	ja	/posts/zero-age-orchestra-concert-2026/	【浦安市】文化会館で0歳からのオーケストラ公演	イベント	イベント	2026-04-16T07:00:00+09:00	datetime-tz	bare			2026-07-05	date	quoted	1	before						true				
content/posts/20260417-tokusen-rakugokai-2026.md	ja	/posts/tokusen-rakugokai-2026/	【浦安市】文化会館で特撰落語会開催	イベント	イベント	2026-04-17T07:00:00+09:00	datetime-tz	bare			2026-08-17	date	quoted	1	before						true				
content/posts/20260430-urayasu-pure-classic-concert-56-2026.md	ja	/posts/urayasu-pure-classic-concert-56-2026/	【浦安市】若い音楽家によるピュアクラシック開催	イベント	イベント	2026-04-30T07:00:00+09:00	datetime-tz	bare			2026-07-20	date	quoted	1	before						true				
content/posts/20260501-big-smile-cafe-urayasu-closed-20260430.md	ja	/posts/big-smile-cafe-urayasu-closed-20260430/	【浦安】当代島の「Big Smile CAFE.」が4月30日閉店、今後はイベント出店へ	開店・閉店	開店・閉店	2026-05-01T19:00:00+09:00	datetime-tz	bare			2026-04-30	date	quoted	1	after						true				
content/posts/20260502-showa-music-jamboree-vol4-wave101.md	ja	/posts/showa-music-jamboree-vol4-wave101/	【新浦安】昭和ミュージックジャンボリーvol.4が6月28日に開催	イベント	イベント	2026-05-02T07:00:00+09:00	datetime-tz	bare			2026-06-28	date	quoted	1	before						true				
content/posts/20260516-kenmin-no-hi-remember-me-screening-2026.md	ja	/posts/kenmin-no-hi-remember-me-screening-2026/	【浦安市】文化会館で「リメンバー・ミー」無料上映	イベント	イベント	2026-05-16T07:00:00+09:00	datetime-tz	bare			2026-06-15	date	quoted	1	before						true				
content/posts/20260521-nhk-symphony-urayasu-special-concert-2026.md	ja	/posts/nhk-symphony-urayasu-special-concert-2026/	【浦安市】N響浦安特別公演2026開催	イベント	イベント	2026-05-21T07:00:00+09:00	datetime-tz	bare			2026-11-03	date	quoted	1	before						true				
content/posts/20260528-urayasu-d-rocks-mayor-visit-2026.md	ja	/posts/urayasu-d-rocks-mayor-visit-preview-2026/	【浦安市】浦安D-Rocksが市長を訪問へ	スポーツ	スポーツ	2026-05-28T07:00:00+09:00	datetime-tz	bare			2026-06-05	date	quoted	1	before						true				
content/posts/20260528-urayasu-thank-you-certificate-ceremony-2026.md	ja	/posts/urayasu-thank-you-certificate-ceremony-2026/	【浦安市】感謝状贈呈式を6月29日に実施へ	お知らせ	お知らせ	2026-05-28T07:00:00+09:00	datetime-tz	bare			2026-06-29	date	quoted	1	before						true				
content/posts/20260531-bardral-2026-27-sec1-win.md	ja	/posts/bardral-2026-27-sec1-win/	【浦安市】バルドラール浦安、Fリーグ2026-27開幕戦を4-2で制し白星発進！	スポーツ	スポーツ	2026-05-31T07:00:00+09:00	datetime-tz	bare			2026-05-30	date	quoted	1	after						true				
content/posts/20260531-d-rocks-fes-2026-final.md	ja	/posts/d-rocks-fes-2026/	【浦安市】浦安D-Rocksのファン感謝祭「D-Rocks Fes 2026」が6月6日に開催！	スポーツ	スポーツ	2026-05-31T07:00:00+09:00	datetime-tz	bare			2026-06-06	date	quoted	1	before						true				
content/posts/20260531-potto-raku-concert-fujiwara-takumi-2026.md	ja	/posts/potto-raku-concert-fujiwara-takumi-2026/	【浦安市】文化会館で無料ロビーコンサート開催	イベント	イベント	2026-05-31T07:00:00+09:00	datetime-tz	bare			2026-06-19	date	quoted	1	before						true				
content/posts/20260531-urayasu-kourai-closed.md	ja	/posts/urayasu-kourai-closed/	【浦安市】ハマグリ出汁の「浦安そば」が名物の「浦安 幸来」が5月29日に閉店	開店・閉店	開店・閉店	2026-06-01T07:00:00+09:00	datetime-tz	bare																	
content/posts/20260601-abe-shinnosuke-pr-taishi.md	ja	/posts/20260601-abe-shinnosuke-pr-taishi/	【浦安市】阿部慎之助氏のPR大使について市長が「今後の動きを注視」　展示ブースは当面継続	ニュース	ニュース	2026-06-01T07:00:00+09:00	datetime-tz	bare																	
content/posts/20260601-kodama-mari-momo-piano-duo-2026.md	ja	/posts/kodama-mari-momo-piano-duo-2026/	【浦安市】児玉麻里＆児玉桃ピアノ・デュオ開催	イベント	イベント	2026-06-01T07:00:00+09:00	datetime-tz	bare			2026-01-31	date	quoted	1	after						true				
content/posts/20260601-na-relo-live-tokyo-bay-sold-out-2026.md	ja	/posts/na-relo-live-tokyo-bay-sold-out-2026/	【浦安市】na Reloライブはチケット完売	イベント	イベント	2026-06-01T07:00:00+09:00	datetime-tz	bare			2026-07-18	date	quoted	1	before						true				
content/posts/20260601-takashima-chisako-violinists-sold-out-2026.md	ja	/posts/takashima-chisako-violinists-sold-out-2026/	【浦安市】高嶋ちさ子コンサートはチケット完売	イベント	イベント	2026-06-01T07:00:00+09:00	datetime-tz	bare			2026-06-24	date	quoted	1	before						true				
content/posts/20260602-tagonotsuki-atre-shinurayasu.md	ja	/posts/20260602-tagonotsuki-atre-shinurayasu/	静岡の銘菓「田子の月」がアトレ新浦安に期間限定出店、6/14まで	イベント	イベント	2026-06-02T07:00:00+09:00	datetime-tz	bare			2026-06-01/2026-06-14	range	quoted	14	during						true				
content/posts/20260602-the-quartet-showa-kayo-concert-2026.md	ja	/posts/the-quartet-showa-kayo-concert-2026/	【浦安市】文化会館で昭和歌謡コンサート開催	イベント	イベント	2026-06-02T07:00:00+09:00	datetime-tz	bare			2026-09-16	date	quoted	1	before						true				
content/posts/20260602-urayasu-kaikei-dx.md	ja	/posts/20260602-urayasu-kaikei-dx/	【浦安市】会計業務のDX化で年間300時間を削減　全国初のシステムを4月より導入	お知らせ	お知らせ	2026-06-02T07:00:00+09:00	datetime-tz	bare																	
content/posts/20260602-urayasu-string-instrument-workshop-2026.md	ja	/posts/urayasu-string-instrument-workshop-2026/	【浦安市】文化会館で弦楽器体験会2026開催	イベント	イベント	2026-06-02T07:00:00+09:00	datetime-tz	bare								2026-07-31|2026-08-01|2026-08-02	array-consecutive	before							
content/posts/20260602-urayasu-traffic-accident.md	ja	/posts/20260602-urayasu-traffic-accident/	【浦安市】入船の交差点でトラックと自転車が衝突、30代女性が死亡	ニュース	ニュース	2026-06-02T07:00:00+09:00	datetime-tz	bare																	
content/posts/20260602-yakatabune-jazz-nightcruise.md	ja	/posts/20260602-yakatabune-jazz-nightcruise/	【浦安市】屋形船でジャズ生演奏！乗合屋形船ジャズ・ナイトクルーズ6/13開催	イベント	イベント	2026-06-02T07:00:00+09:00	datetime-tz	bare			2026-06-13	date	quoted	1	before						true				
content/posts/20260603-bambi-drops-kaigaku.md	ja	/posts/20260603-bambi-drops-kaigaku/	【浦安市】海楽にテイクアウトカフェ「バンビドロップス」が6/2オープン	開店・閉店	開店・閉店	2026-06-03T07:00:00+09:00	datetime-tz	bare			2026-06-02	date	quoted	1	after						true				
content/posts/20260603-briobecca-urayasu-ichikawa-emperors-cup-2026.md	ja	/posts/briobecca-urayasu-ichikawa-emperors-cup-2026/	【浦安市】ブリオベッカが天皇杯出場を報告	スポーツ	スポーツ	2026-06-03T07:00:00+09:00	datetime-tz	bare			2026-05-09	date	quoted	1	after						true				
content/posts/20260603-steinway-piano-open-day-2026.md	ja	/posts/steinway-piano-open-day-2026/	【浦安市】文化会館でスタインウェイピアノ個人開放	イベント	イベント	2026-06-03T22:00:00+09:00	datetime-tz	bare	2026-08-19T22:00:00+09:00	datetime-tz						2026-06-26|2026-09-23	array-gapped	before			true			2026-08	
content/posts/20260603-urayasu-bonodori-fireworks-2026.md	ja	/posts/urayasu-bonodori-fireworks-2026/	【浦安市】盆踊り大会・花火大会2026まとめ｜日程・会場・送迎バス・交通規制	イベント	イベント	2026-06-03T07:00:00+09:00	datetime-tz	bare	2026-08-08T12:00:00+09:00	datetime-tz						2026-08-14|2026-08-15	array-consecutive	before							
content/posts/20260603-urayasu-pr-ambassador-sanmaido-tatsuya-2026.md	ja	/posts/urayasu-pr-ambassador-sanmaido-tatsuya-2026/	【浦安市】三枚堂達也さんがPR大使2期目へ	お知らせ	お知らせ	2026-06-03T07:00:00+09:00	datetime-tz	bare			2026-06-01	date	quoted	1	after						true				
content/posts/20260603-urayasu-typhoon6-facility-closure.md	ja	/posts/urayasu-typhoon6-facility-closure/	【浦安市】台風6号で市内施設が休止へ	お知らせ	お知らせ	2026-06-03T07:00:00+09:00	datetime-tz	bare			2026-06-03	date	quoted	1	during						true				
content/posts/20260603-urayasu-venus-plaza-kids-bicycle-lottery.md	ja	/posts/urayasu-venus-plaza-kids-bicycle-lottery/	【浦安市】子ども用再生自転車を抽選販売	お知らせ	お知らせ	2026-06-03T07:00:00+09:00	datetime-tz	bare																	
content/posts/20260604-atre-shin-urayasu-sweets-tasting-2026.md	ja	/posts/atre-shin-urayasu-sweets-tasting-2026/	【浦安】アトレ新浦安でスイーツ試食会開催	イベント	イベント	2026-06-04T07:00:00+09:00	datetime-tz	bare								2026-06-13|2026-06-14	array-consecutive	before							
content/posts/20260604-maihama-hula-festival-2026.md	ja	/posts/maihama-hula-festival-2026/	【浦安市】舞浜フラフェスティバル2026開催	イベント	イベント	2026-06-04T07:00:00+09:00	datetime-tz	bare								2026-06-11|2026-06-12|2026-06-13|2026-06-14	array-consecutive	before							
content/posts/20260604-newcoast-kyushu-umakaichi.md	ja	/posts/newcoast-kyushu-umakaichi/	【浦安市】ニューコースト新浦安で「九州うまか市」6月4日から開催、九州の銘菓・名産品が集合	イベント	イベント	2026-06-04T07:00:00+09:00	datetime-tz	bare								2026-06-04|2026-06-05|2026-06-06|2026-06-07|2026-06-08|2026-06-09	array-consecutive	during			true				
content/posts/20260604-newcoast-tomods-beauty-health.md	ja	/posts/newcoast-tomods-beauty-health/	【浦安市】ニューコースト新浦安でトモズの無料イベント「ビューティー＆ヘルス」6月7日開催	イベント	イベント	2026-06-04T07:00:00+09:00	datetime-tz	bare			2026-06-07	date	bare	1	before						true				
content/posts/20260604-otomarshe-vol28-flute.md	ja	/posts/otomarshe-vol28-flute/	【浦安市】フルートとピアノで楽しむ「しんうらやす おとマルシェvol.28」が7月17日に開催	イベント	イベント	2026-06-04T07:00:00+09:00	datetime-tz	bare			2026-07-17	date	bare	1	before						true				
content/posts/20260604-urayasu-nekozane-river-drainage.md	ja	/posts/urayasu-nekozane-river-drainage/	【浦安市】猫実川で排水作業を実施、台風6号の接近に備え国交省が協力	ニュース	ニュース	2026-06-04T07:00:00+09:00	datetime-tz	bare																	
content/posts/20260604-urayasu-typhoon6-disaster-headquarters.md	ja	/posts/urayasu-typhoon6-disaster-headquarters/	【浦安市】台風6号接近で災害対策本部を設置、市内巡回や排水対応を実施	ニュース	ニュース	2026-06-04T07:00:00+09:00	datetime-tz	bare																	
content/posts/20260606-urayasu-d-rocks-mayor-visit-2026.md	ja	/posts/urayasu-d-rocks-mayor-visit-2026/	【浦安】浦安D-Rocksが市長を訪問、D1残留を報告	スポーツ	スポーツ	2026-06-06T07:00:00+09:00	datetime-tz	bare			2026-06-05	date	quoted	1	after						true				
content/posts/20260608-atre-shinurayasu-korot-limited.md	ja	/posts/atre-shinurayasu-korot-limited/	【新浦安】アトレ新浦安にコロットが期間限定出店	イベント	イベント	2026-06-08T07:00:00+09:00	datetime-tz	bare								2026-06-15|2026-06-16|2026-06-17|2026-06-18|2026-06-19|2026-06-20|2026-06-21	array-consecutive	before			true				
content/posts/20260608-atre-shinurayasu-wagashi-renewal.md	ja	/posts/atre-shinurayasu-wagashi-renewal/	【新浦安】アトレ新浦安の和菓子店が改装休業へ	開店・閉店	開店・閉店	2026-06-08T07:00:00+09:00	datetime-tz	bare								2026-06-22|2026-06-27	array-gapped	before			true				
content/posts/20260608-bardral-urayasu-kitakyushu-20260606.md	ja	/posts/bardral-urayasu-kitakyushu-20260606/	【浦安市】バルドラール浦安が北九州に5-2で勝利	スポーツ	スポーツ	2026-06-08T07:00:00+09:00	datetime-tz	bare			2026-06-06|2026-06-13	array-gapped	bare	2	during						true				
content/posts/20260608-benten-fureai-mini-festa-rice-planting.md	ja	/posts/benten-fureai-mini-festa-rice-planting/	【浦安市】弁天で田植え体験とミニフェスタ開催	イベント	イベント	2026-06-08T07:00:00+09:00	datetime-tz	bare								2026-06-13|2026-06-14	array-consecutive	before			true				
content/posts/20260608-juntendo-urayasu-heatstroke-seminar.md	ja	/posts/juntendo-urayasu-heatstroke-seminar/	【浦安市】順天堂浦安病院で熱中症講座開催	お知らせ	お知らせ	2026-06-08T07:00:00+09:00	datetime-tz	bare			2026-06-20	date	quoted	1	before						true				
content/posts/20260608-socola-minami-gyotoku-workshop-umbrella-marker.md	ja	/posts/socola-minami-gyotoku-workshop-umbrella-marker/	【行徳】ソコラ南行徳で親子ワークショップ開催	イベント	イベント	2026-06-08T07:00:00+09:00	datetime-tz	bare								2026-06-13|2026-06-14	array-consecutive	before			true				
content/posts/20260608-urayasu-childcare-fee-2026-update.md	ja	/posts/urayasu-childcare-fee-2026-update/	【浦安市】令和8年度以降の保育料情報が更新	子育て・教育	子育て・教育	2026-06-08T07:00:00+09:00	datetime-tz	bare																	
content/posts/20260608-urayasu-library-summer-storytime.md	ja	/posts/urayasu-library-summer-storytime/	【浦安市】中央図書館で夏休みおはなし会開催	子育て・教育	子育て・教育	2026-06-08T07:00:00+09:00	datetime-tz	bare								2026-07-19|2026-08-16	array-gapped	before			true				
content/posts/20260608-urayasu-tax-certificate-convenience-store-suspension.md	ja	/posts/urayasu-tax-certificate-convenience-store-suspension/	【浦安市】6月7日～9日 課税証明書のコンビニ交付が一時停止	お知らせ	お知らせ	2026-06-08T07:00:00+09:00	datetime-tz	bare								2026-06-07|2026-06-08|2026-06-09	array-consecutive	during			true				
content/posts/20260609-atre-shin-urayasu-food-renewal-202607.md	ja	/posts/atre-shin-urayasu-food-renewal-202607/	【新浦安】アトレ新浦安で食品店が7月リニューアルへ	開店・閉店	開店・閉店	2026-06-09T07:00:00+09:00	datetime-tz	bare																	
content/posts/20260609-chiba-tv-urayasu-mizube-sanpo.md	ja	/posts/chiba-tv-urayasu-mizube-sanpo/	【浦安】チバテレで水辺さんぽが紹介されています	ニュース	ニュース	2026-06-09T07:00:00+09:00	datetime-tz	bare																	
content/posts/20260609-urayasu-d-rocks-team-award-2026.md	ja	/posts/urayasu-d-rocks-team-award-2026/	【浦安市】D-Rocksがチームアワード発表	スポーツ	スポーツ	2026-06-09T07:00:00+09:00	datetime-tz	bare													true				
content/posts/20260609-urayasu-documentary-film-festival-2026.md	ja	/posts/urayasu-documentary-film-festival-2026/	【浦安市】うらやすドキュメンタリー映画祭が6月開催	イベント	イベント	2026-06-09T07:00:00+09:00	datetime-tz	bare								2026-06-20|2026-06-21	array-consecutive	before			true				
content/posts/20260610-atre-heartdance-open-heart.md	ja	/posts/atre-heartdance-open-heart/	【新浦安】アトレ新浦安「ハートダンス」に新作オープンハートアクセサリーが入荷	ニュース	ニュース	2026-06-10T07:00:00+09:00	datetime-tz	bare																	
content/posts/20260610-briobecca-june-training.md	ja	/posts/briobecca-june-training/	【浦安市】ブリオベッカ浦安・市川が6月のトップチームスケジュールを公開、総合公園で公開練習も	スポーツ	スポーツ	2026-06-10T07:00:00+09:00	datetime-tz	bare																	
content/posts/20260610-kagurazaka-gojuban-newcoast-shinurayasu.md	ja	/posts/kagurazaka-gojuban-newcoast-shinurayasu/	【新浦安】ニューコースト新浦安で「神楽坂五〇番販売会」6月12日から開催	イベント	イベント	2026-06-10T07:00:00+09:00	datetime-tz	bare								2026-06-12|2026-06-18	array-gapped	before			true				
content/posts/20260610-newcoast-creators-factory.md	ja	/posts/newcoast-creators-factory/	【新浦安】ニューコースト新浦安で「クリエイターズファクトリー」6月13日から開催	イベント	イベント	2026-06-10T07:00:00+09:00	datetime-tz	bare																	
content/posts/20260610-para-id-table-tennis-2026.md	ja	/posts/para-id-table-tennis-2026/	【舞浜】バルドラール浦安アリーナで「パラIDジャパン・チャンピオンシップ卓球大会2026」6月11日・12日開催	スポーツ	スポーツ	2026-06-10T07:00:00+09:00	datetime-tz	bare																	
content/posts/20260610-seishonenkan-game-challenge.md	ja	/posts/seishonenkan-game-challenge/	【浦安市】青少年館で「ゲームにチャレンジ！」6月15日に開催、申込不要・参加無料	子育て・教育	子育て・教育	2026-06-10T07:00:00+09:00	datetime-tz	bare																	
content/posts/20260610-urayasu-official-car-bid.md	ja	/posts/urayasu-official-car-bid/	【浦安市】議長公用車を一般競争入札で売却、6月10日から参加者募集	ニュース	ニュース	2026-06-10T07:00:00+09:00	datetime-tz	bare																	
content/posts/20260610-urayasu-sports-nutrition-counseling.md	ja	/posts/urayasu-sports-nutrition-counseling/	【舞浜】バルドラール浦安アリーナで公認スポーツ栄養士による栄養カウンセリングを実施	イベント	イベント	2026-06-10T07:00:00+09:00	datetime-tz	bare																	
content/posts/20260611-briobecca-emperors-cup-schedule-2026.md	ja	/posts/briobecca-emperors-cup-schedule-2026/	【浦安市】ブリオベッカ、天皇杯1回戦は栃木SC戦	スポーツ	スポーツ	2026-06-11T22:00:00+09:00	datetime-tz	bare	2026-08-02T22:00:00+09:00	datetime-tz	2026-08-19	date	quoted	1	before						true			2026-08	
content/posts/20260611-urayasu-d-rocks-australia-training-2026.md	ja	/posts/urayasu-d-rocks-australia-training-2026/	【浦安市】D-Rocksの2選手が豪州留学へ	スポーツ	スポーツ	2026-06-11T07:00:00+09:00	datetime-tz	bare													true				
content/posts/20260611-urayasu-d-rocks-japan-squad-2026.md	ja	/posts/urayasu-d-rocks-japan-squad-2026/	【浦安市】D-Rocksから日本代表候補に選出	スポーツ	スポーツ	2026-06-11T07:00:00+09:00	datetime-tz	bare													true				
content/posts/20260612-bardral-urayasu-hokkaido-laumelia-2026.md	ja	/posts/bardral-urayasu-hokkaido-laumelia-2026/	【浦安市】バルドラール浦安が北海道戦、グルメ出店も	スポーツ	スポーツ	2026-06-12T07:00:00+09:00	datetime-tz	bare			2026-06-13	date	quoted	1	before						true				
content/posts/20260612-gyotoku-nature-observation-june-2026.md	ja	/posts/gyotoku-nature-observation-june-2026/	【行徳】行徳自然ほごくらぶの観察会、6月も開催	イベント	イベント	2026-06-12T07:00:00+09:00	datetime-tz	bare			2026-06-14	date	quoted	1	before						true				
content/posts/20260612-ikspiari-limited-shops-june-2026.md	ja	/posts/ikspiari-limited-shops-june-2026/	【舞浜】イクスピアリに期間限定店が登場	グルメ・カフェ	グルメ・カフェ	2026-06-12T07:00:00+09:00	datetime-tz	bare													true				
content/posts/20260612-mona-shinurayasu-protein-tasting-2026.md	ja	/posts/mona-shinurayasu-protein-tasting-2026/	【新浦安】MONAでプロテイン試飲会開催	イベント	イベント	2026-06-12T07:00:00+09:00	datetime-tz	bare								2026-06-11|2026-06-12|2026-06-13|2026-06-14	array-consecutive	during			true				
content/posts/20260612-nekogo-matsuri-urayasu-2026.md	ja	/posts/nekogo-matsuri-urayasu-2026/	【浦安】猫実で猫五祭、6月14日開催	イベント	イベント	2026-06-12T07:00:00+09:00	datetime-tz	bare			2026-06-14	date	quoted	1	before						true				
content/posts/20260612-urayasu-kamikami-bento-contest-2026.md	ja	/posts/urayasu-kamikami-bento-contest-2026/	【浦安市】料理コンクール参加者を募集	子育て・教育	子育て・教育	2026-06-12T07:00:00+09:00	datetime-tz	bare													true				
content/posts/20260612-urayasu-suzumidokoro-recruitment-2026.md	ja	/posts/urayasu-suzumidokoro-recruitment-2026/	【浦安市】うらやす涼みどころ協力施設を募集	お知らせ	お知らせ	2026-06-12T07:00:00+09:00	datetime-tz	bare													true				
content/posts/20260613-bardral-urayasu-fleague-five-matches-2026.md	ja	/posts/bardral-urayasu-fleague-five-matches-2026/	【浦安市】バルアリで男女Fリーグ5試合開催	スポーツ	スポーツ	2026-06-13T07:00:00+09:00	datetime-tz	bare								2026-06-27|2026-06-28	array-consecutive	before			true				
content/posts/20260613-gyotoku-horumon-shoryuen-open-2026.md	ja	/posts/gyotoku-horumon-shoryuen-open-2026/	【行徳】ホルモン将龍苑が出店予定か	開店・閉店	開店・閉店	2026-06-13T07:00:00+09:00	datetime-tz	bare													true				
content/posts/20260613-newcoast-tanabata-event-2026.md	ja	/posts/newcoast-tanabata-event-2026/	【新浦安】ニューコーストで七夕イベント開催	イベント	イベント	2026-06-13T07:00:00+09:00	datetime-tz	bare								2026-06-20|2026-06-28	array-gapped	before			true				
content/posts/20260613-sanbanze-biotope-observation-202607.md	ja	/posts/sanbanze-biotope-observation-202607/	【浦安市】三番瀬でビオトープ観察会開催	イベント	イベント	2026-06-13T07:00:00+09:00	datetime-tz	bare			2026-07-05	date	quoted	1	before						true				
content/posts/20260614-bardral-lasbonitas-saitama-20260613.md	ja	/posts/bardral-lasbonitas-saitama-20260613/	【浦安市】ラス・ボニータス、開幕戦11-0勝利	スポーツ	スポーツ	2026-06-14T07:00:00+09:00	datetime-tz	bare			2026-06-13	date	quoted	1	after						true				
content/posts/20260614-bardral-primero-hokkaido-20260613.md	ja	/posts/bardral-primero-hokkaido-20260613/	【浦安市】バルドラール浦安、北海道に6-2勝利	スポーツ	スポーツ	2026-06-14T07:00:00+09:00	datetime-tz	bare			2026-06-13	date	quoted	1	after						true				
content/posts/20260614-eyecarelabo-urayasu-open.md	ja	/posts/eyecarelabo-urayasu-open/	【浦安】アイケアLaBo浦安駅前店がオープン	開店・閉店	開店・閉店	2026-06-14T07:00:00+09:00	datetime-tz	bare			2026-06-08	date	quoted	1	after						true				
content/posts/20260614-higashino-baby-salon-haihai-race-2026.md	ja	/posts/higashino-baby-salon-haihai-race-2026/	【浦安市】東野児童センターでハイハイレース	子育て・教育	子育て・教育	2026-06-14T07:00:00+09:00	datetime-tz	bare			2026-06-20	date	quoted	1	before						true				
content/posts/20260614-ikspiari-sugary-open-2026.md	ja	/posts/ikspiari-sugary-open-2026/	【舞浜】イクスピアリにSUGARY出店予定	開店・閉店	開店・閉店	2026-06-14T07:00:00+09:00	datetime-tz	bare													true				
content/posts/20260614-takasu-kenmin-no-hi-matsuri-2026.md	ja	/posts/takasu-kenmin-no-hi-matsuri-2026/	【浦安市】高洲児童センターで県民の日まつり	イベント	イベント	2026-06-14T07:00:00+09:00	datetime-tz	bare			2026-06-14	date	quoted	1	during						true				
content/posts/20260614-urayasu-slackline-2026.md	ja	/posts/urayasu-slackline-2026/	【浦安市】運動公園でスラックライン体験開催	スポーツ	スポーツ	2026-06-14T07:00:00+09:00	datetime-tz	bare			2026-06-20	date	quoted	1	before						true				
content/posts/20260615-atre-shinurayasu-true-tree-popup-2026.md	ja	/posts/atre-shinurayasu-true-tree-popup-2026/	【新浦安】アトレにtrue tree期間限定出店	イベント	イベント	2026-06-15T07:00:00+09:00	datetime-tz	bare			2026-06-22	date	quoted	1	before						true				
content/posts/20260615-brighton-cache-cache-mediterranean-buffet-2026.md	ja	/posts/brighton-cache-cache-mediterranean-buffet-2026/	【新浦安】ブライトンホテルで地中海ビュッフェ	グルメ・カフェ	グルメ・カフェ	2026-06-15T07:00:00+09:00	datetime-tz	bare													true				
content/posts/20260615-irodori-ichiba-mihama-2026.md	ja	/posts/irodori-ichiba-mihama-2026/	【浦安市】美浜で第2回いろどり市場開催	イベント	イベント	2026-06-15T07:00:00+09:00	datetime-tz	bare								2026-06-20|2026-06-21	array-consecutive	before			true				
content/posts/20260615-kaimaku-ten-million-urayasu-2026.md	ja	/posts/kaimaku-ten-million-urayasu-2026/	【新浦安】J:COM浦安音楽ホールで舞台公演	イベント	イベント	2026-06-15T07:00:00+09:00	datetime-tz	bare								2026-06-25|2026-06-26	array-consecutive	before			true				
content/posts/20260615-urayasu-fire-brigade-souhou-2026.md	ja	/posts/urayasu-fire-brigade-souhou-2026/	【浦安市】消防団が東葛飾地区予選へ	お知らせ	お知らせ	2026-06-15T07:00:00+09:00	datetime-tz	bare			2026-06-28	date	quoted	1	before						true				
content/posts/20260616-urayasu-postpartum-care-tokyo-bay-2026.md	ja	/posts/urayasu-postpartum-care-tokyo-bay-2026/	【浦安市】宿泊型産後ケア情報を更新	子育て・教育	子育て・教育	2026-06-16T07:00:00+09:00	datetime-tz	bare													true				
content/posts/20260616-urayasu-summer-pool-guide-2026.md	ja	/posts/urayasu-summer-pool-guide-2026/	【浦安市】夏季プール利用案内が公開	お知らせ	お知らせ	2026-06-16T07:00:00+09:00	datetime-tz	bare								2026-07-02|2026-07-04	array-gapped	before			true				
content/posts/20260617-atre-shinurayasu-kurikorean-renewal.md	ja	/posts/atre-shinurayasu-kurikorean-renewal/	【新浦安】アトレ新浦安の横浜くりこ庵が再開	開店・閉店	開店・閉店	2026-06-17T07:00:00+09:00	datetime-tz	bare			2026-06-16	date	quoted	1	after						true				
content/posts/20260617-gyotoku-turkish-restaurant-saray-open.md	ja	/posts/gyotoku-turkish-restaurant-saray-open/	【行徳】トルコ料理SARAYがオープンか	開店・閉店	開店・閉店	2026-06-17T07:00:00+09:00	datetime-tz	bare													true				
content/posts/20260617-togakuji-toubu-mutsumi-kodomo-matsuri-2026.md	ja	/posts/togakuji-toubu-mutsumi-kodomo-matsuri-2026/	【浦安】東学寺で東部睦会こどもまつり開催	イベント	イベント	2026-06-17T07:00:00+09:00	datetime-tz	bare			2026-06-20	date	quoted	1	before						true				
content/posts/20260617-urayasu-junior-high-school-shelter-training.md	ja	/posts/urayasu-junior-high-school-shelter-training/	【浦安市】浦安中で避難所運営体験を実施	ニュース	ニュース	2026-06-17T07:00:00+09:00	datetime-tz	bare													true				
content/posts/20260617-urayasu-summer-kids-environment-class-2026.md	ja	/posts/urayasu-summer-kids-environment-class-2026/	【浦安市】夏休み子ども環境教室を開催	子育て・教育	子育て・教育	2026-06-17T07:00:00+09:00	datetime-tz	bare			2026-07-24	date	quoted	1	before						true				
content/posts/20260618-aeon-shinurayasu-music-culture-festival-2026.md	ja	/posts/aeon-shinurayasu-music-culture-festival-2026/	【新浦安】イオン新浦安でしんうら音楽文化祭開催	イベント	イベント	2026-06-18T07:00:00+09:00	datetime-tz	bare			2026-06-21	date	quoted	1	before						true				
content/posts/20260618-urayasu-d-rocks-season-end-party-2026.md	ja	/posts/urayasu-d-rocks-season-end-party-2026/	【浦安市】浦安D-Rocksがシーズンエンドパーティ開催	スポーツ	スポーツ	2026-06-18T07:00:00+09:00	datetime-tz	bare													true				
content/posts/20260618-urayasu-tanabata-marche-2026.md	ja	/posts/urayasu-tanabata-marche-2026/	【浦安市】まちづくり活動プラザでたなばたマルシェ開催	イベント	イベント	2026-06-18T07:00:00+09:00	datetime-tz	bare			2026-07-05	date	quoted	1	before						true				
content/posts/20260619-briobecca-jfl-opening-match-2026.md	ja	/posts/briobecca-jfl-opening-match-2026/	【浦安市】ブリオベッカ、JFL開幕カード決定	スポーツ	スポーツ	2026-06-19T07:00:00+09:00	datetime-tz	bare			2026-08-29	date	quoted	1	before						true				
content/posts/20260619-sakaigawa-amanogawa-2026.md	ja	/posts/sakaigawa-amanogawa-2026/	【浦安市】境川で天の川2026、7月開催へ	イベント	イベント	2026-06-19T07:00:00+09:00	datetime-tz	bare								2026-07-04|2026-07-05|2026-07-06|2026-07-07	array-consecutive	before			true				
content/posts/20260619-tds-duffy-standby-pass-202607.md	ja	/posts/tds-duffy-standby-pass-202607/	【舞浜】ダッフィー新グッズ販売、一部店舗でパス必要	お知らせ	お知らせ	2026-06-19T07:00:00+09:00	datetime-tz	bare			2026-07-07	date	quoted	1	before						true				
content/posts/20260619-tokyo-disney-resort-summer-ticket-2026.md	ja	/posts/tokyo-disney-resort-summer-ticket-2026/	【舞浜】TDR夏イベントと夏チケットまとめ	イベント	イベント	2026-06-19T07:00:00+09:00	datetime-tz	bare								2026-07-01|2026-07-02	array-consecutive	before			true				
content/posts/20260619-urayasu-park-trash-box-removal-2026.md	ja	/posts/urayasu-park-trash-box-removal-2026/	【浦安市】公園・緑道のごみ箱を順次撤去へ	お知らせ	お知らせ	2026-06-19T07:00:00+09:00	datetime-tz	bare			2026-06-22	date	quoted	1	before						true				
content/posts/20260620-brighton-hotel-cache-cache-mediterranean-buffet.md	ja	/posts/brighton-hotel-cache-cache-mediterranean-buffet/	【新浦安】ブライトンホテルで地中海ビュッフェ（続報）	グルメ・カフェ	グルメ・カフェ	2026-06-20T07:00:00+09:00	datetime-tz	bare	2026-09-04	date											true				
content/posts/20260620-grand-nikko-maihama-summer-afternoon-tea-2026.md	ja	/posts/grand-nikko-maihama-summer-afternoon-tea-2026/	【舞浜】グランドニッコーで夏アフタヌーンティー	グルメ・カフェ	グルメ・カフェ	2026-06-20T07:00:00+09:00	datetime-tz	bare								2026-07-03|2026-07-04|2026-07-05|2026-07-10|2026-07-11|2026-07-12|2026-07-17|2026-07-24|2026-07-25|2026-07-26|2026-07-31|2026-08-01|2026-08-02	array-gapped	before			true				
content/posts/20260620-maruetsu-gyotoku-close-2026.md	ja	/posts/maruetsu-gyotoku-close-2026/	【行徳】マルエツ行徳店が7月19日閉店予定か	開店・閉店	開店・閉店	2026-06-20T07:00:00+09:00	datetime-tz	bare			2026-07-19	date	quoted	1	before						true				
content/posts/20260620-mav-urayasu-west-open-2026.md	ja	/posts/mav-urayasu-west-open-2026/	【浦安】M’av浦安WESTが6月30日開業へ	開店・閉店	開店・閉店	2026-06-20T07:00:00+09:00	datetime-tz	bare			2026-06-30	date	quoted	1	before						true				
content/posts/20260620-nhk-symphony-urayasu-pre-event-2026.md	ja	/posts/nhk-symphony-urayasu-pre-event-2026/	【浦安市】N響浦安特別公演プレイベント開催	イベント	イベント	2026-06-20T07:00:00+09:00	datetime-tz	bare	2026-10-04	date	2026-09-13	date	quoted	1	before						true				
content/posts/20260620-tds-25th-sparkling-dreams-shinkansen.md	ja	/posts/tds-25th-sparkling-dreams-shinkansen/	【舞浜】TDS25周年新幹線が運行開始	イベント	イベント	2026-06-20T07:00:00+09:00	datetime-tz	bare			2026-06-19	date	quoted	1	after						true				
content/posts/20260621-bardral-urayasu-defio-20260620-result.md	ja	/posts/bardral-urayasu-defio-20260620-result/	【浦安市】バルドラール浦安デフィオが3-1で勝利	スポーツ	スポーツ	2026-06-21T07:00:00+09:00	datetime-tz	bare			2026-06-20	date	quoted	1	after						true				
content/posts/20260621-urayasu-tax-spoofing-email-alert-2026.md	ja	/posts/urayasu-tax-spoofing-email-alert-2026/	【浦安市】税務課をかたる不審メールに注意	ニュース	ニュース	2026-06-21T07:00:00+09:00	datetime-tz	bare													true				
content/posts/20260622-bardral-lasbonitas-ryukei-20260621-result.md	ja	/posts/bardral-lasbonitas-ryukei-20260621-result/	【浦安市】ラス・ボニータスが16-0で大勝	スポーツ	スポーツ	2026-06-22T07:00:00+09:00	datetime-tz	bare			2026-06-21	date	quoted	1	after						true				
content/posts/20260622-bardral-urayasu-oita-20260621-result.md	ja	/posts/bardral-urayasu-oita-20260621-result/	【浦安市】バルドラール浦安、大分に2-3で敗れる	スポーツ	スポーツ	2026-06-22T07:00:00+09:00	datetime-tz	bare			2026-06-21	date	quoted	1	after						true				
content/posts/20260622-irifune-elementary-firefly-event-2026.md	ja	/posts/irifune-elementary-firefly-event-2026/	【浦安市】入船小でほたる鑑賞会を実施	子育て・教育	子育て・教育	2026-06-22T07:00:00+09:00	datetime-tz	bare													true				
content/posts/20260622-sheraton-maihama-north-america-food-fair.md	ja	/posts/sheraton-maihama-north-america-food-fair/	【舞浜】シェラトンで北米フードフェア開催中	グルメ・カフェ	グルメ・カフェ	2026-06-22T07:00:00+09:00	datetime-tz	bare													true				
content/posts/20260623-bambi-drops-kairaku-open.md	ja	/posts/bambi-drops-kairaku-open/	【浦安】海楽にBambi DROPSがオープン	開店・閉店	開店・閉店	2026-06-23T07:00:00+09:00	datetime-tz	bare			2026-06-02	date	quoted	1	after						true				
content/posts/20260623-nanohana-shokudo-gyotoku-close.md	ja	/posts/nanohana-shokudo-gyotoku-close/	【行徳】なのはな食堂が6月28日閉店へ	開店・閉店	開店・閉店	2026-06-23T07:00:00+09:00	datetime-tz	bare			2026-06-28	date	quoted	1	before						true				
content/posts/20260623-the-golf-base-shinurayasu-range-open.md	ja	/posts/the-golf-base-shinurayasu-range-open/	【浦安】海楽にTHE GOLF BASE新浦安レンジが夏開業予定	開店・閉店	開店・閉店	2026-06-23T07:00:00+09:00	datetime-tz	bare													true				
content/posts/20260623-urayasu-park-trash-box-removal.md	ja	/posts/urayasu-park-trash-box-removal/	【浦安市】公園・緑道のごみ箱を順次撤去	お知らせ	お知らせ	2026-06-23T07:00:00+09:00	datetime-tz	bare			2026-06-22	date	quoted	1	after						true				
content/posts/20260624-daiso-maruesu-gyotoku-close.md	ja	/posts/daiso-maruesu-gyotoku-close/	【行徳】ダイソーマルエツ行徳店が7月19日閉店へ	開店・閉店	開店・閉店	2026-06-24T07:00:00+09:00	datetime-tz	bare			2026-07-19	date	quoted	1	before						true				
content/posts/20260624-malatang-tenpo-newcoast-shinurayasu-open.md	ja	/posts/malatang-tenpo-newcoast-shinurayasu-open/	【新浦安】ニューコースト3階に麻辣湯専門店「麻辣湯天宝」オープン	開店・閉店	開店・閉店	2026-06-24T07:00:00+09:00	datetime-tz	bare	2026-09-04	date											true				
content/posts/20260625-duoscene-shin-urayasu-higashino.md	ja	/posts/duoscene-shin-urayasu-higashino/	【浦安】東野でデュオセーヌ新浦安が分譲開始	ニュース	ニュース	2026-06-25T07:00:00+09:00	datetime-tz	bare			2026-06-20	date	quoted	1	after						true				
content/posts/20260625-newcoast-shikoku-aji-meguri-202607.md	ja	/posts/newcoast-shikoku-aji-meguri-202607/	【新浦安】ニューコーストで四国味めぐり開催	イベント	イベント	2026-06-25T07:00:00+09:00	datetime-tz	bare								2026-07-04|2026-07-09	array-gapped	before			true				
content/posts/20260625-urayasu-tv-reception-700mhz-202608.md	ja	/posts/urayasu-tv-reception-700mhz-202608/	【浦安市】8月20日以降テレビ受信障害の可能性	お知らせ	お知らせ	2026-06-25T07:00:00+09:00	datetime-tz	bare			2026-08-20	date	quoted	1	before						true				
content/posts/20260626-d-rocks-summer-camp-2026.md	ja	/posts/d-rocks-summer-camp-2026/	【浦安】D-Rocks夏休みラグビーキャンプ開催	スポーツ	スポーツ	2026-06-26T07:00:00+09:00	datetime-tz	bare								2026-08-03|2026-08-04|2026-08-05	array-consecutive	before			true				
content/posts/20260626-kitchen-origin-minami-gyotoku-open.md	ja	/posts/kitchen-origin-minami-gyotoku-open/	【行徳】キッチンオリジン南行徳店が新規開店	開店・閉店	開店・閉店	2026-06-26T07:00:00+09:00	datetime-tz	bare	2026-10-04	date											true				
content/posts/20260627-atre-shinurayasu-food-renewal-20260709.md	ja	/posts/atre-shinurayasu-food-renewal-20260709/	【新浦安】アトレ1階が7月9日リニューアル	開店・閉店	開店・閉店	2026-06-27T07:00:00+09:00	datetime-tz	bare			2026-07-09	date	quoted	1	before						true				
content/posts/20260627-familymart-shinurayasu-mare-open.md	ja	/posts/familymart-shinurayasu-mare-open/	【新浦安】マーレにファミリーマートが開店	開店・閉店	開店・閉店	2026-06-27T07:00:00+09:00	datetime-tz	bare													true				
content/posts/20260627-gyotoku-yakitori-takeout-open.md	ja	/posts/gyotoku-yakitori-takeout-open/	【行徳】駅近くに焼き鳥店が出店予定か	開店・閉店	開店・閉店	2026-06-27T07:00:00+09:00	datetime-tz	bare													true				
content/posts/20260627-ikspiari-the-sale-2026-summer.md	ja	/posts/ikspiari-the-sale-2026-summer/	【舞浜】イクスピアリ夏セールが7月12日まで開催	イベント	イベント	2026-06-27T07:00:00+09:00	datetime-tz	bare								2026-06-26|2026-07-12	array-gapped	during			true				
content/posts/20260627-newcoast-havaianas-beach-sandals-202607.md	ja	/posts/newcoast-havaianas-beach-sandals-202607/	【新浦安】ニューコーストでビーチサンダル作り開催	イベント	イベント	2026-06-27T07:00:00+09:00	datetime-tz	bare								2026-07-11|2026-07-12	array-consecutive	before			true				
content/posts/20260627-urayasu-typhoon-facility-garbage-20260627.md	ja	/posts/urayasu-typhoon-facility-garbage-20260627/	【浦安市】6月27日の公共施設休止とごみ収集情報	お知らせ	お知らせ	2026-06-27T07:00:00+09:00	datetime-tz	bare													true				
content/posts/20260628-urayasu-typhoon-disaster-response-20260627.md	ja	/posts/urayasu-typhoon-disaster-response-20260627/	【浦安市】台風7号・8号で災害対策本部を設置	ニュース	ニュース	2026-06-28T07:00:00+09:00	datetime-tz	bare													true				
content/posts/20260629-bardral-las-bonitas-minerva-ube-20260627.md	ja	/posts/bardral-las-bonitas-minerva-ube-20260627/	【浦安】ラス・ボニータスが7-1で快勝	スポーツ	スポーツ	2026-06-29T07:00:00+09:00	datetime-tz	bare			2026-06-27	date	quoted	1	after						true				
content/posts/20260629-bardral-urayasu-fuga-sumida-20260627.md	ja	/posts/bardral-urayasu-fuga-sumida-20260627/	【浦安】バルドラール浦安がホームで3-2勝利	スポーツ	スポーツ	2026-06-29T07:00:00+09:00	datetime-tz	bare			2026-06-27	date	quoted	1	after						true				
content/posts/20260701-gongcha-ikspiari-renewal.md	ja	/posts/gongcha-ikspiari-renewal/	【イクスピアリ】ゴンチャがリニューアルオープン｜場所は2F・20席	開店・閉店	開店・閉店	2026-07-01T07:00:00+09:00	datetime-tz	bare	2026-09-04	date	2026-06-30	date	quoted	1	after						true				
content/posts/20260701-ikspiari-sugary-open-date-20260728.md	ja	/posts/ikspiari-sugary-open-date-20260728/	【舞浜】SUGARYの開店日が7月28日に決定	開店・閉店	開店・閉店	2026-07-01T07:00:00+09:00	datetime-tz	bare			2026-07-28	date	quoted	1	before						true				
content/posts/20260701-mav-urayasu-west-grand-open-stores.md	ja	/posts/mav-urayasu-west-grand-open-stores/	【浦安】M’av浦安WESTが開業 8店舗まとめ	開店・閉店	開店・閉店	2026-07-01T07:00:00+09:00	datetime-tz	bare			2026-06-30	date	quoted	1	after						true				
content/posts/20260701-undokoen-summer-kids-day-2026.md	ja	/posts/undokoen-summer-kids-day-2026/	【浦安市】運動公園で夏休みこどもDAY開催	イベント	イベント	2026-07-01T07:00:00+09:00	datetime-tz	bare			2026-07-25	date	quoted	1	before						true				
content/posts/20260702-ikspiari-limited-shops-202607.md	ja	/posts/ikspiari-limited-shops-202607/	【舞浜】イクスピアリに期間限定3店舗が登場	開店・閉店	開店・閉店	2026-07-02T07:00:00+09:00	datetime-tz	bare			2026-07-01	date	quoted	1	after						true				
content/posts/20260702-urayasu-d-rocks-2026-27-season-outline.md	ja	/posts/urayasu-d-rocks-2026-27-season-outline/	【浦安市】浦安D-Rocks新シーズン概要発表	スポーツ	スポーツ	2026-07-02T07:00:00+09:00	datetime-tz	bare													true				
content/posts/20260702-urayasu-kodomo-oukyuteate-2026.md	ja	/posts/urayasu-kodomo-oukyuteate-2026/	【浦安市】消防本部でこども応急手当講習会	子育て・教育	子育て・教育	2026-07-02T07:00:00+09:00	datetime-tz	bare								2026-08-01|2026-08-02	array-consecutive	before			true				
content/posts/20260703-kodomo-hiroba-mizuasobi-20260708.md	ja	/posts/kodomo-hiroba-mizuasobi-20260708/	【浦安市】こどもの広場で水あそびイベント開催	子育て・教育	子育て・教育	2026-07-03T07:00:00+09:00	datetime-tz	bare			2026-07-08	date	quoted	1	before						true				
content/posts/20260703-kodomo-hiroba-nagashi-somen-2026.md	ja	/posts/kodomo-hiroba-nagashi-somen-2026/	【浦安市】こどもの広場で流しそうめん体験	子育て・教育	子育て・教育	2026-07-03T07:00:00+09:00	datetime-tz	bare								2026-07-22|2026-07-25|2026-07-29	array-gapped	before			true				
content/posts/20260703-seishonenkan-kokosei-kigyo-koza-2026.md	ja	/posts/seishonenkan-kokosei-kigyo-koza-2026/	【浦安市】青少年館で高校生向け起業講座	子育て・教育	子育て・教育	2026-07-03T07:00:00+09:00	datetime-tz	bare			2026-07-29	date	quoted	1	before						true				
content/posts/20260703-seishonenkan-shogakusei-kabushiki-2026.md	ja	/posts/seishonenkan-shogakusei-kabushiki-2026/	【浦安市】青少年館で小学生株式経済教室	子育て・教育	子育て・教育	2026-07-03T07:00:00+09:00	datetime-tz	bare			2026-07-27	date	quoted	1	before						true				
content/posts/20260703-takasu-sns-media-literacy-2026.md	ja	/posts/takasu-sns-media-literacy-2026/	【浦安市】高洲公民館で親子向けSNS講座	子育て・教育	子育て・教育	2026-07-03T07:00:00+09:00	datetime-tz	bare			2026-08-05	date	quoted	1	before						true				
content/posts/20260704-curves-aeon-shinurayasu-open.md	ja	/posts/curves-aeon-shinurayasu-open/	【浦安】イオン新浦安にカーブスが開店予定	開店・閉店	開店・閉店	2026-07-04T07:00:00+09:00	datetime-tz	bare			2026-07-21	date	quoted	1	before						true			2026-07	
content/posts/20260704-hotel-okura-tokyo-bay-summer-kids-2026.md	ja	/posts/hotel-okura-tokyo-bay-summer-kids-2026/	【舞浜】ホテルオークラで夏休み体験教室	イベント	イベント	2026-07-04T07:00:00+09:00	datetime-tz	bare								2026-07-19|2026-07-20|2026-07-29|2026-08-09	array-gapped	before			true			2026-07	
content/posts/20260704-uralame-summer-homework-2026.md	ja	/posts/uralame-summer-homework-2026/	【浦安市】うら・らめーるで夏休み宿題大作戦	子育て・教育	子育て・教育	2026-07-04T07:00:00+09:00	datetime-tz	bare								2026-07-19|2026-07-21	array-gapped	before			true				
content/posts/20260704-urayasu-bar-gai-2026.md	ja	/posts/urayasu-bar-gai-2026/	【浦安市】第13回浦安バル街が10月開催へ	イベント	イベント	2026-07-04T07:00:00+09:00	datetime-tz	bare								2026-10-20|2026-10-21	array-consecutive	before			true				
content/posts/20260705-bardral-urayasu-osaka-20260704.md	ja	/posts/bardral-urayasu-osaka-20260704/	【浦安市】バルドラール浦安が大阪と引き分け	スポーツ	スポーツ	2026-07-05T07:00:00+09:00	datetime-tz	bare			2026-07-04	date	quoted	1	after						true				
content/posts/20260705-newcoast-kiyoken-202607.md	ja	/posts/newcoast-kiyoken-202607/	【新浦安】ニューコーストで崎陽軒販売会	イベント	イベント	2026-07-05T07:00:00+09:00	datetime-tz	bare								2026-07-10|2026-07-11|2026-07-12|2026-07-13|2026-07-14|2026-07-15|2026-07-16	array-consecutive	before			true				
content/posts/20260705-sagami-mona-shinurayasu-open.md	ja	/posts/sagami-mona-shinurayasu-open/	【浦安】MONA新浦安にさが美がオープン	開店・閉店	開店・閉店	2026-07-05T07:00:00+09:00	datetime-tz	bare			2026-06-12	date	quoted	1	after						true				
content/posts/20260706-aloha-urayasu-2026-performer-recruit.md	ja	/posts/aloha-urayasu-2026-performer-recruit/	【浦安市】Aloha！URAYASU出演者募集	イベント	イベント	2026-07-06T07:00:00+09:00	datetime-tz	bare								2026-09-26|2026-09-27	array-consecutive	before			true				
content/posts/20260706-hotel-emion-summer-nazotoki-2026.md	ja	/posts/hotel-emion-summer-nazotoki-2026/	【新浦安】ホテルエミオンで夏休み謎解きプラン	イベント	イベント	2026-07-06T07:00:00+09:00	datetime-tz	bare			2026-07-18	date	quoted	1	before						true			2026-07	
content/posts/20260706-las-bonitas-hokkaido-20260704.md	ja	/posts/las-bonitas-hokkaido-20260704/	【浦安市】ラス・ボニータスが北海道に9-0勝利	スポーツ	スポーツ	2026-07-06T07:00:00+09:00	datetime-tz	bare			2026-07-04	date	quoted	1	after						true				
content/posts/20260706-urayasu-string-experience-recital-2026.md	ja	/posts/urayasu-string-experience-recital-2026/	【浦安市】文化会館で弦楽器体験会の成果発表	イベント	イベント	2026-07-06T07:00:00+09:00	datetime-tz	bare			2026-08-02	date	quoted	1	before						true			2026-07	
content/posts/20260707-spalab-urayasu-kairaku-open.md	ja	/posts/spalab-urayasu-kairaku-open/	【浦安】海楽にトランクルーム「スペラボ」8月1日オープン予定	開店・閉店	開店・閉店	2026-07-07T07:00:00+09:00	datetime-tz	bare			2026-08-01	date	quoted	1	before						true			2026-07	
content/posts/20260708-hilton-tokyo-bay-garden-pool-restaurant.md	ja	/posts/hilton-tokyo-bay-garden-pool-restaurant/	【舞浜】ヒルトン東京ベイに夏のプールレストラン	グルメ・カフェ	グルメ・カフェ	2026-07-08T22:00:00+09:00	datetime-tz	bare	2026-09-08T18:38:00+09:00	datetime-tz	2026-06-27/2026-09-30	range	quoted	96	during						true			2026-09	
content/posts/20260708-kaitori-daikichi-seiyu-urayasu.md	ja	/posts/kaitori-daikichi-seiyu-urayasu/	【浦安】西友浦安店に買取大吉が出店予定か	開店・閉店	開店・閉店	2026-07-08T07:00:00+09:00	datetime-tz	bare																	
content/posts/20260708-newcoast-anime-soshizaiten-20260720.md	ja	/posts/newcoast-anime-soshizaiten-20260720/	【新浦安】ニューコーストで名作アニメ素材展開催	イベント	イベント	2026-07-08T07:00:00+09:00	datetime-tz	bare			2026-07-20	date	quoted	1	before						true				
content/posts/20260708-sheraton-aloha-2026.md	ja	/posts/sheraton-aloha-2026/	【舞浜】シェラトンで「ALOHA!」開催	イベント	イベント	2026-07-08T07:00:00+09:00	datetime-tz	bare	2026-07-23T07:00:00+09:00	datetime-tz						2026-07-21|2026-08-31	array-gapped	before			true			2026-07	
content/posts/20260708-urayasu-drocks-hinode-junior-high-greeting.md	ja	/posts/urayasu-drocks-hinode-junior-high-greeting/	【浦安市】D-Rocks選手が日の出中であいさつ運動	子育て・教育	子育て・教育	2026-07-08T07:00:00+09:00	datetime-tz	bare																	
content/posts/20260709-cinema-ikspiari-with-kids-toystory5.md	ja	/posts/cinema-ikspiari-with-kids-toystory5/	【舞浜】シネマイクスピアリで親子向け上映	イベント	イベント	2026-07-09T22:00:00+09:00	datetime-tz	bare	2026-08-17T22:00:00+09:00	datetime-tz	2026-09-04	date	quoted	1	before						true			2026-08	
content/posts/20260709-mitsui-garden-prana-tokyo-bay-renewal-closure.md	ja	/posts/mitsui-garden-prana-tokyo-bay-renewal-closure/	【新浦安】三井ガーデンホテルプラナ東京ベイが休館中	お知らせ	お知らせ	2026-07-09T07:00:00+09:00	datetime-tz	bare	2026-09-19T17:48:00+09:00	datetime-tz						2026-06-19|2026-09-11	array-gapped	during			true			2026-09	
content/posts/20260709-prague-cello-republic-urayasu-2026.md	ja	/posts/prague-cello-republic-urayasu-2026/	【浦安市】文化会館でプラハ・チェロ公演開催	イベント	イベント	2026-07-09T07:00:00+09:00	datetime-tz	bare			2026-11-27	date	quoted	1	before						true			2026-07	
content/posts/20260709-urayasu-bunka-kids-backstage-tour-2026.md	ja	/posts/urayasu-bunka-kids-backstage-tour-2026/	【浦安市】文化会館でキッズ舞台裏ツアー開催	子育て・教育	子育て・教育	2026-07-09T07:00:00+09:00	datetime-tz	bare								2026-08-19|2026-08-20	array-consecutive	before			true			2026-07	
content/posts/20260709-urayasu-geidai-kuso-kingyo-workshop.md	ja	/posts/urayasu-geidai-kuso-kingyo-workshop/	【浦安市】浦安藝大「空想きんぎょ」ワークショップ開催	子育て・教育	子育て・教育	2026-07-09T07:00:00+09:00	datetime-tz	bare								2026-07-19|2026-08-30	array-gapped	before			true			2026-07	
content/posts/20260709-urayasu-kodomo-bosai-kyoshitsu-20260730.md	ja	/posts/urayasu-kodomo-bosai-kyoshitsu-20260730/	【浦安市】消防本部で子ども防災教室開催	子育て・教育	子育て・教育	2026-07-09T07:00:00+09:00	datetime-tz	bare			2026-07-30	date	quoted	1	before						true			2026-07	
content/posts/20260710-disney-resort-line-25th-anniversary.md	ja	/posts/disney-resort-line-25th-anniversary/	【舞浜】リゾートラインが開業25周年へ	お知らせ	お知らせ	2026-07-10T00:00:00+09:00	datetime-tz	bare	2026-09-06T21:54:00+09:00	datetime-tz														2026-09	
content/posts/20260710-grand-nikko-world-gourmet-sweets-festa.md	ja	/posts/grand-nikko-world-gourmet-sweets-festa/	【舞浜】グランドニッコーで世界グルメブッフェ開催	グルメ・カフェ	グルメ・カフェ	2026-07-10T07:00:00+09:00	datetime-tz	bare								2026-07-18|2026-07-19|2026-07-20	array-consecutive	before			true			2026-07	
content/posts/20260710-urayasu-chuo-kominkan-taiikukan-asobi.md	ja	/posts/urayasu-chuo-kominkan-taiikukan-asobi/	【浦安市】中央公民館で体育館あそび開催	子育て・教育	子育て・教育	2026-07-10T07:00:00+09:00	datetime-tz	bare								2026-08-05|2026-08-18	array-gapped	before			true			2026-07	
content/posts/20260710-urayasu-manabi-umi-1st-anniversary.md	ja	/posts/urayasu-manabi-umi-1st-anniversary/	【浦安市】学びの多様化学校「UMI」開校1周年	子育て・教育	子育て・教育	2026-07-10T07:00:00+09:00	datetime-tz	bare																2026-07	
content/posts/20260711-hinode-bosai-sports-facility-sounding.md	ja	/posts/hinode-bosai-sports-facility-sounding/	【浦安市】日の出地区で防災スポーツ施設整備へ	ニュース	ニュース	2026-07-11T07:00:00+09:00	datetime-tz	bare																2026-07	
content/posts/20260711-hotel-okura-tokyo-bay-tohkalin-fair.md	ja	/posts/hotel-okura-tokyo-bay-tohkalin-fair/	【舞浜】ホテルオークラで桃花林フェア開催	グルメ・カフェ	グルメ・カフェ	2026-07-11T07:00:00+09:00	datetime-tz	bare	2026-09-11T20:03:00+09:00	datetime-tz						2026-09-12|2026-09-13|2026-09-19|2026-09-20|2026-09-21|2026-09-22|2026-09-23|2026-10-10|2026-10-11|2026-10-12|2026-10-24|2026-10-25|2026-11-07|2026-11-08|2026-11-21|2026-11-22|2026-11-23	array-gapped	before			true			2026-09	
content/posts/20260711-urayasu-drocks-2026-27-new-structure.md	ja	/posts/urayasu-drocks-2026-27-new-structure/	【浦安市】浦安D-Rocksが新体制を発表	スポーツ	スポーツ	2026-07-11T07:00:00+09:00	datetime-tz	bare																2026-07	
content/posts/20260712-aeon-shinurayasu-shinura-yajo-2026.md	ja	/posts/aeon-shinurayasu-shinura-yajo-2026/	【新浦安】イオン新浦安で「新浦夜城」開催	イベント	イベント	2026-07-12T07:00:00+09:00	datetime-tz	bare								2026-07-17|2026-07-18|2026-07-19|2026-07-20	array-consecutive	before			true			2026-07	
content/posts/20260712-bardral-urayasu-shonan-20260710-result.md	ja	/posts/bardral-urayasu-shonan-20260710-result/	【浦安市】バルドラール浦安、湘南と1-1で引き分け	スポーツ	スポーツ	2026-07-12T07:00:00+09:00	datetime-tz	bare			2026-07-10	date	quoted	1	after						true				
content/posts/20260712-chikahaku-40th-memorial-2026.md	ja	/posts/chikahaku-40th-memorial-2026/	【葛西】地下鉄博物館で開館40周年企画	イベント	イベント	2026-07-12T07:00:00+09:00	datetime-tz	bare								2026-07-07|2026-08-30	array-gapped	during			true			2026-07	
content/posts/20260712-newcoast-creators-factory-202607.md	ja	/posts/newcoast-creators-factory-202607/	【新浦安】ニューコーストで7月クラフトWS開催	イベント	イベント	2026-07-12T07:00:00+09:00	datetime-tz	bare			2026-07-26	date	quoted	1	before						true			2026-07	
content/posts/20260712-newcoast-dental-festa-2026.md	ja	/posts/newcoast-dental-festa-2026/	【新浦安】ニューコーストでデンタルフェスタ開催	子育て・教育	子育て・教育	2026-07-12T07:00:00+09:00	datetime-tz	bare			2026-07-25	date	quoted	1	before						true			2026-07	
content/posts/20260712-newcoast-havaianas-workshop-202607.md	ja	/posts/newcoast-havaianas-workshop-202607/	【新浦安】ニューコーストでハワイアナスWS開催	イベント	イベント	2026-07-12T07:00:00+09:00	datetime-tz	bare								2026-07-11|2026-07-12	array-consecutive	during			true			2026-07	
content/posts/20260712-socola-minami-gyotoku-premium-ticket-202607.md	ja	/posts/socola-minami-gyotoku-premium-ticket-202607/	【南行徳】ソコラ南行徳で買物券抽選販売	お知らせ	お知らせ	2026-07-12T07:00:00+09:00	datetime-tz	bare			2026-07-18	date	quoted	1	before						true			2026-07	
content/posts/20260713-bardral-urayasu-segundo-tochigi-20260711-result.md	ja	/posts/bardral-urayasu-segundo-tochigi-20260711-result/	【浦安市】バルドラール浦安セグンドが4-0勝利	スポーツ	スポーツ	2026-07-13T07:00:00+09:00	datetime-tz	bare			2026-07-11	date	quoted	1	after						true				
content/posts/20260713-urayasu-kodomo-hiroba-nagashi-somen-202607.md	ja	/posts/urayasu-kodomo-hiroba-nagashi-somen-202607/	【浦安市】こどもの広場で流しそうめん体験（続報）	子育て・教育	子育て・教育	2026-07-13T07:00:00+09:00	datetime-tz	bare	2026-09-04	date						2026-07-22|2026-07-25|2026-07-29	array-gapped	before			true			2026-07	
content/posts/20260713-urayasu-kyodo-tsukudani-workshop-20260731.md	ja	/posts/urayasu-kyodo-tsukudani-workshop-20260731/	【浦安市】郷土博物館で佃煮づくり体験教室	子育て・教育	子育て・教育	2026-07-13T07:00:00+09:00	datetime-tz	bare			2026-07-31	date	quoted	1	before						true			2026-07	
content/posts/20260713-urayasu-seishonenkan-kokosei-kigyo-koza.md	ja	/posts/urayasu-seishonenkan-kokosei-kigyo-koza/	【浦安市】青少年館で高校生向け起業講座（続報）	子育て・教育	子育て・教育	2026-07-13T07:00:00+09:00	datetime-tz	bare	2026-09-04	date	2026-07-29	date	quoted	1	before						true			2026-07	
content/posts/20260714-ikspiari-club-cpla-open-20260717.md	ja	/posts/ikspiari-club-cpla-open-20260717/	【浦安】イクスピアリに「CLUB #C-pla」7月17日オープン	開店・閉店	開店・閉店	2026-07-14T07:00:00+09:00	datetime-tz	bare			2026-07-17	date	quoted	1	before						true				
content/posts/20260714-urayasu-drocks-rugby-experience-20260730.md	ja	/posts/urayasu-drocks-rugby-experience-20260730/	【浦安市】浦安Dパークで大人向け無料ラグビー体験会を7月30日開催	イベント	イベント	2026-07-14T07:00:00+09:00	datetime-tz	bare			2026-07-30	date	quoted	1	before						true			2026-07	
content/posts/20260714-urayasu-kominkan-summer-study-space-2026.md	ja	/posts/urayasu-kominkan-summer-study-space-2026/	【浦安市】市内7公民館で夏休みの学習スペース・保育室を開放	子育て・教育	子育て・教育	2026-07-14T07:00:00+09:00	datetime-tz	bare			2026-07-21	date	quoted	1	before						true			2026-07	
content/posts/20260714-urayasu-marines-giants-farm-202608.md	ja	/posts/urayasu-marines-giants-farm-202608/	【浦安市】クラシモスタジアム浦安でロッテ対巨人3連戦を開催	スポーツ	スポーツ	2026-07-14T07:00:00+09:00	datetime-tz	bare								2026-08-07|2026-08-08|2026-08-09	array-consecutive	before			true			2026-07	
content/posts/20260715-atre-shinurayasu-oimo-motch-open-202609.md	ja	/posts/atre-shinurayasu-oimo-motch-open-202609/	【浦安】アトレ新浦安に「OIMO&MOTCH」出店予定か　求人情報で判明	開店・閉店	開店・閉店	2026-07-15T07:00:00+09:00	datetime-tz	bare	2026-10-02T08:28:00+09:00	datetime-tz	2026-09-17	date	quoted	1	before						true			2026-10	
content/posts/20260715-trial-seiyu-urayasu-open.md	ja	/posts/trial-seiyu-urayasu-open/	【浦安】トライアル西友浦安店に注目　千葉県1号店を各メディアが報道	開店・閉店	開店・閉店	2026-07-15T07:00:00+09:00	datetime-tz	bare	2026-10-04	date	2026-07-10	date	quoted	1	after						true				
content/posts/20260716-kumagai-governor-urayasu-visit-childhood-202607.md	ja	/posts/kumagai-governor-urayasu-visit-childhood-202607/	【浦安】熊谷千葉県知事が市内を視察　実は幼少期を浦安で過ごした「元浦安市民」	ニュース	ニュース	2026-07-16T07:00:00+09:00	datetime-tz	bare																	
content/posts/20260716-las-bonitas-matsumoto-naomi-nikkan-spa-202607.md	ja	/posts/las-bonitas-matsumoto-naomi-nikkan-spa-202607/	【浦安市】ラス・ボニータス松本直美選手が日刊SPA!に登場	スポーツ	スポーツ	2026-07-16T07:00:00+09:00	datetime-tz	bare																	
content/posts/20260716-latelier-de-nono-france-patisserie-week-2026.md	ja	/posts/latelier-de-nono-france-patisserie-week-2026/	【浦安】日の出「ラトリエ・ドゥ・ノノ」がフランス菓子の祭典に参加	グルメ・カフェ	グルメ・カフェ	2026-07-16T07:00:00+09:00	datetime-tz	bare			2026-07-31	date	quoted	1	before						true			2026-07	
content/posts/20260716-urayasu-kindergarten-enrollment-policy-comment-2026.md	ja	/posts/urayasu-kindergarten-enrollment-policy-comment-2026/	【浦安市】市立幼稚園などの入園募集停止の考え方を検討　素案への意見募集	子育て・教育	子育て・教育	2026-07-16T07:00:00+09:00	datetime-tz	bare																	
content/posts/20260717-disney-resort-line-25th-anniversary-events.md	ja	/posts/disney-resort-line-25th-anniversary-events/	【舞浜】リゾートライン25周年企画始動　貸切乗車や限定きっぷ	イベント	イベント	2026-07-17T07:00:00+09:00	datetime-tz	bare								2026-07-24|2026-07-25|2026-07-27	array-gapped	before			true			2026-07	
content/posts/20260718-benten-fureai-mini-festa-202607.md	ja	/posts/benten-fureai-mini-festa-202607/	【浦安市】弁天の公園でザリガニ釣りと水遊び　7月25・26日	イベント	イベント	2026-07-18T07:00:00+09:00	datetime-tz	bare								2026-07-25|2026-07-26	array-consecutive	before			true			2026-07	
content/posts/20260718-oriental-hotel-haitoku-meat-fair-nhk-2026.md	ja	/posts/oriental-hotel-haitoku-meat-fair-nhk-2026/	【浦安】新浦安の「背徳のミートフェア」がNHKで紹介	グルメ・カフェ	グルメ・カフェ	2026-07-18T07:00:00+09:00	datetime-tz	bare																2026-07	
content/posts/20260718-takasu-jhs-aoi-ichihara-canoe-champion-2026.md	ja	/posts/takasu-jhs-aoi-ichihara-canoe-champion-2026/	【浦安市】高洲中2年の市原碧選手、全国カヌーで優勝	スポーツ	スポーツ	2026-07-18T07:00:00+09:00	datetime-tz	bare																	
content/posts/20260718-urayasu-smile-fes-20260809.md	ja	/posts/urayasu-smile-fes-20260809/	【浦安市】入船で「スマイルーフェス2026」8月9日開催	イベント	イベント	2026-07-18T07:00:00+09:00	datetime-tz	bare			2026-08-09	date	quoted	1	before						true			2026-07	
content/posts/20260719-hyatt-tokyo-bay-moomin-collaboration-2026.md	ja	/posts/hyatt-tokyo-bay-moomin-collaboration-2026/	【新浦安】ハイアットにムーミン客室　限定ランチや夜のカクテルも	イベント	イベント	2026-07-19T07:00:00+09:00	datetime-tz	bare								2026-08-15|2026-08-17	array-gapped	before			true			2026-07	
content/posts/20260719-urayasu-museum-summer-exhibition-research-2026.md	ja	/posts/urayasu-museum-summer-exhibition-research-2026/	【浦安市】郷土博物館で夏休み企画展　自由研究の相談も	子育て・教育	子育て・教育	2026-07-19T07:00:00+09:00	datetime-tz	bare			2026-07-18	date	quoted	1	after						true			2026-07	
content/posts/20260720-bardral-las-chulas-higashikurume-20260718.md	ja	/posts/bardral-las-chulas-higashikurume-20260718/	【浦安】ラス・チュラス、東久留米に2-3　開幕2連敗	スポーツ	スポーツ	2026-07-20T07:00:00+09:00	datetime-tz	bare																	
content/posts/20260720-bardral-urayasu-tachikawa-draw-20260718.md	ja	/posts/bardral-urayasu-tachikawa-draw-20260718/	【浦安】バルドラール浦安、立川と2-2　3試合連続ドロー	スポーツ	スポーツ	2026-07-20T07:00:00+09:00	datetime-tz	bare																	
content/posts/20260720-hotel-emion-ennichi-2026.md	ja	/posts/hotel-emion-ennichi-2026/	【新浦安】ホテルエミオンで「エミオン縁日」　8月7日から10日間	イベント	イベント	2026-07-20T07:00:00+09:00	datetime-tz	bare			2026-08-07	date	quoted	1	before						true			2026-07	
content/posts/20260720-shinurayasu-summer-concert-20260725.md	ja	/posts/shinurayasu-summer-concert-20260725/	【新浦安】サックス四重奏と金管五重奏の無料コンサート　7月25日	イベント	イベント	2026-07-20T07:00:00+09:00	datetime-tz	bare			2026-07-25	date	quoted	1	before						true			2026-07	
content/posts/20260721-bardral-segundo-higashikurume-20260719.md	ja	/posts/bardral-segundo-higashikurume-20260719/	【浦安市】バルドラール浦安セグンドが東久留米に2-0勝利	スポーツ	スポーツ	2026-07-21T07:00:00+09:00	datetime-tz	bare			2026-07-19	date	quoted	1	after						true				
content/posts/20260721-brighton-muskmelon-swan-parfait-2026.md	ja	/posts/brighton-muskmelon-swan-parfait-2026/	【浦安】ブライトンホテルでマスクメロンパフェ	グルメ・カフェ	グルメ・カフェ	2026-07-21T07:00:00+09:00	datetime-tz	bare																2026-07	
content/posts/20260721-las-bonitas-shonan-20260719.md	ja	/posts/las-bonitas-shonan-20260719/	【浦安市】ラス・ボニータスが湘南に5-1勝利	スポーツ	スポーツ	2026-07-21T07:00:00+09:00	datetime-tz	bare			2026-07-19	date	quoted	1	after						true				
content/posts/20260721-osouzai-bovi-horie-open.md	ja	/posts/osouzai-bovi-horie-open/	【浦安】堀江に「おそうざいボビ」がオープン	開店・閉店	開店・閉店	2026-07-21T07:00:00+09:00	datetime-tz	bare			2026-07-16	date	quoted	1	after						true			2026-07	
content/posts/20260722-ikspiari-tokiiro-popup-2026.md	ja	/posts/ikspiari-tokiiro-popup-2026/	【舞浜】イクスピアリに「TokiiRo」が期間限定出店	開店・閉店	開店・閉店	2026-07-22T07:00:00+09:00	datetime-tz	bare			2026-07-23	date	quoted	1	before						true			2026-07	
content/posts/20260722-mona-gourmet-ticket-cashback-2026.md	ja	/posts/mona-gourmet-ticket-cashback-2026/	【新浦安】MONAでグルメ券キャッシュバックを開催	イベント	イベント	2026-07-22T07:00:00+09:00	datetime-tz	bare								2026-07-25|2026-07-26	array-consecutive	before			true				
content/posts/20260723-maihama-eurasia-train-festival-2026.md	ja	/posts/maihama-eurasia-train-festival-2026/	【浦安市】舞浜ユーラシアで電車まつり 8月22日開催	イベント	イベント	2026-07-23T07:00:00+09:00	datetime-tz	bare			2026-08-22	date	quoted	1	before						true			2026-07	
content/posts/20260723-pooch-you-coffee-tomioka-open.md	ja	/posts/pooch-you-coffee-tomioka-open/	【浦安】富岡に「pooch＋you coffee」がオープン	開店・閉店	開店・閉店	2026-07-23T07:00:00+09:00	datetime-tz	bare			2026-07-19	date	quoted	1	after						true			2026-07	
content/posts/20260723-tadokoro-shoten-shinurayasu-planned.md	ja	/posts/tadokoro-shoten-shinurayasu-planned/	【浦安】鉄鋼通りに「麺場 田所商店 新浦安店」9月下旬オープン予定	開店・閉店	開店・閉店	2026-07-23T22:00:00+09:00	datetime-tz	bare	2026-09-28T19:02:00+09:00	datetime-tz	2026-09-28	date	quoted	1	before						true			2026-09	
content/posts/20260724-bardral-tercero-national-u18-first-match-2026.md	ja	/posts/bardral-tercero-national-u18-first-match-2026/	【浦安市】テルセーロが全国大会初戦で7-0勝利	スポーツ	スポーツ	2026-07-24T07:00:00+09:00	datetime-tz	bare			2026-07-23	date	quoted	1	after						true				
content/posts/20260724-disney-halloween-2026.md	ja	/posts/disney-halloween-2026/	【舞浜】ディズニー・ハロウィーンは9月16日から	イベント	イベント	2026-07-24T07:00:00+09:00	datetime-tz	bare	2026-08-30	date	2026-09-16	date	quoted	1	before						true				
content/posts/20260724-grand-nikko-summer-festival-2026.md	ja	/posts/grand-nikko-summer-festival-2026/	【舞浜】グランドニッコーで夏フェス 8月10日から	イベント	イベント	2026-07-24T07:00:00+09:00	datetime-tz	bare			2026-08-10	date	quoted	1	before						true			2026-07	
content/posts/20260724-maihama-view-hotel-summer-jazz-buffet-2026.md	ja	/posts/maihama-view-hotel-summer-jazz-buffet-2026/	【舞浜】舞浜ビューホテルで夏ビュッフェとジャズ生演奏	グルメ・カフェ	グルメ・カフェ	2026-07-24T07:00:00+09:00	datetime-tz	bare								2026-08-13|2026-08-14|2026-08-15	array-consecutive	before			true			2026-07	
content/posts/20260724-urayasu-accommodation-tax-plan-2026.md	ja	/posts/urayasu-accommodation-tax-plan-2026/	【浦安市】宿泊税案は1人1泊200円 意見募集は24日まで	お知らせ	お知らせ	2026-07-24T07:00:00+09:00	datetime-tz	bare																2026-07	
content/posts/20260724-urayasu-station-bus-stop-e-relocation-plan.md	ja	/posts/urayasu-station-bus-stop-e-relocation-plan/	【浦安】浦安駅入口Eバス停をやなぎ通りへ移す計画案	ニュース	ニュース	2026-07-24T07:00:00+09:00	datetime-tz	bare	2026-10-04T21:56:00+09:00	datetime-tz														2026-10	
content/posts/20260725-bardral-tercero-group-stage-first-2026.md	ja	/posts/bardral-tercero-group-stage-first-2026/	【浦安市】テルセーロが3連勝で決勝トーナメント進出	スポーツ	スポーツ	2026-07-25T07:00:00+09:00	datetime-tz	bare			2026-07-24	date	quoted	1	after						true				
content/posts/20260725-hotel-okura-summer-night-dinner-2026.md	ja	/posts/hotel-okura-summer-night-dinner-2026/	【舞浜】ホテルオークラで23時まで夏ディナー	グルメ・カフェ	グルメ・カフェ	2026-07-25T07:00:00+09:00	datetime-tz	bare																2026-07	
content/posts/20260725-resort-line-magic-in-motion.md	ja	/posts/resort-line-magic-in-motion/	【舞浜】リゾートライン初の体験型映像がスタート	イベント	イベント	2026-07-25T07:00:00+09:00	datetime-tz	bare			2026-07-24/2027-03-31	range	quoted	251	during						true				
content/posts/20260726-ambassador-hotel-tropical-summer-festival-2026.md	ja	/posts/ambassador-hotel-tropical-summer-festival-2026/	【浦安】アンバサダーホテルで夏フェス開催中	イベント	イベント	2026-07-26T22:00:00+09:00	datetime-tz	bare			2026-07-01/2026-09-14	range	quoted	76	during						true				
content/posts/20260726-bardral-las-bonitas-fukui-maruoka-20260725.md	ja	/posts/bardral-las-bonitas-fukui-maruoka-20260725/	【浦安市】ラス・ボニータスが福井丸岡に4-0勝利	スポーツ	スポーツ	2026-07-26T07:00:00+09:00	datetime-tz	bare			2026-07-25	date	quoted	1	after						true				
content/posts/20260726-bardral-tercero-u18-runner-up-2026.md	ja	/posts/bardral-tercero-u18-runner-up-2026/	【浦安市】テルセーロが全日本U-18で準優勝	スポーツ	スポーツ	2026-07-26T22:00:00+09:00	datetime-tz	bare																	
content/posts/20260726-bardral-urayasu-machida-draw-20260726.md	ja	/posts/bardral-urayasu-machida-draw-20260726/	【浦安】バルドラール浦安、町田と2-2で引き分け	スポーツ	スポーツ	2026-07-26T22:00:00+09:00	datetime-tz	bare																	
content/posts/20260726-ikspiari-limited-shops-202608.md	ja	/posts/ikspiari-limited-shops-202608/	【浦安】イクスピアリに期間限定3店が8月1日登場	開店・閉店	開店・閉店	2026-07-26T07:00:00+09:00	datetime-tz	bare			2026-08-01	date	quoted	1	before						true				
content/posts/20260726-ikspiari-splash-challenge-2026.md	ja	/posts/ikspiari-splash-challenge-2026/	【浦安】イクスピアリでスプラッシュ・チャレンジ開催	イベント	イベント	2026-07-26T07:00:00+09:00	datetime-tz	bare								2026-08-08|2026-08-09|2026-08-10|2026-08-11|2026-08-12|2026-08-13|2026-08-14|2026-08-15|2026-08-16	array-consecutive	before			true				
content/posts/20260726-newcoast-shinurayasu-kodomo-ennichi-2026.md	ja	/posts/newcoast-shinurayasu-kodomo-ennichi-2026/	【浦安】ニューコースト新浦安で夏のこども縁日開催	イベント	イベント	2026-07-26T07:00:00+09:00	datetime-tz	bare								2026-08-07|2026-08-08|2026-08-09|2026-08-10|2026-08-11|2026-08-12|2026-08-13|2026-08-14|2026-08-15|2026-08-16|2026-08-17	array-consecutive	before			true			2026-07	
content/posts/20260726-urayasu-hayashi-satokagura-workshop-20260823.md	ja	/posts/urayasu-hayashi-satokagura-workshop-20260823/	【浦安市】郷土博物館で祭りばやし＆里神楽体験	イベント	イベント	2026-07-26T22:00:00+09:00	datetime-tz	bare			2026-08-23	date	quoted	1	before						true				
content/posts/20260726-urayasu-medical-care-preparation-seminar-20260826.md	ja	/posts/urayasu-medical-care-preparation-seminar-20260826/	【浦安市】医療と介護のそなえ講座を8月26日開催	イベント	イベント	2026-07-26T22:00:00+09:00	datetime-tz	bare			2026-08-26	date	quoted	1	before						true				
content/posts/20260727-brighton-hotel-obon-dinner-buffet-2026.md	ja	/posts/brighton-hotel-obon-dinner-buffet-2026/	【浦安】ブライトンホテルでお盆限定ディナー	グルメ・カフェ	グルメ・カフェ	2026-07-27T22:00:00+09:00	datetime-tz	bare			2026-08-08/2026-08-16	range	quoted	9	before						true			2026-07	
content/posts/20260727-cafe-kaila-new-pancakes-2026.md	ja	/posts/cafe-kaila-new-pancakes-2026/	【浦安】カフェ・カイラに新作パンケーキ10種	グルメ・カフェ	グルメ・カフェ	2026-07-27T22:00:00+09:00	datetime-tz	bare																2026-07	
content/posts/20260727-shinurayasu-station-south-exit-redevelopment-plan.md	ja	/posts/shinurayasu-station-south-exit-redevelopment-plan/	【浦安市】新浦安駅南口の再整備構想を検討へ	ニュース	ニュース	2026-07-27T22:00:00+09:00	datetime-tz	bare																	
content/posts/20260728-atre-shinurayasu-closed-20260817.md	ja	/posts/atre-shinurayasu-closed-20260817/	【新浦安】アトレ新浦安が8月17日に全館休業	お知らせ	お知らせ	2026-07-28T22:00:00+09:00	datetime-tz	bare			2026-08-17	date	quoted	1	before						true				
content/posts/20260728-chiba-cashless-campaign-202608.md	ja	/posts/chiba-cashless-campaign-202608/	【浦安市】最大10％還元のキャッシュレス企画が8月開始	お知らせ	お知らせ	2026-07-28T22:00:00+09:00	datetime-tz	bare	2026-08-08T22:00:00+09:00	datetime-tz	2026-08-07/2026-08-30	range	quoted	24	before						true			2026-08	
content/posts/20260728-ikspiari-miyakojima-sea-workshop-2026.md	ja	/posts/ikspiari-miyakojima-sea-workshop-2026/	【舞浜】イクスピアリで宮古島の海を学ぶ体験会	イベント	イベント	2026-07-28T22:00:00+09:00	datetime-tz	bare			2026-08-01/2026-08-14	range	quoted	14	before						true			2026-07	
content/posts/20260728-shinura-yorimichi-marche-202608.md	ja	/posts/shinura-yorimichi-marche-202608/	【新浦安】イオンで「よりみちマルシェ」初開催	イベント	イベント	2026-07-28T22:00:00+09:00	datetime-tz	bare			2026-08-01/2026-08-02	range	quoted	2	before						true				
content/posts/20260729-kamio-hagiwara-duo-recital-urayasu-20261003.md	ja	/posts/kamio-hagiwara-duo-recital-urayasu-20261003/	【新浦安】神尾真由子＆萩原麻未デュオリサイタル	イベント	イベント	2026-07-29T22:00:00+09:00	datetime-tz	bare			2026-10-03	date	quoted	1	before						true				
content/posts/20260729-maihama-first-resort-autumn-sweets-buffet-2026.md	ja	/posts/maihama-first-resort-autumn-sweets-buffet-2026/	【舞浜】ファーストリゾートで秋スイーツビュッフェ	グルメ・カフェ	グルメ・カフェ	2026-07-29T22:00:00+09:00	datetime-tz	bare			2026-10-10/2026-10-12	range	quoted	3	before						true			2026-07	
content/posts/20260729-sushi-yamaguchi-gyotoku-opening-202608.md	ja	/posts/sushi-yamaguchi-gyotoku-opening-202608/	【行徳】鮨やまぐちが8月8日オープン、営業時間も判明	開店・閉店	開店・閉店	2026-07-29T22:00:00+09:00	datetime-tz	bare	2026-08-12T19:14:00+09:00	datetime-tz	2026-08-08	date	quoted	1	before						true			2026-08	
content/posts/20260729-takumi-shinurayasu-seitai-planned-202610.md	ja	/posts/takumi-shinurayasu-seitai-planned-202610/	【新浦安】匠 新浦安駅前整体院が10月出店予定か	開店・閉店	開店・閉店	2026-07-29T22:00:00+09:00	datetime-tz	bare																	
content/posts/20260729-urayasu-drocks-d-link-20260807.md	ja	/posts/urayasu-drocks-d-link-20260807/	【浦安市】D-RocksのOB交流会「D-Link」開催	イベント	イベント	2026-07-29T22:00:00+09:00	datetime-tz	bare			2026-08-07	date	quoted	1	before						true				
content/posts/20260730-artgrace-alice-gothic-afternoon-tea-2026.md	ja	/posts/artgrace-alice-gothic-afternoon-tea-2026/	【新浦安】秋の「アリス」アフタヌーンティー開催	グルメ・カフェ	グルメ・カフェ	2026-07-30T22:00:00+09:00	datetime-tz	bare								2026-09-05|2026-09-12|2026-09-13|2026-09-16|2026-09-17|2026-09-27|2026-10-15|2026-10-18|2026-10-22|2026-11-03	array-gapped	before			true			2026-07	
content/posts/20260730-artgrace-summer-family-buffet-2026.md	ja	/posts/artgrace-summer-family-buffet-2026/	【新浦安】親子パティシエ体験と夏ビュッフェ開催	イベント	イベント	2026-07-30T22:00:00+09:00	datetime-tz	bare								2026-08-15|2026-08-16|2026-08-30	array-gapped	before			true			2026-07	
content/posts/20260730-hakurei-match-maihama-events-2026.md	ja	/posts/hakurei-match-maihama-events-2026/	【舞浜】白玲戦第1局、前夜祭と大盤解説会を開催	イベント	イベント	2026-07-30T22:00:00+09:00	datetime-tz	bare								2026-08-21|2026-08-22	array-consecutive	before			true			2026-07	
content/posts/20260730-urayasu-atomic-bomb-peace-exhibition-2026.md	ja	/posts/urayasu-atomic-bomb-peace-exhibition-2026/	【浦安市】市役所で「原爆・平和展」8月31日まで	イベント	イベント	2026-07-30T22:00:00+09:00	datetime-tz	bare																	
content/posts/20260731-takumi-myoden-seitai-planned-202609.md	ja	/posts/takumi-myoden-seitai-planned-202609/	【妙典】匠 妙典駅前整体院が9月出店予定か	開店・閉店	開店・閉店	2026-07-31T22:00:00+09:00	datetime-tz	bare																2026-07	
content/posts/20260731-urayasu-home-haircut-service.md	ja	/posts/urayasu-home-haircut-service/	【浦安市】出張理髪は1回1000円、対象者と申請方法	お知らせ	お知らせ	2026-07-31T22:00:00+09:00	datetime-tz	bare																2026-07	
content/posts/20260731-yokoyama-daisuke-doyo-concert-20260809.md	ja	/posts/yokoyama-daisuke-doyo-concert-20260809/	【浦安市】横山だいすけさんの童謡コンサート	イベント	イベント	2026-07-31T22:00:00+09:00	datetime-tz	bare			2026-08-09	date	quoted	1	before						true			2026-07	
content/posts/20260801-bardral-las-bonitas-sumida-20260801.md	ja	/posts/bardral-las-bonitas-sumida-20260801/	【浦安市】ラス・ボニータスが7-0、開幕7連勝	スポーツ	スポーツ	2026-08-01T22:00:00+09:00	datetime-tz	bare																	
content/posts/20260801-caps-clinic-ichikawa-myoden-open.md	ja	/posts/caps-clinic-ichikawa-myoden-open/	【妙典】キャップスクリニック市川妙典が開院	開店・閉店	開店・閉店	2026-08-01T22:00:00+09:00	datetime-tz	bare																2026-08	
content/posts/20260801-miake-river-oyster-shell-impact.md	ja	/posts/miake-river-oyster-shell-impact/	【浦安市】見明川のカキ殻、航行・治水に影響	ニュース	ニュース	2026-08-01T22:00:00+09:00	datetime-tz	bare																	
content/posts/20260801-shinurayasu-station-festival-performers-2026.md	ja	/posts/shinurayasu-station-festival-performers-2026/	【浦安市】新浦安駅前まつりの出演者を募集	イベント	イベント	2026-08-01T22:00:00+09:00	datetime-tz	bare			2026-11-07/2026-11-08	range	quoted	2	before						true				
content/posts/20260801-urayasu-dpark-summer-open-2026.md	ja	/posts/urayasu-dpark-summer-open-2026/	【浦安市】浦安Dパークを夏休みに7回開放	イベント	イベント	2026-08-01T22:00:00+09:00	datetime-tz	bare								2026-08-08|2026-08-10|2026-08-12|2026-08-14|2026-08-21|2026-08-24|2026-08-26	array-gapped	before			true				
content/posts/20260801-urayasu-peace-gathering-2026.md	ja	/posts/urayasu-peace-gathering-2026/	【浦安市】中学生の長崎訪問報告と平和講話	イベント	イベント	2026-08-01T22:00:00+09:00	datetime-tz	bare			2026-08-29	date	quoted	1	before						true				
content/posts/20260802-826aska-urayasu-concert-20260808.md	ja	/posts/826aska-urayasu-concert-20260808/	【浦安市】エレクトーン奏者826askaが8月8日公演	イベント	イベント	2026-08-02T22:00:00+09:00	datetime-tz	bare			2026-08-08	date	quoted	1	before						true			2026-08	
content/posts/20260802-horn-onecoin-concert-20260808.md	ja	/posts/horn-onecoin-concert-20260808/	【新浦安】親子で楽しむ500円ホルンコンサート	イベント	イベント	2026-08-02T22:00:00+09:00	datetime-tz	bare			2026-08-08	date	quoted	1	before						true			2026-08	
content/posts/20260802-revoist-urayasu-horie-open-202608.md	ja	/posts/revoist-urayasu-horie-open-202608/	【浦安】REVOIST浦安堀江店が堀江2丁目に出店	開店・閉店	開店・閉店	2026-08-02T22:00:00+09:00	datetime-tz	bare			2026-08-01	date	quoted	1	after						true			2026-08	
content/posts/20260802-the-golf-base-shinurayasu-open-20260813.md	ja	/posts/the-golf-base-shinurayasu-open-20260813/	【新浦安】THE GOLF BASEが海楽に8月13日開店	開店・閉店	開店・閉店	2026-08-02T22:00:00+09:00	datetime-tz	bare			2026-08-13	date	quoted	1	before						true			2026-08	
content/posts/20260802-urayasu-cemetery-shuttle-bus-202608.md	ja	/posts/urayasu-cemetery-shuttle-bus-202608/	【浦安市】墓地公園へ無料バス、8月13～16日	お知らせ	お知らせ	2026-08-02T22:00:00+09:00	datetime-tz	bare			2026-08-13/2026-08-16	range	quoted	4	before						true			2026-08	
content/posts/20260802-urayasu-first-aid-courses-202609.md	ja	/posts/urayasu-first-aid-courses-202609/	【浦安市】9月の救命講習、3コースを募集	イベント	イベント	2026-08-02T22:00:00+09:00	datetime-tz	bare			2026-09-01|2026-09-13|2026-09-26	array-gapped	bare	3	before						true			2026-08	
content/posts/20260802-urayasu-neighborhood-summer-festivals-2026.md	ja	/posts/urayasu-neighborhood-summer-festivals-2026/	【浦安市】夏祭り・秋祭り2026まとめ｜自治会・神社・地域のお祭り	イベント	イベント	2026-08-02T22:00:00+09:00	datetime-tz	bare	2026-10-03T18:04:00+09:00	datetime-tz						2026-10-03|2026-10-04|2026-10-10|2026-10-11|2026-10-18|2026-10-24|2026-10-25	array-gapped	before			true			2026-10	
content/posts/20260802-urayasu-steel-job-fair-20260822.md	ja	/posts/urayasu-steel-job-fair-20260822/	【新浦安】浦安鉄鋼団地の就職説明会、21社が参加	イベント	イベント	2026-08-02T22:00:00+09:00	datetime-tz	bare			2026-08-22	date	quoted	1	before						true			2026-08	
content/posts/20260803-bardral-urayasu-shinagawa-20260803.md	ja	/posts/bardral-urayasu-shinagawa-20260803/	【浦安】バルドラール浦安、しながわシティに3-7で敗戦	スポーツ	スポーツ	2026-08-03T22:00:00+09:00	datetime-tz	bare	2026-08-04T22:00:00+09:00	datetime-tz	2026-08-03	date	quoted	1	during						true				
content/posts/20260803-brighton-cache-cache-obon-buffet-2026.md	ja	/posts/brighton-cache-cache-obon-buffet-2026/	【新浦安】カシュカシュでお盆限定ビュッフェ、8月8日から	グルメ・カフェ	グルメ・カフェ	2026-08-03T22:00:00+09:00	datetime-tz	bare			2026-08-08/2026-08-16	range	quoted	9	before						true			2026-08	
content/posts/20260803-childcare-support-center-temporary-closure-2026.md	ja	/posts/childcare-support-center-temporary-closure-2026/	【浦安市】子育て支援センターが9月休館、10月から一時移転	お知らせ	お知らせ	2026-08-03T22:00:00+09:00	datetime-tz	bare			2026-09-14/2026-09-30	range	quoted	17	before						true				
content/posts/20260803-takasu-yoga-pilates-bluva-open.md	ja	/posts/takasu-yoga-pilates-bluva-open/	【浦安】高洲で少人数制ヨガ・ピラティス「Bluva」が始動	開店・閉店	開店・閉店	2026-08-03T22:00:00+09:00	datetime-tz	bare																2026-08	
content/posts/20260803-urakko-handheld-fireworks-2026.md	ja	/posts/urakko-handheld-fireworks-2026/	【浦安市】こどもの広場で手持ち花火大会、8月16日・22日開催	イベント	イベント	2026-08-03T22:00:00+09:00	datetime-tz	bare								2026-08-16|2026-08-22	array-gapped	before			true				
content/posts/20260804-atre-shinurayasu-boulmich-temporary-closure.md	ja	/posts/atre-shinurayasu-boulmich-temporary-closure/	【新浦安】ブールミッシュ、9月1日から一時休業	開店・閉店	開店・閉店	2026-08-04T22:00:00+09:00	datetime-tz	bare			2026-09-01	date	quoted	1	before					true	true				
content/posts/20260804-urayasu-jichikai-study-space-2026.md	ja	/posts/urayasu-jichikai-study-space-2026/	【浦安市】市内9自治会集会所を中高生の自習室に開放	子育て・教育	子育て・教育	2026-08-04T22:00:00+09:00	datetime-tz	bare																2026-08	
content/posts/20260804-urayasu-koseki-furigana-registration.md	ja	/posts/urayasu-koseki-furigana-registration/	【浦安市】戸籍の氏名フリガナを順次記載	お知らせ	お知らせ	2026-08-04T22:00:00+09:00	datetime-tz	bare																2026-08	
content/posts/20260805-brighton-hotel-treasure-hunt-2026.md	ja	/posts/brighton-hotel-treasure-hunt-2026/	【新浦安】ブライトンホテルで館内宝探し、8月31日まで	イベント	イベント	2026-08-05T22:00:00+09:00	datetime-tz	bare			2026-07-31/2026-08-31	range	quoted	32	during						true				
content/posts/20260805-briobecca-emperors-cup-tochigi-2026.md	ja	/posts/briobecca-emperors-cup-tochigi-2026/	【浦安】ブリオベッカ、8月19日に天皇杯で栃木SC戦	スポーツ	スポーツ	2026-08-05T22:00:00+09:00	datetime-tz	bare			2026-08-19	date	quoted	1	before						true				
content/posts/20260805-sakaigawa-kawamachi-marche-sunset-2026.md	ja	/posts/sakaigawa-kawamachi-marche-sunset-2026/	【浦安市】境川公園で夕暮れマルシェ、8月29日開催	イベント	イベント	2026-08-05T22:00:00+09:00	datetime-tz	bare			2026-08-29	date	quoted	1	before						true				
content/posts/20260805-seria-sundrug-gyotoku-open.md	ja	/posts/seria-sundrug-gyotoku-open/	【行徳】サンドラッグ行徳店2階にSeria出店予定	開店・閉店	開店・閉店	2026-08-05T22:00:00+09:00	datetime-tz	bare																	
content/posts/20260805-urayasu-city-marathon-shop-recruitment-2027.md	ja	/posts/urayasu-city-marathon-shop-recruitment-2027/	【浦安市】浦安シティマラソンの売店出店者を募集	お知らせ	お知らせ	2026-08-05T22:00:00+09:00	datetime-tz	bare																2026-08	
content/posts/20260806-urayasu-city-map-field-survey.md	ja	/posts/urayasu-city-map-field-survey/	【浦安市】市内全域で地図更新の現地調査、8月中旬から	お知らせ	お知らせ	2026-08-06T22:00:00+09:00	datetime-tz	bare																2026-08	
content/posts/20260806-urayasu-emergency-fair-2026.md	ja	/posts/urayasu-emergency-fair-2026/	【浦安市】イオン新浦安で救急フェア、9月6日開催	イベント	イベント	2026-08-06T22:00:00+09:00	datetime-tz	bare			2026-09-06	date	quoted	1	before						true				
content/posts/20260807-hotel-okura-tokyo-bay-obon-lunch-2026.md	ja	/posts/hotel-okura-tokyo-bay-obon-lunch-2026/	【舞浜】ホテルオークラ東京ベイでお盆限定ランチ	グルメ・カフェ	グルメ・カフェ	2026-08-07T22:00:00+09:00	datetime-tz	bare			2026-08-08/2026-08-16	range	quoted	9	before						true			2026-08	
content/posts/20260807-marines-giants-farm-urayasu-2026.md	ja	/posts/marines-giants-farm-urayasu-2026/	【浦安】ロッテ対巨人のファーム公式戦、8月9日まで	スポーツ	スポーツ	2026-08-07T22:00:00+09:00	datetime-tz	bare			2026-08-07/2026-08-09	range	quoted	3	during						true				
content/posts/20260807-oriental-hotel-family-chapel-concert-summer-2026.md	ja	/posts/oriental-hotel-family-chapel-concert-summer-2026/	【新浦安】無料チャペルコンサート、8月9日から7日間	イベント	イベント	2026-08-07T22:00:00+09:00	datetime-tz	bare			2026-08-09/2026-08-15	range	quoted	7	before						true				
content/posts/20260807-sheraton-hawaiian-friday-sweets-buffet-2026.md	ja	/posts/sheraton-hawaiian-friday-sweets-buffet-2026/	【舞浜】シェラトンで金曜限定ハワイアンスイーツブッフェ	グルメ・カフェ	グルメ・カフェ	2026-08-07T22:00:00+09:00	datetime-tz	bare								2026-08-07|2026-08-21|2026-08-28	array-gapped	during			true			2026-08	
content/posts/20260807-wamen-zen-horie-open.md	ja	/posts/wamen-zen-horie-open/	【浦安】堀江にラーメン店「和麺 善」がオープン	開店・閉店	開店・閉店	2026-08-07T22:00:00+09:00	datetime-tz	bare			2026-08-07	date	quoted	1	during						true			2026-08	
content/posts/20260808-aeon-shinurayasu-snow-park-2026.md	ja	/posts/aeon-shinurayasu-snow-park-2026/	【新浦安】イオンで「溶けない雪」、8月15・16日開催	イベント	イベント	2026-08-08T22:00:00+09:00	datetime-tz	bare			2026-08-15/2026-08-16	range	quoted	2	before						true				
content/posts/20260808-all-japan-id-volleyball-urayasu-2026.md	ja	/posts/all-japan-id-volleyball-urayasu-2026/	【浦安】全日本IDバレー選手権、8月9・10日に開催	スポーツ	スポーツ	2026-08-08T22:00:00+09:00	datetime-tz	bare			2026-08-09/2026-08-10	range	quoted	2	before						true				
content/posts/20260808-artgrace-ristorante-mare-blu-2026.md	ja	/posts/artgrace-ristorante-mare-blu-2026/	【新浦安】結婚式場に夏限定レストラン「Mare Blu」	グルメ・カフェ	グルメ・カフェ	2026-08-08T22:00:00+09:00	datetime-tz	bare								2026-08-09|2026-08-11|2026-08-15|2026-08-16|2026-08-21|2026-08-28|2026-08-30	array-gapped	before			true			2026-08	
content/posts/20260808-beams-japan-popup-tour-maihama-2026.md	ja	/posts/beams-japan-popup-tour-maihama-2026/	【舞浜】ビームスでBEAMS JAPAN企画、8月13日から	イベント	イベント	2026-08-08T22:00:00+09:00	datetime-tz	bare			2026-08-13/2026-08-26	range	quoted	14	before						true			2026-08	
content/posts/20260808-urayasu-hanabi-taikai-2026.md	ja	/posts/urayasu-hanabi-taikai-2026/	浦安市花火大会2026｜10月17日18時開始・約3,600発｜観覧は招待席のみ	イベント	イベント	2026-08-08T12:00:00+09:00	datetime-tz	quoted	2026-10-02T18:00:00+09:00	datetime-tz	2026-10-17	date	quoted	1	before	2026-10-17	array-1	before			true				eventLocation|eventFee|eventUrl|organizer
content/posts/20260808-urayasu-waste-oil-clothes-collection-20260809.md	ja	/posts/urayasu-waste-oil-clothes-collection-20260809/	【浦安市】廃食油・古着古布を8月9日に8カ所で回収	お知らせ	お知らせ	2026-08-08T22:00:00+09:00	datetime-tz	bare			2026-08-09	date	quoted	1	before						true			2026-08	
content/posts/20260809-maihama-eurasia-urayasu-spa-plus-free-202608.md	ja	/posts/maihama-eurasia-urayasu-spa-plus-free-202608/	【浦安】舞浜ユーラシアで市民限定SPA＋無料、8月18～20日	イベント	イベント	2026-08-09T22:00:00+09:00	datetime-tz	bare			2026-08-18/2026-08-20	range	quoted	3	before						true			2026-08	
content/posts/20260809-nishidaba-minami-gyotoku-open.md	ja	/posts/nishidaba-minami-gyotoku-open/	【南行徳】駅前に「やきとり にしだ場」がオープン	開店・閉店	開店・閉店	2026-08-09T22:00:00+09:00	datetime-tz	bare			2026-08-03	date	quoted	1	after						true			2026-08	
content/posts/20260809-tokyo-disneysea-indiana-jones-reopen-20261130.en.md	en	/en/posts/tokyo-disneysea-indiana-jones-reopen-20261130/	Tokyo DisneySea's Indiana Jones Adventure Reopens November 30 with New Projection Effects			2026-08-09T22:00:00+09:00	datetime-tz	bare			2026-11-30	date	quoted	1	before						true				
content/posts/20260809-tokyo-disneysea-indiana-jones-reopen-20261130.md	ja	/posts/tokyo-disneysea-indiana-jones-reopen-20261130/	【舞浜】ディズニーシー「インディ・ジョーンズ」11月30日再開	ニュース	ニュース	2026-08-09T22:00:00+09:00	datetime-tz	bare			2026-11-30	date	quoted	1	before						true				
content/posts/20260809-tokyo-disneysea-indiana-jones-reopen-20261130.zh-tw.md	zh-tw	/zh-tw/posts/tokyo-disneysea-indiana-jones-reopen-20261130/	東京迪士尼海洋「印第安納瓊斯冒險旅程」11月30日重新開放，新增光雕投影與全新音效			2026-08-09T22:00:00+09:00	datetime-tz	bare			2026-11-30	date	quoted	1	before						true				
content/posts/20260810-barrier-free-movie-screening-2026.md	ja	/posts/barrier-free-movie-screening-2026/	【浦安市】文化会館でバリアフリー映画上映会、9月26日開催	イベント	イベント	2026-08-10T22:00:00+09:00	datetime-tz	bare			2026-09-26	date	quoted	1	before						true			2026-08	
content/posts/20260810-eboat-chiba-urayasu-2026.md	ja	/posts/eboat-chiba-urayasu-2026/	【浦安市】境川で「第13回Eボート千葉大会」10月18日開催	イベント	イベント	2026-08-10T22:00:00+09:00	datetime-tz	bare			2026-10-18	date	quoted	1	before						true			2026-08	
content/posts/20260810-las-chulas-first-win-2026.md	ja	/posts/las-chulas-first-win-2026/	【浦安】ラス・チュラスが逆転で今季初勝利、葛飾に2-1	スポーツ	スポーツ	2026-08-10T22:00:00+09:00	datetime-tz	bare			2026-08-09	date	quoted	1	after						true				
content/posts/20260811-1955-halloween-night-2026.md	ja	/posts/1955-halloween-night-2026/	【浦安】1955 東京ベイで宿泊者限定ハロウィーン企画を開催	イベント	イベント	2026-08-11T22:00:00+09:00	datetime-tz	bare	2026-08-30	date	2026-09-16/2026-10-31	range	quoted	46	before						true				
content/posts/20260811-bardral-segundo-gunma-20260809.md	ja	/posts/bardral-segundo-gunma-20260809/	【浦安】バルドラール浦安セグンドが群馬に7-2で勝利	スポーツ	スポーツ	2026-08-11T22:00:00+09:00	datetime-tz	bare			2026-08-09	date	quoted	1	after						true				
content/posts/20260811-gyotoku-ishiguro-sanfujinka-close-2026.md	ja	/posts/gyotoku-ishiguro-sanfujinka-close-2026/	【行徳】石黒産婦人科が7月31日閉院との情報	開店・閉店	開店・閉店	2026-08-11T22:00:00+09:00	datetime-tz	bare			2026-07-31	date	quoted	1	after						true				
content/posts/20260811-hilton-gothic-palace-2026.md	ja	/posts/hilton-gothic-palace-2026/	【浦安】ヒルトン東京ベイでハロウィーンスイーツビュッフェ開催	グルメ・カフェ	グルメ・カフェ	2026-08-11T22:00:00+09:00	datetime-tz	bare			2026-09-05/2026-11-03	range	quoted	60	before						true			2026-08	
content/posts/20260811-maihama-view-hotel-balloon-2026.md	ja	/posts/maihama-view-hotel-balloon-2026/	【浦安】舞浜ビューホテルで客室バルーン装飾の予約受付開始	お知らせ	お知らせ	2026-08-11T22:00:00+09:00	datetime-tz	bare																2026-08	
content/posts/20260811-newcoast-tomica-plarail-2026.md	ja	/posts/newcoast-tomica-plarail-2026/	【浦安】ニューコースト新浦安で「トミカ・プラレールわくわくパーク」8/29開催	イベント	イベント	2026-08-11T22:00:00+09:00	datetime-tz	bare			2026-08-29	date	quoted	1	before						true			2026-08	
content/posts/20260812-gyotoku-machinocyuuka-kasumi-open-2026.md	ja	/posts/gyotoku-machinocyuuka-kasumi-open-2026/	【行徳】「町の中華 かすみ」が8月9日オープンとの情報	開店・閉店	開店・閉店	2026-08-12T22:00:00+09:00	datetime-tz	bare			2026-08-09	date	quoted	1	after						true			2026-08	
content/posts/20260812-maihama-first-resort-halloween-2026.md	ja	/posts/maihama-first-resort-halloween-2026/	【浦安】ファーストリゾートでハロウィーン宿泊プラン開催	イベント	イベント	2026-08-12T22:00:00+09:00	datetime-tz	bare	2026-08-30	date	2026-09-15/2026-10-31	range	quoted	47	before						true			2026-08	
content/posts/20260812-urayasu-disaster-radio-digital-2027.md	ja	/posts/urayasu-disaster-radio-digital-2027/	【浦安市】防災行政無線、2027年1月以降にデジタル完全移行予定	ニュース	ニュース	2026-08-12T22:00:00+09:00	datetime-tz	bare																2026-08	
content/posts/20260813-atre-shinurayasu-kasei-close-20260820.md	ja	/posts/atre-shinurayasu-kasei-close-20260820/	【新浦安】アトレ「点心・惣菜KASEI」が8月20日閉店	開店・閉店	開店・閉店	2026-08-13T22:00:00+09:00	datetime-tz	bare			2026-08-20	date	quoted	1	before						true				
content/posts/20260813-eyecity-ichikawa-myoden-open-202609.md	ja	/posts/eyecity-ichikawa-myoden-open-202609/	【妙典】アイシティ市川妙典店が9月出店予定、求人で判明	開店・閉店	開店・閉店	2026-08-13T22:00:00+09:00	datetime-tz	bare																2026-08	
content/posts/20260813-newcoast-flower-summer-school-20260820.md	ja	/posts/newcoast-flower-summer-school-20260820/	【浦安】ニューコースト新浦安で「お花のサマースクール」開催	イベント	イベント	2026-08-13T22:00:00+09:00	datetime-tz	bare			2026-08-20	date	quoted	1	before						true			2026-08	
content/posts/20260813-newcoast-kyoto-products-202608.md	ja	/posts/newcoast-kyoto-products-202608/	【浦安】ニューコースト新浦安で「京都物産展」8月21日から	イベント	イベント	2026-08-13T22:00:00+09:00	datetime-tz	bare			2026-08-21/2026-08-27	range	quoted	7	before						true				
content/posts/20260813-tdl-tomorrowland-renewal-2027.md	ja	/posts/tdl-tomorrowland-renewal-2027/	【浦安】TDLトゥモローランド刷新、新施設の名称を発表	ニュース	ニュース	2026-08-13T22:00:00+09:00	datetime-tz	bare																2026-08	
content/posts/20260813-urayasu-olympic-athlete-award-2026.md	ja	/posts/urayasu-olympic-athlete-award-2026/	【浦安市】オリンピック等選手育成賞賜金、候補者を募集	お知らせ	お知らせ	2026-08-13T22:00:00+09:00	datetime-tz	bare																2026-08	
content/posts/20260814-hotel-okura-chiba-gourmet-fair-2026.md	ja	/posts/hotel-okura-chiba-gourmet-fair-2026/	【浦安】ホテルオークラ東京ベイで「千葉県グルメフェア」	グルメ・カフェ	グルメ・カフェ	2026-08-14T22:00:00+09:00	datetime-tz	bare			2026-08-30/2026-09-30	range	quoted	32	before						true			2026-08	
content/posts/20260814-ichikawa-road-flooding-20260814.md	ja	/posts/ichikawa-road-flooding-20260814/	【浦安】市川方面で道路冠水　車での移動は引き続き注意	ニュース	ニュース	2026-08-14T12:58:00+09:00	datetime-tz	bare																	
content/posts/20260814-ikspiari-limited-shops-20260817.md	ja	/posts/ikspiari-limited-shops-20260817/	【浦安】イクスピアリに期間限定3店、8月17日から	開店・閉店	開店・閉店	2026-08-14T22:00:00+09:00	datetime-tz	bare			2026-08-17/2026-08-31	range	quoted	15	before						true				
content/posts/20260814-keiyo-line-heavy-rain-20260814.md	ja	/posts/keiyo-line-heavy-rain-20260814/	【浦安】京葉線で遅れ・一部運休　県内各線は大雨の影響続く	お知らせ	お知らせ	2026-08-14T12:58:00+09:00	datetime-tz	bare																	
content/posts/20260814-oriental-hotel-oktoberfest-2026.md	ja	/posts/oriental-hotel-oktoberfest-2026/	【浦安】オリエンタルホテル東京ベイで秋のブッフェ開催	グルメ・カフェ	グルメ・カフェ	2026-08-14T22:00:00+09:00	datetime-tz	bare			2026-09-01/2026-11-03	range	quoted	64	before						true			2026-08	
content/posts/20260814-urayasu-bonodori-canceled-20260814.md	ja	/posts/urayasu-bonodori-canceled-20260814/	【浦安市】納涼盆踊り、8月14日は中止　15日は開催予定	イベント	イベント	2026-08-14T13:04:00+09:00	datetime-tz	bare			2026-08-15	date	quoted	1	before						true				
content/posts/20260814-urayasu-heavy-rain-20260814.md	ja	/posts/urayasu-heavy-rain-20260814/	【浦安市】13日に大雨危険警報　14日も冠水・急な雨に注意	ニュース	ニュース	2026-08-14T12:58:00+09:00	datetime-tz	bare																	
content/posts/20260815-residential-road-speed-limit-30kmh-2026.md	ja	/posts/residential-road-speed-limit-30kmh-2026/	【浦安市】9月1日から生活道路の法定速度が30km/hに	お知らせ	お知らせ	2026-08-15T22:00:00+09:00	datetime-tz	bare			2026-09-01	date	quoted	1	before						true			2026-08	
content/posts/20260815-urayasu-bonodori-report-20260815.md	ja	/posts/urayasu-bonodori-report-20260815/	【浦安市】納涼盆踊りが8月15日に開催　多くの来場者で盛況	イベント	イベント	2026-08-15T22:00:00+09:00	datetime-tz	bare			2026-08-15	date	quoted	1	during						true				
content/posts/20260815-urayasu-cemetery-returned-graves-2026.md	ja	/posts/urayasu-cemetery-returned-graves-2026/	【浦安市】墓地公園の返還墓所約50区画を9月1日から先着募集	お知らせ	お知らせ	2026-08-15T22:00:00+09:00	datetime-tz	bare			2026-09-01	date	quoted	1	before						true			2026-08	
content/posts/20260815-urayasu-high-school-baseball-autumn-2026.md	ja	/posts/urayasu-high-school-baseball-autumn-2026/	【浦安】秋季高校野球予選を8月16日から開催　東海大浦安も登場	スポーツ	スポーツ	2026-08-15T22:00:00+09:00	datetime-tz	bare			2026-08-16/2026-08-19	range	quoted	4	before						true				
content/posts/20260815-urayasu-water-bill-discount-2026.md	ja	/posts/urayasu-water-bill-discount-2026/	【浦安市】7〜10月の水道料金を20％減免　追加2か月は登録が必要	お知らせ	お知らせ	2026-08-15T22:00:00+09:00	datetime-tz	bare																2026-08	
content/posts/20260816-bardral-las-chulas-win-20260815.md	ja	/posts/bardral-las-chulas-win-20260815/	【浦安】ラス・チュラスが3-0完封、2連勝で勝敗五分に	スポーツ	スポーツ	2026-08-16T22:00:00+09:00	datetime-tz	bare			2026-08-15	date	quoted	1	after						true				
content/posts/20260816-juntendo-urayasu-ckd-seminar-20260905.md	ja	/posts/juntendo-urayasu-ckd-seminar-20260905/	【浦安】順天堂浦安病院で慢性腎臓病の無料公開講座	お知らせ	お知らせ	2026-08-16T22:00:00+09:00	datetime-tz	bare			2026-09-05	date	quoted	1	before						true				
content/posts/20260816-n-clinic-maihama-insurance-2026.md	ja	/posts/n-clinic-maihama-insurance-2026/	【舞浜】Nクリニック東京ベイ舞浜、保険診療に対応	ニュース	ニュース	2026-08-16T22:00:00+09:00	datetime-tz	bare																2026-08	
content/posts/20260816-shunputei-koasa-urayasu-20261115.md	ja	/posts/shunputei-koasa-urayasu-20261115/	【浦安】春風亭小朝独演会、8月17日から一般発売	イベント	イベント	2026-08-16T22:00:00+09:00	datetime-tz	bare			2026-11-15	date	quoted	1	before						true			2026-08	
content/posts/20260817-cinema-ikspiari-disney-revival-2026.md	ja	/posts/cinema-ikspiari-disney-revival-2026/	【舞浜】シネマイクスピアリでディズニー3作品を特別上映	イベント	イベント	2026-08-17T22:00:00+09:00	datetime-tz	bare								2026-09-18/2026-10-15|2026-10-09/2026-11-05|2026-10-30/2026-11-26	array-invalid(range|range|range)				true			2026-08	
content/posts/20260817-disney-hotels-halloween-menu-2026.en.md	en	/en/posts/disney-hotels-halloween-menu-2026/	Disney Halloween 2026 Special Menus at 3 Disney Hotels in Maihama (Sept 15 – Oct 31)			2026-08-17T22:00:00+09:00	datetime-tz	bare	2026-08-30	date	2026-09-15/2026-10-31	range	quoted	47	before						true				
content/posts/20260817-disney-hotels-halloween-menu-2026.md	ja	/posts/disney-hotels-halloween-menu-2026/	【舞浜】ディズニーホテル3館でハロウィーン限定メニュー	グルメ・カフェ	グルメ・カフェ	2026-08-17T22:00:00+09:00	datetime-tz	bare	2026-08-30T12:00:00+09:00	datetime-tz	2026-09-15/2026-10-31	range	quoted	47	before						true			2026-08	
content/posts/20260817-disney-hotels-halloween-menu-2026.zh-tw.md	zh-tw	/zh-tw/posts/disney-hotels-halloween-menu-2026/	舞濱3間迪士尼飯店推出2026萬聖節限定菜單（9月15日～10月31日）			2026-08-17T22:00:00+09:00	datetime-tz	bare	2026-08-30	date	2026-09-15/2026-10-31	range	quoted	47	before						true				
content/posts/20260817-ichikawa-myoden-ogawa-clinic-open.md	ja	/posts/ichikawa-myoden-ogawa-clinic-open/	【妙典】市川妙典おがわ泌尿器科・内科が8月3日開院	開店・閉店	開店・閉店	2026-08-17T22:00:00+09:00	datetime-tz	bare			2026-08-03	date	quoted	1	after						true			2026-08	
content/posts/20260817-urayasu-seishonenkan-food-sample-2026.md	ja	/posts/urayasu-seishonenkan-food-sample-2026/	【浦安市】青少年館で食品サンプルづくり、9月23日開催	子育て・教育	子育て・教育	2026-08-17T22:00:00+09:00	datetime-tz	bare			2026-09-23	date	quoted	1	before						true			2026-08	
content/posts/20260818-atre-shinurayasu-sweets-renewal-202609.md	ja	/posts/atre-shinurayasu-sweets-renewal-202609/	【新浦安】アトレ1Fスイーツ売場、9月17日刷新	開店・閉店	開店・閉店	2026-08-18T22:00:00+09:00	datetime-tz	bare	2026-09-18T18:49:00+09:00	datetime-tz						2026-09-14|2026-09-17	array-gapped	before			true			2026-09	
content/posts/20260818-bardral-urayasu-nagoya-free-invitation-20260905.md	ja	/posts/bardral-urayasu-nagoya-free-invitation-20260905/	【浦安市】バルドラール浦安、名古屋戦に市民200人無料招待	スポーツ	スポーツ	2026-08-18T22:00:00+09:00	datetime-tz	bare			2026-09-05	date	quoted	1	before						true			2026-08	
content/posts/20260818-myoden-3chome-bonodori-ennichi-2026.md	ja	/posts/myoden-3chome-bonodori-ennichi-2026/	【妙典】春日神社で盆踊り・縁日、8月22・23日開催	イベント	イベント	2026-08-18T22:00:00+09:00	datetime-tz	bare			2026-08-22/2026-08-23	range	quoted	2	before						true				
content/posts/20260818-newcoast-soccer-ball-dome-202608.md	ja	/posts/newcoast-soccer-ball-dome-202608/	【新浦安】ニューコーストで無料サッカーボールドーム	イベント	イベント	2026-08-18T22:00:00+09:00	datetime-tz	bare			2026-08-22/2026-08-23	range	quoted	2	before						true				
content/posts/20260818-urayasu-bicycle-enforcement-202609.md	ja	/posts/urayasu-bicycle-enforcement-202609/	【浦安市】美浜・猫実で自転車の公開取締り、9月実施	ニュース	ニュース	2026-08-18T22:00:00+09:00	datetime-tz	bare								2026-09-24|2026-09-29	array-gapped	before			true			2026-08	
content/posts/20260819-grand-nikko-autumn-sweets-buffet-2026.md	ja	/posts/grand-nikko-autumn-sweets-buffet-2026/	【舞浜】グランドニッコーで秋スイーツブッフェ、3日間限定	グルメ・カフェ	グルメ・カフェ	2026-08-19T22:00:00+09:00	datetime-tz	bare			2026-09-20/2026-09-22	range	quoted	3	before						true			2026-08	
content/posts/20260819-perch-diner-hatchwine-collab-202608.md	ja	/posts/perch-diner-hatchwine-collab-202608/	【浦安】PERCH DINERでワインコラボ、8月21・22日開催予定	イベント	イベント	2026-08-19T22:00:00+09:00	datetime-tz	bare			2026-08-21/2026-08-22	range	quoted	2	before						true			2026-08	
content/posts/20260819-sheraton-autumn-fruit-fair-2026.md	ja	/posts/sheraton-autumn-fruit-fair-2026/	【舞浜】シェラトンで秋のフルーツフェア、9月開催	グルメ・カフェ	グルメ・カフェ	2026-08-19T22:00:00+09:00	datetime-tz	bare			2026-09-01/2026-09-30	range	quoted	30	before						true			2026-08	
content/posts/20260819-urayasu-family-support-meeting-202609.md	ja	/posts/urayasu-family-support-meeting-202609/	【浦安市】ファミサポ説明会、9〜10月に4回開催	子育て・教育	子育て・教育	2026-08-19T22:00:00+09:00	datetime-tz	bare								2026-09-05|2026-09-15|2026-10-03|2026-10-20	array-gapped	before			true			2026-08	
content/posts/20260820-brighton-cache-cache-harvest-buffet-2026.md	ja	/posts/brighton-cache-cache-harvest-buffet-2026/	【新浦安】ブライトン「カシュカシュ」で秋ビュッフェ	グルメ・カフェ	グルメ・カフェ	2026-08-20T22:00:00+09:00	datetime-tz	bare			2026-09-01/2026-11-30	range	quoted	91	before						true			2026-08	
content/posts/20260820-briobecca-tochigi-emperors-cup-result-2026.md	ja	/posts/briobecca-tochigi-emperors-cup-result-2026/	【浦安】ブリオベッカ、天皇杯1回戦で栃木SCに0-2	スポーツ	スポーツ	2026-08-20T22:00:00+09:00	datetime-tz	bare			2026-08-19	date	quoted	1	after						true				
content/posts/20260820-urayasu-dog-run-temporary-closure-20260901.md	ja	/posts/urayasu-dog-run-temporary-closure-20260901/	【浦安市】運動公園隣のドッグラン、9月1日15時まで閉鎖	お知らせ	お知らせ	2026-08-20T22:00:00+09:00	datetime-tz	bare			2026-09-01	date	quoted	1	before						true			2026-08	
content/posts/20260821-urayasu-sanbanze-crab-fishing-202610.md	ja	/posts/urayasu-sanbanze-crab-fishing-202610/	【浦安市】三番瀬でカニ釣り体験、10月24日開催	子育て・教育	子育て・教育	2026-08-21T22:00:00+09:00	datetime-tz	bare			2026-10-24	date	quoted	1	before						true			2026-08	
content/posts/20260821-urayasu-zaitaku-neuro-clinic-open.md	ja	/posts/urayasu-zaitaku-neuro-clinic-open/	【新浦安】浦安在宅神経内科クリニック、9月1日開院	開店・閉店	開店・閉店	2026-08-21T22:00:00+09:00	datetime-tz	bare			2026-09-01	date	quoted	1	before						true			2026-08	
content/posts/20260822-bardral-urayasu-shonan-away-bus-tour-2026.md	ja	/posts/bardral-urayasu-shonan-away-bus-tour-2026/	【浦安】バルドラール湘南戦応援バスツアー、9月26日実施予定	スポーツ	スポーツ	2026-08-22T22:00:00+09:00	datetime-tz	bare			2026-09-26	date	quoted	1	before						true			2026-08	
content/posts/20260822-cinema-ikspiari-madoka-live-viewing-20260829.md	ja	/posts/cinema-ikspiari-madoka-live-viewing-20260829/	【浦安】シネマイクスピアリで「まどか☆マギカ」舞台挨拶中継	イベント	イベント	2026-08-22T22:00:00+09:00	datetime-tz	bare			2026-08-29	date	quoted	1	before						true			2026-08	
content/posts/20260822-disney-premier-access-price-change-202609.en.md	en	/en/posts/disney-premier-access-price-change-202609/	Tokyo Disney Resort Raises Disney Premier Access Prices for 4 Attractions from September 1			2026-08-22T22:00:00+09:00	datetime-tz	bare			2026-09-01	date	quoted	1	before						true				
content/posts/20260822-disney-premier-access-price-change-202609.md	ja	/posts/disney-premier-access-price-change-202609/	【浦安】ディズニーDPA、9月1日から4アトラクション値上げ	お知らせ	お知らせ	2026-08-22T22:00:00+09:00	datetime-tz	bare			2026-09-01	date	quoted	1	before						true			2026-08	
content/posts/20260822-disney-premier-access-price-change-202609.zh-tw.md	zh-tw	/zh-tw/posts/disney-premier-access-price-change-202609/	東京迪士尼DPA漲價：9月1日起4項設施各調漲500日圓，付費快速通行對象同步擴大			2026-08-22T22:00:00+09:00	datetime-tz	bare			2026-09-01	date	quoted	1	before						true				
content/posts/20260822-maihama-view-hotel-halloween-2026.md	ja	/posts/maihama-view-hotel-halloween-2026/	【浦安】舞浜ビューホテルでハロウィーンスイーツ	グルメ・カフェ	グルメ・カフェ	2026-08-22T22:00:00+09:00	datetime-tz	bare	2026-08-30	date	2026-09-01/2026-10-31	range	quoted	61	before						true			2026-08	
content/posts/20260822-socola-minamigyotoku-shizue-photo-20260830.md	ja	/posts/socola-minamigyotoku-shizue-photo-20260830/	【行徳】SOCOLA南行徳に「しずえさん」、8月30日撮影会	イベント	イベント	2026-08-22T22:00:00+09:00	datetime-tz	bare			2026-08-30	date	quoted	1	before						true				
content/posts/20260823-chiba-water-bill-discount-urayasu.md	ja	/posts/chiba-water-bill-discount-urayasu/	【浦安市】県営水道料金20％減免、オンライン化で12月まで延長	お知らせ	お知らせ	2026-08-23T22:00:00+09:00	datetime-tz	bare																2026-08	
content/posts/20260823-las-bonitas-tachikawa-win-20260823.md	ja	/posts/las-bonitas-tachikawa-win-20260823/	【浦安】ラス・ボニータスが立川に3-2勝利、開幕8連勝	スポーツ	スポーツ	2026-08-23T22:00:00+09:00	datetime-tz	bare			2026-08-23	date	quoted	1	during						true				
content/posts/20260823-little-mermaid-maihama-opening.md	ja	/posts/little-mermaid-maihama-opening/	【浦安】劇団四季「リトルマーメイド」8月26日舞浜で開幕	イベント	イベント	2026-08-23T22:00:00+09:00	datetime-tz	bare			2026-08-26	date	quoted	1	before					true	true				
content/posts/20260823-sanbanze-crab-fishing-2026.md	ja	/posts/sanbanze-crab-fishing-2026/	【浦安市】三番瀬でカニ釣り体験、10月24日開催（続報）	子育て・教育	子育て・教育	2026-08-23T22:00:00+09:00	datetime-tz	bare	2026-09-04	date	2026-10-24	date	quoted	1	before						true			2026-08	
content/posts/20260823-sheraton-thai-food-buffet-2026.en.md	en	/en/posts/sheraton-thai-food-buffet-2026/	Thai Food Buffet at Sheraton Grande Tokyo Bay's Grand Café, Sept 1 – Oct 31			2026-08-23T22:00:00+09:00	datetime-tz	bare			2026-09-01/2026-10-31	range	quoted	61	before						true				
content/posts/20260823-sheraton-thai-food-buffet-2026.md	ja	/posts/sheraton-thai-food-buffet-2026/	【浦安】シェラトン舞浜で「タイフードブッフェ」9月1日から	グルメ・カフェ	グルメ・カフェ	2026-08-23T22:00:00+09:00	datetime-tz	bare	2026-10-04	date	2026-09-01/2026-10-31	range	quoted	61	before						true			2026-08	
content/posts/20260823-sheraton-thai-food-buffet-2026.zh-tw.md	zh-tw	/zh-tw/posts/sheraton-thai-food-buffet-2026/	舞濱喜來登「泰國美食自助餐」9月1日登場：曼谷名廚監修，THANN聯名甜點同步推出			2026-08-23T22:00:00+09:00	datetime-tz	bare			2026-09-01/2026-10-31	range	quoted	61	before						true				
content/posts/20260823-u-center-festival-2026.md	ja	/posts/u-center-festival-2026/	【浦安市】「Uセンター祭り2026」9月19日開催	イベント	イベント	2026-08-23T22:00:00+09:00	datetime-tz	bare			2026-09-19	date	quoted	1	before						true				
content/posts/20260824-las-chulas-viento-20260823.md	ja	/posts/las-chulas-viento-20260823/	【浦安】ラス・チュラス、ヴィエントFCに1-2で惜敗	スポーツ	スポーツ	2026-08-24T22:00:00+09:00	datetime-tz	bare			2026-08-23	date	quoted	1	after						true				
content/posts/20260824-maihama-view-hotel-halloween-afternoon-tea-2026.md	ja	/posts/maihama-view-hotel-halloween-afternoon-tea-2026/	【浦安】舞浜ビューホテルでハロウィーンアフタヌーンティー	グルメ・カフェ	グルメ・カフェ	2026-08-24T22:00:00+09:00	datetime-tz	bare	2026-08-30	date	2026-09-01/2026-10-31	range	quoted	61	before						true			2026-08	
content/posts/20260824-n-clinic-tokyo-bay-maihama-insurance.md	ja	/posts/n-clinic-tokyo-bay-maihama-insurance/	【浦安】舞浜「Nクリニック東京ベイ舞浜」が保険診療に対応	お知らせ	お知らせ	2026-08-24T22:00:00+09:00	datetime-tz	bare																2026-08	
content/posts/20260824-urayasu-brighton-autumn-sweets-2026.md	ja	/posts/urayasu-brighton-autumn-sweets-2026/	【浦安】ブライトンに秋限定スイーツ、9月1日から	グルメ・カフェ	グルメ・カフェ	2026-08-24T22:00:00+09:00	datetime-tz	bare	2026-08-30	date	2026-09-01/2026-11-30	range	quoted	91	before						true			2026-08	
content/posts/20260824-usagi-tea-garden-gohoubi-marche-2026.md	ja	/posts/usagi-tea-garden-gohoubi-marche-2026/	【浦安】堀江「うさぎティーガーデン」でご褒美マルシェ	イベント	イベント	2026-08-24T22:00:00+09:00	datetime-tz	bare	2026-10-04	date	2026-09-12	date	quoted	1	before						true				
content/posts/20260825-duffy-friends-autumn-surprise-goods-2026.md	ja	/posts/duffy-friends-autumn-surprise-goods-2026/	【浦安】ダッフィー＆フレンズ秋グッズ8月25日販売開始	ニュース	ニュース	2026-08-25T22:00:00+09:00	datetime-tz	bare			2026-08-25	date	quoted	1	during					true	true			2026-08	
content/posts/20260825-hilton-tokyo-bay-autumn-afternoon-tea-2026.md	ja	/posts/hilton-tokyo-bay-autumn-afternoon-tea-2026/	【浦安】ヒルトン東京ベイで秋のアフタヌーンティー	グルメ・カフェ	グルメ・カフェ	2026-08-25T22:00:00+09:00	datetime-tz	bare			2026-09-01/2026-11-04	range	quoted	65	before						true			2026-08	
content/posts/20260825-hilton-tokyo-bay-gothic-palace-2026.en.md	en	/en/posts/hilton-tokyo-bay-gothic-palace-2026/	Hilton Tokyo Bay 'Gothic Palace' Halloween Sweets Buffet — Weekends, Sept 5 to Nov 3			2026-08-25T22:00:00+09:00	datetime-tz	bare	2026-08-30	date	2026-09-05/2026-11-03	range	quoted	60	before						true				
content/posts/20260825-hilton-tokyo-bay-gothic-palace-2026.md	ja	/posts/hilton-tokyo-bay-gothic-palace-2026/	【浦安】ヒルトン東京ベイでハロウィーンスイーツビュッフェ	グルメ・カフェ	グルメ・カフェ	2026-08-25T22:00:00+09:00	datetime-tz	bare	2026-08-30T12:00:00+09:00	datetime-tz	2026-09-05/2026-11-03	range	quoted	60	before						true			2026-08	
content/posts/20260825-hilton-tokyo-bay-gothic-palace-2026.zh-tw.md	zh-tw	/zh-tw/posts/hilton-tokyo-bay-gothic-palace-2026/	希爾頓東京灣萬聖節甜點自助餐「Gothic Palace」：9月5日～11月3日週末假日限定			2026-08-25T22:00:00+09:00	datetime-tz	bare	2026-08-30	date	2026-09-05/2026-11-03	range	quoted	60	before						true				
content/posts/20260826-comfort-suites-tokyo-bay-autumn-breakfast-2026.md	ja	/posts/comfort-suites-tokyo-bay-autumn-breakfast-2026/	【浦安】コンフォートスイーツ東京ベイに秋限定朝食17種	グルメ・カフェ	グルメ・カフェ	2026-08-26T22:00:00+09:00	datetime-tz	bare			2026-09-01/2026-11-30	range	quoted	91	before						true			2026-08	
content/posts/20260826-fly-for-all-urayasu-2026.md	ja	/posts/fly-for-all-urayasu-2026/	【浦安】9月に上空へ巨大ニコちゃん、室屋義秀さんが飛行	イベント	イベント	2026-08-26T22:00:00+09:00	datetime-tz	bare																	
content/posts/20260827-atre-shin-urayasu-handmade-gardens-2026.md	ja	/posts/atre-shin-urayasu-handmade-gardens-2026/	【浦安】アトレ新浦安に「ハンドメイドガーデンズ」期間限定出店	開店・閉店	開店・閉店	2026-08-27T22:00:00+09:00	datetime-tz	bare			2026-09-02/2026-09-13	range	quoted	12	before						true				
content/posts/20260827-chiba-heavy-rain-donation-2026.md	ja	/posts/chiba-heavy-rain-donation-2026/	【浦安市】千葉豪雨の義援金受付、11月30日まで	お知らせ	お知らせ	2026-08-27T22:00:00+09:00	datetime-tz	bare																2026-08	
content/posts/20260827-d-nest-shin-urayasu-open.md	ja	/posts/d-nest-shin-urayasu-open/	【浦安】新浦安駅前に設計者専用「D-NEST」9月開業	開店・閉店	開店・閉店	2026-08-27T22:00:00+09:00	datetime-tz	bare			2026-09-01	date	quoted	1	before						true			2026-08	
content/posts/20260827-ikspiari-limited-shops-september-2026.md	ja	/posts/ikspiari-limited-shops-september-2026/	【浦安】イクスピアリに期間限定5店、9月1日から	開店・閉店	開店・閉店	2026-08-27T22:00:00+09:00	datetime-tz	bare								2026-09-01/2026-09-17|2026-09-01/2026-09-30|2026-09-01/2026-09-15|2026-09-01/2026-09-15|2026-09-01/2026-09-30	array-invalid(range|range|range|range|range)				true				
content/posts/20260827-newcoast-urayasu-d-rocks-rugby-event-2026.md	ja	/posts/newcoast-urayasu-d-rocks-rugby-event-2026/	【浦安】ニューコーストでD-Rocks選手とラグビー体験	イベント	イベント	2026-08-27T22:00:00+09:00	datetime-tz	bare			2026-09-19	date	quoted	1	before						true				
content/posts/20260827-urayasu-inflation-voucher-deadline-2026.md	ja	/posts/urayasu-inflation-voucher-deadline-2026/	【浦安市】5000円商品券、使用期限は8月31日	お知らせ	お知らせ	2026-08-27T22:00:00+09:00	datetime-tz	bare																2026-08	
content/posts/20260827-urayasu-voting-hours-early-voting-takasu.md	ja	/posts/urayasu-voting-hours-early-voting-takasu/	【浦安市】2027年4月から投票時間短縮、高洲に期日前投票所	お知らせ	お知らせ	2026-08-27T22:00:00+09:00	datetime-tz	bare																2026-08	
content/posts/20260828-hotel-okura-tokyo-bay-halloween-plan-2026.md	ja	/posts/hotel-okura-tokyo-bay-halloween-plan-2026/	【浦安】ホテルオークラ舞浜にハロウィーン限定宿泊プラン	お知らせ	お知らせ	2026-08-28T22:00:00+09:00	datetime-tz	bare	2026-08-30	date	2026-09-16/2026-10-31	range	quoted	46	before						true			2026-08	
content/posts/20260828-oriental-hotel-tokyo-bay-hokkaido-buffet-2026.en.md	en	/en/posts/oriental-hotel-tokyo-bay-hokkaido-buffet-2026/	Hokkaido Buffet with Two Kinds of Crab at Oriental Hotel Tokyo Bay, Sept 1 – Nov 3			2026-08-28T22:00:00+09:00	datetime-tz	bare			2026-09-01/2026-11-03	range	quoted	64	before						true				
content/posts/20260828-oriental-hotel-tokyo-bay-hokkaido-buffet-2026.md	ja	/posts/oriental-hotel-tokyo-bay-hokkaido-buffet-2026/	【浦安】オリエンタルホテルで北海道ブッフェ、カニ食べ比べも	グルメ・カフェ	グルメ・カフェ	2026-08-28T22:00:00+09:00	datetime-tz	bare	2026-08-30T12:00:00+09:00	datetime-tz	2026-09-01/2026-11-03	range	quoted	64	before						true			2026-08	
content/posts/20260828-oriental-hotel-tokyo-bay-hokkaido-buffet-2026.zh-tw.md	zh-tw	/zh-tw/posts/oriental-hotel-tokyo-bay-hokkaido-buffet-2026/	東京灣東方飯店「北海道味覺紀行」自助餐：兩種雪蟹吃比較，新浦安站直結（9/1～11/3）			2026-08-28T22:00:00+09:00	datetime-tz	bare			2026-09-01/2026-11-03	range	quoted	64	before						true				
content/posts/20260828-papabubble-maihama-new-store-2026.md	ja	/posts/papabubble-maihama-new-store-2026/	【浦安】舞浜に「PAPABUBBLE」出店予定か、求人で判明	開店・閉店	開店・閉店	2026-08-28T22:00:00+09:00	datetime-tz	quoted	2026-10-04T21:55:00+09:00	datetime-tz	2026-11-21	date	quoted	1	before						true			2026-10	
content/posts/20260828-u-style-urayasu-ongakumura-2026.md	ja	/posts/u-style-urayasu-ongakumura-2026/	【浦安】Wave101で「うらやす音楽村」人気3組ライブ	イベント	イベント	2026-08-28T22:00:00+09:00	datetime-tz	bare			2026-09-17	date	quoted	1	before						true				
content/posts/20260828-urakko-dagashiya-open-2026.md	ja	/posts/urakko-dagashiya-open-2026/	【浦安市】うらっこ広場に子ども企画の駄菓子屋、9月3日オープン	子育て・教育	子育て・教育	2026-08-28T22:00:00+09:00	datetime-tz	bare			2026-09-03	date	quoted	1	before						true				
content/posts/20260828-urayasu-d-rocks-japan-national-team-camp-2026.md	ja	/posts/urayasu-d-rocks-japan-national-team-camp-2026/	【浦安】D-Rocksから3選手、日本代表合宿メンバーに	スポーツ	スポーツ	2026-08-28T22:00:00+09:00	datetime-tz	bare																	
content/posts/20260829-bardral-urayasu-fleague-cup-tachikawa-20260828.md	ja	/posts/bardral-urayasu-fleague-cup-tachikawa-20260828/	【浦安】バルドラール浦安、Fリーグカップ初戦でPK敗退	スポーツ	スポーツ	2026-08-29T22:00:00+09:00	datetime-tz	bare			2026-08-28	date	quoted	1	after						true				
content/posts/20260829-cinema-ikspiari-suidou-unite2026-live-viewing.md	ja	/posts/cinema-ikspiari-suidou-unite2026-live-viewing/	【浦安】イクスピアリで「水曜どうでしょう祭」生中継	イベント	イベント	2026-08-29T22:00:00+09:00	datetime-tz	bare			2026-09-06	date	quoted	1	before						true			2026-08	
content/posts/20260829-hotel-okura-tokyo-bay-chiba-gourmet-fair-2026.md	ja	/posts/hotel-okura-tokyo-bay-chiba-gourmet-fair-2026/	【浦安】ホテルオークラ舞浜で「千葉県グルメフェア」開催	グルメ・カフェ	グルメ・カフェ	2026-08-29T22:00:00+09:00	datetime-tz	bare			2026-08-30/2026-09-30	range	quoted	32	before						true			2026-08	
content/posts/20260829-ibis-styles-tokyo-bay-seafood-breakfast-2026.md	ja	/posts/ibis-styles-tokyo-bay-seafood-breakfast-2026/	【浦安】日の出イビスで海鮮朝食フェア、10月1日から	グルメ・カフェ	グルメ・カフェ	2026-08-29T22:00:00+09:00	datetime-tz	bare			2026-10-01/2026-12-23	range	quoted	84	before						true			2026-08	
content/posts/20260829-taimu-urayasu-closed.md	ja	/posts/taimu-urayasu-closed/	【浦安】西友浦安1階のたい焼き店「たい夢」が閉店	開店・閉店	開店・閉店	2026-08-29T22:00:00+09:00	datetime-tz	bare																	
content/posts/20260829-the-golf-base-shinurayasu-open.md	ja	/posts/the-golf-base-shinurayasu-open/	【浦安】海楽に「THE GOLF BASE 新浦安レンジ」オープン	開店・閉店	開店・閉店	2026-08-29T22:00:00+09:00	datetime-tz	bare			2026-08-13	date	quoted	1	after						true			2026-08	
content/posts/20260830-briobecca-jfl-minebea-20260829.md	ja	/posts/briobecca-jfl-minebea-20260829/	【浦安】ブリオベッカ、JFL開幕戦は1-2で黒星	スポーツ	スポーツ	2026-08-30T22:00:00+09:00	datetime-tz	bare			2026-08-29	date	quoted	1	after						true				
content/posts/20260830-maihama-halloween-guide-2026-published.md	ja	/posts/maihama-halloween-guide-2026-published/	【浦安】「浦安・舞浜ハロウィーンガイド2026」を公開	お知らせ	お知らせ	2026-08-30T15:00:00+09:00	datetime-tz	bare																	
content/posts/20260830-tds25-smiles-stamp-rally-2026.md	ja	/posts/tds25-smiles-stamp-rally-2026/	【舞浜】TDS25周年、9月4日から寄付企画＆スタンプラリー	イベント	イベント	2026-08-30T22:00:00+09:00	datetime-tz	bare			2026-09-04/2026-10-31	range	quoted	58	before						true				
content/posts/20260830-urayasu-ballpark-night-yoga-2026.md	ja	/posts/urayasu-ballpark-night-yoga-2026/	【浦安市】運動公園の野球場でナイトヨガ、9月6日開催	イベント	イベント	2026-08-30T22:00:00+09:00	datetime-tz	bare			2026-09-06	date	quoted	1	before						true			2026-08	
content/posts/20260830-urayasu-junior-fire-club-national-2026.md	ja	/posts/urayasu-junior-fire-club-national-2026/	【浦安市】少年消防団が全国大会へ、昨年2位から再挑戦	ニュース	ニュース	2026-08-30T22:00:00+09:00	datetime-tz	bare			2026-09-19/2026-09-20	range	quoted	2	before						true				
content/posts/20260831-bardral-urayasu-segundo-machida-20260829-result.md	ja	/posts/bardral-urayasu-segundo-machida-20260829-result/	【浦安市】セグンドが町田に6-3勝利、本長選手が3得点	スポーツ	スポーツ	2026-08-31T22:00:00+09:00	datetime-tz	bare			2026-08-29	date	quoted	1	after						true				
content/posts/20260831-brighton-himorogi-autumn-special-202609.md	ja	/posts/brighton-himorogi-autumn-special-202609/	【新浦安】ブライトン「燔」で秋企画、肉1.5倍・米沢牛変更半額	グルメ・カフェ	グルメ・カフェ	2026-08-31T22:00:00+09:00	datetime-tz	bare			2026-09-01/2026-09-18	range	quoted	18	before						true			2026-08	
content/posts/20260831-urayasu-bunka-club-2026-autumn-recruitment.md	ja	/posts/urayasu-bunka-club-2026-autumn-recruitment/	【浦安市】URAYASU文化クラブ4クラブ新設、9月7日まで募集	子育て・教育	子育て・教育	2026-08-31T22:00:00+09:00	datetime-tz	bare																2026-08	
content/posts/20260831-urayasu-community-center-reservation-change-20260925.md	ja	/posts/urayasu-community-center-reservation-change-20260925/	【浦安市】公民館予約が9月25日変更、開始時間など見直し	お知らせ	お知らせ	2026-08-31T22:00:00+09:00	datetime-tz	bare	2026-09-09T22:44:00+09:00	datetime-tz	2026-09-25	date	quoted	1	before						true			2026-09	
content/posts/20260901-maihama-eurasia-20th-anniversary-2026.md	ja	/posts/maihama-eurasia-20th-anniversary-2026/	【浦安】舞浜ユーラシアが開業20周年、9月に記念イベント	イベント	イベント	2026-09-01T20:51:00+09:00	datetime-tz	bare			2026-09-01/2026-09-30	range	quoted	30	during						true			2026-09	
content/posts/20260901-urayasu-d-rocks-fanclub-owv-2026.md	ja	/posts/urayasu-d-rocks-fanclub-owv-2026/	【浦安】D-Rocksファンクラブ刷新、OWVも続投	スポーツ	スポーツ	2026-09-01T20:51:00+09:00	datetime-tz	bare																2026-09	
content/posts/20260901-urayasu-local-road-speed-limit-30.md	ja	/posts/urayasu-local-road-speed-limit-30/	【浦安市】生活道路の法定速度が30km/hに変更	お知らせ	お知らせ	2026-09-01T20:51:00+09:00	datetime-tz	bare																2026-09	
content/posts/20260902-atre-shinurayasu-autumn-sweets-popup-2026.md	ja	/posts/atre-shinurayasu-autumn-sweets-popup-2026/	【新浦安】アトレに秋スイーツ3店が期間限定出店	イベント	イベント	2026-09-02T20:45:00+09:00	datetime-tz	bare								2026-09-14/2026-09-21|2026-09-22/2026-09-30	array-invalid(range|range)				true			2026-09	
content/posts/20260902-sheraton-tokyo-bay-autumn-fruits-2026.md	ja	/posts/sheraton-tokyo-bay-autumn-fruits-2026/	【舞浜】シェラトンで「秋のフルーツフェア」開催	グルメ・カフェ	グルメ・カフェ	2026-09-02T20:45:00+09:00	datetime-tz	bare			2026-09-01/2026-09-30	range	quoted	30	during						true			2026-09	
content/posts/20260902-urayasu-d-rocks-wakuwaku-happy-partnership-2026.md	ja	/posts/urayasu-d-rocks-wakuwaku-happy-partnership-2026/	【浦安】D-Rocksと「わくわくはっぴー本棚」が連携協定	スポーツ	スポーツ	2026-09-02T20:45:00+09:00	datetime-tz	bare																	
content/posts/20260902-urayasu-stay-ranking-chiba-2026.md	ja	/posts/urayasu-stay-ranking-chiba-2026/	【浦安市】「住み続けたい街」千葉県2位に	ニュース	ニュース	2026-09-02T20:45:00+09:00	datetime-tz	bare																	
content/posts/20260903-ikspiari-salon-de-sweets-halloween-2026.md	ja	/posts/ikspiari-salon-de-sweets-halloween-2026/	【浦安】イクスピアリでハロウィーンスイーツビュッフェ	イベント	イベント	2026-09-03T18:51:00+09:00	datetime-tz	bare	2026-10-04T21:58:00+09:00	datetime-tz	2026-09-15/2026-10-31	range	quoted	47	before						true			2026-10	
content/posts/20260903-ikspiari-tsukemen-tetsu-open-2026.md	ja	/posts/ikspiari-tsukemen-tetsu-open-2026/	【浦安】イクスピアリに「つけめんTETSU」9月17日オープン	開店・閉店	開店・閉店	2026-09-03T18:51:00+09:00	datetime-tz	bare	2026-09-04T18:07:00+09:00	datetime-tz	2026-09-17	date	quoted	1	before						true			2026-09	
content/posts/20260903-juntendo-urayasu-ckd-public-lecture-2026.md	ja	/posts/juntendo-urayasu-ckd-public-lecture-2026/	【浦安市】順天堂浦安病院でCKD市民公開講座 9月5日開催	イベント	イベント	2026-09-03T18:51:00+09:00	datetime-tz	bare			2026-09-05	date	quoted	1	before						true			2026-09	
content/posts/20260903-mona-shinurayasu-axolotl-event-2026.md	ja	/posts/mona-shinurayasu-axolotl-event-2026/	【浦安】MONA新浦安で「ウーパールーパーまみれ」9月5・6日開催	イベント	イベント	2026-09-03T18:51:00+09:00	datetime-tz	bare			2026-09-05/2026-09-06	range	quoted	2	before						true			2026-09	
content/posts/20260903-urayasu-mangekyo-disaster-sports-survey-2026.md	ja	/posts/urayasu-mangekyo-disaster-sports-survey-2026/	【浦安】万華郷跡地の防災スポーツ施設、12事業者が市場調査に参加	ニュース	ニュース	2026-09-03T19:33:00+09:00	datetime-tz	bare	2026-09-29T20:16:00+09:00	datetime-tz														2026-09	
content/posts/20260904-ikspiari-nanas-green-tea-reopen-2026.md	ja	/posts/ikspiari-nanas-green-tea-reopen-2026/	【浦安】ナナズグリーンティーが9月18日営業再開	開店・閉店	開店・閉店	2026-09-04T18:07:00+09:00	datetime-tz	bare			2026-09-18	date	quoted	1	before						true			2026-09	
content/posts/20260904-oriental-hotel-tokyo-bay-oktoberfest-2026.md	ja	/posts/oriental-hotel-tokyo-bay-oktoberfest-2026/	【新浦安】グランサンクで秋のオクトーバーフェスト	グルメ・カフェ	グルメ・カフェ	2026-09-04T18:07:00+09:00	datetime-tz	bare			2026-09-01/2026-11-03	range	quoted	64	during						true			2026-09	
content/posts/20260904-urayasu-boccia-open-2026.md	ja	/posts/urayasu-boccia-open-2026/	【浦安市】市民ボッチャ大会、11月14日開催	スポーツ	スポーツ	2026-09-04T18:07:00+09:00	datetime-tz	bare			2026-11-14	date	quoted	1	before						true			2026-09	
content/posts/20260904-urayasu-daiso-shops.md	ja	/posts/urayasu-daiso-shops/	【イクスピアリ】ダイソーは閉店していません｜3階で営業中｜浦安市内のダイソー一覧	開店・閉店	開店・閉店	2026-09-04T10:50:00+09:00	datetime-tz	bare																2026年9月	
content/posts/20260904-urayasu-new-bayshore-road-panel-2026.md	ja	/posts/urayasu-new-bayshore-road-panel-2026/	【浦安市】新湾岸道路のパネル展、市内3会場で開催	ニュース	ニュース	2026-09-04T18:07:00+09:00	datetime-tz	bare								2026-09-14/2026-09-18|2026-09-19/2026-09-23|2026-10-05/2026-10-09	array-invalid(range|range|range)				true			2026-09	
content/posts/20260905-aeon-shinurayasu-emergency-fair-2026.md	ja	/posts/aeon-shinurayasu-emergency-fair-2026/	【浦安市】イオン新浦安で「救急フェア」9月6日開催	イベント	イベント	2026-09-05T19:00:00+09:00	datetime-tz	bare			2026-09-06	date	quoted	1	before						true			2026-09	
content/posts/20260905-newcoast-shinurayasu-creators-factory-september-2026.md	ja	/posts/newcoast-shinurayasu-creators-factory-september-2026/	【浦安】ニューコーストで手作りワークショップ 9月20・21日も開催	イベント	イベント	2026-09-05T19:02:00+09:00	datetime-tz	bare								2026-09-05|2026-09-20|2026-09-21	array-gapped	during			true			2026-09	
content/posts/20260905-socola-minami-gyotoku-tombo-workshop-2026.md	ja	/posts/socola-minami-gyotoku-tombo-workshop-2026/	【行徳】SOCOLA南行徳で竹とんぼ作り 9月6日まで	イベント	イベント	2026-09-05T19:04:00+09:00	datetime-tz	bare			2026-09-05/2026-09-06	range	quoted	2	during						true			2026-09	
content/posts/20260905-urayasu-d-rocks-rugby-fan-event-2026.md	ja	/posts/urayasu-d-rocks-rugby-fan-event-2026/	【浦安】D-Rocks選手とラグビー体験 9月19日開催	スポーツ	スポーツ	2026-09-05T19:01:00+09:00	datetime-tz	bare			2026-09-19	date	quoted	1	before						true			2026-09	
content/posts/20260905-urayasu-recycled-bicycle-lottery-september-2026.md	ja	/posts/urayasu-recycled-bicycle-lottery-september-2026/	【浦安市】再生自転車を5,500円から抽選販売	お知らせ	お知らせ	2026-09-05T19:05:00+09:00	datetime-tz	bare																2026-09	
content/posts/20260905-urayasu-u-center-festival-2026.md	ja	/posts/urayasu-u-center-festival-2026/	【浦安市】Uセンター祭り2026、9月19日開催	イベント	イベント	2026-09-05T19:03:00+09:00	datetime-tz	bare	2026-10-04	date	2026-09-19	date	quoted	1	before						true			2026-09	
content/posts/20260906-bardral-urayasu-nagoya-win-20260905.md	ja	/posts/bardral-urayasu-nagoya-win-20260905/	【浦安市】バルドラール浦安、首位名古屋に6-3勝利	スポーツ	スポーツ	2026-09-06T20:15:00+09:00	datetime-tz	bare			2026-09-05	date	quoted	1	after						true				
content/posts/20260906-grand-nikko-christmas-cake-2026.md	ja	/posts/grand-nikko-christmas-cake-2026/	【舞浜】グランドニッコー、クリスマスケーキ予約は10月1日から	グルメ・カフェ	グルメ・カフェ	2026-09-06T20:15:00+09:00	datetime-tz	bare																2026-09	
content/posts/20260906-sakura-mate-web-membership-2026.md	ja	/posts/sakura-mate-web-membership-2026/	【浦安市】「さくらメイト」がWeb入会に対応	お知らせ	お知らせ	2026-09-06T20:15:00+09:00	datetime-tz	bare																2026-09	
content/posts/20260906-yuzuru-hanyu-pooh-exhibition-maihama-2026.md	ja	/posts/yuzuru-hanyu-pooh-exhibition-maihama-2026/	【舞浜】丸善で羽生結弦さん衣装のプーさん展示	イベント	イベント	2026-09-06T20:15:00+09:00	datetime-tz	bare			2026-09-04/2026-10-20	range	quoted	47	during						true				
content/posts/20260907-bardral-segundo-cafuringa-20260905.md	ja	/posts/bardral-segundo-cafuringa-20260905/	【浦安】セグンド、東久留米と2-2　無敗で首位維持	スポーツ	スポーツ	2026-09-07T18:35:00+09:00	datetime-tz	bare			2026-09-05	date	quoted	1	after						true				
content/posts/20260907-briobecca-numazu-20260906.md	ja	/posts/briobecca-numazu-20260906/	【浦安】ブリオベッカ、沼津に1-2で敗れ開幕2連敗	スポーツ	スポーツ	2026-09-07T18:35:00+09:00	datetime-tz	bare			2026-09-06	date	quoted	1	after						true				
content/posts/20260907-las-bonitas-arco-kobe-20260905.md	ja	/posts/las-bonitas-arco-kobe-20260905/	【浦安】ラス・ボニータス、神戸に4-2勝利で開幕9連勝	スポーツ	スポーツ	2026-09-07T18:35:00+09:00	datetime-tz	bare			2026-09-05	date	quoted	1	after						true				
content/posts/20260907-las-chulas-hachioji-20260905.md	ja	/posts/las-chulas-hachioji-20260905/	【浦安】ラス・チュラス、八王子に4-1勝利　4位浮上	スポーツ	スポーツ	2026-09-07T18:35:00+09:00	datetime-tz	bare			2026-09-05	date	quoted	1	after						true				
content/posts/20260907-urayasu-d-rocks-preseason-2026.md	ja	/posts/urayasu-d-rocks-preseason-2026/	【浦安】D-Rocks、浦安Dパークでプレシーズン戦を有観客開催	スポーツ	スポーツ	2026-09-07T18:35:00+09:00	datetime-tz	bare	2026-09-18T18:49:00+09:00	datetime-tz						2026-09-25|2026-10-10|2026-10-17|2026-10-23|2026-11-21	array-gapped	before			true				
content/posts/20260908-bardral-urayasu-keiyo-team6-10th-anniversary-20260913.md	ja	/posts/bardral-urayasu-keiyo-team6-10th-anniversary-20260913/	【浦安市】バルドラール大阪戦でKEIYO TEAM6+10周年企画	スポーツ	スポーツ	2026-09-08T18:39:00+09:00	datetime-tz	bare			2026-09-13	date	quoted	1	before						true				
content/posts/20260908-sakaigawa-cleanup-music-market-2026.md	ja	/posts/sakaigawa-cleanup-music-market-2026/	【浦安市】9月13日は境川で清掃・音楽・マルシェ開催	イベント	イベント	2026-09-08T18:40:00+09:00	datetime-tz	bare			2026-09-13	date	quoted	1	before						true				
content/posts/20260909-disney-christmas-2026.md	ja	/posts/disney-christmas-2026/	【浦安】ディズニー・クリスマス、11月11日から開催	イベント	イベント	2026-09-09T22:48:00+09:00	datetime-tz	bare			2026-11-11/2026-12-25	range	quoted	45	before						true				
content/posts/20260909-maihama-first-resort-steak-buffet-202611.md	ja	/posts/maihama-first-resort-steak-buffet-202611/	【浦安】舞浜ホテルでサーロインステーキ食べ放題	グルメ・カフェ	グルメ・カフェ	2026-09-09T22:47:00+09:00	datetime-tz	bare			2026-11-21/2026-11-23	range	quoted	3	before						true			2026-09	
content/posts/20260909-minamigyotoku-shoku-toiro-open.md	ja	/posts/minamigyotoku-shoku-toiro-open/	【行徳】南行徳に定食＆BAR「食TOIRO」がオープン	開店・閉店	開店・閉店	2026-09-09T22:45:00+09:00	datetime-tz	bare			2026-09-04	date	quoted	1	after						true			2026-09	
content/posts/20260909-urayasu-d-rocks-national-stadium-2027.md	ja	/posts/urayasu-d-rocks-national-stadium-2027/	【浦安】D-Rocks、国立競技場でリーグ戦2試合開催	スポーツ	スポーツ	2026-09-09T22:46:00+09:00	datetime-tz	bare								2027-01-22|2027-02-05	array-gapped	before			true				
content/posts/20260910-assari-kun-chara-derby-2026.md	ja	/posts/assari-kun-chara-derby-2026/	【浦安市】あっさり君、ご当地キャラダービーで1位	ニュース	ニュース	2026-09-10T21:29:00+09:00	datetime-tz	bare																	
content/posts/20260910-grand-nikko-halloween-sweets-buffet-2026.md	ja	/posts/grand-nikko-halloween-sweets-buffet-2026/	【舞浜】グランドニッコーでハロウィーンスイーツブッフェ開催	グルメ・カフェ	グルメ・カフェ	2026-09-10T21:27:00+09:00	datetime-tz	bare			2026-10-10/2026-10-12	range	quoted	3	before						true			2026-09	
content/posts/20260910-maihama-view-hotel-christmas-cake-2026.md	ja	/posts/maihama-view-hotel-christmas-cake-2026/	【舞浜】舞浜ビューホテル、クリスマスケーキ予約開始	グルメ・カフェ	グルメ・カフェ	2026-09-10T21:28:00+09:00	datetime-tz	bare																2026-09	
content/posts/20260910-oriental-hotel-pumpkin-gate-2026.md	ja	/posts/oriental-hotel-pumpkin-gate-2026/	【新浦安】オリエンタルホテルに巨大「パンプキンゲート」	イベント	イベント	2026-09-10T21:26:00+09:00	datetime-tz	bare			2026-09-11/2026-11-03	range	quoted	54	before						true			2026-09	
content/posts/20260911-grand-nikko-maihama-halloween-event-2026.md	ja	/posts/grand-nikko-maihama-halloween-event-2026/	【舞浜】グランドニッコーでハロウィーン企画、9月16日から	イベント	イベント	2026-09-11T20:03:00+09:00	datetime-tz	bare			2026-09-16/2026-10-31	range	quoted	46	before						true			2026-09	
content/posts/20260911-neoxia-urayasu-open-20260901.md	ja	/posts/neoxia-urayasu-open-20260901/	【浦安】まつげ・ネイルサロン「NEOXIA」がオープン	開店・閉店	開店・閉店	2026-09-11T20:03:00+09:00	datetime-tz	bare			2026-09-01	date	quoted	1	after						true			2026-09	
content/posts/20260912-myoden-nail-eyelash-momo-open-202609.md	ja	/posts/myoden-nail-eyelash-momo-open-202609/	【妙典】Nail&eyelash Momoが9月1日オープン	開店・閉店	開店・閉店	2026-09-12T19:03:00+09:00	datetime-tz	bare			2026-09-01	date	quoted	1	after						true			2026-09	
content/posts/20260912-urayasu-cultural-facility-reservation-2026.md	ja	/posts/urayasu-cultural-facility-reservation-2026/	【浦安市】文化施設の随時予約、10月から8時45分開始	お知らせ	お知らせ	2026-09-12T19:02:00+09:00	datetime-tz	bare			2026-10-01	date	quoted	1	before						true			2026-09	
content/posts/20260912-urayasu-d-rocks-teammates-2026.md	ja	/posts/urayasu-d-rocks-teammates-2026/	【浦安】D-Rocksが長期療養中の子どもを募集｜TEAMMATES	スポーツ	スポーツ	2026-09-12T19:00:00+09:00	datetime-tz	bare																2026-09	
content/posts/20260912-urayasu-school-choice-2027.md	ja	/posts/urayasu-school-choice-2027/	【浦安市】2027年度の小規模学校選択制度を発表	子育て・教育	子育て・教育	2026-09-12T19:01:00+09:00	datetime-tz	bare																2026-09	
content/posts/20260913-urayasu-vs-akabane-talk5050.md	ja	/posts/urayasu-vs-akabane-talk5050/	【浦安市】日テレ「トーク50:50」で浦安VS赤羽、9月13日放送	ニュース	ニュース	2026-09-13T18:15:00+09:00	datetime-tz	bare																	
content/posts/20260914-296-fukurosoba-gyotoku-open.md	ja	/posts/296-fukurosoba-gyotoku-open/	【行徳】十割そば「296Fukurosoba」が9月10日オープン	開店・閉店	開店・閉店	2026-09-14T19:44:00+09:00	datetime-tz	bare			2026-09-10	date	quoted	1	after						true			2026-09	
content/posts/20260914-bardral-urayasu-osaka-20260913.md	ja	/posts/bardral-urayasu-osaka-20260913/	【浦安】バルドラール浦安、大阪に5-4で勝利	スポーツ	スポーツ	2026-09-14T19:46:00+09:00	datetime-tz	bare			2026-09-13	date	quoted	1	after						true				
content/posts/20260914-briobecca-verspah-oita-20260913.md	ja	/posts/briobecca-verspah-oita-20260913/	【浦安】ブリオベッカ、大分と0-0で今季初勝点	スポーツ	スポーツ	2026-09-14T19:47:00+09:00	datetime-tz	bare			2026-09-13	date	quoted	1	after						true				
content/posts/20260914-jizake-wonderland-muyu-gyotoku-open.md	ja	/posts/jizake-wonderland-muyu-gyotoku-open/	【行徳】「地酒のワンダーランド 夢遊」がオープン	開店・閉店	開店・閉店	2026-09-14T19:45:00+09:00	datetime-tz	bare			2026-09-04	date	quoted	1	after						true			2026-09	
content/posts/20260914-sundrug-gyotoku-new-store.md	ja	/posts/sundrug-gyotoku-new-store/	【行徳】旧マルエツ跡にサンドラッグ、11月下旬オープン予定	開店・閉店	開店・閉店	2026-09-14T19:43:00+09:00	datetime-tz	bare																2026-09	
content/posts/20260914-toyouke-jinja-aki-matsuri-2026.md	ja	/posts/toyouke-jinja-aki-matsuri-2026/	【浦安】豊受神社「秋まつり」10月11日開催	イベント	イベント	2026-09-14T19:50:00+09:00	datetime-tz	bare			2026-10-11	date	quoted	1	before						true				
content/posts/20260915-d-rockers-dialogue-meetup-2026.md	ja	/posts/d-rockers-dialogue-meetup-2026/	【浦安】D-Rockers対話会・交流会を9月25日開催	スポーツ	スポーツ	2026-09-15T20:47:00+09:00	datetime-tz	bare			2026-09-25	date	quoted	1	before						true			2026-09	
content/posts/20260915-spogomi-seishonenkan-2026.md	ja	/posts/spogomi-seishonenkan-2026/	【浦安市】青少年館で「スポGOMI」10月18日開催	子育て・教育	子育て・教育	2026-09-15T20:47:00+09:00	datetime-tz	bare			2026-10-18	date	quoted	1	before						true			2026-09	
content/posts/20260915-urayasu-criterium-2026-entry.md	ja	/posts/urayasu-criterium-2026-entry/	【浦安市】第3回浦安クリテリウム、11月28日開催へ	スポーツ	スポーツ	2026-09-15T20:47:00+09:00	datetime-tz	bare	2026-09-30T19:21:00+09:00	datetime-tz	2026-11-28	date	quoted	1	before						true			2026-09	
content/posts/20260915-urayasu-kindergarten-2027-entry.md	ja	/posts/urayasu-kindergarten-2027-entry/	【浦安市】2027年度の市立幼稚園・認定こども園募集	子育て・教育	子育て・教育	2026-09-15T20:47:00+09:00	datetime-tz	bare																2026-09	
content/posts/20260916-artgrace-urayasu-fireworks-buffet-2026.md	ja	/posts/artgrace-urayasu-fireworks-buffet-2026/	【浦安市】花火大会をチャペルから鑑賞｜アートグレイスで限定ブッフェ	イベント	イベント	2026-09-16T18:59:00+09:00	datetime-tz	bare			2026-10-17	date	quoted	1	before						true			2026-09	
content/posts/20260916-maihama-first-resort-christmas-dinner-buffet-2026.md	ja	/posts/maihama-first-resort-christmas-dinner-buffet-2026/	【浦安】ファーストリゾートでクリスマスディナービュッフェ｜12月開催	グルメ・カフェ	グルメ・カフェ	2026-09-16T18:57:00+09:00	datetime-tz	bare								2026-12-04|2026-12-05|2026-12-06|2026-12-11|2026-12-12|2026-12-13|2026-12-18|2026-12-19|2026-12-20|2026-12-21|2026-12-22|2026-12-23|2026-12-24|2026-12-25	array-gapped	before			true			2026-09	
content/posts/20260916-tozai-line-myoden-overhead-wire-20260915.md	ja	/posts/tozai-line-myoden-overhead-wire-20260915/	【浦安】東西線の長時間運転見合わせ、妙典付近の架線断線が原因か	ニュース	ニュース	2026-09-16T18:55:00+09:00	datetime-tz	bare																	
content/posts/20260916-urayasu-conditioning-lab-open.md	ja	/posts/urayasu-conditioning-lab-open/	【浦安】猫実に「浦安コンディショニングラボ」がオープン｜整体×ピラティス	開店・閉店	開店・閉店	2026-09-16T18:56:00+09:00	datetime-tz	bare			2026-07-02	date	quoted	1	after						true			2026-09	
content/posts/20260917-fly-for-all-chiba-urayasu-2026.md	ja	/posts/fly-for-all-chiba-urayasu-2026/	【浦安市】空にニコちゃん　スマイルフライト再候補日発表	イベント	イベント	2026-09-17T19:53:00+09:00	datetime-tz	bare	2026-09-26T20:48:00+09:00	datetime-tz															
content/posts/20260917-hotel-okura-tokyo-bay-christmas-room-2026.md	ja	/posts/hotel-okura-tokyo-bay-christmas-room-2026/	【浦安】ホテルオークラ東京ベイ、クリスマス特別客室を販売	お知らせ	お知らせ	2026-09-17T19:53:00+09:00	datetime-tz	bare			2026-11-06/2026-12-25	range	quoted	50	before						true			2026-09	
content/posts/20260917-shinurayasu-airport-limousine-bus-stop-change-2026.md	ja	/posts/shinurayasu-airport-limousine-bus-stop-change-2026/	【新浦安】空港リムジンバス乗り場、10月1日から北口Jへ	お知らせ	お知らせ	2026-09-17T19:00:00+09:00	datetime-tz	bare			2026-10-01	date	quoted	1	before						true			2026-09	
content/posts/20260917-ucenter-festival-2026.md	ja	/posts/ucenter-festival-2026/	【浦安市】Uセンター祭り2026が9月19日開催	イベント	イベント	2026-09-17T19:53:00+09:00	datetime-tz	bare			2026-09-19	date	quoted	1	before						true				
content/posts/20260918-grand-monday-autumn-festival-2026.md	ja	/posts/grand-monday-autumn-festival-2026/	【浦安】GRAND MONdayで秋イベント、10月31日まで	イベント	イベント	2026-09-18T18:49:00+09:00	datetime-tz	bare			2026-09-17/2026-10-31	range	quoted	45	during						true				
content/posts/20260918-shinurayasu-hinode-marche-20261003.md	ja	/posts/shinurayasu-hinode-marche-20261003/	【浦安】新浦安日の出マルシェ、10月3日開催	イベント	イベント	2026-09-18T18:49:00+09:00	datetime-tz	bare			2026-10-03	date	quoted	1	before						true				
content/posts/20260919-minamigyotoku-koppepan-close-2026.md	ja	/posts/minamigyotoku-koppepan-close-2026/	【行徳】南行徳駅「焼きたてコッペ製パン」が9月27日閉店	開店・閉店	開店・閉店	2026-09-19T17:52:00+09:00	datetime-tz	bare			2026-09-27	date	quoted	1	before						true			2026-09	
content/posts/20260919-myoden-magical-bake-opening.md	ja	/posts/myoden-magical-bake-opening/	【妙典】「Magical Bake」が10月上旬出店予定か　求人で判明	開店・閉店	開店・閉店	2026-09-19T17:53:00+09:00	datetime-tz	bare																	
content/posts/20260919-urayasu-autumn-traffic-safety-2026.md	ja	/posts/urayasu-autumn-traffic-safety-2026/	【浦安市】秋の全国交通安全運動、9月21日から30日まで	お知らせ	お知らせ	2026-09-19T17:51:00+09:00	datetime-tz	bare			2026-09-21/2026-09-30	range	quoted	10	before						true				
content/posts/20260919-urayasu-d-rocks-preseason-free-invitation.md	ja	/posts/urayasu-d-rocks-preseason-free-invitation/	【浦安】D-Rocks、Dパーク5試合を抽選で無料招待	スポーツ	スポーツ	2026-09-19T17:50:00+09:00	datetime-tz	bare								2026-10-10|2026-10-17|2026-10-23|2026-11-21	array-gapped	before			true			2026-09	
content/posts/20260920-cultural-facility-reservation-0845.md	ja	/posts/cultural-facility-reservation-0845/	【浦安市】文化施設の随時予約、10月から午前8時45分開始	お知らせ	お知らせ	2026-09-20T17:58:00+09:00	datetime-tz	bare																2026-09	
content/posts/20260920-seishonenkan-climbing-2026.md	ja	/posts/seishonenkan-climbing-2026/	【浦安市】青少年館でクライミング体験、10月12日開催	子育て・教育	子育て・教育	2026-09-20T17:58:00+09:00	datetime-tz	bare			2026-10-12	date	quoted	1	before						true				
content/posts/20260920-sekachoco-gyotoku-open.md	ja	/posts/sekachoco-gyotoku-open/	【行徳】「世界一小さいチョコレート工場」出店予定か	開店・閉店	開店・閉店	2026-09-20T17:58:00+09:00	datetime-tz	bare																	
content/posts/20260920-urakko-matsuri-2026.md	ja	/posts/urakko-matsuri-2026/	【浦安市】第11回うらっこまつり、10月24・25日開催	イベント	イベント	2026-09-20T17:58:00+09:00	datetime-tz	bare			2026-10-24/2026-10-25	range	quoted	2	before						true				
content/posts/20260921-akemi-no-oka-matsuri-2026.md	ja	/posts/akemi-no-oka-matsuri-2026/	【浦安市】「明海の丘まつり」10月10日開催、今年で20周年	イベント	イベント	2026-09-21T21:31:00+09:00	datetime-tz	bare			2026-10-10	date	quoted	1	before						true			2026-09	
content/posts/20260921-briobecca-yscc-20260920.md	ja	/posts/briobecca-yscc-20260920/	【浦安市】ブリオベッカ浦安・市川、YS横浜に2－5で敗戦	スポーツ	スポーツ	2026-09-21T21:35:00+09:00	datetime-tz	bare			2026-09-20	date	quoted	1	after						true				
content/posts/20260921-gyotoku-weir-open-20260921.md	ja	/posts/gyotoku-weir-open-20260921/	【行徳】大雨で行徳可動堰を9月21日に開放、市川市が注意呼びかけ	ニュース	ニュース	2026-09-21T21:33:00+09:00	datetime-tz	bare																	
content/posts/20260921-las-bonitas-regular-season-first-202609.md	ja	/posts/las-bonitas-regular-season-first-202609/	【浦安市】ラス・ボニータスが無敗でレギュラーシーズン1位	スポーツ	スポーツ	2026-09-21T21:34:00+09:00	datetime-tz	bare			2026-09-20	date	quoted	1	after						true				
content/posts/20260921-otakaraya-urayasu-open-202609.md	ja	/posts/otakaraya-urayasu-open-202609/	【浦安】当代島に「おたからや浦安店」9月21日オープン	開店・閉店	開店・閉店	2026-09-21T21:30:00+09:00	datetime-tz	bare																2026-09	
content/posts/20260921-urayasu-typhoon25-facilities-keiro-20260921.md	ja	/posts/urayasu-typhoon25-facilities-keiro-20260921/	【浦安市】台風25号で敬老会延期、公共施設9施設も休止	お知らせ	お知らせ	2026-09-21T21:32:00+09:00	datetime-tz	bare																	
content/posts/20260922-ikspiari-poeme-popup-2026.md	ja	/posts/ikspiari-poeme-popup-2026/	【浦安】イクスピアリに「母恵夢」期間限定出店	開店・閉店	開店・閉店	2026-09-22T16:57:00+09:00	datetime-tz	bare			2026-09-28/2026-10-15	range	quoted	18	before						true				
content/posts/20260922-newcoast-kids-events-september-2026.md	ja	/posts/newcoast-kids-events-september-2026/	【浦安】ニューコーストで子ども向け2イベント	イベント	イベント	2026-09-22T16:57:00+09:00	datetime-tz	bare								2026-09-26|2026-09-27	array-consecutive	before			true				
content/posts/20260922-socola-minami-gyotoku-pan-dorobou-2026.md	ja	/posts/socola-minami-gyotoku-pan-dorobou-2026/	【行徳】SOCOLA南行徳に「パンどろぼう」10/11登場	イベント	イベント	2026-09-22T16:57:00+09:00	datetime-tz	bare			2026-10-11	date	quoted	1	before						true				
content/posts/20260923-prismnext-mihama-1st-anniversary.md	ja	/posts/prismnext-mihama-1st-anniversary/	【浦安】プリズムネクスト美浜3丁目が開業1周年	ニュース	ニュース	2026-09-23T18:50:00+09:00	datetime-tz	bare																	
content/posts/20260923-tds-bring-the-rhythm-2027.md	ja	/posts/tds-bring-the-rhythm-2027/	【浦安】「ブリング・ザ・リズム！」2027年秋スタート	ニュース	ニュース	2026-09-23T18:50:00+09:00	datetime-tz	bare	2026-10-04	date															
content/posts/20260923-wave101-senior-exercise-special-2026.md	ja	/posts/wave101-senior-exercise-special-2026/	【浦安市】Wave101でシニアエクササイズ、9月30日開催	イベント	イベント	2026-09-23T18:50:00+09:00	datetime-tz	bare			2026-09-30	date	quoted	1	before						true			2026-09	
content/posts/20260924-bardral-urayasu-segundo-opa-20260923.md	ja	/posts/bardral-urayasu-segundo-opa-20260923/	【浦安市】バルドラール浦安セグンド、オーパと1-1	スポーツ	スポーツ	2026-09-24T22:03:00+09:00	datetime-tz	bare			2026-09-23	date	quoted	1	after						true				
content/posts/20260924-baycity-urayasu-autumn-festival-2026.md	ja	/posts/baycity-urayasu-autumn-festival-2026/	【浦安市】ベイシティ浦安秋祭り、9月26日開催	イベント	イベント	2026-09-24T22:03:00+09:00	datetime-tz	bare			2026-09-26	date	quoted	1	before						true				
content/posts/20260924-gnome-de-taber-nekozane-relocation.md	ja	/posts/gnome-de-taber-nekozane-relocation/	【浦安】GNOME de TABER・肉じるや5が猫実へ移転	開店・閉店	開店・閉店	2026-09-24T22:03:00+09:00	datetime-tz	bare			2026-10-01	date	quoted	1	before						true				
content/posts/20260924-hokushinzushi-minamigyotoku-open.md	ja	/posts/hokushinzushi-minamigyotoku-open/	【行徳】北辰鮨 南行徳店が9月30日オープン予定	開店・閉店	開店・閉店	2026-09-24T22:03:00+09:00	datetime-tz	bare			2026-09-30	date	quoted	1	before						true				
content/posts/20260924-urayasu-convenience-certificate-suspension-202610.md	ja	/posts/urayasu-convenience-certificate-suspension-202610/	【浦安市】コンビニ証明書交付、10月23日夕方から一時停止	お知らせ	お知らせ	2026-09-24T22:03:00+09:00	datetime-tz	bare			2026-10-23/2026-10-25	range	quoted	3	before						true				
content/posts/20260925-urayasu-horie-bridge-plan-2026.md	ja	/posts/urayasu-horie-bridge-plan-2026/	【浦安】旧江戸川「堀江橋」計画、現在地を確認	ニュース	ニュース	2026-09-25T18:22:00+09:00	datetime-tz	bare																2026-09	
content/posts/20260925-urayasu-junior-fire-corps-national-third-2026.md	ja	/posts/urayasu-junior-fire-corps-national-third-2026/	【浦安市】少年消防団が全国大会で3位	ニュース	ニュース	2026-09-25T18:21:00+09:00	datetime-tz	bare																	
content/posts/20260925-urayasu-kominkan-reservation-rules-20260925.md	ja	/posts/urayasu-kominkan-reservation-rules-20260925/	【浦安市】公民館予約、9月25日からルール変更	お知らせ	お知らせ	2026-09-25T18:20:00+09:00	datetime-tz	bare																2026-09	
content/posts/20260925-well-pilates-urayasu-open-202611.md	ja	/posts/well-pilates-urayasu-open-202611/	【浦安】WELL PILATESが11月出店予定か	開店・閉店	開店・閉店	2026-09-25T18:18:00+09:00	datetime-tz	bare																2026-09	
content/posts/20260925-yamazaki-shop-shimamura-close-202609.md	ja	/posts/yamazaki-shop-shimamura-close-202609/	【浦安】創業100年超の「ヤマザキショップ島村」が9月末閉店へ	開店・閉店	開店・閉店	2026-09-25T22:44:00+09:00	datetime-tz	bare																2026-09	
content/posts/20260926-aloha-urayasu-2026.md	ja	/posts/aloha-urayasu-2026/	【浦安市】Aloha! URAYASU 2026、新浦安で9月26・27日開催	イベント	イベント	2026-09-26T20:45:00+09:00	datetime-tz	bare	2026-10-04	date	2026-09-26/2026-09-27	range	quoted	2	during						true				
content/posts/20260926-boku-ga-ikiteru-futatsu-no-sekai-urayasu.md	ja	/posts/boku-ga-ikiteru-futatsu-no-sekai-urayasu/	【浦安市】映画「ぼくが生きてる、ふたつの世界」バリアフリー上映会	イベント	イベント	2026-09-26T20:47:00+09:00	datetime-tz	bare			2026-09-26	date	quoted	1	during						true				
content/posts/20260926-briobecca-jlease-20260926.md	ja	/posts/briobecca-jlease-20260926/	【浦安】ブリオベッカ、ジェイリースFCに0-2で敗戦	スポーツ	スポーツ	2026-09-26T20:50:00+09:00	datetime-tz	bare			2026-09-26	date	quoted	1	during						true				
content/posts/20260926-resort-walk-canceled-2026.md	ja	/posts/resort-walk-canceled-2026/	【浦安市】9月26日の「海と夕日を望むリゾートウオーク」中止	イベント	イベント	2026-09-26T20:46:00+09:00	datetime-tz	bare			2026-09-26	date	quoted	1	during						true				
content/posts/20260926-tomioka-autumn-festival-2026.md	ja	/posts/tomioka-autumn-festival-2026/	【浦安】富岡秋祭り、9月26日に中央公園で開催	イベント	イベント	2026-09-26T20:49:00+09:00	datetime-tz	bare			2026-09-26	date	quoted	1	during						true				
content/posts/20260926-urayasu-school-club-regional-transition-leifras.md	ja	/posts/urayasu-school-club-regional-transition-leifras/	【浦安市】中学校の部活動地域展開、リーフラスが事業受託	子育て・教育	子育て・教育	2026-09-26T20:44:00+09:00	datetime-tz	bare																	
content/posts/20260927-bardral-urayasu-shonan-win-20260926.md	ja	/posts/bardral-urayasu-shonan-win-20260926/	【浦安】バルドラール浦安が湘南に3-2勝利、リーグ3連勝	スポーツ	スポーツ	2026-09-27T19:46:00+09:00	datetime-tz	bare			2026-09-26	date	quoted	1	after						true				
content/posts/20260927-furusato-urayasu-works-2026.md	ja	/posts/furusato-urayasu-works-2026/	【浦安市】「ふるさと浦安作品展」11月7日まで開催	子育て・教育	子育て・教育	2026-09-27T19:46:00+09:00	datetime-tz	bare								2026-09-26/2026-09-27|2026-10-01/2026-10-04|2026-10-06/2026-10-12|2026-10-15/2026-10-18|2026-10-20/2026-10-25|2026-10-27/2026-10-29|2026-10-31/2026-11-01|2026-11-03|2026-11-05/2026-11-07	array-invalid(range|range|range|range|range|range|range|date|range)	before			true				
content/posts/20260927-marine-festival-2026.md	ja	/posts/marine-festival-2026/	【浦安】「マリンフェスティバル2026」10月11日開催	イベント	イベント	2026-09-27T19:46:00+09:00	datetime-tz	bare			2026-10-11	date	quoted	1	before						true				
content/posts/20260927-water-bill-discount-extension-2026.md	ja	/posts/water-bill-discount-extension-2026/	【浦安市】水道料金20％減額、延長手続きは9月30日まで	お知らせ	お知らせ	2026-09-27T19:46:00+09:00	datetime-tz	bare																2026-09	
content/posts/20260927-yamada-jhs-urayasu-market-2026.md	ja	/posts/yamada-jhs-urayasu-market-2026/	【浦安】山田中学校が9月30日に「浦安マーケット」開催予定	イベント	イベント	2026-09-27T19:46:00+09:00	datetime-tz	bare			2026-09-30	date	quoted	1	before						true				
content/posts/20260928-tatsumi-yuto-concert-urayasu-20261009.md	ja	/posts/tatsumi-yuto-concert-urayasu-20261009/	【浦安市】辰巳ゆうとコンサート、10月9日文化会館で開催	イベント	イベント	2026-09-28T19:02:00+09:00	datetime-tz	bare			2026-10-09	date	quoted	1	before						true			2026-09	
content/posts/20260928-yakushima-izakaya-temporary-closure.md	ja	/posts/yakushima-izakaya-temporary-closure/	【浦安】北栄の「居酒屋 屋久島」が臨時休業　再開は改めて案内	開店・閉店	開店・閉店	2026-09-28T20:43:00+09:00	datetime-tz	bare																	
content/posts/20260928-zen-place-pilates-urayasu-open-20261001.md	ja	/posts/zen-place-pilates-urayasu-open-20261001/	【浦安】zen place pilatesが10月1日オープン	開店・閉店	開店・閉店	2026-09-28T19:02:00+09:00	datetime-tz	bare			2026-10-01	date	quoted	1	before						true				
content/posts/20260929-atre-shinurayasu-yanaka-fukumaru-202610.md	ja	/posts/atre-shinurayasu-yanaka-fukumaru-202610/	【浦安】アトレ新浦安に谷中福丸饅頭、10月1日から限定出店	開店・閉店	開店・閉店	2026-09-29T20:16:00+09:00	datetime-tz	bare			2026-10-01/2026-10-07	range	quoted	7	before						true				
content/posts/20260929-ikspiari-fint-open-20261022.md	ja	/posts/ikspiari-fint-open-20261022/	【浦安】イクスピアリに「フィント」10月22日オープン	開店・閉店	開店・閉店	2026-09-29T20:16:00+09:00	datetime-tz	bare			2026-10-22	date	quoted	1	before						true				
content/posts/20260929-ikspiari-saisai-maratan-open-20261019.md	ja	/posts/ikspiari-saisai-maratan-open-20261019/	【浦安】イクスピアリに菜菜麻辣湯、10月19日オープン	開店・閉店	開店・閉店	2026-09-29T20:16:00+09:00	datetime-tz	bare			2026-10-19	date	quoted	1	before						true			2026-09	
content/posts/20260929-urayasu-d-park-bosai-fes-20261018.md	ja	/posts/urayasu-d-park-bosai-fes-20261018/	【浦安市】Dパークで親子向け防災フェス、10月18日開催	イベント	イベント	2026-09-29T20:16:00+09:00	datetime-tz	bare			2026-10-18	date	quoted	1	before						true			2026-09	
content/posts/20260929-urayasu-d-park-fireworks-viewing-20261017.md	ja	/posts/urayasu-d-park-fireworks-viewing-20261017/	【浦安】Dパークで10月17日に花火観覧企画、入場条件も	イベント	イベント	2026-09-29T20:16:00+09:00	datetime-tz	bare			2026-10-17	date	quoted	1	before						true			2026-09	
content/posts/20260930-briobecca-public-viewing-aeon-shinurayasu-2026.md	ja	/posts/briobecca-public-viewing-aeon-shinurayasu-2026/	【新浦安】ブリオベッカPV、10月4日・11月8日開催	スポーツ	スポーツ	2026-09-30T19:21:00+09:00	datetime-tz	bare								2026-10-04|2026-11-08	array-gapped	before			true				
content/posts/20260930-myoden-cpla-opening-2026.md	ja	/posts/myoden-cpla-opening-2026/	【妙典】「#C-pla」10月下旬出店予定か　求人で判明	開店・閉店	開店・閉店	2026-09-30T19:21:00+09:00	datetime-tz	bare																2026-09	
content/posts/20260930-urayasu-geidai-balloon-dome-2026.md	ja	/posts/urayasu-geidai-balloon-dome-2026/	【浦安市】巨大バルーンドーム制作、11月7日開催	イベント	イベント	2026-09-30T19:21:00+09:00	datetime-tz	bare			2026-11-07	date	quoted	1	before						true				
content/posts/20260930-urayasu-mori-trip-2026.md	ja	/posts/urayasu-mori-trip-2026/	【浦安市】1泊2日「森とりっぷ」11月14・15日開催	イベント	イベント	2026-09-30T19:21:00+09:00	datetime-tz	bare			2026-11-14/2026-11-15	range	quoted	2	before						true				
content/posts/20260930-urayasu-second-book-2026.md	ja	/posts/urayasu-second-book-2026/	【浦安市】3歳児へ絵本「セカンドブック」10月14日開始	子育て・教育	子育て・教育	2026-09-30T19:21:00+09:00	datetime-tz	bare			2026-10-14	date	quoted	1	before						true			2026-09	
content/posts/20260930-urayasu-typhoon26-20260930.md	ja	/posts/urayasu-typhoon26-20260930/	【浦安市】台風26号接近へ　10月1日明け方に注意	お知らせ	お知らせ	2026-09-30T19:21:00+09:00	datetime-tz	bare																	
content/posts/20261001-ikspiari-halloween-piari-gacha-2026.md	ja	/posts/ikspiari-halloween-piari-gacha-2026/	【浦安】イクスピアリで巨大ガチャ＆ハロウィーン企画、10月23日から	イベント	イベント	2026-10-01T18:37:00+09:00	datetime-tz	bare			2026-10-23/2026-10-31	range	quoted	9	before						true			2026-10	
content/posts/20261001-ikspiari-sweets-limited-shops-october-2026.md	ja	/posts/ikspiari-sweets-limited-shops-october-2026/	【浦安】イクスピアリに限定スイーツ4店、10月1日から出店	開店・閉店	開店・閉店	2026-10-01T19:00:00+09:00	datetime-tz	bare								2026-10-01/2026-10-15|2026-10-01/2026-10-31	array-invalid(range|range)				true			2026-10	
content/posts/20261001-urayasu-childcare-support-center-relocation-2026.md	ja	/posts/urayasu-childcare-support-center-relocation-2026/	【浦安市】子育て支援センター、10月1日から健康センターへ一時移転	子育て・教育	子育て・教育	2026-10-01T18:39:00+09:00	datetime-tz	bare																2026-10	
content/posts/20261001-urayasu-geidai-silent-voices-workshop-2026.md	ja	/posts/urayasu-geidai-silent-voices-workshop-2026/	【浦安市】浦安藝大の音のワークショップ、11月1日に開催	イベント	イベント	2026-10-01T18:41:00+09:00	datetime-tz	bare			2026-11-01	date	quoted	1	before						true			2026-10	
content/posts/20261001-urayasu-school-entrance-grant-2027.md	ja	/posts/urayasu-school-entrance-grant-2027/	【浦安市】入学準備金の申請は10月23日まで、新小・中学1年生が対象	子育て・教育	子育て・教育	2026-10-01T18:38:00+09:00	datetime-tz	bare																2026-10	
content/posts/20261001-urayasu-sports-fair-2026.md	ja	/posts/urayasu-sports-fair-2026/	【浦安市】浦安スポーツフェア2026、10月11日に運動公園で開催	イベント	イベント	2026-10-01T18:40:00+09:00	datetime-tz	bare			2026-10-11	date	quoted	1	before						true			2026-10	
content/posts/20261002-kissa-sakura-urayasu-renewal-2026.md	ja	/posts/kissa-sakura-urayasu-renewal-2026/	【浦安】北栄の「喫茶さくら」が一時休業　年内リニューアル予定	開店・閉店	開店・閉店	2026-10-02T23:01:00+09:00	datetime-tz	quoted																2026-10	
content/posts/20261002-shinura-music-festival-autumn-2026.md	ja	/posts/shinura-music-festival-autumn-2026/	【浦安市】しんうら音楽文化祭、10月10日にイオン新浦安で開催	イベント	イベント	2026-10-02T18:01:00+09:00	datetime-tz	quoted			2026-10-10	date	quoted	1	before						true			2026-10	
content/posts/20261002-shinurayasu-illumination-2026.md	ja	/posts/shinurayasu-illumination-2026/	【浦安市】新浦安駅前で3万球のイルミネーション、11月6日から点灯	イベント	イベント	2026-10-02T18:02:00+09:00	datetime-tz	quoted			2026-11-06/2027-02-27	range	quoted	114	before						true			2026-10	
content/posts/20261002-urayasu-d-rocks-national-stadium-invitation.md	ja	/posts/urayasu-d-rocks-national-stadium-invitation/	【浦安】D-Rocks、国立競技場の2試合に3万人を抽選で無料招待	スポーツ	スポーツ	2026-10-02T18:05:00+09:00	datetime-tz	quoted								2027-01-22|2027-02-05	array-gapped	before			true			2026-10	
content/posts/20261002-urayasu-indonesia-day-2026.md	ja	/posts/urayasu-indonesia-day-2026/	【浦安市】インドネシアDay、11月8日に新浦安で開催	イベント	イベント	2026-10-02T18:04:00+09:00	datetime-tz	quoted			2026-11-08	date	quoted	1	before						true			2026-10	
content/posts/20261002-urayasu-javascript-game-workshop.md	ja	/posts/urayasu-javascript-game-workshop/	【浦安市】小中学生向けゲーム制作講座、11月15日に青少年館で開催	子育て・教育	子育て・教育	2026-10-02T18:03:00+09:00	datetime-tz	quoted			2026-11-15	date	quoted	1	before						true			2026-10	
content/posts/20261003-bardral-urayasu-tachikawa-result-20261002.md	ja	/posts/bardral-urayasu-tachikawa-result-20261002/	【浦安】バルドラール浦安、立川戦は1-1の引き分け	スポーツ	スポーツ	2026-10-03T18:05:00+09:00	datetime-tz	quoted																2026-10	
content/posts/20261003-gyotoku-machibar-october-2026.md	ja	/posts/gyotoku-machibar-october-2026/	【行徳】31店舗が参加！行徳街バルが10月8・9日に開催	イベント	イベント	2026-10-03T18:03:00+09:00	datetime-tz	quoted	2026-10-04	date	2026-10-08/2026-10-09	range	quoted	2	before						true			2026-10	
content/posts/20261003-urayasu-early-infertility-test-subsidy-2026.md	ja	/posts/urayasu-early-infertility-test-subsidy-2026/	【浦安市】不妊検査費を最大5万円助成、10月から新制度	子育て・教育	子育て・教育	2026-10-03T18:00:00+09:00	datetime-tz	quoted																2026-10	
content/posts/20261003-urayasu-todaijima-community-center-closure-2026.md	ja	/posts/urayasu-todaijima-community-center-closure-2026/	【浦安市】当代島公民館が長期休館、図書館分館と避難所にも影響	お知らせ	お知らせ	2026-10-03T18:02:00+09:00	datetime-tz	quoted																2026-10	
content/posts/20261003-urayasu-tv-interference-november-2026.md	ja	/posts/urayasu-tv-interference-november-2026/	【浦安市】11月19日からテレビ受信障害の可能性、市内のほぼ全域が対象	お知らせ	お知らせ	2026-10-03T18:01:00+09:00	datetime-tz	quoted			2026-11-19	date	quoted	1	before						true			2026-10	
content/posts/20261004-briobecca-okinawa-sv-first-win-20261004.md	ja	/posts/briobecca-okinawa-sv-first-win-20261004/	【浦安】ブリオベッカ浦安・市川、沖縄SVに2-0で勝利！リーグ戦初白星	スポーツ	スポーツ	2026-10-04T21:59:00+09:00	datetime-tz	quoted																2026-10	
content/posts/20261004-urayasu-fire-prevention-poster-exhibition-2026.md	ja	/posts/urayasu-fire-prevention-poster-exhibition-2026/	【浦安市】小中学生535作品の防火ポスター展、消防庁舎で10月16日まで	子育て・教育	子育て・教育	2026-10-04T21:53:00+09:00	datetime-tz	quoted	2026-10-05	date	2026-10-04/2026-10-16	range	quoted	13	during						true			2026-10	
content/posts/20261004-urayasu-geidai-bekappo-workshop-2026.md	ja	/posts/urayasu-geidai-bekappo-workshop-2026/	【浦安市】べか舟の帆をつくる親子向けアート体験、10月25日・11月3日開催	イベント	イベント	2026-10-04T21:54:00+09:00	datetime-tz	quoted								2026-10-25|2026-11-03	array-gapped	before			true			2026-10	
content/posts/5-5（火・祝）あつまれ！うんどう公園-gwスペシャルday.md	ja	/posts/5-5火祝あつまれうんどう公園-gwスペシャルday/	5/5（火・祝）あつまれ！うんどう公園 GWスペシャルDAY！プール無料開放・キッチンカーも【浦安市運動公園】	イベント	イベント	2026-04-29T22:00:00+09:00	datetime-tz	bare			2026-05-05	date	quoted	1	before						true				
content/posts/_index.en.md	en	/en/posts/	Maihama & Urayasu Topics																						
content/posts/_index.md	ja	/posts/	記事一覧																						
content/posts/_index.zh-tw.md	zh-tw	/zh-tw/posts/	舞濱·浦安 最新情報																						
content/posts/d-rocks-d1-survival-2026.md	ja	/posts/d-rocks-d1-survival-2026/	【浦安市】浦安D-Rocks、入替戦2連勝でD1残留確定！石井魁が4トライの活躍	スポーツ	スポーツ	2026-05-31T07:00:00+09:00	datetime-tz	bare			2026-05-30	date	quoted	1	after						true				
content/posts/gigoイオン新浦安に限定プライズ　全国同日スター.md	ja	/posts/gigoイオン新浦安に限定プライズ-全国同日スター/	GiGOイオン新浦安に限定プライズ　全国同日スタート	お知らせ	お知らせ	2025-06-28T06:35:29+09:00	datetime-tz	bare																	
content/posts/jfl第12節でブリオベッカ浦安・市川がレイラック滋.md	ja	/posts/jfl第12節でブリオベッカ浦安市川がレイラック滋/	JFL第12節でブリオベッカ浦安・市川がレイラック滋賀と1-1で引き分け	スポーツ	スポーツ	2025-06-21T17:02:49+09:00	datetime-tz	bare																	
content/posts/jr新浦安駅前で自転車盗難防止キャンペーン　学生.md	ja	/posts/jr新浦安駅前で自転車盗難防止キャンペーン-学生/	JR新浦安駅前で自転車盗難防止キャンペーン　学生らが呼びかけ	お知らせ	お知らせ	2025-06-11T22:36:59+09:00	datetime-tz	bare																	
content/posts/keiyo-gas-classimo-stadium-urayasu.md	ja	/posts/keiyo-gas-classimo-stadium-urayasu/	【浦安市】運動公園野球場の新愛称は「京葉ガス クラシモスタジアム浦安」6月1日から	お知らせ	お知らせ	2026-05-27T07:00:00+09:00	datetime-tz	bare			2026-06-01	date	quoted	1	before						true				
content/posts/keiyogas-classimo-stadium-urayasu.md	ja	/posts/keiyogas-classimo-stadium-urayasu/	【浦安市】運動公園野球場が「京葉ガス クラシモスタジアム浦安」に——5月27日に命名式	ニュース	ニュース	2026-05-31T07:00:00+09:00	datetime-tz	bare																	
content/posts/kodomo-janken-taikai-2026.md	ja	/posts/kodomo-janken-taikai-2026/	6月6日・7日、浦安駅前でこどもじゃんけん大会が開催！テーマパークチケットが当たるかも	イベント	イベント|子育て・教育	2026-05-26T07:00:00+09:00	datetime-tz	bare								2026-06-06|2026-06-07	array-consecutive	before							
content/posts/maihama-view-hotel-kids-park.md	ja	/posts/maihama-view-hotel-kids-park/	【浦安市舞浜】舞浜ビューホテル by HULICに夏季限定キッズパーク「ウミエール」8月1日オープン	お知らせ	お知らせ	2026-05-27T07:00:00+09:00	datetime-tz	bare			2026-08-01	date	quoted	1	before						true				
content/posts/mona新浦安で夏セール「mona-hot-bargain」開始　最大70％off.md	ja	/posts/mona新浦安で夏セールmona-hot-bargain開始-最大70off/	MONA新浦安で夏セール「MONA Hot Bargain」開始　最大70％OFF	イベント	イベント	2025-06-21T16:54:19+09:00	datetime-tz	bare																	
content/posts/rocks-fes-2025が浦安dパークで開催.md	ja	/posts/rocks-fes-2025が浦安dパークで開催/	Rocks Fes 2025が浦安Dパークで開催	イベント	イベント	2025-06-02T22:40:04+09:00	datetime-tz	bare																	
content/posts/salon-de-sweets（イクスピアリ内）で「ストロベリーフェア.md	ja	/posts/salon-de-sweetsイクスピアリ内でストロベリーフェア/	Salon de Sweets（イクスピアリ内）で「ストロベリーフェア」開催中	グルメ・カフェ	グルメ・カフェ	2025-06-06T12:53:00+09:00	datetime-tz	bare																	
content/posts/tokyo-bay-maihama-hotel-hokkaido-buffet-2026.md	ja	/posts/tokyo-bay-maihama-hotel-hokkaido-buffet-2026/	開業40周年記念！東京ベイ舞浜ホテル ファーストリゾートで「北海道ディナービュッフェ」開催【浦安・舞浜】	グルメ・カフェ	グルメ・カフェ	2026-05-23T07:00:00+09:00	datetime-tz	bare			2026-07-17	date	quoted	1	before						true				
content/posts/tsutaya浦安さくら通り店が7月6日で閉店、6月14日から閉.md	ja	/posts/tsutaya浦安さくら通り店が7月6日で閉店6月14日から閉/	TSUTAYA浦安さくら通り店が7月6日で閉店、6月14日から閉店セール	開店・閉店	開店・閉店	2025-06-11T22:48:00+09:00	datetime-tz	bare																	
content/posts/urayasu-100en-shoten-gai-11.md	ja	/posts/urayasu-100en-shoten-gai-11/	第11回 浦安百縁商店街が6/6（土）・7（日）開催、浦安駅周辺が歩行者天国に	イベント	イベント	2026-05-20T07:00:00+09:00	datetime-tz	bare								2026-06-06|2026-06-07	array-consecutive	before							
content/posts/urayasu-omocha-yuenchi-2026.md	ja	/posts/urayasu-omocha-yuenchi-2026/	ドローンにボードゲームも！「浦安おもちゃゆうえんち2026」5月23日（土）開催【浦安】	イベント	イベント	2026-05-23T07:00:00+09:00	datetime-tz	bare			2026-05-23	date	quoted	1	during						true				
content/posts/urayasu-station-new-open-2026.md	ja	/posts/urayasu-station-new-open-2026/	【浦安市】浦安駅周辺で続々ニューオープン予定！2026年6〜7月に注目の新店まとめ	開店・閉店	開店・閉店	2026-05-29T07:00:00+09:00	datetime-tz	bare																	
content/posts/wanpaku-sumo-urayasu-2026.md	ja	/posts/wanpaku-sumo-urayasu-2026/	第38回わんぱく相撲浦安場所が5月9日に開催されました【バルドラール浦安アリーナ】	スポーツ	スポーツ|イベント	2026-05-12T07:00:00+09:00	datetime-tz	bare								2026-05-09	array-1	after							
content/posts/wheelchair-basketball-3x3-court-open.md	ja	/posts/wheelchair-basketball-3x3-court-open/	浦安市に車いすバスケットボール3×3コートがオープン！誰でも無料で利用できます	スポーツ	スポーツ|お知らせ	2026-05-26T07:00:00+09:00	datetime-tz	bare			2026-05-01	date	quoted	1	after						true				
content/posts/「イオン新浦安ショッピングセンター」にサン.md	ja	/posts/イオン新浦安ショッピングセンターにサン/	 「イオン新浦安ショッピングセンター」にサンリオカフェワゴンがオープン	開店・閉店	開店・閉店	2025-07-05T07:00:00+09:00	datetime-tz	bare																	
content/posts/「イクスピアリサマー」今年も開催　水しぶきイ.md	ja	/posts/イクスピアリサマー今年も開催-水しぶきイ/	「イクスピアリサマー」今年も開催　水しぶきイベントを発表	お知らせ	お知らせ	2025-07-11T23:00:00+09:00	datetime-tz	bare																	
content/posts/「バーバーショップスタイルvagabonds」ライブ開催.md	ja	/posts/バーバーショップスタイルvagabondsライブ開催/	「バーバーショップスタイルVagabonds」ライブ開催	イベント	イベント	2025-06-10T00:44:52+09:00	datetime-tz	bare																	
content/posts/「中華料理-泰興」浦安駅高架下再開発で3月上旬に.md	ja	/posts/中華料理-泰興浦安駅高架下再開発で3月上旬に/	「中華料理 泰興」浦安駅高架下再開発で3月上旬に移転予定	開店・閉店	開店・閉店	2026-02-27T00:05:54+09:00	datetime-tz	bare																	
content/posts/「事故にあいませんように」浦安市の保育園児ら.md	ja	/posts/事故にあいませんように浦安市の保育園児ら/	「事故にあいませんように」浦安市の保育園児らが七夕飾りを地元警察署に寄贈	ニュース	ニュース	2025-07-04T07:00:00+09:00	datetime-tz	bare																	
content/posts/「子どもの邪魔をしない教育と、次の社会のため.md	ja	/posts/子どもの邪魔をしない教育と次の社会のため/	「子どもの邪魔をしない教育と、次の社会のためのヒント集」講演会開催	子育て・教育	子育て・教育	2025-06-10T00:41:32+09:00	datetime-tz	bare																	
content/posts/「浦安乗合屋形船」6月8日開催、夜景と旬の味覚を.md	ja	/posts/浦安乗合屋形船6月8日開催夜景と旬の味覚を/	「浦安乗合屋形船」6月8日開催、夜景と旬の味覚を楽しむ	イベント	イベント	2025-06-10T00:34:56+09:00	datetime-tz	bare																	
content/posts/【新浦安】アトレ新浦安1f食料品ゾーンが7月リニ.md	ja	/posts/新浦安アトレ新浦安1f食料品ゾーンが7月リニ/	【新浦安】アトレ新浦安1F食料品ゾーンが7月リニューアル｜クイーンズ伊勢丹など3店舗が新規オープン	開店・閉店	開店・閉店	2026-05-13T09:04:02+09:00	datetime-tz	bare																	
content/posts/【浦安d-rocks】4-24（金）秩父宮でfri-d-night開催！浦安市民優.md	ja	/posts/浦安d-rocks4-24金秩父宮でfri-d-night開催浦安市民優/	【浦安D-Rocks】4/24（金）秩父宮でFRI D-NIGHT開催！浦安市民優待あり	スポーツ	スポーツ	2026-04-23T06:12:35+09:00	datetime-tz	bare			2026-04-24	date	quoted	1	before						true				
content/posts/【浦安d-rocks】d1-d2入替戦への出場が決定　第2戦は5-30夢の.md	ja	/posts/浦安d-rocksd1-d2入替戦への出場が決定-第2戦は5-30夢の/	【浦安D-Rocks】D1/D2入替戦への出場が決定　第2戦は5/30夢の島競技場でホスト開催	スポーツ	スポーツ	2026-04-30T22:00:00+09:00	datetime-tz	bare			2026-05-30	date	quoted	1	before						true				
content/posts/【浦安d-rocks】第15節-横浜キヤノンイーグルス戦-15-33で敗.md	ja	/posts/浦安d-rocks第15節-横浜キヤノンイーグルス戦-15-33で敗/	【浦安D-Rocks】第15節 横浜キヤノンイーグルス戦 15-33で敗戦｜2025-26リーグワン	スポーツ	スポーツ	2026-04-21T00:48:52+09:00	datetime-tz	bare																	
content/posts/【浦安d-rocks】第16節-静岡ブルーレヴズ戦26−49で敗れ12連.md	ja	/posts/浦安d-rocks第16節-静岡ブルーレヴズ戦2649で敗れ12連/	【浦安D-Rocks】第16節 静岡ブルーレヴズ戦26−49で敗れ12連敗　次は5/1 埼玉WK戦	スポーツ	スポーツ	2026-04-27T05:56:35+09:00	datetime-tz	bare																	
content/posts/【浦安】d-rocks、最終節も勝利で入替戦へ｜対戦相手.md	ja	/posts/浦安d-rocks最終節も勝利で入替戦へ対戦相手/	【浦安】D-Rocks、最終節も勝利で入替戦へ｜対戦相手は清水建設江東ブルーシャークス	スポーツ	スポーツ	2026-05-11T07:00:00+09:00	datetime-tz	bare								2026-05-10|2026-05-23|2026-05-30	array-gapped	during							
content/posts/【浦安】「grand-monday-resort-東京ベイ舞浜」7月18日グランドオ.md	ja	/posts/浦安grand-monday-resort-東京ベイ舞浜7月18日グランドオ/	【浦安】「GRAND MONday Resort 東京ベイ舞浜」7月18日グランドオープン｜全室オーシャンフロント	開店・閉店	開店・閉店	2026-05-10T07:00:00+09:00	datetime-tz	bare																	
content/posts/【浦安】あつまれ！うんどう公園-gwスペシャルday｜5.md	ja	/posts/浦安あつまれうんどう公園-gwスペシャルday5/	【浦安】あつまれ！うんどう公園 GWスペシャルDAY｜5月5日(こどもの日)開催	イベント	イベント	2026-04-27T06:22:50+09:00	datetime-tz	bare			2026-05-05	date	quoted	1	before						true				
content/posts/【浦安】アトレ新浦安と浦安d-rocksが包括連携協定を.md	ja	/posts/浦安アトレ新浦安と浦安d-rocksが包括連携協定を/	【浦安】アトレ新浦安と浦安D-Rocksが包括連携協定を締結	お知らせ	お知らせ	2026-04-19T10:58:41+09:00	datetime-tz	bare																	
content/posts/【浦安】オムライス専門店「yellow-浦安」が2026年6月〜7.md	ja	/posts/浦安オムライス専門店yellow-浦安が2026年6月7/	【浦安】オムライス専門店「Yellow 浦安」が2026年6月〜7月オープン予定｜当代島	開店・閉店	開店・閉店	2026-04-29T03:22:43+09:00	datetime-tz	bare																	
content/posts/【浦安】ファミリーマート浦安富士見三丁目店が.md	ja	/posts/浦安ファミリーマート浦安富士見三丁目店が/	【浦安】ファミリーマート浦安富士見三丁目店が本日4/30（木）をもって閉店	開店・閉店	開店・閉店	2026-04-30T07:00:00+09:00	datetime-tz	bare			2026-04-30	date	quoted	1	during						true				
content/posts/【浦安】マクドナルド新浦安明海店が明海5丁目に.md	ja	/posts/浦安マクドナルド新浦安明海店が明海5丁目に/	【浦安】マクドナルド新浦安明海店が明海5丁目にオープン予定	開店・閉店	開店・閉店	2026-04-19T05:16:50+09:00	datetime-tz	bare	2026-05-31T00:00:00+09:00	datetime-tz												2026-06-30	2026-06-30		shopName
content/posts/【浦安】マーヴ浦安に「ら～めん-きんとうん」が6.md	ja	/posts/浦安マーヴ浦安にらめん-きんとうんが6/	【浦安】マーヴ浦安に「ら～めん きんとうん」が6月末オープン予定か	開店・閉店	開店・閉店	2026-05-12T07:00:00+09:00	datetime-tz	bare																	
content/posts/【浦安】リンツ-ショコラ-ブティックが北栄エリア.md	ja	/posts/浦安リンツ-ショコラ-ブティックが北栄エリア/	【浦安】リンツ ショコラ ブティックが北栄エリアに6月オープン予定か	開店・閉店	開店・閉店	2026-04-30T07:00:00+09:00	datetime-tz	bare																	
content/posts/【浦安】ローソンストア100浦安当代島店が本日4-30（.md	ja	/posts/浦安ローソンストア100浦安当代島店が本日4-30/	【浦安】ローソンストア100浦安当代島店が本日4/30（木）をもって閉店	開店・閉店	開店・閉店	2026-04-30T07:00:00+09:00	datetime-tz	bare			2026-04-30	date	quoted	1	during						true				
content/posts/【浦安】地元愛から生まれたクラフトビール「ウ.md	ja	/posts/浦安地元愛から生まれたクラフトビールウ/	【浦安】地元愛から生まれたクラフトビール「ウラヤスシエスタ」誕生	グルメ・カフェ	グルメ・カフェ	2026-05-06T07:00:00+09:00	datetime-tz	bare																	
content/posts/【浦安】堀江の久助稲荷神社で大祭、5月23日・24日.md	ja	/posts/浦安堀江の久助稲荷神社で大祭5月23日24日/	【浦安】堀江の久助稲荷神社で大祭、5月23日・24日開催予定	イベント	イベント	2026-05-02T07:00:00+09:00	datetime-tz	bare								2026-05-23|2026-05-24	array-consecutive	before							
content/posts/【浦安】境川にこいのぼり300匹が泳ぐ！5月5日まで.md	ja	/posts/浦安境川にこいのぼり300匹が泳ぐ5月5日まで/	【浦安】境川にこいのぼり300匹が泳ぐ！5月5日まで見頃です	イベント	イベント	2026-04-23T06:05:18+09:00	datetime-tz	bare			2026-05-05	date	quoted	1	before						true				
content/posts/【浦安】東野1丁目のクボタ研修施設跡地にシニア.md	ja	/posts/浦安東野1丁目のクボタ研修施設跡地にシニア/	【浦安】東野1丁目のクボタ研修施設跡地にシニア分譲マンション「デュオセーヌ新浦安」建設中	ニュース	ニュース	2026-04-29T03:22:07+09:00	datetime-tz	bare																	
content/posts/【浦安】浦マリ-マルシェ-4月29日水・祝開催｜千鳥-2.md	ja	/posts/浦安浦マリ-マルシェ-4月29日水祝開催千鳥-2/	【浦安】浦マリ マルシェ 4月29日(水・祝)開催｜千鳥・浦安マリーナ	イベント	イベント	2026-04-27T06:22:14+09:00	datetime-tz	bare			2026-04-29	date	quoted	1	before						true				
content/posts/【浦安】浦安d-rocks-official-brew-pubが祭醸造とコラボ開設.md	ja	/posts/浦安浦安d-rocks-official-brew-pubが祭醸造とコラボ開設/	【浦安】浦安D-Rocks Official Brew Pubが祭醸造とコラボ開設	スポーツ	スポーツ	2026-04-19T11:03:13+09:00	datetime-tz	bare																	
content/posts/【浦安】西友浦安店が5月31日に一時閉店、夏に「.md	ja	/posts/浦安西友浦安店が5月31日に一時閉店夏に/	【浦安】西友浦安店が5月31日に一時閉店、夏に「トライアル西友」へリニューアル	開店・閉店	開店・閉店	2026-05-02T07:00:00+09:00	datetime-tz	bare			2026-05-31	date	quoted	1	before						true				
content/posts/【浦安市】5-4・5（祝）「ふれあいフェスタ-みどり.md	ja	/posts/浦安市5-45祝ふれあいフェスタ-みどり/	【浦安市】5/4・5（祝）「ふれあいフェスタ みどりを楽しもう！」弁天ふれあいの森公園で開催	イベント	イベント	2026-05-02T07:00:00+09:00	datetime-tz	bare								2026-05-04|2026-05-05	array-consecutive	before							
content/posts/【浦安市】gw初日に浦安マリーナが一般開放！4-29祝.md	ja	/posts/浦安市gw初日に浦安マリーナが一般開放4-29祝/	【浦安市】GW初日に浦安マリーナが一般開放！4/29(祝)「浦マリ☆マルシェ」開催	イベント	イベント	2026-04-20T07:19:43+09:00	datetime-tz	bare			2026-04-29	date	quoted	1	before						true				
content/posts/【浦安市】mona新浦安2fにdenbaラウンジ4月25日オープン｜.md	ja	/posts/浦安市mona新浦安2fにdenbaラウンジ4月25日オープン/	【浦安市】MONA新浦安2FにDENBAラウンジ4月25日オープン｜リラクゼーション体験スペース	開店・閉店	開店・閉店	2026-04-24T07:16:17+09:00	datetime-tz	bare			2026-04-25	date	quoted	1	before						true				
content/posts/【浦安市】「うらやすの仲間たち」第2回アンサン.md	ja	/posts/浦安市うらやすの仲間たち第2回アンサン/	【浦安市】「うらやすの仲間たち」第2回アンサンブルコンサート、6月27日にJ:COM浦安音楽ホールで開催	イベント	イベント	2026-05-08T07:00:00+09:00	datetime-tz	bare			2026-06-27	date	quoted	1	before						true				
content/posts/【浦安市】「浦安乗合屋形船」2026年前期運航中｜2.md	ja	/posts/浦安市浦安乗合屋形船2026年前期運航中2/	【浦安市】「浦安乗合屋形船」2026年前期運航中｜2名から乗れる、お台場・葛西沖の2コース	イベント	イベント	2026-05-09T07:00:00+09:00	datetime-tz	bare																	
content/posts/【浦安市】イオン新浦安-ペデストリアンデッキで.md	ja	/posts/浦安市イオン新浦安-ペデストリアンデッキで/	【浦安市】イオン新浦安 ペデストリアンデッキでフリーマーケット 4/25・26開催	イベント	イベント	2026-04-21T00:47:34+09:00	datetime-tz	bare								2026-04-25|2026-04-26	array-consecutive	before							
content/posts/【浦安市】ブリオベッカ浦安のパブリックビュー.md	ja	/posts/浦安市ブリオベッカ浦安のパブリックビュー/	【浦安市】ブリオベッカ浦安のパブリックビューイング、5月17日（日）にイオン新浦安で開催	スポーツ	スポーツ	2026-05-11T07:00:00+09:00	datetime-tz	bare			2026-05-17	date	quoted	1	before						true				
content/posts/【浦安市】ブリオベッカ浦安・市川-5月2日土ホー.md	ja	/posts/浦安市ブリオベッカ浦安市川-5月2日土ホー/	【浦安市】ブリオベッカ浦安・市川 5月2日(土)ホームゲーム開催、無料チケットプレゼントあり	スポーツ	スポーツ	2026-04-24T23:54:25+09:00	datetime-tz	bare			2026-05-02	date	quoted	1	before						true				
content/posts/【浦安市】ブリオベッカ浦安・市川がホームで2-1.md	ja	/posts/浦安市ブリオベッカ浦安市川がホームで2-1/	【浦安市】ブリオベッカ浦安・市川がPK戦制しホームで勝利｜2026JFLカップ第6節	スポーツ	スポーツ	2026-05-08T07:00:00+09:00	datetime-tz	bare			2026-05-02	date	quoted	1	after						true				
content/posts/【浦安市】ブリオベッカ浦安・市川が天皇杯出場.md	ja	/posts/浦安市ブリオベッカ浦安市川が天皇杯出場/	【浦安市】ブリオベッカ浦安・市川が天皇杯出場決定！決勝でFC GRASION東葛に4-1快勝	スポーツ	スポーツ	2026-05-10T07:00:00+09:00	datetime-tz	bare			2026-05-10	date	quoted	1	during						true				
content/posts/【浦安市】ブリオベッカ浦安・市川が天皇杯千葉.md	ja	/posts/浦安市ブリオベッカ浦安市川が天皇杯千葉/	【浦安市】ブリオベッカ浦安・市川が天皇杯千葉県代表決定戦決勝へ！5月9日フクアリで開催	スポーツ	スポーツ	2026-05-08T07:00:00+09:00	datetime-tz	bare			2026-05-09	date	quoted	1	before						true				
content/posts/【浦安市】北栄にハンバーガー店「perch-diner」が4月21日.md	ja	/posts/浦安市北栄にハンバーガー店perch-dinerが4月21日/	【浦安市】北栄にハンバーガー店「PERCH DINER」が4月21日オープン	開店・閉店	開店・閉店	2026-04-22T07:20:24+09:00	datetime-tz	bare			2026-04-21	date	quoted	1	after						true				
content/posts/【浦安市】境川に300旒以上のこいのぼりが今年も.md	ja	/posts/浦安市境川に300旒以上のこいのぼりが今年も/	【浦安市】境川に300旒以上のこいのぼりが今年も！5/5は若潮公園でこどもの日イベントも	イベント	イベント	2026-04-30T07:00:00+09:00	datetime-tz	bare			2026-05-05	date	quoted	1	before						true				
content/posts/【浦安市】境川みんなのかわまち春-2026｜べか舟・.md	ja	/posts/浦安市境川みんなのかわまち春-2026べか舟/	【浦安市】境川みんなのかわまち春 2026｜べか舟・カヌー体験など4月25日・26日開催	イベント	イベント	2026-04-24T07:15:46+09:00	datetime-tz	bare								2026-04-25|2026-04-26	array-consecutive	before							
content/posts/【浦安市】子育て中の保護者向け「家庭教育学級.md	ja	/posts/浦安市子育て中の保護者向け家庭教育学級/	【浦安市】子育て中の保護者向け「家庭教育学級（子育てミーティング）」参加受付中！締め切りは4/30(木)	子育て・教育	子育て・教育	2026-04-20T07:20:07+09:00	datetime-tz	bare																	
content/posts/【浦安市】東学浦安、春季千葉県大会で創部初の.md	ja	/posts/浦安市東学浦安春季千葉県大会で創部初の/	【浦安市】東学浦安、春季千葉県大会で創部初の準優勝！関東大会出場へ	スポーツ	スポーツ	2026-05-06T07:00:00+09:00	datetime-tz	bare			2026-05-03	date	quoted	1	after						true				
content/posts/【浦安市】浦安シティオーケストラ第65回定期演奏.md	ja	/posts/浦安市浦安シティオーケストラ第65回定期演奏/	【浦安市】浦安シティオーケストラ第65回定期演奏会、5月24日に文化会館で開催	イベント	イベント	2026-05-07T07:00:00+09:00	datetime-tz	bare			2026-05-24	date	quoted	1	before						true				
content/posts/【浦安市】浦安子どもミュージカル第20回公演「ピ.md	ja	/posts/浦安市浦安子どもミュージカル第20回公演ピ/	【浦安市】浦安子どもミュージカル第20回公演「ピエロ人形の詩」5月31日開催	イベント	イベント	2026-05-06T07:00:00+09:00	datetime-tz	bare			2026-05-31	date	quoted	1	before						true				
content/posts/【浦安市】浦安駅前に「焼肉きんぐ」が2026年6月下.md	ja	/posts/浦安市浦安駅前に焼肉きんぐが2026年6月下/	【浦安市】浦安駅前に「焼肉きんぐ」が2026年6月下旬オープン予定	開店・閉店	開店・閉店	2026-04-24T23:53:08+09:00	datetime-tz	bare																	
content/posts/【浦安市】第28回浦安市民まつり-4月25日・26日開催！.md	ja	/posts/浦安市第28回浦安市民まつり-4月25日26日開催/	【浦安市】第28回浦安市民まつり 4月25日・26日開催！見どころまとめ	イベント	イベント	2026-04-21T00:46:36+09:00	datetime-tz	bare								2026-04-25|2026-04-26	array-consecutive	before							
content/posts/【浦安市】第28回浦安市民まつりが4-25土・26日開催.md	ja	/posts/浦安市第28回浦安市民まつりが4-25土26日開催/	【浦安市】第28回浦安市民まつりが4/25(土)・26(日)開催！出店・ステージ・子ども体験イベントも	イベント	イベント	2026-04-20T07:18:48+09:00	datetime-tz	bare								2026-04-25|2026-04-26	array-consecutive	before							
content/posts/【浦安市】第28回浦安市民まつりが4月25日・26日に開.md	ja	/posts/浦安市第28回浦安市民まつりが4月25日26日に開/	【浦安市】第28回浦安市民まつりが4月25日・26日に開催！見どころまとめ	イベント	イベント	2026-04-22T07:21:01+09:00	datetime-tz	bare								2026-04-25|2026-04-26	array-consecutive	before							
content/posts/【浦安市】第6回「清瀧神社こどもまつり」5月31日.md	ja	/posts/浦安市第6回清瀧神社こどもまつり5月31日/	【浦安市】第6回「清瀧神社こどもまつり」5月31日（日）開催｜子ども神輿や出店も	イベント	イベント	2026-05-09T07:00:00+09:00	datetime-tz	bare			2026-05-31	date	quoted	1	before						true				
content/posts/【浦安市】舞浜の住宅街で民泊トラブル増加、市.md	ja	/posts/浦安市舞浜の住宅街で民泊トラブル増加市/	【浦安市】舞浜の住宅街で民泊トラブル増加、市の対応に注目	ニュース	ニュース	2026-05-06T07:00:00+09:00	datetime-tz	bare																	
content/posts/【舞浜・イクスピアリ】月島もんじゃ「モヘジ」.md	ja	/posts/舞浜イクスピアリ月島もんじゃモヘジ/	【舞浜・イクスピアリ】月島もんじゃ「モヘジ」が4/28オープン！全国初のカタカナ表記店舗	開店・閉店	開店・閉店	2026-04-30T22:00:00+09:00	datetime-tz	bare			2026-04-28	date	quoted	1	after						true				
content/posts/【行徳】行徳街バル2026が4-23・24開催！35店舗でチケッ.md	ja	/posts/行徳行徳街バル2026が4-2324開催35店舗でチケッ/	【行徳】行徳街バル2026が4/23・24開催！35店舗でチケットレス食べ歩き	イベント	イベント	2026-04-23T06:10:51+09:00	datetime-tz	bare								2026-04-23|2026-04-24	array-consecutive	during							
content/posts/いちご飴専門店「strawberry-fetish」がイクスピアリに8月オー.md	ja	/posts/いちご飴専門店strawberry-fetishがイクスピアリに8月オー/	いちご飴専門店「Strawberry Fetish」がイクスピアリに8月オープン予定	開店・閉店	開店・閉店	2025-06-24T22:27:56+09:00	datetime-tz	bare																	
content/posts/おとなの習い事-ものづくり会-in-ur望海の街.md	ja	/posts/おとなの習い事-ものづくり会-in-ur望海の街/	おとなの習い事 ものづくり会 in UR望海の街	イベント	イベント	2025-06-03T22:44:16+09:00	datetime-tz	bare																	
content/posts/さくら水産イオン新浦安店生本まぐろ解体ショー.md	ja	/posts/さくら水産イオン新浦安店生本まぐろ解体ショー/	さくら水産イオン新浦安店生本まぐろ解体ショー開催予告（6月28日）	グルメ・カフェ	グルメ・カフェ	2025-06-27T23:05:18+09:00	datetime-tz	bare																	
content/posts/しなこちゃんwego第2弾販売記念来店イベント開催.md	ja	/posts/しなこちゃんwego第2弾販売記念来店イベント開催/	しなこちゃんWEGO第2弾販売記念来店イベント開催	イベント	イベント	2025-06-17T22:50:38+09:00	datetime-tz	bare																	
content/posts/わくわく！でんしゃまつり-in-舞浜ユーラシア.md	ja	/posts/わくわくでんしゃまつり-in-舞浜ユーラシア/	わくわく！でんしゃまつり in 舞浜ユーラシア	イベント	イベント	2025-06-08T07:26:16+09:00	datetime-tz	bare																	
content/posts/アトレ新浦安「pop！prism-summer」　6月27日からスタート.md	ja	/posts/アトレ新浦安popprism-summer-6月27日からスタート/	アトレ新浦安「POP！Prism Summer」　6月27日からスタート	お知らせ	お知らせ	2025-06-27T23:03:51+09:00	datetime-tz	bare																	
content/posts/アトレ新浦安「pop！prism-summer」海テーマの夏プロモーシ.md	ja	/posts/アトレ新浦安popprism-summer海テーマの夏プロモーシ/	アトレ新浦安「POP！Prism Summer」海テーマの夏プロモーション開幕	イベント	イベント	2025-06-28T06:28:59+09:00	datetime-tz	bare																	
content/posts/アトレ新浦安「pop！prism-summer」第二弾は、音楽、アート.md	ja	/posts/アトレ新浦安popprism-summer第二弾は音楽アート/	アトレ新浦安「POP！Prism Summer」第二弾は、音楽、アート、氷の彫刻など五感で楽しむ週末イベントが目白押し！	イベント	イベント	2025-07-09T07:00:00+09:00	datetime-tz	bare																	
content/posts/アトレ新浦安でlaq無料体験イベント開催.md	ja	/posts/アトレ新浦安でlaq無料体験イベント開催/	アトレ新浦安でLaQ無料体験イベント開催	イベント	イベント	2025-06-02T22:43:12+09:00	datetime-tz	bare																	
content/posts/アトレ新浦安で「第11回-adoption-park」保護犬猫譲渡会開.md	ja	/posts/アトレ新浦安で第11回-adoption-park保護犬猫譲渡会開/	 アトレ新浦安で「第11回 ADOPTION PARK」保護犬猫譲渡会開催中	イベント	イベント	2025-06-12T23:03:55+09:00	datetime-tz	bare																	
content/posts/アトレ新浦安で小学生向け職業体験イベント「お.md	ja	/posts/アトレ新浦安で小学生向け職業体験イベントお/	アトレ新浦安で小学生向け職業体験イベント「おしごとキッズラボ」8月開催	お知らせ	お知らせ	2025-07-04T07:00:00+09:00	datetime-tz	bare																	
content/posts/イオン新浦安で怪談イベント開催予告.md	ja	/posts/イオン新浦安で怪談イベント開催予告/	イオン新浦安で怪談イベント開催予告	イベント	イベント	2025-07-10T23:00:00+09:00	datetime-tz	bare																	
content/posts/イギリスの雰囲気を味わうランチ会開催.md	ja	/posts/イギリスの雰囲気を味わうランチ会開催/	イギリスの雰囲気を味わうランチ会開催	グルメ・カフェ	グルメ・カフェ	2025-06-29T07:00:00+09:00	datetime-tz	bare																	
content/posts/イクスピアリ25周年リニューアル-ディズニースト.md	ja	/posts/イクスピアリ25周年リニューアル-ディズニースト/	イクスピアリ25周年リニューアル ディズニーストア7月6日新装開店	開店・閉店	開店・閉店	2025-06-30T07:00:00+09:00	datetime-tz	bare																	
content/posts/イクスピアリ「ディズニーストア東京ディズニー.md	ja	/posts/イクスピアリディズニーストア東京ディズニー/	イクスピアリ「ディズニーストア東京ディズニーリゾート店」25周年記念リニューアルオープン	ニュース	ニュース	2025-07-07T07:00:00+09:00	datetime-tz	bare																	
content/posts/イクスピアリで「イクスピアリ・ザ・セール」開.md	ja	/posts/イクスピアリでイクスピアリザセール開/	イクスピアリで「イクスピアリ・ザ・セール」開始予告	お知らせ	お知らせ	2025-06-24T01:07:38+09:00	datetime-tz	bare																	
content/posts/イクスピアリにアサイー専門店「sugary」が2026年夏オー.md	ja	/posts/イクスピアリにアサイー専門店sugaryが2026年夏オー/	イクスピアリにアサイー専門店「SUGARY」が2026年夏オープン予定【浦安・舞浜】	開店・閉店	開店・閉店	2026-04-29T07:00:00+09:00	datetime-tz	bare																	
content/posts/イクスピアリに韓国料理「ベジゴー」が登場！108.md	ja	/posts/イクスピアリに韓国料理ベジゴーが登場108/	イクスピアリに韓国料理「ベジゴー」が登場！108席の大型店・4月28日オープン	グルメ・カフェ	グルメ・カフェ|開店・閉店	2026-04-19T07:00:00+09:00	datetime-tz	bare			2026-04-28	date	quoted	1	before						true				
content/posts/イクスピアリ夏の大バーゲン「イクスピアリ・ザ.md	ja	/posts/イクスピアリ夏の大バーゲンイクスピアリザ/	イクスピアリ夏の大バーゲン「イクスピアリ・ザ・セール」スタート	イベント	イベント	2025-06-28T06:27:13+09:00	datetime-tz	bare																	
content/posts/サイゼリヤ-アトレ新浦安店が営業時間延長　朝10.md	ja	/posts/サイゼリヤ-アトレ新浦安店が営業時間延長-朝10/	サイゼリヤ アトレ新浦安店が営業時間延長　朝10時30分から深夜1時まで	グルメ・カフェ	グルメ・カフェ	2025-07-01T12:00:00+09:00	datetime-tz	bare																	
content/posts/ザ-ロイヤルパークホテル舞浜リゾート東京ベイ2026.md	ja	/posts/ザ-ロイヤルパークホテル舞浜リゾート東京ベイ2026/	ザ ロイヤルパークホテル舞浜リゾート東京ベイ2026年2月13日開業決定・予約受付開始	ニュース	ニュース|開店・閉店	2025-07-04T07:00:00+09:00	datetime-tz	bare																	
content/posts/スポチャレ-わくわく運動会の申込受付開始.md	ja	/posts/スポチャレ-わくわく運動会の申込受付開始/	スポチャレ わくわく運動会の申込受付開始	スポーツ	スポーツ	2025-06-19T01:37:40+09:00	datetime-tz	bare																	
content/posts/スマホの広場（シニア向けスマホ相談会）.md	ja	/posts/スマホの広場シニア向けスマホ相談会/	スマホの広場（シニア向けスマホ相談会）	お知らせ	お知らせ	2025-06-03T22:50:15+09:00	datetime-tz	bare																	
content/posts/タカスポウラヤスチアリーダーズが市長を表敬訪.md	ja	/posts/タカスポウラヤスチアリーダーズが市長を表敬訪/	タカスポウラヤスチアリーダーズが市長を表敬訪問	スポーツ	スポーツ	2025-06-11T00:26:29+09:00	datetime-tz	bare																	
content/posts/ドラッグストア「スギ薬局-浦安さくら通り店」が5.md	ja	/posts/ドラッグストアスギ薬局-浦安さくら通り店が5/	【浦安市】ドラッグストア「スギ薬局 浦安さくら通り店」が5月21日オープン予定【堀江】	開店・閉店	開店・閉店	2026-04-28T07:00:00+09:00	datetime-tz	bare			2026-05-21	date	quoted	1	before						true				
content/posts/ドン・キホーテ西友行徳店がオープン　行徳エリ.md	ja	/posts/ドンキホーテ西友行徳店がオープン-行徳エリ/	ドン・キホーテ西友行徳店がオープン　行徳エリア2店舗目	開店・閉店	開店・閉店	2025-07-01T23:00:00+09:00	datetime-tz	bare																	
content/posts/ニューコースト新浦安で七夕飾りイベント開始　.md	ja	/posts/ニューコースト新浦安で七夕飾りイベント開始/	ニューコースト新浦安で七夕飾りイベント開始　短冊は豊受神社に奉納	イベント	イベント	2025-06-21T16:56:15+09:00	datetime-tz	bare																	
content/posts/ニューコースト新浦安に精肉専門店「肉匠かみむ.md	ja	/posts/ニューコースト新浦安に精肉専門店肉匠かみむ/	ニューコースト新浦安に精肉専門店「肉匠かみむら新浦安店」7月10日オープン	開店・閉店	開店・閉店	2025-07-04T07:00:00+09:00	datetime-tz	bare																	
content/posts/ニューコースト新浦安海側エントランス一時閉鎖.md	ja	/posts/ニューコースト新浦安海側エントランス一時閉鎖/	ニューコースト新浦安海側エントランス一時閉鎖工事開始	お知らせ	お知らせ	2025-06-27T22:59:07+09:00	datetime-tz	bare																	
content/posts/パラアスリートの木名瀬大介選手がジャパンパラ.md	ja	/posts/パラアスリートの木名瀬大介選手がジャパンパラ/	パラアスリートの木名瀬大介選手がジャパンパラ陸上競技大会金メダル獲得を市長に報告	スポーツ	スポーツ	2025-07-04T07:00:00+09:00	datetime-tz	bare																	
content/posts/ビーナスショップ夏の特別販売.md	ja	/posts/ビーナスショップ夏の特別販売/	ビーナスショップ夏の特別販売	イベント	イベント	2025-07-03T07:00:00+09:00	datetime-tz	bare																	
content/posts/フェリシモのワンピースショップがイクスピアリ.md	ja	/posts/フェリシモのワンピースショップがイクスピアリ/	フェリシモのワンピースショップがイクスピアリに7月1日オープン予定を発表	開店・閉店	開店・閉店	2025-06-24T22:24:46+09:00	datetime-tz	bare																	
content/posts/マッスルゲート東京ベイ大会開催.md	ja	/posts/マッスルゲート東京ベイ大会開催/	マッスルゲート東京ベイ大会開催	スポーツ	スポーツ	2025-06-29T07:00:00+09:00	datetime-tz	bare																	
content/posts/ラーメン店「舎鈴」で夏季限定メニュー販売開始.md	ja	/posts/ラーメン店舎鈴で夏季限定メニュー販売開始/	ラーメン店「舎鈴」で夏季限定メニュー販売開始	グルメ・カフェ	グルメ・カフェ	2025-07-10T07:00:00+09:00	datetime-tz	bare																	
content/posts/ワイズマート＊ディスカ浦安弁天店が6月23日より.md	ja	/posts/ワイズマートディスカ浦安弁天店が6月23日より/	ワイズマート＊ディスカ浦安弁天店が6月23日より長期休業	開店・閉店	開店・閉店	2025-06-11T22:50:30+09:00	datetime-tz	bare																	
content/posts/一風堂イクスピアリ店-6月27日リニューアルオープ.md	ja	/posts/一風堂イクスピアリ店-6月27日リニューアルオープ/	一風堂イクスピアリ店 6月27日リニューアルオープン 店内改装完了	開店・閉店	開店・閉店	2025-06-30T07:00:00+09:00	datetime-tz	bare																	
content/posts/中央武道館がスポーツ事業イベント情報を更新.md	ja	/posts/中央武道館がスポーツ事業イベント情報を更新/	中央武道館がスポーツ事業イベント情報を更新	イベント	イベント	2025-06-12T23:01:44+09:00	datetime-tz	bare																	
content/posts/千葉・浦安の市立小にメディアセンター整備で情.md	ja	/posts/千葉浦安の市立小にメディアセンター整備で情/	千葉・浦安の市立小にメディアセンター整備で情報活用能力を育む	子育て・教育	子育て・教育	2025-07-13T23:00:00+09:00	datetime-tz	bare																	
content/posts/千葉県議会一般質問で浦安市選出議員が質疑.md	ja	/posts/千葉県議会一般質問で浦安市選出議員が質疑/	千葉県議会一般質問で浦安市選出議員が質疑	ニュース	ニュース	2025-06-12T22:57:39+09:00	datetime-tz	bare																	
content/posts/境川かわまちづくり2025「境川で天の川」七夕イベ.md	ja	/posts/境川かわまちづくり2025境川で天の川七夕イベ/	境川かわまちづくり2025「境川で天の川」七夕イベント開催	イベント	イベント	2025-07-08T07:00:00+09:00	datetime-tz	bare																	
content/posts/境川で天の川-七夕イベント開催間近-7月6日・7日実.md	ja	/posts/境川で天の川-七夕イベント開催間近-7月6日7日実/	境川で天の川 七夕イベント開催間近 7月6日・7日実施予定	イベント	イベント	2025-06-30T07:00:00+09:00	datetime-tz	bare																	
content/posts/境川乗船体験.md	ja	/posts/境川乗船体験/	境川乗船体験	イベント	イベント	2025-06-08T07:27:00+09:00	datetime-tz	bare																	
content/posts/夏休みボランティア体験の募集情報を公開.md	ja	/posts/夏休みボランティア体験の募集情報を公開/	夏休みボランティア体験の募集情報を公開	お知らせ	お知らせ	2025-06-19T01:39:34+09:00	datetime-tz	bare																	
content/posts/夏季ジュニア硬式テニススクール開催-浦安市で小.md	ja	/posts/夏季ジュニア硬式テニススクール開催-浦安市で小/	夏季ジュニア硬式テニススクール開催 浦安市で小学生向けスポーツ教室	スポーツ	スポーツ	2025-06-30T07:00:00+09:00	datetime-tz	bare																	
content/posts/夏季プール「grand-bleu」が運営開始.md	ja	/posts/夏季プールgrand-bleuが運営開始/	夏季プール「Grand Bleu」が運営開始	イベント	イベント	2025-07-02T08:16:00+09:00	datetime-tz	bare																	
content/posts/小学生と市長・教育長のランチミーティング実施.md	ja	/posts/小学生と市長教育長のランチミーティング実施/	小学生と市長・教育長のランチミーティング実施　南小学校で開催	子育て・教育	子育て・教育	2025-06-20T01:22:44+09:00	datetime-tz	bare																	
content/posts/市立保育園-夏期臨時保育サポーター募集.md	ja	/posts/市立保育園-夏期臨時保育サポーター募集/	市立保育園 夏期臨時保育サポーター募集	お知らせ	お知らせ	2025-07-03T07:00:00+09:00	datetime-tz	bare																	
content/posts/廃食油・古着古布の回収、7月9日実施へ.md	ja	/posts/廃食油古着古布の回収7月9日実施へ/	廃食油・古着古布の回収、7月9日実施へ	お知らせ	お知らせ	2025-06-11T00:34:53+09:00	datetime-tz	bare																	
content/posts/新浦安の「旧護岸」が未来のまちづくり拠点に.md	ja	/posts/新浦安の旧護岸が未来のまちづくり拠点に/	新浦安の「旧護岸」が未来のまちづくり拠点に	ニュース	ニュース	2025-06-04T21:23:09+09:00	datetime-tz	bare																	
content/posts/新浦安・日の出マルシェ「aperitif-marche（アペリティフ・.md	ja	/posts/新浦安日の出マルシェaperitif-marcheアペリティフ/	新浦安・日の出マルシェ「Aperitif Marché（アペリティフ・マルシェ）」開催	イベント	イベント	2025-06-29T06:58:59+09:00	datetime-tz	bare																	
content/posts/新浦安・高洲・猫実地域包括支援センター運営業.md	ja	/posts/新浦安高洲猫実地域包括支援センター運営業/	新浦安・高洲・猫実地域包括支援センター運営業務委託公募開始	お知らせ	お知らせ	2025-06-11T00:31:28+09:00	datetime-tz	bare																	
content/posts/明海つどいの広場でどろんこ農園活動日.md	ja	/posts/明海つどいの広場でどろんこ農園活動日/	明海つどいの広場でどろんこ農園活動日	子育て・教育	子育て・教育	2025-06-20T01:19:22+09:00	datetime-tz	bare																	
content/posts/明海大学不動産学部が「まちづくり活動プラザ」.md	ja	/posts/明海大学不動産学部がまちづくり活動プラザ/	明海大学不動産学部が「まちづくり活動プラザ」で現地調査実施	ニュース	ニュース	2025-06-25T22:36:24+09:00	datetime-tz	bare																	
content/posts/星野リゾート1955東京ベイが1周年記念イベント発表.md	ja	/posts/星野リゾート1955東京ベイが1周年記念イベント発表/	星野リゾート1955東京ベイが1周年記念イベント発表	イベント	イベント	2025-06-24T01:05:28+09:00	datetime-tz	bare																	
content/posts/東京ディズニーシー-音楽フェス付き1デーパスポー.md	ja	/posts/東京ディズニーシー-音楽フェス付き1デーパスポー/	東京ディズニーシー 音楽フェス付き1デーパスポート	イベント	イベント	2025-06-08T07:27:31+09:00	datetime-tz	bare																	
content/posts/東京ディズニーシーで音楽フェス＆特別パスポー.md	ja	/posts/東京ディズニーシーで音楽フェス特別パスポー/	東京ディズニーシーで音楽フェス＆特別パスポート	イベント	イベント	2025-06-10T00:48:17+09:00	datetime-tz	bare																	
content/posts/東京ディズニーリゾート、チケット価格見直しを.md	ja	/posts/東京ディズニーリゾートチケット価格見直しを/	東京ディズニーリゾート、チケット価格見直しを検討	ニュース	ニュース	2025-06-08T07:22:04+09:00	datetime-tz	bare																	
content/posts/東京ディズニーリゾートでサマー・クールオフイ.md	ja	/posts/東京ディズニーリゾートでサマークールオフイ/	東京ディズニーリゾートでサマー・クールオフイベントのプレビュー公演実施	イベント	イベント	2025-06-21T16:58:21+09:00	datetime-tz	bare																	
content/posts/浦安d-rocks、首位・埼玉wkを逆転撃破！第17節で連敗12で.md	ja	/posts/浦安d-rocks首位埼玉wkを逆転撃破第17節で連敗12で/	浦安D-Rocks、首位・埼玉WKを逆転撃破！第17節で連敗12でストップ	スポーツ	スポーツ	2026-05-02T22:00:00+09:00	datetime-tz	bare			2026-05-01	date	quoted	1	after						true				
content/posts/浦安d-rocksがベイカレントとパートナーシップ契約締.md	ja	/posts/浦安d-rocksがベイカレントとパートナーシップ契約締/	浦安D-Rocksがベイカレントとパートナーシップ契約締結	スポーツ	スポーツ	2025-06-13T15:24:17+09:00	datetime-tz	bare																	
content/posts/浦安の木名瀬大介選手がジャパンパラ陸上で金メ.md	ja	/posts/浦安の木名瀬大介選手がジャパンパラ陸上で金メ/	浦安の木名瀬大介選手がジャパンパラ陸上で金メダル！「生涯現役で頑張りたい」と市長に報告	スポーツ	スポーツ	2025-07-12T23:00:00+09:00	datetime-tz	bare																	
content/posts/浦安ブライトンホテル-東京ベイ「スワンパフェ～.md	ja	/posts/浦安ブライトンホテル-東京ベイスワンパフェ/	浦安ブライトンホテル 東京ベイ「スワンパフェ～マスクメロン～」最終日	グルメ・カフェ	グルメ・カフェ	2025-06-04T22:46:44+09:00	datetime-tz	bare																	
content/posts/浦安ブライトンホテル東京ベイで松丸亮吾プロデ.md	ja	/posts/浦安ブライトンホテル東京ベイで松丸亮吾プロデ/	浦安ブライトンホテル東京ベイで松丸亮吾プロデュース謎解きイベント新作スタート	イベント	イベント	2025-07-04T07:00:00+09:00	datetime-tz	bare																	
content/posts/浦安マーケット開催　愛知県南知多町の中学生が.md	ja	/posts/浦安マーケット開催-愛知県南知多町の中学生が/	浦安マーケット開催　愛知県南知多町の中学生が特産品販売とPR活動	イベント	イベント	2025-06-20T01:17:08+09:00	datetime-tz	bare																	
content/posts/浦安ユースオーケストラがイオン新浦安でのハッ.md	ja	/posts/浦安ユースオーケストラがイオン新浦安でのハッ/	浦安ユースオーケストラがイオン新浦安でのハッピーフェスタ出演を報告	お知らせ	お知らせ	2025-06-24T22:31:13+09:00	datetime-tz	bare																	
content/posts/浦安市が2025年度職員採用試験合格者を発表.md	ja	/posts/浦安市が2025年度職員採用試験合格者を発表/	浦安市が2025年度職員採用試験合格者を発表	お知らせ	お知らせ	2025-07-01T23:00:00+09:00	datetime-tz	bare																	
content/posts/浦安市中央公民館で各種講座の募集開始.md	ja	/posts/浦安市中央公民館で各種講座の募集開始/	浦安市中央公民館で各種講座の募集開始	お知らせ	お知らせ	2025-06-25T22:39:02+09:00	datetime-tz	bare																	
content/posts/浦安市内のスーパーで米を盗んだ29歳男が逮捕.md	ja	/posts/浦安市内のスーパーで米を盗んだ29歳男が逮捕/	浦安市内のスーパーで米を盗んだ29歳男が逮捕	ニュース	ニュース	2025-06-19T01:23:06+09:00	datetime-tz	bare																	
content/posts/浦安市内スーパーでコメ窃盗事件の男を逮捕.md	ja	/posts/浦安市内スーパーでコメ窃盗事件の男を逮捕/	浦安市内スーパーでコメ窃盗事件の男を逮捕	ニュース	ニュース	2025-06-24T01:11:21+09:00	datetime-tz	bare																	
content/posts/浦安市創業者支援情報を更新　チャレンジショッ.md	ja	/posts/浦安市創業者支援情報を更新-チャレンジショッ/	浦安市創業者支援情報を更新　チャレンジショップや融資制度を紹介	お知らせ	お知らせ	2025-06-19T01:41:02+09:00	datetime-tz	bare																	
content/posts/浦安市営東野プール2025年夏季営業開始　9月7日まで.md	ja	/posts/浦安市営東野プール2025年夏季営業開始-9月7日まで/	浦安市営東野プール2025年夏季営業開始　9月7日まで	お知らせ	お知らせ	2025-07-06T07:00:00+09:00	datetime-tz	bare																	
content/posts/浦安市小学校・中学校入学手続き情報更新.md	ja	/posts/浦安市小学校中学校入学手続き情報更新/	浦安市小学校・中学校入学手続き情報更新	子育て・教育	子育て・教育	2025-07-11T11:00:00+09:00	datetime-tz	bare																	
content/posts/浦安市市民活動センター　大型プリンター復旧.md	ja	/posts/浦安市市民活動センター-大型プリンター復旧/	浦安市市民活動センター　大型プリンター復旧	お知らせ	お知らせ	2025-06-11T22:38:53+09:00	datetime-tz	bare																	
content/posts/浦安市市民活動センターが各種イベント情報を公.md	ja	/posts/浦安市市民活動センターが各種イベント情報を公/	浦安市市民活動センターが各種イベント情報を公開	お知らせ	お知らせ	2025-06-12T22:59:25+09:00	datetime-tz	bare																	
content/posts/浦安市文化会館で夏休みファミリーコンサート「.md	ja	/posts/浦安市文化会館で夏休みファミリーコンサート/	浦安市文化会館で夏休みファミリーコンサート「おはなしの森」開催決定	イベント	イベント	2025-07-10T23:00:00+09:00	datetime-tz	bare																	
content/posts/浦安市民限定！千葉ロッテマリーンズ戦に無料招.md	ja	/posts/浦安市民限定千葉ロッテマリーンズ戦に無料招/	浦安市民限定！千葉ロッテマリーンズ戦に無料招待　7月11日埼玉西武戦	スポーツ	スポーツ	2025-07-12T23:00:00+09:00	datetime-tz	bare																	
content/posts/浦安市物価高騰対策給付金申請期限迫る　6月30日.md	ja	/posts/浦安市物価高騰対策給付金申請期限迫る-6月30日/	浦安市物価高騰対策給付金申請期限迫る　6月30日まで	お知らせ	お知らせ	2025-06-20T01:20:46+09:00	datetime-tz	bare																	
content/posts/浦安市職員が住居侵入未遂で逮捕、『スリル味わ.md	ja	/posts/浦安市職員が住居侵入未遂で逮捕スリル味わ/	浦安市職員が住居侵入未遂で逮捕、『スリル味わいたかった』と供述	ニュース	ニュース	2025-06-11T00:22:31+09:00	datetime-tz	bare																	
content/posts/浦安市職員が耐震性貯水槽および仮設給水栓取り.md	ja	/posts/浦安市職員が耐震性貯水槽および仮設給水栓取り/	浦安市職員が耐震性貯水槽および仮設給水栓取り扱い訓練を実施	お知らせ	お知らせ	2025-07-09T07:00:00+09:00	datetime-tz	bare																	
content/posts/浦安市青少年館で「クライミングアドバンス」開.md	ja	/posts/浦安市青少年館でクライミングアドバンス開/	浦安市青少年館で「クライミングアドバンス」開催	イベント	イベント	2025-06-13T15:30:05+09:00	datetime-tz	bare																	
content/posts/浦安混声合唱団第13回演奏会が浦安音楽ホールで開.md	ja	/posts/浦安混声合唱団第13回演奏会が浦安音楽ホールで開/	浦安混声合唱団第13回演奏会が浦安音楽ホールで開催	イベント	イベント	2025-07-12T23:00:00+09:00	datetime-tz	bare																	
content/posts/浦安駅前に子どもと若者の居場所「こども・青少.md	ja	/posts/浦安駅前に子どもと若者の居場所こども青少/	浦安駅前に子どもと若者の居場所「こども・青少年プラザ」がオープン！未就学児〜22歳が対象	お知らせ	お知らせ|子育て・教育	2026-04-19T07:00:00+09:00	datetime-tz	bare																	
content/posts/清瀧神社で第5回「こどもまつり」開催.md	ja	/posts/清瀧神社で第5回こどもまつり開催/	清瀧神社で第5回「こどもまつり」開催	イベント	イベント	2025-06-02T22:42:01+09:00	datetime-tz	bare																	
content/posts/男子セブンズ・デベロップメント・スコッド浦安.md	ja	/posts/男子セブンズデベロップメントスコッド浦安/	男子セブンズ・デベロップメント・スコッド浦安合宿で最終調整	スポーツ	スポーツ	2025-07-13T23:00:00+09:00	datetime-tz	bare																	
content/posts/県民の日わくわくこども映画上映会「ハリーポッ.md	ja	/posts/県民の日わくわくこども映画上映会ハリーポッ/	県民の日わくわくこども映画上映会「ハリーポッターと賢者の石」	イベント	イベント	2025-06-17T22:52:10+09:00	datetime-tz	bare																	
content/posts/稲庭うどんx丼めし「金子半之助」がイクスピア.md	ja	/posts/稲庭うどんx丼めし金子半之助がイクスピア/	稲庭うどん×丼めし「金子半之助」がイクスピアリに！千葉県初出店・4月21日グランドオープン	グルメ・カフェ	グルメ・カフェ|開店・閉店	2026-04-19T07:00:00+09:00	datetime-tz	bare			2026-04-21	date	quoted	1	before						true				
content/posts/第16回夏休み親子初めてハゼ釣り教室が開催.md	ja	/posts/第16回夏休み親子初めてハゼ釣り教室が開催/	第16回夏休み親子初めてハゼ釣り教室が開催	イベント	イベント	2025-07-13T23:00:00+09:00	datetime-tz	bare																	
content/posts/第2回-しずか荘マルシェ開催.md	ja	/posts/第2回-しずか荘マルシェ開催/	第2回 しずか荘マルシェ開催	イベント	イベント	2025-06-01T14:30:40+09:00	datetime-tz	bare																	
content/posts/第43回よみうり旗争奪戦-浦安市少年野球連盟で決.md	ja	/posts/第43回よみうり旗争奪戦-浦安市少年野球連盟で決/	第43回よみうり旗争奪戦 浦安市少年野球連盟で決勝戦開催	スポーツ	スポーツ	2025-07-14T23:00:00+09:00	datetime-tz	bare																	
content/posts/第9回「ハッピーフェスタ-in-新浦安」地域コンサー.md	ja	/posts/第9回ハッピーフェスタ-in-新浦安地域コンサー/	第9回「ハッピーフェスタ in 新浦安」地域コンサートイベントが開催	イベント	イベント	2025-06-24T00:58:59+09:00	datetime-tz	bare																	
content/posts/第十区自治会夏まつり開催.md	ja	/posts/第十区自治会夏まつり開催/	第十区自治会夏まつり開催	イベント	イベント	2025-06-29T07:00:30+09:00	datetime-tz	bare																	
content/posts/肉処-大久保（ニューコースト新浦安）閉店.md	ja	/posts/肉処-大久保ニューコースト新浦安閉店/	肉処 大久保（ニューコースト新浦安）閉店	開店・閉店	開店・閉店	2025-06-08T07:29:36+09:00	datetime-tz	bare																	
content/posts/舞浜フラフェスティバル2025開催　イクスピアリが3.md	ja	/posts/舞浜フラフェスティバル2025開催-イクスピアリが3/	舞浜フラフェスティバル2025開催　イクスピアリが3日間ハワイ一色に	イベント	イベント	2025-06-21T16:52:06+09:00	datetime-tz	bare																	
content/posts/舞浜出張所建設が入札不調で遅れ　ディズニー周.md	ja	/posts/舞浜出張所建設が入札不調で遅れ-ディズニー周/	舞浜出張所建設が入札不調で遅れ　ディズニー周辺の救急体制強化に課題	ニュース	ニュース	2025-07-12T23:00:00+09:00	datetime-tz	bare																	
content/posts/若者のための夏休みボランティア2025、参加者募集.md	ja	/posts/若者のための夏休みボランティア2025参加者募集/	若者のための夏休みボランティア2025、参加者募集	お知らせ	お知らせ	2025-06-11T00:33:13+09:00	datetime-tz	bare																	
content/posts/葛南地区青少年のつどい大会（モルック大会）が.md	ja	/posts/葛南地区青少年のつどい大会モルック大会が/	葛南地区青少年のつどい大会（モルック大会）が開催	イベント	イベント	2025-06-24T01:01:08+09:00	datetime-tz	bare																	
content/posts/葛南教育事務所所長が堀江中学校を訪問　学校運.md	ja	/posts/葛南教育事務所所長が堀江中学校を訪問-学校運/	葛南教育事務所所長が堀江中学校を訪問　学校運営を高評価	子育て・教育	子育て・教育	2025-06-20T01:36:57+09:00	datetime-tz	bare																	
content/posts/藤城心選手が2025年アジア柔道選手権大会52キログラ.md	ja	/posts/藤城心選手が2025年アジア柔道選手権大会52キログラ/	藤城心選手が2025年アジア柔道選手権大会52キログラム級優勝報告のため市長を訪問します	スポーツ	スポーツ	2025-07-09T07:00:00+09:00	datetime-tz	bare																	
content/posts/藤城心選手がアジア柔道選手権大会優勝報告市長.md	ja	/posts/藤城心選手がアジア柔道選手権大会優勝報告市長/	藤城心選手がアジア柔道選手権大会優勝報告市長訪問	スポーツ	スポーツ	2025-07-15T23:00:00+09:00	datetime-tz	bare																	
content/posts/西安餃子＠mona新浦安での夏季限定メニュー情報発.md	ja	/posts/西安餃子mona新浦安での夏季限定メニュー情報発/	西安餃子＠MONA新浦安での夏季限定メニュー情報発信	グルメ・カフェ	グルメ・カフェ	2025-06-24T01:03:19+09:00	datetime-tz	bare																	
content/posts/見明川小学校で火おこし体験授業実施-郷土博物館.md	ja	/posts/見明川小学校で火おこし体験授業実施-郷土博物館/	見明川小学校で火おこし体験授業実施 郷土博物館が出前講座	子育て・教育	子育て・教育	2025-06-30T07:00:00+09:00	datetime-tz	bare																	
content/posts/迷子の認知症女性を保護した浦安市の20代夫婦に県.md	ja	/posts/迷子の認知症女性を保護した浦安市の20代夫婦に県/	迷子の認知症女性を保護した浦安市の20代夫婦に県警から感謝状	ニュース	ニュース	2025-06-21T17:00:21+09:00	datetime-tz	bare																	
content/posts/順天堂大学医学部附属浦安病院-市民公開講座開催.md	ja	/posts/順天堂大学医学部附属浦安病院-市民公開講座開催/	順天堂大学医学部附属浦安病院 市民公開講座開催	お知らせ	お知らせ	2025-06-01T14:42:29+09:00	datetime-tz	bare																	
content/posts/高洲中で避難所運営体験　中学生が仮設トイレ設.md	ja	/posts/高洲中で避難所運営体験-中学生が仮設トイレ設/	高洲中で避難所運営体験　中学生が仮設トイレ設営に挑戦	子育て・教育	子育て・教育	2025-06-28T06:33:44+09:00	datetime-tz	bare																	
content/posts/高齢者の交通費助成制度、icカード利用負担額の更.md	ja	/posts/高齢者の交通費助成制度icカード利用負担額の更/	高齢者の交通費助成制度、ICカード利用負担額の更新	お知らせ	お知らせ	2025-06-11T00:28:57+09:00	datetime-tz	bare																	
